hotel_id,recap_column,row,etape,sous_etape,data_label,field_key,field_type_hint,raw_value,feature_column
ibis-budget-nice,NICE,4,0 - PAGE DE CONNEXION,ID,CODE H,0_page_de_connexion_id_code_h,categorical,H2075,d_recap_0_page_de_connexion_id_code_h
ibis-budget-strasbourg,STRASBOURG,4,0 - PAGE DE CONNEXION,ID,CODE H,0_page_de_connexion_id_code_h,categorical,HB6A3,d_recap_0_page_de_connexion_id_code_h
ibis-styles-roissy-cdg,PARIS CDG,4,0 - PAGE DE CONNEXION,ID,CODE H,0_page_de_connexion_id_code_h,categorical,H0815,d_recap_0_page_de_connexion_id_code_h
novotel-megeve,MEGEVE,4,0 - PAGE DE CONNEXION,ID,CODE H,0_page_de_connexion_id_code_h,categorical,HB5I0,d_recap_0_page_de_connexion_id_code_h
novotel-paris-tour-eiffel,TOUR EIFFEL,4,0 - PAGE DE CONNEXION,ID,CODE H,0_page_de_connexion_id_code_h,categorical,H3546,d_recap_0_page_de_connexion_id_code_h
mercure-montmartre,MONTMARTRE,4,0 - PAGE DE CONNEXION,ID,CODE H,0_page_de_connexion_id_code_h,categorical,H0373,d_recap_0_page_de_connexion_id_code_h
mercure-boulogne,BOULOGNE,4,0 - PAGE DE CONNEXION,ID,CODE H,0_page_de_connexion_id_code_h,categorical,H6188,d_recap_0_page_de_connexion_id_code_h
ibis-budget-nice,NICE,5,0 - PAGE DE CONNEXION,ID,NOM DE L'HOTEL,0_page_de_connexion_id_nom_de_l_hotel,categorical,IBIS BUDGET NICE CALIFORNIE,d_recap_0_page_de_connexion_id_nom_de_l_hotel
ibis-budget-strasbourg,STRASBOURG,5,0 - PAGE DE CONNEXION,ID,NOM DE L'HOTEL,0_page_de_connexion_id_nom_de_l_hotel,categorical,IBIS BUDGET STRASBOURG REPUBLIQUE,d_recap_0_page_de_connexion_id_nom_de_l_hotel
ibis-styles-roissy-cdg,PARIS CDG,5,0 - PAGE DE CONNEXION,ID,NOM DE L'HOTEL,0_page_de_connexion_id_nom_de_l_hotel,categorical,IBIS STYLES ROISSY CDG,d_recap_0_page_de_connexion_id_nom_de_l_hotel
novotel-megeve,MEGEVE,5,0 - PAGE DE CONNEXION,ID,NOM DE L'HOTEL,0_page_de_connexion_id_nom_de_l_hotel,categorical,NOVOTEL MEGEVE MONT BLANC,d_recap_0_page_de_connexion_id_nom_de_l_hotel
novotel-paris-tour-eiffel,TOUR EIFFEL,5,0 - PAGE DE CONNEXION,ID,NOM DE L'HOTEL,0_page_de_connexion_id_nom_de_l_hotel,categorical,NOVOTEL PARIS CENTRE TOUR EIFFEL,d_recap_0_page_de_connexion_id_nom_de_l_hotel
mercure-montmartre,MONTMARTRE,5,0 - PAGE DE CONNEXION,ID,NOM DE L'HOTEL,0_page_de_connexion_id_nom_de_l_hotel,categorical,MERCURE MONTMARTRE SACRE COEUR,d_recap_0_page_de_connexion_id_nom_de_l_hotel
mercure-boulogne,BOULOGNE,5,0 - PAGE DE CONNEXION,ID,NOM DE L'HOTEL,0_page_de_connexion_id_nom_de_l_hotel,categorical,MERCURE PARIS BOULOGNE,d_recap_0_page_de_connexion_id_nom_de_l_hotel
ibis-budget-nice,NICE,6,0 - PAGE DE CONNEXION,LOCALISATION GEO,ADRESSE POSTALE (1),0_page_de_connexion_localisation_geo_adresse_postale_1,categorical,58-60 AVENUE DE LA CALIFORNIE,d_recap_0_page_de_connexion_localisation_geo_adresse_postale_1
ibis-budget-strasbourg,STRASBOURG,6,0 - PAGE DE CONNEXION,LOCALISATION GEO,ADRESSE POSTALE (1),0_page_de_connexion_localisation_geo_adresse_postale_1,categorical,23A RUE OBERLIN,d_recap_0_page_de_connexion_localisation_geo_adresse_postale_1
ibis-styles-roissy-cdg,PARIS CDG,6,0 - PAGE DE CONNEXION,LOCALISATION GEO,ADRESSE POSTALE (1),0_page_de_connexion_localisation_geo_adresse_postale_1,categorical,2 AVENUE HEINZ GLOOR,d_recap_0_page_de_connexion_localisation_geo_adresse_postale_1
novotel-megeve,MEGEVE,6,0 - PAGE DE CONNEXION,LOCALISATION GEO,ADRESSE POSTALE (1),0_page_de_connexion_localisation_geo_adresse_postale_1,categorical,1306 ROUTE NATIONALE,d_recap_0_page_de_connexion_localisation_geo_adresse_postale_1
novotel-paris-tour-eiffel,TOUR EIFFEL,6,0 - PAGE DE CONNEXION,LOCALISATION GEO,ADRESSE POSTALE (1),0_page_de_connexion_localisation_geo_adresse_postale_1,categorical,61 QUAI DE GRENELLE,d_recap_0_page_de_connexion_localisation_geo_adresse_postale_1
mercure-montmartre,MONTMARTRE,6,0 - PAGE DE CONNEXION,LOCALISATION GEO,ADRESSE POSTALE (1),0_page_de_connexion_localisation_geo_adresse_postale_1,categorical,3  RUE CAULAINCOURT,d_recap_0_page_de_connexion_localisation_geo_adresse_postale_1
mercure-boulogne,BOULOGNE,6,0 - PAGE DE CONNEXION,LOCALISATION GEO,ADRESSE POSTALE (1),0_page_de_connexion_localisation_geo_adresse_postale_1,categorical,37 PLACE RENÉ CLAIR,d_recap_0_page_de_connexion_localisation_geo_adresse_postale_1
ibis-budget-nice,NICE,7,0 - PAGE DE CONNEXION,LOCALISATION GEO,ADRESSE POSTALE (2),0_page_de_connexion_localisation_geo_adresse_postale_2,categorical,,d_recap_0_page_de_connexion_localisation_geo_adresse_postale_2
ibis-budget-strasbourg,STRASBOURG,7,0 - PAGE DE CONNEXION,LOCALISATION GEO,ADRESSE POSTALE (2),0_page_de_connexion_localisation_geo_adresse_postale_2,categorical,,d_recap_0_page_de_connexion_localisation_geo_adresse_postale_2
ibis-styles-roissy-cdg,PARIS CDG,7,0 - PAGE DE CONNEXION,LOCALISATION GEO,ADRESSE POSTALE (2),0_page_de_connexion_localisation_geo_adresse_postale_2,categorical,,d_recap_0_page_de_connexion_localisation_geo_adresse_postale_2
novotel-megeve,MEGEVE,7,0 - PAGE DE CONNEXION,LOCALISATION GEO,ADRESSE POSTALE (2),0_page_de_connexion_localisation_geo_adresse_postale_2,categorical,LE DOMAINE DE MEZTIVA,d_recap_0_page_de_connexion_localisation_geo_adresse_postale_2
novotel-paris-tour-eiffel,TOUR EIFFEL,7,0 - PAGE DE CONNEXION,LOCALISATION GEO,ADRESSE POSTALE (2),0_page_de_connexion_localisation_geo_adresse_postale_2,categorical,,d_recap_0_page_de_connexion_localisation_geo_adresse_postale_2
mercure-montmartre,MONTMARTRE,7,0 - PAGE DE CONNEXION,LOCALISATION GEO,ADRESSE POSTALE (2),0_page_de_connexion_localisation_geo_adresse_postale_2,categorical,,d_recap_0_page_de_connexion_localisation_geo_adresse_postale_2
mercure-boulogne,BOULOGNE,7,0 - PAGE DE CONNEXION,LOCALISATION GEO,ADRESSE POSTALE (2),0_page_de_connexion_localisation_geo_adresse_postale_2,categorical,,d_recap_0_page_de_connexion_localisation_geo_adresse_postale_2
ibis-budget-nice,NICE,8,0 - PAGE DE CONNEXION,LOCALISATION GEO,ADRESSE POSTALE (3),0_page_de_connexion_localisation_geo_adresse_postale_3,categorical,,d_recap_0_page_de_connexion_localisation_geo_adresse_postale_3
ibis-budget-strasbourg,STRASBOURG,8,0 - PAGE DE CONNEXION,LOCALISATION GEO,ADRESSE POSTALE (3),0_page_de_connexion_localisation_geo_adresse_postale_3,categorical,,d_recap_0_page_de_connexion_localisation_geo_adresse_postale_3
ibis-styles-roissy-cdg,PARIS CDG,8,0 - PAGE DE CONNEXION,LOCALISATION GEO,ADRESSE POSTALE (3),0_page_de_connexion_localisation_geo_adresse_postale_3,categorical,,d_recap_0_page_de_connexion_localisation_geo_adresse_postale_3
novotel-megeve,MEGEVE,8,0 - PAGE DE CONNEXION,LOCALISATION GEO,ADRESSE POSTALE (3),0_page_de_connexion_localisation_geo_adresse_postale_3,categorical,,d_recap_0_page_de_connexion_localisation_geo_adresse_postale_3
novotel-paris-tour-eiffel,TOUR EIFFEL,8,0 - PAGE DE CONNEXION,LOCALISATION GEO,ADRESSE POSTALE (3),0_page_de_connexion_localisation_geo_adresse_postale_3,categorical,,d_recap_0_page_de_connexion_localisation_geo_adresse_postale_3
mercure-montmartre,MONTMARTRE,8,0 - PAGE DE CONNEXION,LOCALISATION GEO,ADRESSE POSTALE (3),0_page_de_connexion_localisation_geo_adresse_postale_3,categorical,,d_recap_0_page_de_connexion_localisation_geo_adresse_postale_3
mercure-boulogne,BOULOGNE,8,0 - PAGE DE CONNEXION,LOCALISATION GEO,ADRESSE POSTALE (3),0_page_de_connexion_localisation_geo_adresse_postale_3,categorical,,d_recap_0_page_de_connexion_localisation_geo_adresse_postale_3
ibis-budget-nice,NICE,9,0 - PAGE DE CONNEXION,LOCALISATION GEO,CODE POSTAL,0_page_de_connexion_localisation_geo_code_postal,categorical,06200,d_recap_0_page_de_connexion_localisation_geo_code_postal
ibis-budget-strasbourg,STRASBOURG,9,0 - PAGE DE CONNEXION,LOCALISATION GEO,CODE POSTAL,0_page_de_connexion_localisation_geo_code_postal,categorical,67000,d_recap_0_page_de_connexion_localisation_geo_code_postal
ibis-styles-roissy-cdg,PARIS CDG,9,0 - PAGE DE CONNEXION,LOCALISATION GEO,CODE POSTAL,0_page_de_connexion_localisation_geo_code_postal,categorical,95700,d_recap_0_page_de_connexion_localisation_geo_code_postal
novotel-megeve,MEGEVE,9,0 - PAGE DE CONNEXION,LOCALISATION GEO,CODE POSTAL,0_page_de_connexion_localisation_geo_code_postal,categorical,74120,d_recap_0_page_de_connexion_localisation_geo_code_postal
novotel-paris-tour-eiffel,TOUR EIFFEL,9,0 - PAGE DE CONNEXION,LOCALISATION GEO,CODE POSTAL,0_page_de_connexion_localisation_geo_code_postal,categorical,75015,d_recap_0_page_de_connexion_localisation_geo_code_postal
mercure-montmartre,MONTMARTRE,9,0 - PAGE DE CONNEXION,LOCALISATION GEO,CODE POSTAL,0_page_de_connexion_localisation_geo_code_postal,categorical,75018,d_recap_0_page_de_connexion_localisation_geo_code_postal
mercure-boulogne,BOULOGNE,9,0 - PAGE DE CONNEXION,LOCALISATION GEO,CODE POSTAL,0_page_de_connexion_localisation_geo_code_postal,categorical,92100,d_recap_0_page_de_connexion_localisation_geo_code_postal
ibis-budget-nice,NICE,10,0 - PAGE DE CONNEXION,LOCALISATION GEO,VILLE,0_page_de_connexion_localisation_geo_ville,categorical,NICE,d_recap_0_page_de_connexion_localisation_geo_ville
ibis-budget-strasbourg,STRASBOURG,10,0 - PAGE DE CONNEXION,LOCALISATION GEO,VILLE,0_page_de_connexion_localisation_geo_ville,categorical,STRASBOURG,d_recap_0_page_de_connexion_localisation_geo_ville
ibis-styles-roissy-cdg,PARIS CDG,10,0 - PAGE DE CONNEXION,LOCALISATION GEO,VILLE,0_page_de_connexion_localisation_geo_ville,categorical,ROISSY,d_recap_0_page_de_connexion_localisation_geo_ville
novotel-megeve,MEGEVE,10,0 - PAGE DE CONNEXION,LOCALISATION GEO,VILLE,0_page_de_connexion_localisation_geo_ville,categorical,MEGEVE,d_recap_0_page_de_connexion_localisation_geo_ville
novotel-paris-tour-eiffel,TOUR EIFFEL,10,0 - PAGE DE CONNEXION,LOCALISATION GEO,VILLE,0_page_de_connexion_localisation_geo_ville,categorical,PARIS,d_recap_0_page_de_connexion_localisation_geo_ville
mercure-montmartre,MONTMARTRE,10,0 - PAGE DE CONNEXION,LOCALISATION GEO,VILLE,0_page_de_connexion_localisation_geo_ville,categorical,PARIS,d_recap_0_page_de_connexion_localisation_geo_ville
mercure-boulogne,BOULOGNE,10,0 - PAGE DE CONNEXION,LOCALISATION GEO,VILLE,0_page_de_connexion_localisation_geo_ville,categorical,BOULOGNE-BILLANCOURT,d_recap_0_page_de_connexion_localisation_geo_ville
ibis-budget-nice,NICE,11,0 - PAGE DE CONNEXION,LOCALISATION GEO,LONGITUDE,0_page_de_connexion_localisation_geo_longitude,numeric,7.240512,d_recap_0_page_de_connexion_localisation_geo_longitude
ibis-budget-strasbourg,STRASBOURG,11,0 - PAGE DE CONNEXION,LOCALISATION GEO,LONGITUDE,0_page_de_connexion_localisation_geo_longitude,numeric,7.754599,d_recap_0_page_de_connexion_localisation_geo_longitude
ibis-styles-roissy-cdg,PARIS CDG,11,0 - PAGE DE CONNEXION,LOCALISATION GEO,LONGITUDE,0_page_de_connexion_localisation_geo_longitude,numeric,2.519843,d_recap_0_page_de_connexion_localisation_geo_longitude
novotel-megeve,MEGEVE,11,0 - PAGE DE CONNEXION,LOCALISATION GEO,LONGITUDE,0_page_de_connexion_localisation_geo_longitude,numeric,6.6190552711,d_recap_0_page_de_connexion_localisation_geo_longitude
novotel-paris-tour-eiffel,TOUR EIFFEL,11,0 - PAGE DE CONNEXION,LOCALISATION GEO,LONGITUDE,0_page_de_connexion_localisation_geo_longitude,numeric,2.282836,d_recap_0_page_de_connexion_localisation_geo_longitude
mercure-montmartre,MONTMARTRE,11,0 - PAGE DE CONNEXION,LOCALISATION GEO,LONGITUDE,0_page_de_connexion_localisation_geo_longitude,numeric,2.329923,d_recap_0_page_de_connexion_localisation_geo_longitude
mercure-boulogne,BOULOGNE,11,0 - PAGE DE CONNEXION,LOCALISATION GEO,LONGITUDE,0_page_de_connexion_localisation_geo_longitude,numeric,2.256274,d_recap_0_page_de_connexion_localisation_geo_longitude
ibis-budget-nice,NICE,12,0 - PAGE DE CONNEXION,LOCALISATION GEO,LATITUDE,0_page_de_connexion_localisation_geo_latitude,numeric,43.689186,d_recap_0_page_de_connexion_localisation_geo_latitude
ibis-budget-strasbourg,STRASBOURG,12,0 - PAGE DE CONNEXION,LOCALISATION GEO,LATITUDE,0_page_de_connexion_localisation_geo_latitude,numeric,48.591522,d_recap_0_page_de_connexion_localisation_geo_latitude
ibis-styles-roissy-cdg,PARIS CDG,12,0 - PAGE DE CONNEXION,LOCALISATION GEO,LATITUDE,0_page_de_connexion_localisation_geo_latitude,numeric,49.006733,d_recap_0_page_de_connexion_localisation_geo_latitude
novotel-megeve,MEGEVE,12,0 - PAGE DE CONNEXION,LOCALISATION GEO,LATITUDE,0_page_de_connexion_localisation_geo_latitude,numeric,45.8591651916,d_recap_0_page_de_connexion_localisation_geo_latitude
novotel-paris-tour-eiffel,TOUR EIFFEL,12,0 - PAGE DE CONNEXION,LOCALISATION GEO,LATITUDE,0_page_de_connexion_localisation_geo_latitude,numeric,48.849778,d_recap_0_page_de_connexion_localisation_geo_latitude
mercure-montmartre,MONTMARTRE,12,0 - PAGE DE CONNEXION,LOCALISATION GEO,LATITUDE,0_page_de_connexion_localisation_geo_latitude,numeric,48.885048,d_recap_0_page_de_connexion_localisation_geo_latitude
mercure-boulogne,BOULOGNE,12,0 - PAGE DE CONNEXION,LOCALISATION GEO,LATITUDE,0_page_de_connexion_localisation_geo_latitude,numeric,48.833827,d_recap_0_page_de_connexion_localisation_geo_latitude
ibis-budget-nice,NICE,13,"1 - INFORMATIONS
GENERALES",DONNEES ADMIN,MARQUE,1_informations_generales_donnees_admin_marque,categorical,IBIS BUDGET,d_recap_generales_donnees_admin_marque
ibis-budget-strasbourg,STRASBOURG,13,"1 - INFORMATIONS
GENERALES",DONNEES ADMIN,MARQUE,1_informations_generales_donnees_admin_marque,categorical,IBIS BUDGET,d_recap_generales_donnees_admin_marque
ibis-styles-roissy-cdg,PARIS CDG,13,"1 - INFORMATIONS
GENERALES",DONNEES ADMIN,MARQUE,1_informations_generales_donnees_admin_marque,categorical,IBIS STYLES,d_recap_generales_donnees_admin_marque
novotel-megeve,MEGEVE,13,"1 - INFORMATIONS
GENERALES",DONNEES ADMIN,MARQUE,1_informations_generales_donnees_admin_marque,categorical,NOVOTEL,d_recap_generales_donnees_admin_marque
novotel-paris-tour-eiffel,TOUR EIFFEL,13,"1 - INFORMATIONS
GENERALES",DONNEES ADMIN,MARQUE,1_informations_generales_donnees_admin_marque,categorical,NOVOTEL,d_recap_generales_donnees_admin_marque
mercure-montmartre,MONTMARTRE,13,"1 - INFORMATIONS
GENERALES",DONNEES ADMIN,MARQUE,1_informations_generales_donnees_admin_marque,categorical,MERCURE,d_recap_generales_donnees_admin_marque
mercure-boulogne,BOULOGNE,13,"1 - INFORMATIONS
GENERALES",DONNEES ADMIN,MARQUE,1_informations_generales_donnees_admin_marque,categorical,MERCURE,d_recap_generales_donnees_admin_marque
ibis-budget-nice,NICE,14,"1 - INFORMATIONS
GENERALES",DONNEES ADMIN,NB. DE CHAMBRES,1_informations_generales_donnees_admin_nb_de_chambres,numeric,129.0,d_recap_generales_donnees_admin_nb_de_chambres
ibis-budget-strasbourg,STRASBOURG,14,"1 - INFORMATIONS
GENERALES",DONNEES ADMIN,NB. DE CHAMBRES,1_informations_generales_donnees_admin_nb_de_chambres,numeric,97.0,d_recap_generales_donnees_admin_nb_de_chambres
ibis-styles-roissy-cdg,PARIS CDG,14,"1 - INFORMATIONS
GENERALES",DONNEES ADMIN,NB. DE CHAMBRES,1_informations_generales_donnees_admin_nb_de_chambres,numeric,309.0,d_recap_generales_donnees_admin_nb_de_chambres
novotel-megeve,MEGEVE,14,"1 - INFORMATIONS
GENERALES",DONNEES ADMIN,NB. DE CHAMBRES,1_informations_generales_donnees_admin_nb_de_chambres,numeric,572.0,d_recap_generales_donnees_admin_nb_de_chambres
novotel-paris-tour-eiffel,TOUR EIFFEL,14,"1 - INFORMATIONS
GENERALES",DONNEES ADMIN,NB. DE CHAMBRES,1_informations_generales_donnees_admin_nb_de_chambres,numeric,764.0,d_recap_generales_donnees_admin_nb_de_chambres
mercure-montmartre,MONTMARTRE,14,"1 - INFORMATIONS
GENERALES",DONNEES ADMIN,NB. DE CHAMBRES,1_informations_generales_donnees_admin_nb_de_chambres,numeric,305.0,d_recap_generales_donnees_admin_nb_de_chambres
mercure-boulogne,BOULOGNE,14,"1 - INFORMATIONS
GENERALES",DONNEES ADMIN,NB. DE CHAMBRES,1_informations_generales_donnees_admin_nb_de_chambres,numeric,191.0,d_recap_generales_donnees_admin_nb_de_chambres
ibis-budget-nice,NICE,15,"1 - INFORMATIONS
GENERALES",DONNEES ADMIN,CONTRAT SIGNE (ANNEE),1_informations_generales_donnees_admin_contrat_signe_annee,numeric,,d_recap_generales_donnees_admin_contrat_signe_annee
ibis-budget-strasbourg,STRASBOURG,15,"1 - INFORMATIONS
GENERALES",DONNEES ADMIN,CONTRAT SIGNE (ANNEE),1_informations_generales_donnees_admin_contrat_signe_annee,numeric,2020.0,d_recap_generales_donnees_admin_contrat_signe_annee
ibis-styles-roissy-cdg,PARIS CDG,15,"1 - INFORMATIONS
GENERALES",DONNEES ADMIN,CONTRAT SIGNE (ANNEE),1_informations_generales_donnees_admin_contrat_signe_annee,numeric,2015.0,d_recap_generales_donnees_admin_contrat_signe_annee
novotel-megeve,MEGEVE,15,"1 - INFORMATIONS
GENERALES",DONNEES ADMIN,CONTRAT SIGNE (ANNEE),1_informations_generales_donnees_admin_contrat_signe_annee,numeric,,d_recap_generales_donnees_admin_contrat_signe_annee
novotel-paris-tour-eiffel,TOUR EIFFEL,15,"1 - INFORMATIONS
GENERALES",DONNEES ADMIN,CONTRAT SIGNE (ANNEE),1_informations_generales_donnees_admin_contrat_signe_annee,numeric,1976.0,d_recap_generales_donnees_admin_contrat_signe_annee
mercure-montmartre,MONTMARTRE,15,"1 - INFORMATIONS
GENERALES",DONNEES ADMIN,CONTRAT SIGNE (ANNEE),1_informations_generales_donnees_admin_contrat_signe_annee,numeric,,d_recap_generales_donnees_admin_contrat_signe_annee
mercure-boulogne,BOULOGNE,15,"1 - INFORMATIONS
GENERALES",DONNEES ADMIN,CONTRAT SIGNE (ANNEE),1_informations_generales_donnees_admin_contrat_signe_annee,numeric,,d_recap_generales_donnees_admin_contrat_signe_annee
ibis-budget-nice,NICE,16,"1 - INFORMATIONS
GENERALES",DONNEES ADMIN,CONTRAT (TYPE),1_informations_generales_donnees_admin_contrat_type,categorical,FRANCHISE,d_recap_generales_donnees_admin_contrat_type
ibis-budget-strasbourg,STRASBOURG,16,"1 - INFORMATIONS
GENERALES",DONNEES ADMIN,CONTRAT (TYPE),1_informations_generales_donnees_admin_contrat_type,categorical,FRANCHISE,d_recap_generales_donnees_admin_contrat_type
ibis-styles-roissy-cdg,PARIS CDG,16,"1 - INFORMATIONS
GENERALES",DONNEES ADMIN,CONTRAT (TYPE),1_informations_generales_donnees_admin_contrat_type,categorical,FRANCHISE,d_recap_generales_donnees_admin_contrat_type
novotel-megeve,MEGEVE,16,"1 - INFORMATIONS
GENERALES",DONNEES ADMIN,CONTRAT (TYPE),1_informations_generales_donnees_admin_contrat_type,categorical,FRANCHISE,d_recap_generales_donnees_admin_contrat_type
novotel-paris-tour-eiffel,TOUR EIFFEL,16,"1 - INFORMATIONS
GENERALES",DONNEES ADMIN,CONTRAT (TYPE),1_informations_generales_donnees_admin_contrat_type,categorical,MANAGÉ,d_recap_generales_donnees_admin_contrat_type
mercure-montmartre,MONTMARTRE,16,"1 - INFORMATIONS
GENERALES",DONNEES ADMIN,CONTRAT (TYPE),1_informations_generales_donnees_admin_contrat_type,categorical,MANAGÉ,d_recap_generales_donnees_admin_contrat_type
mercure-boulogne,BOULOGNE,16,"1 - INFORMATIONS
GENERALES",DONNEES ADMIN,CONTRAT (TYPE),1_informations_generales_donnees_admin_contrat_type,categorical,FRANCHISE,d_recap_generales_donnees_admin_contrat_type
ibis-budget-nice,NICE,17,"1 - INFORMATIONS
GENERALES",DONNEES ADMIN,PROPRIETAIRE,1_informations_generales_donnees_admin_proprietaire,categorical,FAMILLE FARINES,d_recap_generales_donnees_admin_proprietaire
ibis-budget-strasbourg,STRASBOURG,17,"1 - INFORMATIONS
GENERALES",DONNEES ADMIN,PROPRIETAIRE,1_informations_generales_donnees_admin_proprietaire,categorical,MILLION - CHOREIN,d_recap_generales_donnees_admin_proprietaire
ibis-styles-roissy-cdg,PARIS CDG,17,"1 - INFORMATIONS
GENERALES",DONNEES ADMIN,PROPRIETAIRE,1_informations_generales_donnees_admin_proprietaire,categorical,FERRE HOTELS,d_recap_generales_donnees_admin_proprietaire
novotel-megeve,MEGEVE,17,"1 - INFORMATIONS
GENERALES",DONNEES ADMIN,PROPRIETAIRE,1_informations_generales_donnees_admin_proprietaire,categorical,FAMILLE DELETTRE,d_recap_generales_donnees_admin_proprietaire
novotel-paris-tour-eiffel,TOUR EIFFEL,17,"1 - INFORMATIONS
GENERALES",DONNEES ADMIN,PROPRIETAIRE,1_informations_generales_donnees_admin_proprietaire,categorical,ACCORINVEST FRANCE,d_recap_generales_donnees_admin_proprietaire
mercure-montmartre,MONTMARTRE,17,"1 - INFORMATIONS
GENERALES",DONNEES ADMIN,PROPRIETAIRE,1_informations_generales_donnees_admin_proprietaire,categorical,ACCORINVEST FRANCE,d_recap_generales_donnees_admin_proprietaire
mercure-boulogne,BOULOGNE,17,"1 - INFORMATIONS
GENERALES",DONNEES ADMIN,PROPRIETAIRE,1_informations_generales_donnees_admin_proprietaire,categorical,GROUPE COVIVIO,d_recap_generales_donnees_admin_proprietaire
ibis-budget-nice,NICE,18,"1 - INFORMATIONS
GENERALES",DONNEES ADMIN,DOM/DOF,1_informations_generales_donnees_admin_dom_dof,categorical,Marion BOROT,d_recap_generales_donnees_admin_dom_dof
ibis-budget-strasbourg,STRASBOURG,18,"1 - INFORMATIONS
GENERALES",DONNEES ADMIN,DOM/DOF,1_informations_generales_donnees_admin_dom_dof,categorical,Christophe RUQUEBOEUCHE,d_recap_generales_donnees_admin_dom_dof
ibis-styles-roissy-cdg,PARIS CDG,18,"1 - INFORMATIONS
GENERALES",DONNEES ADMIN,DOM/DOF,1_informations_generales_donnees_admin_dom_dof,categorical,Sophie CHOLLON,d_recap_generales_donnees_admin_dom_dof
novotel-megeve,MEGEVE,18,"1 - INFORMATIONS
GENERALES",DONNEES ADMIN,DOM/DOF,1_informations_generales_donnees_admin_dom_dof,categorical,Bello DIALLO,d_recap_generales_donnees_admin_dom_dof
novotel-paris-tour-eiffel,TOUR EIFFEL,18,"1 - INFORMATIONS
GENERALES",DONNEES ADMIN,DOM/DOF,1_informations_generales_donnees_admin_dom_dof,categorical,Philippe JAUSSELY,d_recap_generales_donnees_admin_dom_dof
mercure-montmartre,MONTMARTRE,18,"1 - INFORMATIONS
GENERALES",DONNEES ADMIN,DOM/DOF,1_informations_generales_donnees_admin_dom_dof,categorical,Thibault FREMONT,d_recap_generales_donnees_admin_dom_dof
mercure-boulogne,BOULOGNE,18,"1 - INFORMATIONS
GENERALES",DONNEES ADMIN,DOM/DOF,1_informations_generales_donnees_admin_dom_dof,categorical,Hubert VANQUATHEM,d_recap_generales_donnees_admin_dom_dof
ibis-budget-nice,NICE,19,"1 - INFORMATIONS
GENERALES",DONNEES ADMIN,DERNIERE RENO HOTEL,1_informations_generales_donnees_admin_derniere_reno_hotel,categorical,,d_recap_generales_donnees_admin_derniere_reno_hotel
ibis-budget-strasbourg,STRASBOURG,19,"1 - INFORMATIONS
GENERALES",DONNEES ADMIN,DERNIERE RENO HOTEL,1_informations_generales_donnees_admin_derniere_reno_hotel,categorical,2025.0,d_recap_generales_donnees_admin_derniere_reno_hotel
ibis-styles-roissy-cdg,PARIS CDG,19,"1 - INFORMATIONS
GENERALES",DONNEES ADMIN,DERNIERE RENO HOTEL,1_informations_generales_donnees_admin_derniere_reno_hotel,categorical,2015.0,d_recap_generales_donnees_admin_derniere_reno_hotel
novotel-megeve,MEGEVE,19,"1 - INFORMATIONS
GENERALES",DONNEES ADMIN,DERNIERE RENO HOTEL,1_informations_generales_donnees_admin_derniere_reno_hotel,categorical,,d_recap_generales_donnees_admin_derniere_reno_hotel
novotel-paris-tour-eiffel,TOUR EIFFEL,19,"1 - INFORMATIONS
GENERALES",DONNEES ADMIN,DERNIERE RENO HOTEL,1_informations_generales_donnees_admin_derniere_reno_hotel,categorical,,d_recap_generales_donnees_admin_derniere_reno_hotel
mercure-montmartre,MONTMARTRE,19,"1 - INFORMATIONS
GENERALES",DONNEES ADMIN,DERNIERE RENO HOTEL,1_informations_generales_donnees_admin_derniere_reno_hotel,categorical,,d_recap_generales_donnees_admin_derniere_reno_hotel
mercure-boulogne,BOULOGNE,19,"1 - INFORMATIONS
GENERALES",DONNEES ADMIN,DERNIERE RENO HOTEL,1_informations_generales_donnees_admin_derniere_reno_hotel,categorical,,d_recap_generales_donnees_admin_derniere_reno_hotel
ibis-budget-nice,NICE,20,"1 - INFORMATIONS
GENERALES",DONNEES ADMIN,DERNIERE RENO LOBBY,1_informations_generales_donnees_admin_derniere_reno_lobby,categorical,,d_recap_generales_donnees_admin_derniere_reno_lobby
ibis-budget-strasbourg,STRASBOURG,20,"1 - INFORMATIONS
GENERALES",DONNEES ADMIN,DERNIERE RENO LOBBY,1_informations_generales_donnees_admin_derniere_reno_lobby,categorical,2025.0,d_recap_generales_donnees_admin_derniere_reno_lobby
ibis-styles-roissy-cdg,PARIS CDG,20,"1 - INFORMATIONS
GENERALES",DONNEES ADMIN,DERNIERE RENO LOBBY,1_informations_generales_donnees_admin_derniere_reno_lobby,categorical,2015.0,d_recap_generales_donnees_admin_derniere_reno_lobby
novotel-megeve,MEGEVE,20,"1 - INFORMATIONS
GENERALES",DONNEES ADMIN,DERNIERE RENO LOBBY,1_informations_generales_donnees_admin_derniere_reno_lobby,categorical,,d_recap_generales_donnees_admin_derniere_reno_lobby
novotel-paris-tour-eiffel,TOUR EIFFEL,20,"1 - INFORMATIONS
GENERALES",DONNEES ADMIN,DERNIERE RENO LOBBY,1_informations_generales_donnees_admin_derniere_reno_lobby,categorical,,d_recap_generales_donnees_admin_derniere_reno_lobby
mercure-montmartre,MONTMARTRE,20,"1 - INFORMATIONS
GENERALES",DONNEES ADMIN,DERNIERE RENO LOBBY,1_informations_generales_donnees_admin_derniere_reno_lobby,categorical,,d_recap_generales_donnees_admin_derniere_reno_lobby
mercure-boulogne,BOULOGNE,20,"1 - INFORMATIONS
GENERALES",DONNEES ADMIN,DERNIERE RENO LOBBY,1_informations_generales_donnees_admin_derniere_reno_lobby,categorical,,d_recap_generales_donnees_admin_derniere_reno_lobby
ibis-budget-nice,NICE,21,"1 - INFORMATIONS
GENERALES",DONNEES ADMIN,PMS,1_informations_generales_donnees_admin_pms,categorical,FOLS,d_recap_generales_donnees_admin_pms
ibis-budget-strasbourg,STRASBOURG,21,"1 - INFORMATIONS
GENERALES",DONNEES ADMIN,PMS,1_informations_generales_donnees_admin_pms,categorical,OPERA,d_recap_generales_donnees_admin_pms
ibis-styles-roissy-cdg,PARIS CDG,21,"1 - INFORMATIONS
GENERALES",DONNEES ADMIN,PMS,1_informations_generales_donnees_admin_pms,categorical,FOLS,d_recap_generales_donnees_admin_pms
novotel-megeve,MEGEVE,21,"1 - INFORMATIONS
GENERALES",DONNEES ADMIN,PMS,1_informations_generales_donnees_admin_pms,categorical,FOLS,d_recap_generales_donnees_admin_pms
novotel-paris-tour-eiffel,TOUR EIFFEL,21,"1 - INFORMATIONS
GENERALES",DONNEES ADMIN,PMS,1_informations_generales_donnees_admin_pms,categorical,OPERA,d_recap_generales_donnees_admin_pms
mercure-montmartre,MONTMARTRE,21,"1 - INFORMATIONS
GENERALES",DONNEES ADMIN,PMS,1_informations_generales_donnees_admin_pms,categorical,OPERA,d_recap_generales_donnees_admin_pms
mercure-boulogne,BOULOGNE,21,"1 - INFORMATIONS
GENERALES",DONNEES ADMIN,PMS,1_informations_generales_donnees_admin_pms,categorical,OPERA,d_recap_generales_donnees_admin_pms
ibis-budget-nice,NICE,22,"1 - INFORMATIONS
GENERALES",DONNEES CHIFFREES,# ADULTES PAR CHAMBRE,1_informations_generales_donnees_chiffrees_adultes_par_chambre,numeric,,d_recap_generales_donnees_chiffrees_adultes_par_chambre
ibis-budget-strasbourg,STRASBOURG,22,"1 - INFORMATIONS
GENERALES",DONNEES CHIFFREES,# ADULTES PAR CHAMBRE,1_informations_generales_donnees_chiffrees_adultes_par_chambre,numeric,,d_recap_generales_donnees_chiffrees_adultes_par_chambre
ibis-styles-roissy-cdg,PARIS CDG,22,"1 - INFORMATIONS
GENERALES",DONNEES CHIFFREES,# ADULTES PAR CHAMBRE,1_informations_generales_donnees_chiffrees_adultes_par_chambre,numeric,,d_recap_generales_donnees_chiffrees_adultes_par_chambre
novotel-megeve,MEGEVE,22,"1 - INFORMATIONS
GENERALES",DONNEES CHIFFREES,# ADULTES PAR CHAMBRE,1_informations_generales_donnees_chiffrees_adultes_par_chambre,numeric,,d_recap_generales_donnees_chiffrees_adultes_par_chambre
novotel-paris-tour-eiffel,TOUR EIFFEL,22,"1 - INFORMATIONS
GENERALES",DONNEES CHIFFREES,# ADULTES PAR CHAMBRE,1_informations_generales_donnees_chiffrees_adultes_par_chambre,numeric,,d_recap_generales_donnees_chiffrees_adultes_par_chambre
mercure-montmartre,MONTMARTRE,22,"1 - INFORMATIONS
GENERALES",DONNEES CHIFFREES,# ADULTES PAR CHAMBRE,1_informations_generales_donnees_chiffrees_adultes_par_chambre,numeric,,d_recap_generales_donnees_chiffrees_adultes_par_chambre
mercure-boulogne,BOULOGNE,22,"1 - INFORMATIONS
GENERALES",DONNEES CHIFFREES,# ADULTES PAR CHAMBRE,1_informations_generales_donnees_chiffrees_adultes_par_chambre,numeric,,d_recap_generales_donnees_chiffrees_adultes_par_chambre
ibis-budget-nice,NICE,23,"1 - INFORMATIONS
GENERALES",DONNEES CHIFFREES,# ENFANTS PAR CHAMBRE,1_informations_generales_donnees_chiffrees_enfants_par_chambre,numeric,,d_recap_generales_donnees_chiffrees_enfants_par_chambre
ibis-budget-strasbourg,STRASBOURG,23,"1 - INFORMATIONS
GENERALES",DONNEES CHIFFREES,# ENFANTS PAR CHAMBRE,1_informations_generales_donnees_chiffrees_enfants_par_chambre,numeric,,d_recap_generales_donnees_chiffrees_enfants_par_chambre
ibis-styles-roissy-cdg,PARIS CDG,23,"1 - INFORMATIONS
GENERALES",DONNEES CHIFFREES,# ENFANTS PAR CHAMBRE,1_informations_generales_donnees_chiffrees_enfants_par_chambre,numeric,,d_recap_generales_donnees_chiffrees_enfants_par_chambre
novotel-megeve,MEGEVE,23,"1 - INFORMATIONS
GENERALES",DONNEES CHIFFREES,# ENFANTS PAR CHAMBRE,1_informations_generales_donnees_chiffrees_enfants_par_chambre,numeric,,d_recap_generales_donnees_chiffrees_enfants_par_chambre
novotel-paris-tour-eiffel,TOUR EIFFEL,23,"1 - INFORMATIONS
GENERALES",DONNEES CHIFFREES,# ENFANTS PAR CHAMBRE,1_informations_generales_donnees_chiffrees_enfants_par_chambre,numeric,,d_recap_generales_donnees_chiffrees_enfants_par_chambre
mercure-montmartre,MONTMARTRE,23,"1 - INFORMATIONS
GENERALES",DONNEES CHIFFREES,# ENFANTS PAR CHAMBRE,1_informations_generales_donnees_chiffrees_enfants_par_chambre,numeric,,d_recap_generales_donnees_chiffrees_enfants_par_chambre
mercure-boulogne,BOULOGNE,23,"1 - INFORMATIONS
GENERALES",DONNEES CHIFFREES,# ENFANTS PAR CHAMBRE,1_informations_generales_donnees_chiffrees_enfants_par_chambre,numeric,,d_recap_generales_donnees_chiffrees_enfants_par_chambre
ibis-budget-nice,NICE,24,"1 - INFORMATIONS
GENERALES",DONNEES CHIFFREES,PANIER MOYEN,1_informations_generales_donnees_chiffrees_panier_moyen,numeric,,d_recap_generales_donnees_chiffrees_panier_moyen
ibis-budget-strasbourg,STRASBOURG,24,"1 - INFORMATIONS
GENERALES",DONNEES CHIFFREES,PANIER MOYEN,1_informations_generales_donnees_chiffrees_panier_moyen,numeric,,d_recap_generales_donnees_chiffrees_panier_moyen
ibis-styles-roissy-cdg,PARIS CDG,24,"1 - INFORMATIONS
GENERALES",DONNEES CHIFFREES,PANIER MOYEN,1_informations_generales_donnees_chiffrees_panier_moyen,numeric,,d_recap_generales_donnees_chiffrees_panier_moyen
novotel-megeve,MEGEVE,24,"1 - INFORMATIONS
GENERALES",DONNEES CHIFFREES,PANIER MOYEN,1_informations_generales_donnees_chiffrees_panier_moyen,numeric,,d_recap_generales_donnees_chiffrees_panier_moyen
novotel-paris-tour-eiffel,TOUR EIFFEL,24,"1 - INFORMATIONS
GENERALES",DONNEES CHIFFREES,PANIER MOYEN,1_informations_generales_donnees_chiffrees_panier_moyen,numeric,,d_recap_generales_donnees_chiffrees_panier_moyen
mercure-montmartre,MONTMARTRE,24,"1 - INFORMATIONS
GENERALES",DONNEES CHIFFREES,PANIER MOYEN,1_informations_generales_donnees_chiffrees_panier_moyen,numeric,,d_recap_generales_donnees_chiffrees_panier_moyen
mercure-boulogne,BOULOGNE,24,"1 - INFORMATIONS
GENERALES",DONNEES CHIFFREES,PANIER MOYEN,1_informations_generales_donnees_chiffrees_panier_moyen,numeric,,d_recap_generales_donnees_chiffrees_panier_moyen
ibis-budget-nice,NICE,25,"1 - INFORMATIONS
GENERALES",DONNEES CHIFFREES,TO ANNUEL,1_informations_generales_donnees_chiffrees_to_annuel,numeric,,d_recap_generales_donnees_chiffrees_to_annuel
ibis-budget-strasbourg,STRASBOURG,25,"1 - INFORMATIONS
GENERALES",DONNEES CHIFFREES,TO ANNUEL,1_informations_generales_donnees_chiffrees_to_annuel,numeric,0.7,d_recap_generales_donnees_chiffrees_to_annuel
ibis-styles-roissy-cdg,PARIS CDG,25,"1 - INFORMATIONS
GENERALES",DONNEES CHIFFREES,TO ANNUEL,1_informations_generales_donnees_chiffrees_to_annuel,numeric,0.95,d_recap_generales_donnees_chiffrees_to_annuel
novotel-megeve,MEGEVE,25,"1 - INFORMATIONS
GENERALES",DONNEES CHIFFREES,TO ANNUEL,1_informations_generales_donnees_chiffrees_to_annuel,numeric,,d_recap_generales_donnees_chiffrees_to_annuel
novotel-paris-tour-eiffel,TOUR EIFFEL,25,"1 - INFORMATIONS
GENERALES",DONNEES CHIFFREES,TO ANNUEL,1_informations_generales_donnees_chiffrees_to_annuel,numeric,,d_recap_generales_donnees_chiffrees_to_annuel
mercure-montmartre,MONTMARTRE,25,"1 - INFORMATIONS
GENERALES",DONNEES CHIFFREES,TO ANNUEL,1_informations_generales_donnees_chiffrees_to_annuel,numeric,,d_recap_generales_donnees_chiffrees_to_annuel
mercure-boulogne,BOULOGNE,25,"1 - INFORMATIONS
GENERALES",DONNEES CHIFFREES,TO ANNUEL,1_informations_generales_donnees_chiffrees_to_annuel,numeric,,d_recap_generales_donnees_chiffrees_to_annuel
ibis-budget-nice,NICE,26,"1 - INFORMATIONS
GENERALES",DONNEES CHIFFREES,TO LE PLUS BAS (MOIS),1_informations_generales_donnees_chiffrees_to_le_plus_bas_mois,numeric,,d_recap_generales_donnees_chiffrees_to_le_plus_bas_mois
ibis-budget-strasbourg,STRASBOURG,26,"1 - INFORMATIONS
GENERALES",DONNEES CHIFFREES,TO LE PLUS BAS (MOIS),1_informations_generales_donnees_chiffrees_to_le_plus_bas_mois,numeric,JANVIER,d_recap_generales_donnees_chiffrees_to_le_plus_bas_mois
ibis-styles-roissy-cdg,PARIS CDG,26,"1 - INFORMATIONS
GENERALES",DONNEES CHIFFREES,TO LE PLUS BAS (MOIS),1_informations_generales_donnees_chiffrees_to_le_plus_bas_mois,numeric,JANVIER,d_recap_generales_donnees_chiffrees_to_le_plus_bas_mois
novotel-megeve,MEGEVE,26,"1 - INFORMATIONS
GENERALES",DONNEES CHIFFREES,TO LE PLUS BAS (MOIS),1_informations_generales_donnees_chiffrees_to_le_plus_bas_mois,numeric,,d_recap_generales_donnees_chiffrees_to_le_plus_bas_mois
novotel-paris-tour-eiffel,TOUR EIFFEL,26,"1 - INFORMATIONS
GENERALES",DONNEES CHIFFREES,TO LE PLUS BAS (MOIS),1_informations_generales_donnees_chiffrees_to_le_plus_bas_mois,numeric,,d_recap_generales_donnees_chiffrees_to_le_plus_bas_mois
mercure-montmartre,MONTMARTRE,26,"1 - INFORMATIONS
GENERALES",DONNEES CHIFFREES,TO LE PLUS BAS (MOIS),1_informations_generales_donnees_chiffrees_to_le_plus_bas_mois,numeric,,d_recap_generales_donnees_chiffrees_to_le_plus_bas_mois
mercure-boulogne,BOULOGNE,26,"1 - INFORMATIONS
GENERALES",DONNEES CHIFFREES,TO LE PLUS BAS (MOIS),1_informations_generales_donnees_chiffrees_to_le_plus_bas_mois,numeric,,d_recap_generales_donnees_chiffrees_to_le_plus_bas_mois
ibis-budget-nice,NICE,27,"1 - INFORMATIONS
GENERALES",DONNEES CHIFFREES,TO LE PLUS BAS (TAUX),1_informations_generales_donnees_chiffrees_to_le_plus_bas_taux,numeric,,d_recap_generales_donnees_chiffrees_to_le_plus_bas_taux
ibis-budget-strasbourg,STRASBOURG,27,"1 - INFORMATIONS
GENERALES",DONNEES CHIFFREES,TO LE PLUS BAS (TAUX),1_informations_generales_donnees_chiffrees_to_le_plus_bas_taux,numeric,0.6,d_recap_generales_donnees_chiffrees_to_le_plus_bas_taux
ibis-styles-roissy-cdg,PARIS CDG,27,"1 - INFORMATIONS
GENERALES",DONNEES CHIFFREES,TO LE PLUS BAS (TAUX),1_informations_generales_donnees_chiffrees_to_le_plus_bas_taux,numeric,0.91,d_recap_generales_donnees_chiffrees_to_le_plus_bas_taux
novotel-megeve,MEGEVE,27,"1 - INFORMATIONS
GENERALES",DONNEES CHIFFREES,TO LE PLUS BAS (TAUX),1_informations_generales_donnees_chiffrees_to_le_plus_bas_taux,numeric,,d_recap_generales_donnees_chiffrees_to_le_plus_bas_taux
novotel-paris-tour-eiffel,TOUR EIFFEL,27,"1 - INFORMATIONS
GENERALES",DONNEES CHIFFREES,TO LE PLUS BAS (TAUX),1_informations_generales_donnees_chiffrees_to_le_plus_bas_taux,numeric,,d_recap_generales_donnees_chiffrees_to_le_plus_bas_taux
mercure-montmartre,MONTMARTRE,27,"1 - INFORMATIONS
GENERALES",DONNEES CHIFFREES,TO LE PLUS BAS (TAUX),1_informations_generales_donnees_chiffrees_to_le_plus_bas_taux,numeric,,d_recap_generales_donnees_chiffrees_to_le_plus_bas_taux
mercure-boulogne,BOULOGNE,27,"1 - INFORMATIONS
GENERALES",DONNEES CHIFFREES,TO LE PLUS BAS (TAUX),1_informations_generales_donnees_chiffrees_to_le_plus_bas_taux,numeric,,d_recap_generales_donnees_chiffrees_to_le_plus_bas_taux
ibis-budget-nice,NICE,28,"1 - INFORMATIONS
GENERALES",DONNEES CHIFFREES,TO LE PLUS HAUT (MOIS),1_informations_generales_donnees_chiffrees_to_le_plus_haut_mois,numeric,,d_recap_generales_donnees_chiffrees_to_le_plus_haut_mois
ibis-budget-strasbourg,STRASBOURG,28,"1 - INFORMATIONS
GENERALES",DONNEES CHIFFREES,TO LE PLUS HAUT (MOIS),1_informations_generales_donnees_chiffrees_to_le_plus_haut_mois,numeric,DECEMBRE,d_recap_generales_donnees_chiffrees_to_le_plus_haut_mois
ibis-styles-roissy-cdg,PARIS CDG,28,"1 - INFORMATIONS
GENERALES",DONNEES CHIFFREES,TO LE PLUS HAUT (MOIS),1_informations_generales_donnees_chiffrees_to_le_plus_haut_mois,numeric,AOUT,d_recap_generales_donnees_chiffrees_to_le_plus_haut_mois
novotel-megeve,MEGEVE,28,"1 - INFORMATIONS
GENERALES",DONNEES CHIFFREES,TO LE PLUS HAUT (MOIS),1_informations_generales_donnees_chiffrees_to_le_plus_haut_mois,numeric,,d_recap_generales_donnees_chiffrees_to_le_plus_haut_mois
novotel-paris-tour-eiffel,TOUR EIFFEL,28,"1 - INFORMATIONS
GENERALES",DONNEES CHIFFREES,TO LE PLUS HAUT (MOIS),1_informations_generales_donnees_chiffrees_to_le_plus_haut_mois,numeric,,d_recap_generales_donnees_chiffrees_to_le_plus_haut_mois
mercure-montmartre,MONTMARTRE,28,"1 - INFORMATIONS
GENERALES",DONNEES CHIFFREES,TO LE PLUS HAUT (MOIS),1_informations_generales_donnees_chiffrees_to_le_plus_haut_mois,numeric,,d_recap_generales_donnees_chiffrees_to_le_plus_haut_mois
mercure-boulogne,BOULOGNE,28,"1 - INFORMATIONS
GENERALES",DONNEES CHIFFREES,TO LE PLUS HAUT (MOIS),1_informations_generales_donnees_chiffrees_to_le_plus_haut_mois,numeric,,d_recap_generales_donnees_chiffrees_to_le_plus_haut_mois
ibis-budget-nice,NICE,29,"1 - INFORMATIONS
GENERALES",DONNEES CHIFFREES,TO LE PLUS HAUT (TAUX),1_informations_generales_donnees_chiffrees_to_le_plus_haut_taux,numeric,,d_recap_generales_donnees_chiffrees_to_le_plus_haut_taux
ibis-budget-strasbourg,STRASBOURG,29,"1 - INFORMATIONS
GENERALES",DONNEES CHIFFREES,TO LE PLUS HAUT (TAUX),1_informations_generales_donnees_chiffrees_to_le_plus_haut_taux,numeric,0.8,d_recap_generales_donnees_chiffrees_to_le_plus_haut_taux
ibis-styles-roissy-cdg,PARIS CDG,29,"1 - INFORMATIONS
GENERALES",DONNEES CHIFFREES,TO LE PLUS HAUT (TAUX),1_informations_generales_donnees_chiffrees_to_le_plus_haut_taux,numeric,0.98,d_recap_generales_donnees_chiffrees_to_le_plus_haut_taux
novotel-megeve,MEGEVE,29,"1 - INFORMATIONS
GENERALES",DONNEES CHIFFREES,TO LE PLUS HAUT (TAUX),1_informations_generales_donnees_chiffrees_to_le_plus_haut_taux,numeric,,d_recap_generales_donnees_chiffrees_to_le_plus_haut_taux
novotel-paris-tour-eiffel,TOUR EIFFEL,29,"1 - INFORMATIONS
GENERALES",DONNEES CHIFFREES,TO LE PLUS HAUT (TAUX),1_informations_generales_donnees_chiffrees_to_le_plus_haut_taux,numeric,,d_recap_generales_donnees_chiffrees_to_le_plus_haut_taux
mercure-montmartre,MONTMARTRE,29,"1 - INFORMATIONS
GENERALES",DONNEES CHIFFREES,TO LE PLUS HAUT (TAUX),1_informations_generales_donnees_chiffrees_to_le_plus_haut_taux,numeric,,d_recap_generales_donnees_chiffrees_to_le_plus_haut_taux
mercure-boulogne,BOULOGNE,29,"1 - INFORMATIONS
GENERALES",DONNEES CHIFFREES,TO LE PLUS HAUT (TAUX),1_informations_generales_donnees_chiffrees_to_le_plus_haut_taux,numeric,,d_recap_generales_donnees_chiffrees_to_le_plus_haut_taux
ibis-budget-nice,NICE,30,"1 - INFORMATIONS
GENERALES","LOCALISATION /
ENVIRONNEMENT",A PROXIMITE (A 100m),1_informations_generales_localisation_environnement_a_proximite_a_100m,categorical,,d_recap_generales_localisation_environnement_a_proximite_a_100m
ibis-budget-strasbourg,STRASBOURG,30,"1 - INFORMATIONS
GENERALES","LOCALISATION /
ENVIRONNEMENT",A PROXIMITE (A 100m),1_informations_generales_localisation_environnement_a_proximite_a_100m,categorical,,d_recap_generales_localisation_environnement_a_proximite_a_100m
ibis-styles-roissy-cdg,PARIS CDG,30,"1 - INFORMATIONS
GENERALES","LOCALISATION /
ENVIRONNEMENT",A PROXIMITE (A 100m),1_informations_generales_localisation_environnement_a_proximite_a_100m,categorical,,d_recap_generales_localisation_environnement_a_proximite_a_100m
novotel-megeve,MEGEVE,30,"1 - INFORMATIONS
GENERALES","LOCALISATION /
ENVIRONNEMENT",A PROXIMITE (A 100m),1_informations_generales_localisation_environnement_a_proximite_a_100m,categorical,,d_recap_generales_localisation_environnement_a_proximite_a_100m
novotel-paris-tour-eiffel,TOUR EIFFEL,30,"1 - INFORMATIONS
GENERALES","LOCALISATION /
ENVIRONNEMENT",A PROXIMITE (A 100m),1_informations_generales_localisation_environnement_a_proximite_a_100m,categorical,,d_recap_generales_localisation_environnement_a_proximite_a_100m
mercure-montmartre,MONTMARTRE,30,"1 - INFORMATIONS
GENERALES","LOCALISATION /
ENVIRONNEMENT",A PROXIMITE (A 100m),1_informations_generales_localisation_environnement_a_proximite_a_100m,categorical,,d_recap_generales_localisation_environnement_a_proximite_a_100m
mercure-boulogne,BOULOGNE,30,"1 - INFORMATIONS
GENERALES","LOCALISATION /
ENVIRONNEMENT",A PROXIMITE (A 100m),1_informations_generales_localisation_environnement_a_proximite_a_100m,categorical,,d_recap_generales_localisation_environnement_a_proximite_a_100m
ibis-budget-nice,NICE,31,"1 - INFORMATIONS
GENERALES","LOCALISATION /
ENVIRONNEMENT",NB. RESTAURATION…,1_informations_generales_localisation_environnement_nb_restauration,numeric,,d_recap_generales_localisation_environnement_nb_restauration
ibis-budget-strasbourg,STRASBOURG,31,"1 - INFORMATIONS
GENERALES","LOCALISATION /
ENVIRONNEMENT",NB. RESTAURATION…,1_informations_generales_localisation_environnement_nb_restauration,numeric,,d_recap_generales_localisation_environnement_nb_restauration
ibis-styles-roissy-cdg,PARIS CDG,31,"1 - INFORMATIONS
GENERALES","LOCALISATION /
ENVIRONNEMENT",NB. RESTAURATION…,1_informations_generales_localisation_environnement_nb_restauration,numeric,,d_recap_generales_localisation_environnement_nb_restauration
novotel-megeve,MEGEVE,31,"1 - INFORMATIONS
GENERALES","LOCALISATION /
ENVIRONNEMENT",NB. RESTAURATION…,1_informations_generales_localisation_environnement_nb_restauration,numeric,,d_recap_generales_localisation_environnement_nb_restauration
novotel-paris-tour-eiffel,TOUR EIFFEL,31,"1 - INFORMATIONS
GENERALES","LOCALISATION /
ENVIRONNEMENT",NB. RESTAURATION…,1_informations_generales_localisation_environnement_nb_restauration,numeric,,d_recap_generales_localisation_environnement_nb_restauration
mercure-montmartre,MONTMARTRE,31,"1 - INFORMATIONS
GENERALES","LOCALISATION /
ENVIRONNEMENT",NB. RESTAURATION…,1_informations_generales_localisation_environnement_nb_restauration,numeric,,d_recap_generales_localisation_environnement_nb_restauration
mercure-boulogne,BOULOGNE,31,"1 - INFORMATIONS
GENERALES","LOCALISATION /
ENVIRONNEMENT",NB. RESTAURATION…,1_informations_generales_localisation_environnement_nb_restauration,numeric,,d_recap_generales_localisation_environnement_nb_restauration
ibis-budget-nice,NICE,32,"1 - INFORMATIONS
GENERALES","LOCALISATION /
ENVIRONNEMENT",NB. SUPERMARCHÉS…,1_informations_generales_localisation_environnement_nb_supermarches,numeric,,d_recap_generales_localisation_environnement_nb_supermarches
ibis-budget-strasbourg,STRASBOURG,32,"1 - INFORMATIONS
GENERALES","LOCALISATION /
ENVIRONNEMENT",NB. SUPERMARCHÉS…,1_informations_generales_localisation_environnement_nb_supermarches,numeric,,d_recap_generales_localisation_environnement_nb_supermarches
ibis-styles-roissy-cdg,PARIS CDG,32,"1 - INFORMATIONS
GENERALES","LOCALISATION /
ENVIRONNEMENT",NB. SUPERMARCHÉS…,1_informations_generales_localisation_environnement_nb_supermarches,numeric,,d_recap_generales_localisation_environnement_nb_supermarches
novotel-megeve,MEGEVE,32,"1 - INFORMATIONS
GENERALES","LOCALISATION /
ENVIRONNEMENT",NB. SUPERMARCHÉS…,1_informations_generales_localisation_environnement_nb_supermarches,numeric,,d_recap_generales_localisation_environnement_nb_supermarches
novotel-paris-tour-eiffel,TOUR EIFFEL,32,"1 - INFORMATIONS
GENERALES","LOCALISATION /
ENVIRONNEMENT",NB. SUPERMARCHÉS…,1_informations_generales_localisation_environnement_nb_supermarches,numeric,,d_recap_generales_localisation_environnement_nb_supermarches
mercure-montmartre,MONTMARTRE,32,"1 - INFORMATIONS
GENERALES","LOCALISATION /
ENVIRONNEMENT",NB. SUPERMARCHÉS…,1_informations_generales_localisation_environnement_nb_supermarches,numeric,,d_recap_generales_localisation_environnement_nb_supermarches
mercure-boulogne,BOULOGNE,32,"1 - INFORMATIONS
GENERALES","LOCALISATION /
ENVIRONNEMENT",NB. SUPERMARCHÉS…,1_informations_generales_localisation_environnement_nb_supermarches,numeric,,d_recap_generales_localisation_environnement_nb_supermarches
ibis-budget-nice,NICE,33,"1 - INFORMATIONS
GENERALES","LOCALISATION /
ENVIRONNEMENT",NB. AUTRES COMMERCES…,1_informations_generales_localisation_environnement_nb_autres_commerces,numeric,,d_recap_generales_localisation_environnement_nb_autres_commerces
ibis-budget-strasbourg,STRASBOURG,33,"1 - INFORMATIONS
GENERALES","LOCALISATION /
ENVIRONNEMENT",NB. AUTRES COMMERCES…,1_informations_generales_localisation_environnement_nb_autres_commerces,numeric,,d_recap_generales_localisation_environnement_nb_autres_commerces
ibis-styles-roissy-cdg,PARIS CDG,33,"1 - INFORMATIONS
GENERALES","LOCALISATION /
ENVIRONNEMENT",NB. AUTRES COMMERCES…,1_informations_generales_localisation_environnement_nb_autres_commerces,numeric,,d_recap_generales_localisation_environnement_nb_autres_commerces
novotel-megeve,MEGEVE,33,"1 - INFORMATIONS
GENERALES","LOCALISATION /
ENVIRONNEMENT",NB. AUTRES COMMERCES…,1_informations_generales_localisation_environnement_nb_autres_commerces,numeric,,d_recap_generales_localisation_environnement_nb_autres_commerces
novotel-paris-tour-eiffel,TOUR EIFFEL,33,"1 - INFORMATIONS
GENERALES","LOCALISATION /
ENVIRONNEMENT",NB. AUTRES COMMERCES…,1_informations_generales_localisation_environnement_nb_autres_commerces,numeric,,d_recap_generales_localisation_environnement_nb_autres_commerces
mercure-montmartre,MONTMARTRE,33,"1 - INFORMATIONS
GENERALES","LOCALISATION /
ENVIRONNEMENT",NB. AUTRES COMMERCES…,1_informations_generales_localisation_environnement_nb_autres_commerces,numeric,,d_recap_generales_localisation_environnement_nb_autres_commerces
mercure-boulogne,BOULOGNE,33,"1 - INFORMATIONS
GENERALES","LOCALISATION /
ENVIRONNEMENT",NB. AUTRES COMMERCES…,1_informations_generales_localisation_environnement_nb_autres_commerces,numeric,,d_recap_generales_localisation_environnement_nb_autres_commerces
ibis-budget-nice,NICE,34,"1 - INFORMATIONS
GENERALES","LOCALISATION /
ENVIRONNEMENT",A PROXIMITE (A 500m),1_informations_generales_localisation_environnement_a_proximite_a_500m,categorical,,d_recap_generales_localisation_environnement_a_proximite_a_500m
ibis-budget-strasbourg,STRASBOURG,34,"1 - INFORMATIONS
GENERALES","LOCALISATION /
ENVIRONNEMENT",A PROXIMITE (A 500m),1_informations_generales_localisation_environnement_a_proximite_a_500m,categorical,,d_recap_generales_localisation_environnement_a_proximite_a_500m
ibis-styles-roissy-cdg,PARIS CDG,34,"1 - INFORMATIONS
GENERALES","LOCALISATION /
ENVIRONNEMENT",A PROXIMITE (A 500m),1_informations_generales_localisation_environnement_a_proximite_a_500m,categorical,,d_recap_generales_localisation_environnement_a_proximite_a_500m
novotel-megeve,MEGEVE,34,"1 - INFORMATIONS
GENERALES","LOCALISATION /
ENVIRONNEMENT",A PROXIMITE (A 500m),1_informations_generales_localisation_environnement_a_proximite_a_500m,categorical,,d_recap_generales_localisation_environnement_a_proximite_a_500m
novotel-paris-tour-eiffel,TOUR EIFFEL,34,"1 - INFORMATIONS
GENERALES","LOCALISATION /
ENVIRONNEMENT",A PROXIMITE (A 500m),1_informations_generales_localisation_environnement_a_proximite_a_500m,categorical,,d_recap_generales_localisation_environnement_a_proximite_a_500m
mercure-montmartre,MONTMARTRE,34,"1 - INFORMATIONS
GENERALES","LOCALISATION /
ENVIRONNEMENT",A PROXIMITE (A 500m),1_informations_generales_localisation_environnement_a_proximite_a_500m,categorical,,d_recap_generales_localisation_environnement_a_proximite_a_500m
mercure-boulogne,BOULOGNE,34,"1 - INFORMATIONS
GENERALES","LOCALISATION /
ENVIRONNEMENT",A PROXIMITE (A 500m),1_informations_generales_localisation_environnement_a_proximite_a_500m,categorical,,d_recap_generales_localisation_environnement_a_proximite_a_500m
ibis-budget-nice,NICE,35,"1 - INFORMATIONS
GENERALES","LOCALISATION /
ENVIRONNEMENT",NB. RESTAURATION…,1_informations_generales_localisation_environnement_nb_restauration,numeric,,d_recap_generales_localisation_environnement_nb_restauration_r35
ibis-budget-strasbourg,STRASBOURG,35,"1 - INFORMATIONS
GENERALES","LOCALISATION /
ENVIRONNEMENT",NB. RESTAURATION…,1_informations_generales_localisation_environnement_nb_restauration,numeric,,d_recap_generales_localisation_environnement_nb_restauration_r35
ibis-styles-roissy-cdg,PARIS CDG,35,"1 - INFORMATIONS
GENERALES","LOCALISATION /
ENVIRONNEMENT",NB. RESTAURATION…,1_informations_generales_localisation_environnement_nb_restauration,numeric,,d_recap_generales_localisation_environnement_nb_restauration_r35
novotel-megeve,MEGEVE,35,"1 - INFORMATIONS
GENERALES","LOCALISATION /
ENVIRONNEMENT",NB. RESTAURATION…,1_informations_generales_localisation_environnement_nb_restauration,numeric,,d_recap_generales_localisation_environnement_nb_restauration_r35
novotel-paris-tour-eiffel,TOUR EIFFEL,35,"1 - INFORMATIONS
GENERALES","LOCALISATION /
ENVIRONNEMENT",NB. RESTAURATION…,1_informations_generales_localisation_environnement_nb_restauration,numeric,,d_recap_generales_localisation_environnement_nb_restauration_r35
mercure-montmartre,MONTMARTRE,35,"1 - INFORMATIONS
GENERALES","LOCALISATION /
ENVIRONNEMENT",NB. RESTAURATION…,1_informations_generales_localisation_environnement_nb_restauration,numeric,,d_recap_generales_localisation_environnement_nb_restauration_r35
mercure-boulogne,BOULOGNE,35,"1 - INFORMATIONS
GENERALES","LOCALISATION /
ENVIRONNEMENT",NB. RESTAURATION…,1_informations_generales_localisation_environnement_nb_restauration,numeric,,d_recap_generales_localisation_environnement_nb_restauration_r35
ibis-budget-nice,NICE,36,"1 - INFORMATIONS
GENERALES","LOCALISATION /
ENVIRONNEMENT",NB. SUPERMARCHÉS…,1_informations_generales_localisation_environnement_nb_supermarches,numeric,,d_recap_generales_localisation_environnement_nb_supermarches_r36
ibis-budget-strasbourg,STRASBOURG,36,"1 - INFORMATIONS
GENERALES","LOCALISATION /
ENVIRONNEMENT",NB. SUPERMARCHÉS…,1_informations_generales_localisation_environnement_nb_supermarches,numeric,,d_recap_generales_localisation_environnement_nb_supermarches_r36
ibis-styles-roissy-cdg,PARIS CDG,36,"1 - INFORMATIONS
GENERALES","LOCALISATION /
ENVIRONNEMENT",NB. SUPERMARCHÉS…,1_informations_generales_localisation_environnement_nb_supermarches,numeric,,d_recap_generales_localisation_environnement_nb_supermarches_r36
novotel-megeve,MEGEVE,36,"1 - INFORMATIONS
GENERALES","LOCALISATION /
ENVIRONNEMENT",NB. SUPERMARCHÉS…,1_informations_generales_localisation_environnement_nb_supermarches,numeric,,d_recap_generales_localisation_environnement_nb_supermarches_r36
novotel-paris-tour-eiffel,TOUR EIFFEL,36,"1 - INFORMATIONS
GENERALES","LOCALISATION /
ENVIRONNEMENT",NB. SUPERMARCHÉS…,1_informations_generales_localisation_environnement_nb_supermarches,numeric,,d_recap_generales_localisation_environnement_nb_supermarches_r36
mercure-montmartre,MONTMARTRE,36,"1 - INFORMATIONS
GENERALES","LOCALISATION /
ENVIRONNEMENT",NB. SUPERMARCHÉS…,1_informations_generales_localisation_environnement_nb_supermarches,numeric,,d_recap_generales_localisation_environnement_nb_supermarches_r36
mercure-boulogne,BOULOGNE,36,"1 - INFORMATIONS
GENERALES","LOCALISATION /
ENVIRONNEMENT",NB. SUPERMARCHÉS…,1_informations_generales_localisation_environnement_nb_supermarches,numeric,,d_recap_generales_localisation_environnement_nb_supermarches_r36
ibis-budget-nice,NICE,37,"1 - INFORMATIONS
GENERALES","LOCALISATION /
ENVIRONNEMENT",NB. AUTRES COMMERCES…,1_informations_generales_localisation_environnement_nb_autres_commerces,numeric,,d_recap_generales_localisation_environnement_nb_autres_commerces_r37
ibis-budget-strasbourg,STRASBOURG,37,"1 - INFORMATIONS
GENERALES","LOCALISATION /
ENVIRONNEMENT",NB. AUTRES COMMERCES…,1_informations_generales_localisation_environnement_nb_autres_commerces,numeric,,d_recap_generales_localisation_environnement_nb_autres_commerces_r37
ibis-styles-roissy-cdg,PARIS CDG,37,"1 - INFORMATIONS
GENERALES","LOCALISATION /
ENVIRONNEMENT",NB. AUTRES COMMERCES…,1_informations_generales_localisation_environnement_nb_autres_commerces,numeric,,d_recap_generales_localisation_environnement_nb_autres_commerces_r37
novotel-megeve,MEGEVE,37,"1 - INFORMATIONS
GENERALES","LOCALISATION /
ENVIRONNEMENT",NB. AUTRES COMMERCES…,1_informations_generales_localisation_environnement_nb_autres_commerces,numeric,,d_recap_generales_localisation_environnement_nb_autres_commerces_r37
novotel-paris-tour-eiffel,TOUR EIFFEL,37,"1 - INFORMATIONS
GENERALES","LOCALISATION /
ENVIRONNEMENT",NB. AUTRES COMMERCES…,1_informations_generales_localisation_environnement_nb_autres_commerces,numeric,,d_recap_generales_localisation_environnement_nb_autres_commerces_r37
mercure-montmartre,MONTMARTRE,37,"1 - INFORMATIONS
GENERALES","LOCALISATION /
ENVIRONNEMENT",NB. AUTRES COMMERCES…,1_informations_generales_localisation_environnement_nb_autres_commerces,numeric,,d_recap_generales_localisation_environnement_nb_autres_commerces_r37
mercure-boulogne,BOULOGNE,37,"1 - INFORMATIONS
GENERALES","LOCALISATION /
ENVIRONNEMENT",NB. AUTRES COMMERCES…,1_informations_generales_localisation_environnement_nb_autres_commerces,numeric,,d_recap_generales_localisation_environnement_nb_autres_commerces_r37
ibis-budget-nice,NICE,38,"2 - SERVICES &
EQUIPEMENTS",F&B,BAR,2_services_equipements_f_b_bar,boolean,0.0,d_recap_2_services_equipements_f_b_bar
ibis-budget-strasbourg,STRASBOURG,38,"2 - SERVICES &
EQUIPEMENTS",F&B,BAR,2_services_equipements_f_b_bar,boolean,0.0,d_recap_2_services_equipements_f_b_bar
ibis-styles-roissy-cdg,PARIS CDG,38,"2 - SERVICES &
EQUIPEMENTS",F&B,BAR,2_services_equipements_f_b_bar,boolean,1.0,d_recap_2_services_equipements_f_b_bar
novotel-megeve,MEGEVE,38,"2 - SERVICES &
EQUIPEMENTS",F&B,BAR,2_services_equipements_f_b_bar,boolean,1.0,d_recap_2_services_equipements_f_b_bar
novotel-paris-tour-eiffel,TOUR EIFFEL,38,"2 - SERVICES &
EQUIPEMENTS",F&B,BAR,2_services_equipements_f_b_bar,boolean,1.0,d_recap_2_services_equipements_f_b_bar
mercure-montmartre,MONTMARTRE,38,"2 - SERVICES &
EQUIPEMENTS",F&B,BAR,2_services_equipements_f_b_bar,boolean,0.0,d_recap_2_services_equipements_f_b_bar
mercure-boulogne,BOULOGNE,38,"2 - SERVICES &
EQUIPEMENTS",F&B,BAR,2_services_equipements_f_b_bar,boolean,1.0,d_recap_2_services_equipements_f_b_bar
ibis-budget-nice,NICE,39,"2 - SERVICES &
EQUIPEMENTS",F&B,HORAIRES D'OUVERTURE,2_services_equipements_f_b_horaires_d_ouverture,categorical,,d_recap_2_services_equipements_f_b_horaires_d_ouverture
ibis-budget-strasbourg,STRASBOURG,39,"2 - SERVICES &
EQUIPEMENTS",F&B,HORAIRES D'OUVERTURE,2_services_equipements_f_b_horaires_d_ouverture,categorical,16h - 00h,d_recap_2_services_equipements_f_b_horaires_d_ouverture
ibis-styles-roissy-cdg,PARIS CDG,39,"2 - SERVICES &
EQUIPEMENTS",F&B,HORAIRES D'OUVERTURE,2_services_equipements_f_b_horaires_d_ouverture,categorical,07h-23h,d_recap_2_services_equipements_f_b_horaires_d_ouverture
novotel-megeve,MEGEVE,39,"2 - SERVICES &
EQUIPEMENTS",F&B,HORAIRES D'OUVERTURE,2_services_equipements_f_b_horaires_d_ouverture,categorical,,d_recap_2_services_equipements_f_b_horaires_d_ouverture
novotel-paris-tour-eiffel,TOUR EIFFEL,39,"2 - SERVICES &
EQUIPEMENTS",F&B,HORAIRES D'OUVERTURE,2_services_equipements_f_b_horaires_d_ouverture,categorical,,d_recap_2_services_equipements_f_b_horaires_d_ouverture
mercure-montmartre,MONTMARTRE,39,"2 - SERVICES &
EQUIPEMENTS",F&B,HORAIRES D'OUVERTURE,2_services_equipements_f_b_horaires_d_ouverture,categorical,,d_recap_2_services_equipements_f_b_horaires_d_ouverture
mercure-boulogne,BOULOGNE,39,"2 - SERVICES &
EQUIPEMENTS",F&B,HORAIRES D'OUVERTURE,2_services_equipements_f_b_horaires_d_ouverture,categorical,,d_recap_2_services_equipements_f_b_horaires_d_ouverture
ibis-budget-nice,NICE,40,"2 - SERVICES &
EQUIPEMENTS",F&B,JOURS D'OUVERTURE,2_services_equipements_f_b_jours_d_ouverture,categorical,,d_recap_2_services_equipements_f_b_jours_d_ouverture
ibis-budget-strasbourg,STRASBOURG,40,"2 - SERVICES &
EQUIPEMENTS",F&B,JOURS D'OUVERTURE,2_services_equipements_f_b_jours_d_ouverture,categorical,MARDI AU SAMEDI,d_recap_2_services_equipements_f_b_jours_d_ouverture
ibis-styles-roissy-cdg,PARIS CDG,40,"2 - SERVICES &
EQUIPEMENTS",F&B,JOURS D'OUVERTURE,2_services_equipements_f_b_jours_d_ouverture,categorical,TOUS,d_recap_2_services_equipements_f_b_jours_d_ouverture
novotel-megeve,MEGEVE,40,"2 - SERVICES &
EQUIPEMENTS",F&B,JOURS D'OUVERTURE,2_services_equipements_f_b_jours_d_ouverture,categorical,,d_recap_2_services_equipements_f_b_jours_d_ouverture
novotel-paris-tour-eiffel,TOUR EIFFEL,40,"2 - SERVICES &
EQUIPEMENTS",F&B,JOURS D'OUVERTURE,2_services_equipements_f_b_jours_d_ouverture,categorical,,d_recap_2_services_equipements_f_b_jours_d_ouverture
mercure-montmartre,MONTMARTRE,40,"2 - SERVICES &
EQUIPEMENTS",F&B,JOURS D'OUVERTURE,2_services_equipements_f_b_jours_d_ouverture,categorical,,d_recap_2_services_equipements_f_b_jours_d_ouverture
mercure-boulogne,BOULOGNE,40,"2 - SERVICES &
EQUIPEMENTS",F&B,JOURS D'OUVERTURE,2_services_equipements_f_b_jours_d_ouverture,categorical,,d_recap_2_services_equipements_f_b_jours_d_ouverture
ibis-budget-nice,NICE,41,"2 - SERVICES &
EQUIPEMENTS",F&B,MOIS D'OUVERTURE,2_services_equipements_f_b_mois_d_ouverture,categorical,,d_recap_2_services_equipements_f_b_mois_d_ouverture
ibis-budget-strasbourg,STRASBOURG,41,"2 - SERVICES &
EQUIPEMENTS",F&B,MOIS D'OUVERTURE,2_services_equipements_f_b_mois_d_ouverture,categorical,TOUS,d_recap_2_services_equipements_f_b_mois_d_ouverture
ibis-styles-roissy-cdg,PARIS CDG,41,"2 - SERVICES &
EQUIPEMENTS",F&B,MOIS D'OUVERTURE,2_services_equipements_f_b_mois_d_ouverture,categorical,TOUS,d_recap_2_services_equipements_f_b_mois_d_ouverture
novotel-megeve,MEGEVE,41,"2 - SERVICES &
EQUIPEMENTS",F&B,MOIS D'OUVERTURE,2_services_equipements_f_b_mois_d_ouverture,categorical,,d_recap_2_services_equipements_f_b_mois_d_ouverture
novotel-paris-tour-eiffel,TOUR EIFFEL,41,"2 - SERVICES &
EQUIPEMENTS",F&B,MOIS D'OUVERTURE,2_services_equipements_f_b_mois_d_ouverture,categorical,,d_recap_2_services_equipements_f_b_mois_d_ouverture
mercure-montmartre,MONTMARTRE,41,"2 - SERVICES &
EQUIPEMENTS",F&B,MOIS D'OUVERTURE,2_services_equipements_f_b_mois_d_ouverture,categorical,,d_recap_2_services_equipements_f_b_mois_d_ouverture
mercure-boulogne,BOULOGNE,41,"2 - SERVICES &
EQUIPEMENTS",F&B,MOIS D'OUVERTURE,2_services_equipements_f_b_mois_d_ouverture,categorical,,d_recap_2_services_equipements_f_b_mois_d_ouverture
ibis-budget-nice,NICE,42,"2 - SERVICES &
EQUIPEMENTS",F&B,RESTAURANT,2_services_equipements_f_b_restaurant,boolean,0.0,d_recap_2_services_equipements_f_b_restaurant
ibis-budget-strasbourg,STRASBOURG,42,"2 - SERVICES &
EQUIPEMENTS",F&B,RESTAURANT,2_services_equipements_f_b_restaurant,boolean,0.0,d_recap_2_services_equipements_f_b_restaurant
ibis-styles-roissy-cdg,PARIS CDG,42,"2 - SERVICES &
EQUIPEMENTS",F&B,RESTAURANT,2_services_equipements_f_b_restaurant,boolean,1.0,d_recap_2_services_equipements_f_b_restaurant
novotel-megeve,MEGEVE,42,"2 - SERVICES &
EQUIPEMENTS",F&B,RESTAURANT,2_services_equipements_f_b_restaurant,boolean,1.0,d_recap_2_services_equipements_f_b_restaurant
novotel-paris-tour-eiffel,TOUR EIFFEL,42,"2 - SERVICES &
EQUIPEMENTS",F&B,RESTAURANT,2_services_equipements_f_b_restaurant,boolean,3.0,d_recap_2_services_equipements_f_b_restaurant
mercure-montmartre,MONTMARTRE,42,"2 - SERVICES &
EQUIPEMENTS",F&B,RESTAURANT,2_services_equipements_f_b_restaurant,boolean,1.0,d_recap_2_services_equipements_f_b_restaurant
mercure-boulogne,BOULOGNE,42,"2 - SERVICES &
EQUIPEMENTS",F&B,RESTAURANT,2_services_equipements_f_b_restaurant,boolean,2.0,d_recap_2_services_equipements_f_b_restaurant
ibis-budget-nice,NICE,43,"2 - SERVICES &
EQUIPEMENTS",F&B,HORAIRES D'OUVERTURE,2_services_equipements_f_b_horaires_d_ouverture,categorical,,d_recap_2_services_equipements_f_b_horaires_d_ouverture_r43
ibis-budget-strasbourg,STRASBOURG,43,"2 - SERVICES &
EQUIPEMENTS",F&B,HORAIRES D'OUVERTURE,2_services_equipements_f_b_horaires_d_ouverture,categorical,,d_recap_2_services_equipements_f_b_horaires_d_ouverture_r43
ibis-styles-roissy-cdg,PARIS CDG,43,"2 - SERVICES &
EQUIPEMENTS",F&B,HORAIRES D'OUVERTURE,2_services_equipements_f_b_horaires_d_ouverture,categorical,18h-22h,d_recap_2_services_equipements_f_b_horaires_d_ouverture_r43
novotel-megeve,MEGEVE,43,"2 - SERVICES &
EQUIPEMENTS",F&B,HORAIRES D'OUVERTURE,2_services_equipements_f_b_horaires_d_ouverture,categorical,,d_recap_2_services_equipements_f_b_horaires_d_ouverture_r43
novotel-paris-tour-eiffel,TOUR EIFFEL,43,"2 - SERVICES &
EQUIPEMENTS",F&B,HORAIRES D'OUVERTURE,2_services_equipements_f_b_horaires_d_ouverture,categorical,,d_recap_2_services_equipements_f_b_horaires_d_ouverture_r43
mercure-montmartre,MONTMARTRE,43,"2 - SERVICES &
EQUIPEMENTS",F&B,HORAIRES D'OUVERTURE,2_services_equipements_f_b_horaires_d_ouverture,categorical,,d_recap_2_services_equipements_f_b_horaires_d_ouverture_r43
mercure-boulogne,BOULOGNE,43,"2 - SERVICES &
EQUIPEMENTS",F&B,HORAIRES D'OUVERTURE,2_services_equipements_f_b_horaires_d_ouverture,categorical,,d_recap_2_services_equipements_f_b_horaires_d_ouverture_r43
ibis-budget-nice,NICE,44,"2 - SERVICES &
EQUIPEMENTS",F&B,JOURS D'OUVERTURE,2_services_equipements_f_b_jours_d_ouverture,categorical,,d_recap_2_services_equipements_f_b_jours_d_ouverture_r44
ibis-budget-strasbourg,STRASBOURG,44,"2 - SERVICES &
EQUIPEMENTS",F&B,JOURS D'OUVERTURE,2_services_equipements_f_b_jours_d_ouverture,categorical,,d_recap_2_services_equipements_f_b_jours_d_ouverture_r44
ibis-styles-roissy-cdg,PARIS CDG,44,"2 - SERVICES &
EQUIPEMENTS",F&B,JOURS D'OUVERTURE,2_services_equipements_f_b_jours_d_ouverture,categorical,TOUS,d_recap_2_services_equipements_f_b_jours_d_ouverture_r44
novotel-megeve,MEGEVE,44,"2 - SERVICES &
EQUIPEMENTS",F&B,JOURS D'OUVERTURE,2_services_equipements_f_b_jours_d_ouverture,categorical,,d_recap_2_services_equipements_f_b_jours_d_ouverture_r44
novotel-paris-tour-eiffel,TOUR EIFFEL,44,"2 - SERVICES &
EQUIPEMENTS",F&B,JOURS D'OUVERTURE,2_services_equipements_f_b_jours_d_ouverture,categorical,,d_recap_2_services_equipements_f_b_jours_d_ouverture_r44
mercure-montmartre,MONTMARTRE,44,"2 - SERVICES &
EQUIPEMENTS",F&B,JOURS D'OUVERTURE,2_services_equipements_f_b_jours_d_ouverture,categorical,,d_recap_2_services_equipements_f_b_jours_d_ouverture_r44
mercure-boulogne,BOULOGNE,44,"2 - SERVICES &
EQUIPEMENTS",F&B,JOURS D'OUVERTURE,2_services_equipements_f_b_jours_d_ouverture,categorical,,d_recap_2_services_equipements_f_b_jours_d_ouverture_r44
ibis-budget-nice,NICE,45,"2 - SERVICES &
EQUIPEMENTS",F&B,MOIS D'OUVERTURE,2_services_equipements_f_b_mois_d_ouverture,categorical,,d_recap_2_services_equipements_f_b_mois_d_ouverture_r45
ibis-budget-strasbourg,STRASBOURG,45,"2 - SERVICES &
EQUIPEMENTS",F&B,MOIS D'OUVERTURE,2_services_equipements_f_b_mois_d_ouverture,categorical,,d_recap_2_services_equipements_f_b_mois_d_ouverture_r45
ibis-styles-roissy-cdg,PARIS CDG,45,"2 - SERVICES &
EQUIPEMENTS",F&B,MOIS D'OUVERTURE,2_services_equipements_f_b_mois_d_ouverture,categorical,TOUS,d_recap_2_services_equipements_f_b_mois_d_ouverture_r45
novotel-megeve,MEGEVE,45,"2 - SERVICES &
EQUIPEMENTS",F&B,MOIS D'OUVERTURE,2_services_equipements_f_b_mois_d_ouverture,categorical,,d_recap_2_services_equipements_f_b_mois_d_ouverture_r45
novotel-paris-tour-eiffel,TOUR EIFFEL,45,"2 - SERVICES &
EQUIPEMENTS",F&B,MOIS D'OUVERTURE,2_services_equipements_f_b_mois_d_ouverture,categorical,,d_recap_2_services_equipements_f_b_mois_d_ouverture_r45
mercure-montmartre,MONTMARTRE,45,"2 - SERVICES &
EQUIPEMENTS",F&B,MOIS D'OUVERTURE,2_services_equipements_f_b_mois_d_ouverture,categorical,,d_recap_2_services_equipements_f_b_mois_d_ouverture_r45
mercure-boulogne,BOULOGNE,45,"2 - SERVICES &
EQUIPEMENTS",F&B,MOIS D'OUVERTURE,2_services_equipements_f_b_mois_d_ouverture,categorical,,d_recap_2_services_equipements_f_b_mois_d_ouverture_r45
ibis-budget-nice,NICE,46,"2 - SERVICES &
EQUIPEMENTS",F&B,ROOM-SERVICE,2_services_equipements_f_b_room_service,boolean,,d_recap_2_services_equipements_f_b_room_service
ibis-budget-strasbourg,STRASBOURG,46,"2 - SERVICES &
EQUIPEMENTS",F&B,ROOM-SERVICE,2_services_equipements_f_b_room_service,boolean,0,d_recap_2_services_equipements_f_b_room_service
ibis-styles-roissy-cdg,PARIS CDG,46,"2 - SERVICES &
EQUIPEMENTS",F&B,ROOM-SERVICE,2_services_equipements_f_b_room_service,boolean,0,d_recap_2_services_equipements_f_b_room_service
novotel-megeve,MEGEVE,46,"2 - SERVICES &
EQUIPEMENTS",F&B,ROOM-SERVICE,2_services_equipements_f_b_room_service,boolean,,d_recap_2_services_equipements_f_b_room_service
novotel-paris-tour-eiffel,TOUR EIFFEL,46,"2 - SERVICES &
EQUIPEMENTS",F&B,ROOM-SERVICE,2_services_equipements_f_b_room_service,boolean,,d_recap_2_services_equipements_f_b_room_service
mercure-montmartre,MONTMARTRE,46,"2 - SERVICES &
EQUIPEMENTS",F&B,ROOM-SERVICE,2_services_equipements_f_b_room_service,boolean,,d_recap_2_services_equipements_f_b_room_service
mercure-boulogne,BOULOGNE,46,"2 - SERVICES &
EQUIPEMENTS",F&B,ROOM-SERVICE,2_services_equipements_f_b_room_service,boolean,,d_recap_2_services_equipements_f_b_room_service
ibis-budget-nice,NICE,47,"2 - SERVICES &
EQUIPEMENTS",F&B,MINIBAR,2_services_equipements_f_b_minibar,boolean,,d_recap_2_services_equipements_f_b_minibar
ibis-budget-strasbourg,STRASBOURG,47,"2 - SERVICES &
EQUIPEMENTS",F&B,MINIBAR,2_services_equipements_f_b_minibar,boolean,1,d_recap_2_services_equipements_f_b_minibar
ibis-styles-roissy-cdg,PARIS CDG,47,"2 - SERVICES &
EQUIPEMENTS",F&B,MINIBAR,2_services_equipements_f_b_minibar,boolean,0,d_recap_2_services_equipements_f_b_minibar
novotel-megeve,MEGEVE,47,"2 - SERVICES &
EQUIPEMENTS",F&B,MINIBAR,2_services_equipements_f_b_minibar,boolean,,d_recap_2_services_equipements_f_b_minibar
novotel-paris-tour-eiffel,TOUR EIFFEL,47,"2 - SERVICES &
EQUIPEMENTS",F&B,MINIBAR,2_services_equipements_f_b_minibar,boolean,,d_recap_2_services_equipements_f_b_minibar
mercure-montmartre,MONTMARTRE,47,"2 - SERVICES &
EQUIPEMENTS",F&B,MINIBAR,2_services_equipements_f_b_minibar,boolean,,d_recap_2_services_equipements_f_b_minibar
mercure-boulogne,BOULOGNE,47,"2 - SERVICES &
EQUIPEMENTS",F&B,MINIBAR,2_services_equipements_f_b_minibar,boolean,,d_recap_2_services_equipements_f_b_minibar
ibis-budget-nice,NICE,48,"2 - SERVICES &
EQUIPEMENTS",NON-F&B,SALLES DE REUNION,2_services_equipements_non_f_b_salles_de_reunion,categorical,4.0,d_recap_2_services_equipements_non_f_b_salles_de_reunion
ibis-budget-strasbourg,STRASBOURG,48,"2 - SERVICES &
EQUIPEMENTS",NON-F&B,SALLES DE REUNION,2_services_equipements_non_f_b_salles_de_reunion,categorical,0.0,d_recap_2_services_equipements_non_f_b_salles_de_reunion
ibis-styles-roissy-cdg,PARIS CDG,48,"2 - SERVICES &
EQUIPEMENTS",NON-F&B,SALLES DE REUNION,2_services_equipements_non_f_b_salles_de_reunion,categorical,1.0,d_recap_2_services_equipements_non_f_b_salles_de_reunion
novotel-megeve,MEGEVE,48,"2 - SERVICES &
EQUIPEMENTS",NON-F&B,SALLES DE REUNION,2_services_equipements_non_f_b_salles_de_reunion,categorical,3.0,d_recap_2_services_equipements_non_f_b_salles_de_reunion
novotel-paris-tour-eiffel,TOUR EIFFEL,48,"2 - SERVICES &
EQUIPEMENTS",NON-F&B,SALLES DE REUNION,2_services_equipements_non_f_b_salles_de_reunion,categorical,36.0,d_recap_2_services_equipements_non_f_b_salles_de_reunion
mercure-montmartre,MONTMARTRE,48,"2 - SERVICES &
EQUIPEMENTS",NON-F&B,SALLES DE REUNION,2_services_equipements_non_f_b_salles_de_reunion,categorical,1.0,d_recap_2_services_equipements_non_f_b_salles_de_reunion
mercure-boulogne,BOULOGNE,48,"2 - SERVICES &
EQUIPEMENTS",NON-F&B,SALLES DE REUNION,2_services_equipements_non_f_b_salles_de_reunion,categorical,13.0,d_recap_2_services_equipements_non_f_b_salles_de_reunion
ibis-budget-nice,NICE,49,"2 - SERVICES &
EQUIPEMENTS",NON-F&B,SALLE DE SPORT,2_services_equipements_non_f_b_salle_de_sport,categorical,0.0,d_recap_2_services_equipements_non_f_b_salle_de_sport
ibis-budget-strasbourg,STRASBOURG,49,"2 - SERVICES &
EQUIPEMENTS",NON-F&B,SALLE DE SPORT,2_services_equipements_non_f_b_salle_de_sport,categorical,0.0,d_recap_2_services_equipements_non_f_b_salle_de_sport
ibis-styles-roissy-cdg,PARIS CDG,49,"2 - SERVICES &
EQUIPEMENTS",NON-F&B,SALLE DE SPORT,2_services_equipements_non_f_b_salle_de_sport,categorical,0.0,d_recap_2_services_equipements_non_f_b_salle_de_sport
novotel-megeve,MEGEVE,49,"2 - SERVICES &
EQUIPEMENTS",NON-F&B,SALLE DE SPORT,2_services_equipements_non_f_b_salle_de_sport,categorical,2.0,d_recap_2_services_equipements_non_f_b_salle_de_sport
novotel-paris-tour-eiffel,TOUR EIFFEL,49,"2 - SERVICES &
EQUIPEMENTS",NON-F&B,SALLE DE SPORT,2_services_equipements_non_f_b_salle_de_sport,categorical,1.0,d_recap_2_services_equipements_non_f_b_salle_de_sport
mercure-montmartre,MONTMARTRE,49,"2 - SERVICES &
EQUIPEMENTS",NON-F&B,SALLE DE SPORT,2_services_equipements_non_f_b_salle_de_sport,categorical,1.0,d_recap_2_services_equipements_non_f_b_salle_de_sport
mercure-boulogne,BOULOGNE,49,"2 - SERVICES &
EQUIPEMENTS",NON-F&B,SALLE DE SPORT,2_services_equipements_non_f_b_salle_de_sport,categorical,1.0,d_recap_2_services_equipements_non_f_b_salle_de_sport
ibis-budget-nice,NICE,50,"2 - SERVICES &
EQUIPEMENTS",NON-F&B,SPA,2_services_equipements_non_f_b_spa,boolean,0.0,d_recap_2_services_equipements_non_f_b_spa
ibis-budget-strasbourg,STRASBOURG,50,"2 - SERVICES &
EQUIPEMENTS",NON-F&B,SPA,2_services_equipements_non_f_b_spa,boolean,0.0,d_recap_2_services_equipements_non_f_b_spa
ibis-styles-roissy-cdg,PARIS CDG,50,"2 - SERVICES &
EQUIPEMENTS",NON-F&B,SPA,2_services_equipements_non_f_b_spa,boolean,0.0,d_recap_2_services_equipements_non_f_b_spa
novotel-megeve,MEGEVE,50,"2 - SERVICES &
EQUIPEMENTS",NON-F&B,SPA,2_services_equipements_non_f_b_spa,boolean,0.0,d_recap_2_services_equipements_non_f_b_spa
novotel-paris-tour-eiffel,TOUR EIFFEL,50,"2 - SERVICES &
EQUIPEMENTS",NON-F&B,SPA,2_services_equipements_non_f_b_spa,boolean,0.0,d_recap_2_services_equipements_non_f_b_spa
mercure-montmartre,MONTMARTRE,50,"2 - SERVICES &
EQUIPEMENTS",NON-F&B,SPA,2_services_equipements_non_f_b_spa,boolean,0.0,d_recap_2_services_equipements_non_f_b_spa
mercure-boulogne,BOULOGNE,50,"2 - SERVICES &
EQUIPEMENTS",NON-F&B,SPA,2_services_equipements_non_f_b_spa,boolean,0.0,d_recap_2_services_equipements_non_f_b_spa
ibis-budget-nice,NICE,51,"2 - SERVICES &
EQUIPEMENTS",NON-F&B,PISCINE,2_services_equipements_non_f_b_piscine,boolean,0.0,d_recap_2_services_equipements_non_f_b_piscine
ibis-budget-strasbourg,STRASBOURG,51,"2 - SERVICES &
EQUIPEMENTS",NON-F&B,PISCINE,2_services_equipements_non_f_b_piscine,boolean,0.0,d_recap_2_services_equipements_non_f_b_piscine
ibis-styles-roissy-cdg,PARIS CDG,51,"2 - SERVICES &
EQUIPEMENTS",NON-F&B,PISCINE,2_services_equipements_non_f_b_piscine,boolean,0.0,d_recap_2_services_equipements_non_f_b_piscine
novotel-megeve,MEGEVE,51,"2 - SERVICES &
EQUIPEMENTS",NON-F&B,PISCINE,2_services_equipements_non_f_b_piscine,boolean,1.0,d_recap_2_services_equipements_non_f_b_piscine
novotel-paris-tour-eiffel,TOUR EIFFEL,51,"2 - SERVICES &
EQUIPEMENTS",NON-F&B,PISCINE,2_services_equipements_non_f_b_piscine,boolean,1.0,d_recap_2_services_equipements_non_f_b_piscine
mercure-montmartre,MONTMARTRE,51,"2 - SERVICES &
EQUIPEMENTS",NON-F&B,PISCINE,2_services_equipements_non_f_b_piscine,boolean,0.0,d_recap_2_services_equipements_non_f_b_piscine
mercure-boulogne,BOULOGNE,51,"2 - SERVICES &
EQUIPEMENTS",NON-F&B,PISCINE,2_services_equipements_non_f_b_piscine,boolean,1.0,d_recap_2_services_equipements_non_f_b_piscine
ibis-budget-nice,NICE,52,"2 - SERVICES &
EQUIPEMENTS",DISPO DANS LE LOBBY,VITRINE RÉFRIGÉRÉE,2_services_equipements_dispo_dans_le_lobby_vitrine_refrigeree,boolean,1,d_recap_2_services_equipements_dispo_dans_le_lobby_vitrine_refrigeree
ibis-budget-strasbourg,STRASBOURG,52,"2 - SERVICES &
EQUIPEMENTS",DISPO DANS LE LOBBY,VITRINE RÉFRIGÉRÉE,2_services_equipements_dispo_dans_le_lobby_vitrine_refrigeree,boolean,0,d_recap_2_services_equipements_dispo_dans_le_lobby_vitrine_refrigeree
ibis-styles-roissy-cdg,PARIS CDG,52,"2 - SERVICES &
EQUIPEMENTS",DISPO DANS LE LOBBY,VITRINE RÉFRIGÉRÉE,2_services_equipements_dispo_dans_le_lobby_vitrine_refrigeree,boolean,0,d_recap_2_services_equipements_dispo_dans_le_lobby_vitrine_refrigeree
novotel-megeve,MEGEVE,52,"2 - SERVICES &
EQUIPEMENTS",DISPO DANS LE LOBBY,VITRINE RÉFRIGÉRÉE,2_services_equipements_dispo_dans_le_lobby_vitrine_refrigeree,boolean,0,d_recap_2_services_equipements_dispo_dans_le_lobby_vitrine_refrigeree
novotel-paris-tour-eiffel,TOUR EIFFEL,52,"2 - SERVICES &
EQUIPEMENTS",DISPO DANS LE LOBBY,VITRINE RÉFRIGÉRÉE,2_services_equipements_dispo_dans_le_lobby_vitrine_refrigeree,boolean,0,d_recap_2_services_equipements_dispo_dans_le_lobby_vitrine_refrigeree
mercure-montmartre,MONTMARTRE,52,"2 - SERVICES &
EQUIPEMENTS",DISPO DANS LE LOBBY,VITRINE RÉFRIGÉRÉE,2_services_equipements_dispo_dans_le_lobby_vitrine_refrigeree,boolean,1,d_recap_2_services_equipements_dispo_dans_le_lobby_vitrine_refrigeree
mercure-boulogne,BOULOGNE,52,"2 - SERVICES &
EQUIPEMENTS",DISPO DANS LE LOBBY,VITRINE RÉFRIGÉRÉE,2_services_equipements_dispo_dans_le_lobby_vitrine_refrigeree,boolean,1,d_recap_2_services_equipements_dispo_dans_le_lobby_vitrine_refrigeree
ibis-budget-nice,NICE,53,"2 - SERVICES &
EQUIPEMENTS",DISPO DANS LE LOBBY,MICRO-ONDES,2_services_equipements_dispo_dans_le_lobby_micro_ondes,boolean,1,d_recap_2_services_equipements_dispo_dans_le_lobby_micro_ondes
ibis-budget-strasbourg,STRASBOURG,53,"2 - SERVICES &
EQUIPEMENTS",DISPO DANS LE LOBBY,MICRO-ONDES,2_services_equipements_dispo_dans_le_lobby_micro_ondes,boolean,0,d_recap_2_services_equipements_dispo_dans_le_lobby_micro_ondes
ibis-styles-roissy-cdg,PARIS CDG,53,"2 - SERVICES &
EQUIPEMENTS",DISPO DANS LE LOBBY,MICRO-ONDES,2_services_equipements_dispo_dans_le_lobby_micro_ondes,boolean,1,d_recap_2_services_equipements_dispo_dans_le_lobby_micro_ondes
novotel-megeve,MEGEVE,53,"2 - SERVICES &
EQUIPEMENTS",DISPO DANS LE LOBBY,MICRO-ONDES,2_services_equipements_dispo_dans_le_lobby_micro_ondes,boolean,0,d_recap_2_services_equipements_dispo_dans_le_lobby_micro_ondes
novotel-paris-tour-eiffel,TOUR EIFFEL,53,"2 - SERVICES &
EQUIPEMENTS",DISPO DANS LE LOBBY,MICRO-ONDES,2_services_equipements_dispo_dans_le_lobby_micro_ondes,boolean,0,d_recap_2_services_equipements_dispo_dans_le_lobby_micro_ondes
mercure-montmartre,MONTMARTRE,53,"2 - SERVICES &
EQUIPEMENTS",DISPO DANS LE LOBBY,MICRO-ONDES,2_services_equipements_dispo_dans_le_lobby_micro_ondes,boolean,0,d_recap_2_services_equipements_dispo_dans_le_lobby_micro_ondes
mercure-boulogne,BOULOGNE,53,"2 - SERVICES &
EQUIPEMENTS",DISPO DANS LE LOBBY,MICRO-ONDES,2_services_equipements_dispo_dans_le_lobby_micro_ondes,boolean,0,d_recap_2_services_equipements_dispo_dans_le_lobby_micro_ondes
ibis-budget-nice,NICE,54,"2 - SERVICES &
EQUIPEMENTS",DISPO DANS LE LOBBY,FONTAINE À EAU,2_services_equipements_dispo_dans_le_lobby_fontaine_a_eau,boolean,1,d_recap_2_services_equipements_dispo_dans_le_lobby_fontaine_a_eau
ibis-budget-strasbourg,STRASBOURG,54,"2 - SERVICES &
EQUIPEMENTS",DISPO DANS LE LOBBY,FONTAINE À EAU,2_services_equipements_dispo_dans_le_lobby_fontaine_a_eau,boolean,1,d_recap_2_services_equipements_dispo_dans_le_lobby_fontaine_a_eau
ibis-styles-roissy-cdg,PARIS CDG,54,"2 - SERVICES &
EQUIPEMENTS",DISPO DANS LE LOBBY,FONTAINE À EAU,2_services_equipements_dispo_dans_le_lobby_fontaine_a_eau,boolean,1,d_recap_2_services_equipements_dispo_dans_le_lobby_fontaine_a_eau
novotel-megeve,MEGEVE,54,"2 - SERVICES &
EQUIPEMENTS",DISPO DANS LE LOBBY,FONTAINE À EAU,2_services_equipements_dispo_dans_le_lobby_fontaine_a_eau,boolean,0,d_recap_2_services_equipements_dispo_dans_le_lobby_fontaine_a_eau
novotel-paris-tour-eiffel,TOUR EIFFEL,54,"2 - SERVICES &
EQUIPEMENTS",DISPO DANS LE LOBBY,FONTAINE À EAU,2_services_equipements_dispo_dans_le_lobby_fontaine_a_eau,boolean,1,d_recap_2_services_equipements_dispo_dans_le_lobby_fontaine_a_eau
mercure-montmartre,MONTMARTRE,54,"2 - SERVICES &
EQUIPEMENTS",DISPO DANS LE LOBBY,FONTAINE À EAU,2_services_equipements_dispo_dans_le_lobby_fontaine_a_eau,boolean,0,d_recap_2_services_equipements_dispo_dans_le_lobby_fontaine_a_eau
mercure-boulogne,BOULOGNE,54,"2 - SERVICES &
EQUIPEMENTS",DISPO DANS LE LOBBY,FONTAINE À EAU,2_services_equipements_dispo_dans_le_lobby_fontaine_a_eau,boolean,1,d_recap_2_services_equipements_dispo_dans_le_lobby_fontaine_a_eau
ibis-budget-nice,NICE,55,"2 - SERVICES &
EQUIPEMENTS",DISPO DANS LE LOBBY,MACHINE À CAFÉ,2_services_equipements_dispo_dans_le_lobby_machine_a_cafe,boolean,1,d_recap_2_services_equipements_dispo_dans_le_lobby_machine_a_cafe
ibis-budget-strasbourg,STRASBOURG,55,"2 - SERVICES &
EQUIPEMENTS",DISPO DANS LE LOBBY,MACHINE À CAFÉ,2_services_equipements_dispo_dans_le_lobby_machine_a_cafe,boolean,1,d_recap_2_services_equipements_dispo_dans_le_lobby_machine_a_cafe
ibis-styles-roissy-cdg,PARIS CDG,55,"2 - SERVICES &
EQUIPEMENTS",DISPO DANS LE LOBBY,MACHINE À CAFÉ,2_services_equipements_dispo_dans_le_lobby_machine_a_cafe,boolean,1,d_recap_2_services_equipements_dispo_dans_le_lobby_machine_a_cafe
novotel-megeve,MEGEVE,55,"2 - SERVICES &
EQUIPEMENTS",DISPO DANS LE LOBBY,MACHINE À CAFÉ,2_services_equipements_dispo_dans_le_lobby_machine_a_cafe,boolean,0,d_recap_2_services_equipements_dispo_dans_le_lobby_machine_a_cafe
novotel-paris-tour-eiffel,TOUR EIFFEL,55,"2 - SERVICES &
EQUIPEMENTS",DISPO DANS LE LOBBY,MACHINE À CAFÉ,2_services_equipements_dispo_dans_le_lobby_machine_a_cafe,boolean,1,d_recap_2_services_equipements_dispo_dans_le_lobby_machine_a_cafe
mercure-montmartre,MONTMARTRE,55,"2 - SERVICES &
EQUIPEMENTS",DISPO DANS LE LOBBY,MACHINE À CAFÉ,2_services_equipements_dispo_dans_le_lobby_machine_a_cafe,boolean,0,d_recap_2_services_equipements_dispo_dans_le_lobby_machine_a_cafe
mercure-boulogne,BOULOGNE,55,"2 - SERVICES &
EQUIPEMENTS",DISPO DANS LE LOBBY,MACHINE À CAFÉ,2_services_equipements_dispo_dans_le_lobby_machine_a_cafe,boolean,0,d_recap_2_services_equipements_dispo_dans_le_lobby_machine_a_cafe
ibis-budget-nice,NICE,56,"2 - SERVICES &
EQUIPEMENTS",DISPO DANS LE LOBBY,BOUILLOIRE,2_services_equipements_dispo_dans_le_lobby_bouilloire,boolean,,d_recap_2_services_equipements_dispo_dans_le_lobby_bouilloire
ibis-budget-strasbourg,STRASBOURG,56,"2 - SERVICES &
EQUIPEMENTS",DISPO DANS LE LOBBY,BOUILLOIRE,2_services_equipements_dispo_dans_le_lobby_bouilloire,boolean,0,d_recap_2_services_equipements_dispo_dans_le_lobby_bouilloire
ibis-styles-roissy-cdg,PARIS CDG,56,"2 - SERVICES &
EQUIPEMENTS",DISPO DANS LE LOBBY,BOUILLOIRE,2_services_equipements_dispo_dans_le_lobby_bouilloire,boolean,1,d_recap_2_services_equipements_dispo_dans_le_lobby_bouilloire
novotel-megeve,MEGEVE,56,"2 - SERVICES &
EQUIPEMENTS",DISPO DANS LE LOBBY,BOUILLOIRE,2_services_equipements_dispo_dans_le_lobby_bouilloire,boolean,0,d_recap_2_services_equipements_dispo_dans_le_lobby_bouilloire
novotel-paris-tour-eiffel,TOUR EIFFEL,56,"2 - SERVICES &
EQUIPEMENTS",DISPO DANS LE LOBBY,BOUILLOIRE,2_services_equipements_dispo_dans_le_lobby_bouilloire,boolean,0,d_recap_2_services_equipements_dispo_dans_le_lobby_bouilloire
mercure-montmartre,MONTMARTRE,56,"2 - SERVICES &
EQUIPEMENTS",DISPO DANS LE LOBBY,BOUILLOIRE,2_services_equipements_dispo_dans_le_lobby_bouilloire,boolean,0,d_recap_2_services_equipements_dispo_dans_le_lobby_bouilloire
mercure-boulogne,BOULOGNE,56,"2 - SERVICES &
EQUIPEMENTS",DISPO DANS LE LOBBY,BOUILLOIRE,2_services_equipements_dispo_dans_le_lobby_bouilloire,boolean,0,d_recap_2_services_equipements_dispo_dans_le_lobby_bouilloire
ibis-budget-nice,NICE,57,"2 - SERVICES &
EQUIPEMENTS",DISPO DANS LE LOBBY,ASSISES,2_services_equipements_dispo_dans_le_lobby_assises,categorical,1,d_recap_2_services_equipements_dispo_dans_le_lobby_assises
ibis-budget-strasbourg,STRASBOURG,57,"2 - SERVICES &
EQUIPEMENTS",DISPO DANS LE LOBBY,ASSISES,2_services_equipements_dispo_dans_le_lobby_assises,categorical,1,d_recap_2_services_equipements_dispo_dans_le_lobby_assises
ibis-styles-roissy-cdg,PARIS CDG,57,"2 - SERVICES &
EQUIPEMENTS",DISPO DANS LE LOBBY,ASSISES,2_services_equipements_dispo_dans_le_lobby_assises,categorical,1,d_recap_2_services_equipements_dispo_dans_le_lobby_assises
novotel-megeve,MEGEVE,57,"2 - SERVICES &
EQUIPEMENTS",DISPO DANS LE LOBBY,ASSISES,2_services_equipements_dispo_dans_le_lobby_assises,categorical,1,d_recap_2_services_equipements_dispo_dans_le_lobby_assises
novotel-paris-tour-eiffel,TOUR EIFFEL,57,"2 - SERVICES &
EQUIPEMENTS",DISPO DANS LE LOBBY,ASSISES,2_services_equipements_dispo_dans_le_lobby_assises,categorical,1,d_recap_2_services_equipements_dispo_dans_le_lobby_assises
mercure-montmartre,MONTMARTRE,57,"2 - SERVICES &
EQUIPEMENTS",DISPO DANS LE LOBBY,ASSISES,2_services_equipements_dispo_dans_le_lobby_assises,categorical,1,d_recap_2_services_equipements_dispo_dans_le_lobby_assises
mercure-boulogne,BOULOGNE,57,"2 - SERVICES &
EQUIPEMENTS",DISPO DANS LE LOBBY,ASSISES,2_services_equipements_dispo_dans_le_lobby_assises,categorical,1,d_recap_2_services_equipements_dispo_dans_le_lobby_assises
ibis-budget-nice,NICE,58,"3 - PROFIL DE VOS
CLIENTS",LOISIRS,LOISIRS (%),3_profil_de_vos_clients_loisirs_loisirs_pct,numeric_pct,,d_recap_3_profil_de_vos_clients_loisirs_loisirs_pct
ibis-budget-strasbourg,STRASBOURG,58,"3 - PROFIL DE VOS
CLIENTS",LOISIRS,LOISIRS (%),3_profil_de_vos_clients_loisirs_loisirs_pct,numeric_pct,0.6,d_recap_3_profil_de_vos_clients_loisirs_loisirs_pct
ibis-styles-roissy-cdg,PARIS CDG,58,"3 - PROFIL DE VOS
CLIENTS",LOISIRS,LOISIRS (%),3_profil_de_vos_clients_loisirs_loisirs_pct,numeric_pct,80.0,d_recap_3_profil_de_vos_clients_loisirs_loisirs_pct
novotel-megeve,MEGEVE,58,"3 - PROFIL DE VOS
CLIENTS",LOISIRS,LOISIRS (%),3_profil_de_vos_clients_loisirs_loisirs_pct,numeric_pct,,d_recap_3_profil_de_vos_clients_loisirs_loisirs_pct
novotel-paris-tour-eiffel,TOUR EIFFEL,58,"3 - PROFIL DE VOS
CLIENTS",LOISIRS,LOISIRS (%),3_profil_de_vos_clients_loisirs_loisirs_pct,numeric_pct,,d_recap_3_profil_de_vos_clients_loisirs_loisirs_pct
mercure-montmartre,MONTMARTRE,58,"3 - PROFIL DE VOS
CLIENTS",LOISIRS,LOISIRS (%),3_profil_de_vos_clients_loisirs_loisirs_pct,numeric_pct,,d_recap_3_profil_de_vos_clients_loisirs_loisirs_pct
mercure-boulogne,BOULOGNE,58,"3 - PROFIL DE VOS
CLIENTS",LOISIRS,LOISIRS (%),3_profil_de_vos_clients_loisirs_loisirs_pct,numeric_pct,,d_recap_3_profil_de_vos_clients_loisirs_loisirs_pct
ibis-budget-nice,NICE,59,"3 - PROFIL DE VOS
CLIENTS",LOISIRS,LOISIRS INDIVIDUELS (%),3_profil_de_vos_clients_loisirs_loisirs_individuels_pct,numeric_pct,,d_recap_3_profil_de_vos_clients_loisirs_loisirs_individuels_pct
ibis-budget-strasbourg,STRASBOURG,59,"3 - PROFIL DE VOS
CLIENTS",LOISIRS,LOISIRS INDIVIDUELS (%),3_profil_de_vos_clients_loisirs_loisirs_individuels_pct,numeric_pct,,d_recap_3_profil_de_vos_clients_loisirs_loisirs_individuels_pct
ibis-styles-roissy-cdg,PARIS CDG,59,"3 - PROFIL DE VOS
CLIENTS",LOISIRS,LOISIRS INDIVIDUELS (%),3_profil_de_vos_clients_loisirs_loisirs_individuels_pct,numeric_pct,,d_recap_3_profil_de_vos_clients_loisirs_loisirs_individuels_pct
novotel-megeve,MEGEVE,59,"3 - PROFIL DE VOS
CLIENTS",LOISIRS,LOISIRS INDIVIDUELS (%),3_profil_de_vos_clients_loisirs_loisirs_individuels_pct,numeric_pct,,d_recap_3_profil_de_vos_clients_loisirs_loisirs_individuels_pct
novotel-paris-tour-eiffel,TOUR EIFFEL,59,"3 - PROFIL DE VOS
CLIENTS",LOISIRS,LOISIRS INDIVIDUELS (%),3_profil_de_vos_clients_loisirs_loisirs_individuels_pct,numeric_pct,,d_recap_3_profil_de_vos_clients_loisirs_loisirs_individuels_pct
mercure-montmartre,MONTMARTRE,59,"3 - PROFIL DE VOS
CLIENTS",LOISIRS,LOISIRS INDIVIDUELS (%),3_profil_de_vos_clients_loisirs_loisirs_individuels_pct,numeric_pct,,d_recap_3_profil_de_vos_clients_loisirs_loisirs_individuels_pct
mercure-boulogne,BOULOGNE,59,"3 - PROFIL DE VOS
CLIENTS",LOISIRS,LOISIRS INDIVIDUELS (%),3_profil_de_vos_clients_loisirs_loisirs_individuels_pct,numeric_pct,,d_recap_3_profil_de_vos_clients_loisirs_loisirs_individuels_pct
ibis-budget-nice,NICE,60,"3 - PROFIL DE VOS
CLIENTS",LOISIRS,TOP 1 > SOLO,3_profil_de_vos_clients_loisirs_top_1_solo,boolean,,d_recap_3_profil_de_vos_clients_loisirs_top_1_solo
ibis-budget-strasbourg,STRASBOURG,60,"3 - PROFIL DE VOS
CLIENTS",LOISIRS,TOP 1 > SOLO,3_profil_de_vos_clients_loisirs_top_1_solo,boolean,,d_recap_3_profil_de_vos_clients_loisirs_top_1_solo
ibis-styles-roissy-cdg,PARIS CDG,60,"3 - PROFIL DE VOS
CLIENTS",LOISIRS,TOP 1 > SOLO,3_profil_de_vos_clients_loisirs_top_1_solo,boolean,,d_recap_3_profil_de_vos_clients_loisirs_top_1_solo
novotel-megeve,MEGEVE,60,"3 - PROFIL DE VOS
CLIENTS",LOISIRS,TOP 1 > SOLO,3_profil_de_vos_clients_loisirs_top_1_solo,boolean,,d_recap_3_profil_de_vos_clients_loisirs_top_1_solo
novotel-paris-tour-eiffel,TOUR EIFFEL,60,"3 - PROFIL DE VOS
CLIENTS",LOISIRS,TOP 1 > SOLO,3_profil_de_vos_clients_loisirs_top_1_solo,boolean,,d_recap_3_profil_de_vos_clients_loisirs_top_1_solo
mercure-montmartre,MONTMARTRE,60,"3 - PROFIL DE VOS
CLIENTS",LOISIRS,TOP 1 > SOLO,3_profil_de_vos_clients_loisirs_top_1_solo,boolean,,d_recap_3_profil_de_vos_clients_loisirs_top_1_solo
mercure-boulogne,BOULOGNE,60,"3 - PROFIL DE VOS
CLIENTS",LOISIRS,TOP 1 > SOLO,3_profil_de_vos_clients_loisirs_top_1_solo,boolean,,d_recap_3_profil_de_vos_clients_loisirs_top_1_solo
ibis-budget-nice,NICE,61,"3 - PROFIL DE VOS
CLIENTS",LOISIRS,TOP 1 > COUPLES,3_profil_de_vos_clients_loisirs_top_1_couples,boolean,,d_recap_3_profil_de_vos_clients_loisirs_top_1_couples
ibis-budget-strasbourg,STRASBOURG,61,"3 - PROFIL DE VOS
CLIENTS",LOISIRS,TOP 1 > COUPLES,3_profil_de_vos_clients_loisirs_top_1_couples,boolean,,d_recap_3_profil_de_vos_clients_loisirs_top_1_couples
ibis-styles-roissy-cdg,PARIS CDG,61,"3 - PROFIL DE VOS
CLIENTS",LOISIRS,TOP 1 > COUPLES,3_profil_de_vos_clients_loisirs_top_1_couples,boolean,,d_recap_3_profil_de_vos_clients_loisirs_top_1_couples
novotel-megeve,MEGEVE,61,"3 - PROFIL DE VOS
CLIENTS",LOISIRS,TOP 1 > COUPLES,3_profil_de_vos_clients_loisirs_top_1_couples,boolean,,d_recap_3_profil_de_vos_clients_loisirs_top_1_couples
novotel-paris-tour-eiffel,TOUR EIFFEL,61,"3 - PROFIL DE VOS
CLIENTS",LOISIRS,TOP 1 > COUPLES,3_profil_de_vos_clients_loisirs_top_1_couples,boolean,,d_recap_3_profil_de_vos_clients_loisirs_top_1_couples
mercure-montmartre,MONTMARTRE,61,"3 - PROFIL DE VOS
CLIENTS",LOISIRS,TOP 1 > COUPLES,3_profil_de_vos_clients_loisirs_top_1_couples,boolean,1,d_recap_3_profil_de_vos_clients_loisirs_top_1_couples
mercure-boulogne,BOULOGNE,61,"3 - PROFIL DE VOS
CLIENTS",LOISIRS,TOP 1 > COUPLES,3_profil_de_vos_clients_loisirs_top_1_couples,boolean,1,d_recap_3_profil_de_vos_clients_loisirs_top_1_couples
ibis-budget-nice,NICE,62,"3 - PROFIL DE VOS
CLIENTS",LOISIRS,TOP 1 > AMIS,3_profil_de_vos_clients_loisirs_top_1_amis,boolean,1,d_recap_3_profil_de_vos_clients_loisirs_top_1_amis
ibis-budget-strasbourg,STRASBOURG,62,"3 - PROFIL DE VOS
CLIENTS",LOISIRS,TOP 1 > AMIS,3_profil_de_vos_clients_loisirs_top_1_amis,boolean,1,d_recap_3_profil_de_vos_clients_loisirs_top_1_amis
ibis-styles-roissy-cdg,PARIS CDG,62,"3 - PROFIL DE VOS
CLIENTS",LOISIRS,TOP 1 > AMIS,3_profil_de_vos_clients_loisirs_top_1_amis,boolean,,d_recap_3_profil_de_vos_clients_loisirs_top_1_amis
novotel-megeve,MEGEVE,62,"3 - PROFIL DE VOS
CLIENTS",LOISIRS,TOP 1 > AMIS,3_profil_de_vos_clients_loisirs_top_1_amis,boolean,,d_recap_3_profil_de_vos_clients_loisirs_top_1_amis
novotel-paris-tour-eiffel,TOUR EIFFEL,62,"3 - PROFIL DE VOS
CLIENTS",LOISIRS,TOP 1 > AMIS,3_profil_de_vos_clients_loisirs_top_1_amis,boolean,,d_recap_3_profil_de_vos_clients_loisirs_top_1_amis
mercure-montmartre,MONTMARTRE,62,"3 - PROFIL DE VOS
CLIENTS",LOISIRS,TOP 1 > AMIS,3_profil_de_vos_clients_loisirs_top_1_amis,boolean,,d_recap_3_profil_de_vos_clients_loisirs_top_1_amis
mercure-boulogne,BOULOGNE,62,"3 - PROFIL DE VOS
CLIENTS",LOISIRS,TOP 1 > AMIS,3_profil_de_vos_clients_loisirs_top_1_amis,boolean,,d_recap_3_profil_de_vos_clients_loisirs_top_1_amis
ibis-budget-nice,NICE,63,"3 - PROFIL DE VOS
CLIENTS",LOISIRS,TOP 1 > FAMILLES,3_profil_de_vos_clients_loisirs_top_1_familles,boolean,,d_recap_3_profil_de_vos_clients_loisirs_top_1_familles
ibis-budget-strasbourg,STRASBOURG,63,"3 - PROFIL DE VOS
CLIENTS",LOISIRS,TOP 1 > FAMILLES,3_profil_de_vos_clients_loisirs_top_1_familles,boolean,,d_recap_3_profil_de_vos_clients_loisirs_top_1_familles
ibis-styles-roissy-cdg,PARIS CDG,63,"3 - PROFIL DE VOS
CLIENTS",LOISIRS,TOP 1 > FAMILLES,3_profil_de_vos_clients_loisirs_top_1_familles,boolean,1,d_recap_3_profil_de_vos_clients_loisirs_top_1_familles
novotel-megeve,MEGEVE,63,"3 - PROFIL DE VOS
CLIENTS",LOISIRS,TOP 1 > FAMILLES,3_profil_de_vos_clients_loisirs_top_1_familles,boolean,1,d_recap_3_profil_de_vos_clients_loisirs_top_1_familles
novotel-paris-tour-eiffel,TOUR EIFFEL,63,"3 - PROFIL DE VOS
CLIENTS",LOISIRS,TOP 1 > FAMILLES,3_profil_de_vos_clients_loisirs_top_1_familles,boolean,1,d_recap_3_profil_de_vos_clients_loisirs_top_1_familles
mercure-montmartre,MONTMARTRE,63,"3 - PROFIL DE VOS
CLIENTS",LOISIRS,TOP 1 > FAMILLES,3_profil_de_vos_clients_loisirs_top_1_familles,boolean,,d_recap_3_profil_de_vos_clients_loisirs_top_1_familles
mercure-boulogne,BOULOGNE,63,"3 - PROFIL DE VOS
CLIENTS",LOISIRS,TOP 1 > FAMILLES,3_profil_de_vos_clients_loisirs_top_1_familles,boolean,,d_recap_3_profil_de_vos_clients_loisirs_top_1_familles
ibis-budget-nice,NICE,64,"3 - PROFIL DE VOS
CLIENTS",LOISIRS,LOISIRS GROUPES (%),3_profil_de_vos_clients_loisirs_loisirs_groupes_pct,numeric_pct,,d_recap_3_profil_de_vos_clients_loisirs_loisirs_groupes_pct
ibis-budget-strasbourg,STRASBOURG,64,"3 - PROFIL DE VOS
CLIENTS",LOISIRS,LOISIRS GROUPES (%),3_profil_de_vos_clients_loisirs_loisirs_groupes_pct,numeric_pct,,d_recap_3_profil_de_vos_clients_loisirs_loisirs_groupes_pct
ibis-styles-roissy-cdg,PARIS CDG,64,"3 - PROFIL DE VOS
CLIENTS",LOISIRS,LOISIRS GROUPES (%),3_profil_de_vos_clients_loisirs_loisirs_groupes_pct,numeric_pct,,d_recap_3_profil_de_vos_clients_loisirs_loisirs_groupes_pct
novotel-megeve,MEGEVE,64,"3 - PROFIL DE VOS
CLIENTS",LOISIRS,LOISIRS GROUPES (%),3_profil_de_vos_clients_loisirs_loisirs_groupes_pct,numeric_pct,,d_recap_3_profil_de_vos_clients_loisirs_loisirs_groupes_pct
novotel-paris-tour-eiffel,TOUR EIFFEL,64,"3 - PROFIL DE VOS
CLIENTS",LOISIRS,LOISIRS GROUPES (%),3_profil_de_vos_clients_loisirs_loisirs_groupes_pct,numeric_pct,,d_recap_3_profil_de_vos_clients_loisirs_loisirs_groupes_pct
mercure-montmartre,MONTMARTRE,64,"3 - PROFIL DE VOS
CLIENTS",LOISIRS,LOISIRS GROUPES (%),3_profil_de_vos_clients_loisirs_loisirs_groupes_pct,numeric_pct,,d_recap_3_profil_de_vos_clients_loisirs_loisirs_groupes_pct
mercure-boulogne,BOULOGNE,64,"3 - PROFIL DE VOS
CLIENTS",LOISIRS,LOISIRS GROUPES (%),3_profil_de_vos_clients_loisirs_loisirs_groupes_pct,numeric_pct,,d_recap_3_profil_de_vos_clients_loisirs_loisirs_groupes_pct
ibis-budget-nice,NICE,65,"3 - PROFIL DE VOS
CLIENTS",AFFAIRES,AFFAIRES (%),3_profil_de_vos_clients_affaires_affaires_pct,numeric_pct,,d_recap_3_profil_de_vos_clients_affaires_affaires_pct
ibis-budget-strasbourg,STRASBOURG,65,"3 - PROFIL DE VOS
CLIENTS",AFFAIRES,AFFAIRES (%),3_profil_de_vos_clients_affaires_affaires_pct,numeric_pct,0.4,d_recap_3_profil_de_vos_clients_affaires_affaires_pct
ibis-styles-roissy-cdg,PARIS CDG,65,"3 - PROFIL DE VOS
CLIENTS",AFFAIRES,AFFAIRES (%),3_profil_de_vos_clients_affaires_affaires_pct,numeric_pct,20.0,d_recap_3_profil_de_vos_clients_affaires_affaires_pct
novotel-megeve,MEGEVE,65,"3 - PROFIL DE VOS
CLIENTS",AFFAIRES,AFFAIRES (%),3_profil_de_vos_clients_affaires_affaires_pct,numeric_pct,,d_recap_3_profil_de_vos_clients_affaires_affaires_pct
novotel-paris-tour-eiffel,TOUR EIFFEL,65,"3 - PROFIL DE VOS
CLIENTS",AFFAIRES,AFFAIRES (%),3_profil_de_vos_clients_affaires_affaires_pct,numeric_pct,,d_recap_3_profil_de_vos_clients_affaires_affaires_pct
mercure-montmartre,MONTMARTRE,65,"3 - PROFIL DE VOS
CLIENTS",AFFAIRES,AFFAIRES (%),3_profil_de_vos_clients_affaires_affaires_pct,numeric_pct,,d_recap_3_profil_de_vos_clients_affaires_affaires_pct
mercure-boulogne,BOULOGNE,65,"3 - PROFIL DE VOS
CLIENTS",AFFAIRES,AFFAIRES (%),3_profil_de_vos_clients_affaires_affaires_pct,numeric_pct,,d_recap_3_profil_de_vos_clients_affaires_affaires_pct
ibis-budget-nice,NICE,66,"3 - PROFIL DE VOS
CLIENTS",AFFAIRES,AFFAIRES INDIVIDUELS (%),3_profil_de_vos_clients_affaires_affaires_individuels_pct,numeric_pct,,d_recap_3_profil_de_vos_clients_affaires_affaires_individuels_pct
ibis-budget-strasbourg,STRASBOURG,66,"3 - PROFIL DE VOS
CLIENTS",AFFAIRES,AFFAIRES INDIVIDUELS (%),3_profil_de_vos_clients_affaires_affaires_individuels_pct,numeric_pct,,d_recap_3_profil_de_vos_clients_affaires_affaires_individuels_pct
ibis-styles-roissy-cdg,PARIS CDG,66,"3 - PROFIL DE VOS
CLIENTS",AFFAIRES,AFFAIRES INDIVIDUELS (%),3_profil_de_vos_clients_affaires_affaires_individuels_pct,numeric_pct,,d_recap_3_profil_de_vos_clients_affaires_affaires_individuels_pct
novotel-megeve,MEGEVE,66,"3 - PROFIL DE VOS
CLIENTS",AFFAIRES,AFFAIRES INDIVIDUELS (%),3_profil_de_vos_clients_affaires_affaires_individuels_pct,numeric_pct,,d_recap_3_profil_de_vos_clients_affaires_affaires_individuels_pct
novotel-paris-tour-eiffel,TOUR EIFFEL,66,"3 - PROFIL DE VOS
CLIENTS",AFFAIRES,AFFAIRES INDIVIDUELS (%),3_profil_de_vos_clients_affaires_affaires_individuels_pct,numeric_pct,,d_recap_3_profil_de_vos_clients_affaires_affaires_individuels_pct
mercure-montmartre,MONTMARTRE,66,"3 - PROFIL DE VOS
CLIENTS",AFFAIRES,AFFAIRES INDIVIDUELS (%),3_profil_de_vos_clients_affaires_affaires_individuels_pct,numeric_pct,,d_recap_3_profil_de_vos_clients_affaires_affaires_individuels_pct
mercure-boulogne,BOULOGNE,66,"3 - PROFIL DE VOS
CLIENTS",AFFAIRES,AFFAIRES INDIVIDUELS (%),3_profil_de_vos_clients_affaires_affaires_individuels_pct,numeric_pct,,d_recap_3_profil_de_vos_clients_affaires_affaires_individuels_pct
ibis-budget-nice,NICE,67,"3 - PROFIL DE VOS
CLIENTS",AFFAIRES,AFFAIRES GROUPES (%),3_profil_de_vos_clients_affaires_affaires_groupes_pct,numeric_pct,,d_recap_3_profil_de_vos_clients_affaires_affaires_groupes_pct
ibis-budget-strasbourg,STRASBOURG,67,"3 - PROFIL DE VOS
CLIENTS",AFFAIRES,AFFAIRES GROUPES (%),3_profil_de_vos_clients_affaires_affaires_groupes_pct,numeric_pct,,d_recap_3_profil_de_vos_clients_affaires_affaires_groupes_pct
ibis-styles-roissy-cdg,PARIS CDG,67,"3 - PROFIL DE VOS
CLIENTS",AFFAIRES,AFFAIRES GROUPES (%),3_profil_de_vos_clients_affaires_affaires_groupes_pct,numeric_pct,,d_recap_3_profil_de_vos_clients_affaires_affaires_groupes_pct
novotel-megeve,MEGEVE,67,"3 - PROFIL DE VOS
CLIENTS",AFFAIRES,AFFAIRES GROUPES (%),3_profil_de_vos_clients_affaires_affaires_groupes_pct,numeric_pct,,d_recap_3_profil_de_vos_clients_affaires_affaires_groupes_pct
novotel-paris-tour-eiffel,TOUR EIFFEL,67,"3 - PROFIL DE VOS
CLIENTS",AFFAIRES,AFFAIRES GROUPES (%),3_profil_de_vos_clients_affaires_affaires_groupes_pct,numeric_pct,,d_recap_3_profil_de_vos_clients_affaires_affaires_groupes_pct
mercure-montmartre,MONTMARTRE,67,"3 - PROFIL DE VOS
CLIENTS",AFFAIRES,AFFAIRES GROUPES (%),3_profil_de_vos_clients_affaires_affaires_groupes_pct,numeric_pct,,d_recap_3_profil_de_vos_clients_affaires_affaires_groupes_pct
mercure-boulogne,BOULOGNE,67,"3 - PROFIL DE VOS
CLIENTS",AFFAIRES,AFFAIRES GROUPES (%),3_profil_de_vos_clients_affaires_affaires_groupes_pct,numeric_pct,,d_recap_3_profil_de_vos_clients_affaires_affaires_groupes_pct
ibis-budget-nice,NICE,68,"3 - PROFIL DE VOS
CLIENTS",NATIONAL VS. INTER.,NATIONAL (%),3_profil_de_vos_clients_national_vs_inter_national_pct,numeric_pct,,d_recap_3_profil_de_vos_clients_national_vs_inter_national_pct
ibis-budget-strasbourg,STRASBOURG,68,"3 - PROFIL DE VOS
CLIENTS",NATIONAL VS. INTER.,NATIONAL (%),3_profil_de_vos_clients_national_vs_inter_national_pct,numeric_pct,0.6,d_recap_3_profil_de_vos_clients_national_vs_inter_national_pct
ibis-styles-roissy-cdg,PARIS CDG,68,"3 - PROFIL DE VOS
CLIENTS",NATIONAL VS. INTER.,NATIONAL (%),3_profil_de_vos_clients_national_vs_inter_national_pct,numeric_pct,70.0,d_recap_3_profil_de_vos_clients_national_vs_inter_national_pct
novotel-megeve,MEGEVE,68,"3 - PROFIL DE VOS
CLIENTS",NATIONAL VS. INTER.,NATIONAL (%),3_profil_de_vos_clients_national_vs_inter_national_pct,numeric_pct,,d_recap_3_profil_de_vos_clients_national_vs_inter_national_pct
novotel-paris-tour-eiffel,TOUR EIFFEL,68,"3 - PROFIL DE VOS
CLIENTS",NATIONAL VS. INTER.,NATIONAL (%),3_profil_de_vos_clients_national_vs_inter_national_pct,numeric_pct,,d_recap_3_profil_de_vos_clients_national_vs_inter_national_pct
mercure-montmartre,MONTMARTRE,68,"3 - PROFIL DE VOS
CLIENTS",NATIONAL VS. INTER.,NATIONAL (%),3_profil_de_vos_clients_national_vs_inter_national_pct,numeric_pct,,d_recap_3_profil_de_vos_clients_national_vs_inter_national_pct
mercure-boulogne,BOULOGNE,68,"3 - PROFIL DE VOS
CLIENTS",NATIONAL VS. INTER.,NATIONAL (%),3_profil_de_vos_clients_national_vs_inter_national_pct,numeric_pct,,d_recap_3_profil_de_vos_clients_national_vs_inter_national_pct
ibis-budget-nice,NICE,69,"3 - PROFIL DE VOS
CLIENTS",NATIONAL VS. INTER.,INTERNATIONAL (%),3_profil_de_vos_clients_national_vs_inter_international_pct,numeric_pct,,d_recap_3_profil_de_vos_clients_national_vs_inter_international_pct
ibis-budget-strasbourg,STRASBOURG,69,"3 - PROFIL DE VOS
CLIENTS",NATIONAL VS. INTER.,INTERNATIONAL (%),3_profil_de_vos_clients_national_vs_inter_international_pct,numeric_pct,0.4,d_recap_3_profil_de_vos_clients_national_vs_inter_international_pct
ibis-styles-roissy-cdg,PARIS CDG,69,"3 - PROFIL DE VOS
CLIENTS",NATIONAL VS. INTER.,INTERNATIONAL (%),3_profil_de_vos_clients_national_vs_inter_international_pct,numeric_pct,30.0,d_recap_3_profil_de_vos_clients_national_vs_inter_international_pct
novotel-megeve,MEGEVE,69,"3 - PROFIL DE VOS
CLIENTS",NATIONAL VS. INTER.,INTERNATIONAL (%),3_profil_de_vos_clients_national_vs_inter_international_pct,numeric_pct,,d_recap_3_profil_de_vos_clients_national_vs_inter_international_pct
novotel-paris-tour-eiffel,TOUR EIFFEL,69,"3 - PROFIL DE VOS
CLIENTS",NATIONAL VS. INTER.,INTERNATIONAL (%),3_profil_de_vos_clients_national_vs_inter_international_pct,numeric_pct,,d_recap_3_profil_de_vos_clients_national_vs_inter_international_pct
mercure-montmartre,MONTMARTRE,69,"3 - PROFIL DE VOS
CLIENTS",NATIONAL VS. INTER.,INTERNATIONAL (%),3_profil_de_vos_clients_national_vs_inter_international_pct,numeric_pct,,d_recap_3_profil_de_vos_clients_national_vs_inter_international_pct
mercure-boulogne,BOULOGNE,69,"3 - PROFIL DE VOS
CLIENTS",NATIONAL VS. INTER.,INTERNATIONAL (%),3_profil_de_vos_clients_national_vs_inter_international_pct,numeric_pct,,d_recap_3_profil_de_vos_clients_national_vs_inter_international_pct
ibis-budget-nice,NICE,70,"3 - PROFIL DE VOS
CLIENTS","BESOINS DE VOS CLIENTS
(F&B)",BOISSONS NON ALCOOLISÉES,3_profil_de_vos_clients_besoins_de_vos_clients_f_b_boissons_non_alcoolisees,categorical,1,d_recap_3_profil_de_vos_clients_besoins_de_vos_clients_f_b_boissons_non_alcoolisees
ibis-budget-strasbourg,STRASBOURG,70,"3 - PROFIL DE VOS
CLIENTS","BESOINS DE VOS CLIENTS
(F&B)",BOISSONS NON ALCOOLISÉES,3_profil_de_vos_clients_besoins_de_vos_clients_f_b_boissons_non_alcoolisees,categorical,1,d_recap_3_profil_de_vos_clients_besoins_de_vos_clients_f_b_boissons_non_alcoolisees
ibis-styles-roissy-cdg,PARIS CDG,70,"3 - PROFIL DE VOS
CLIENTS","BESOINS DE VOS CLIENTS
(F&B)",BOISSONS NON ALCOOLISÉES,3_profil_de_vos_clients_besoins_de_vos_clients_f_b_boissons_non_alcoolisees,categorical,1,d_recap_3_profil_de_vos_clients_besoins_de_vos_clients_f_b_boissons_non_alcoolisees
novotel-megeve,MEGEVE,70,"3 - PROFIL DE VOS
CLIENTS","BESOINS DE VOS CLIENTS
(F&B)",BOISSONS NON ALCOOLISÉES,3_profil_de_vos_clients_besoins_de_vos_clients_f_b_boissons_non_alcoolisees,categorical,1,d_recap_3_profil_de_vos_clients_besoins_de_vos_clients_f_b_boissons_non_alcoolisees
novotel-paris-tour-eiffel,TOUR EIFFEL,70,"3 - PROFIL DE VOS
CLIENTS","BESOINS DE VOS CLIENTS
(F&B)",BOISSONS NON ALCOOLISÉES,3_profil_de_vos_clients_besoins_de_vos_clients_f_b_boissons_non_alcoolisees,categorical,1,d_recap_3_profil_de_vos_clients_besoins_de_vos_clients_f_b_boissons_non_alcoolisees
mercure-montmartre,MONTMARTRE,70,"3 - PROFIL DE VOS
CLIENTS","BESOINS DE VOS CLIENTS
(F&B)",BOISSONS NON ALCOOLISÉES,3_profil_de_vos_clients_besoins_de_vos_clients_f_b_boissons_non_alcoolisees,categorical,1,d_recap_3_profil_de_vos_clients_besoins_de_vos_clients_f_b_boissons_non_alcoolisees
mercure-boulogne,BOULOGNE,70,"3 - PROFIL DE VOS
CLIENTS","BESOINS DE VOS CLIENTS
(F&B)",BOISSONS NON ALCOOLISÉES,3_profil_de_vos_clients_besoins_de_vos_clients_f_b_boissons_non_alcoolisees,categorical,1,d_recap_3_profil_de_vos_clients_besoins_de_vos_clients_f_b_boissons_non_alcoolisees
ibis-budget-nice,NICE,71,"3 - PROFIL DE VOS
CLIENTS","BESOINS DE VOS CLIENTS
(F&B)",BOISSONS ALCOOLISÉES,3_profil_de_vos_clients_besoins_de_vos_clients_f_b_boissons_alcoolisees,categorical,,d_recap_3_profil_de_vos_clients_besoins_de_vos_clients_f_b_boissons_alcoolisees
ibis-budget-strasbourg,STRASBOURG,71,"3 - PROFIL DE VOS
CLIENTS","BESOINS DE VOS CLIENTS
(F&B)",BOISSONS ALCOOLISÉES,3_profil_de_vos_clients_besoins_de_vos_clients_f_b_boissons_alcoolisees,categorical,,d_recap_3_profil_de_vos_clients_besoins_de_vos_clients_f_b_boissons_alcoolisees
ibis-styles-roissy-cdg,PARIS CDG,71,"3 - PROFIL DE VOS
CLIENTS","BESOINS DE VOS CLIENTS
(F&B)",BOISSONS ALCOOLISÉES,3_profil_de_vos_clients_besoins_de_vos_clients_f_b_boissons_alcoolisees,categorical,1,d_recap_3_profil_de_vos_clients_besoins_de_vos_clients_f_b_boissons_alcoolisees
novotel-megeve,MEGEVE,71,"3 - PROFIL DE VOS
CLIENTS","BESOINS DE VOS CLIENTS
(F&B)",BOISSONS ALCOOLISÉES,3_profil_de_vos_clients_besoins_de_vos_clients_f_b_boissons_alcoolisees,categorical,1,d_recap_3_profil_de_vos_clients_besoins_de_vos_clients_f_b_boissons_alcoolisees
novotel-paris-tour-eiffel,TOUR EIFFEL,71,"3 - PROFIL DE VOS
CLIENTS","BESOINS DE VOS CLIENTS
(F&B)",BOISSONS ALCOOLISÉES,3_profil_de_vos_clients_besoins_de_vos_clients_f_b_boissons_alcoolisees,categorical,,d_recap_3_profil_de_vos_clients_besoins_de_vos_clients_f_b_boissons_alcoolisees
mercure-montmartre,MONTMARTRE,71,"3 - PROFIL DE VOS
CLIENTS","BESOINS DE VOS CLIENTS
(F&B)",BOISSONS ALCOOLISÉES,3_profil_de_vos_clients_besoins_de_vos_clients_f_b_boissons_alcoolisees,categorical,1,d_recap_3_profil_de_vos_clients_besoins_de_vos_clients_f_b_boissons_alcoolisees
mercure-boulogne,BOULOGNE,71,"3 - PROFIL DE VOS
CLIENTS","BESOINS DE VOS CLIENTS
(F&B)",BOISSONS ALCOOLISÉES,3_profil_de_vos_clients_besoins_de_vos_clients_f_b_boissons_alcoolisees,categorical,1,d_recap_3_profil_de_vos_clients_besoins_de_vos_clients_f_b_boissons_alcoolisees
ibis-budget-nice,NICE,72,"3 - PROFIL DE VOS
CLIENTS","BESOINS DE VOS CLIENTS
(F&B)",PRODUITS SALÉS SECS,3_profil_de_vos_clients_besoins_de_vos_clients_f_b_produits_sales_secs,categorical,1,d_recap_3_profil_de_vos_clients_besoins_de_vos_clients_f_b_produits_sales_secs
ibis-budget-strasbourg,STRASBOURG,72,"3 - PROFIL DE VOS
CLIENTS","BESOINS DE VOS CLIENTS
(F&B)",PRODUITS SALÉS SECS,3_profil_de_vos_clients_besoins_de_vos_clients_f_b_produits_sales_secs,categorical,1,d_recap_3_profil_de_vos_clients_besoins_de_vos_clients_f_b_produits_sales_secs
ibis-styles-roissy-cdg,PARIS CDG,72,"3 - PROFIL DE VOS
CLIENTS","BESOINS DE VOS CLIENTS
(F&B)",PRODUITS SALÉS SECS,3_profil_de_vos_clients_besoins_de_vos_clients_f_b_produits_sales_secs,categorical,1,d_recap_3_profil_de_vos_clients_besoins_de_vos_clients_f_b_produits_sales_secs
novotel-megeve,MEGEVE,72,"3 - PROFIL DE VOS
CLIENTS","BESOINS DE VOS CLIENTS
(F&B)",PRODUITS SALÉS SECS,3_profil_de_vos_clients_besoins_de_vos_clients_f_b_produits_sales_secs,categorical,1,d_recap_3_profil_de_vos_clients_besoins_de_vos_clients_f_b_produits_sales_secs
novotel-paris-tour-eiffel,TOUR EIFFEL,72,"3 - PROFIL DE VOS
CLIENTS","BESOINS DE VOS CLIENTS
(F&B)",PRODUITS SALÉS SECS,3_profil_de_vos_clients_besoins_de_vos_clients_f_b_produits_sales_secs,categorical,1,d_recap_3_profil_de_vos_clients_besoins_de_vos_clients_f_b_produits_sales_secs
mercure-montmartre,MONTMARTRE,72,"3 - PROFIL DE VOS
CLIENTS","BESOINS DE VOS CLIENTS
(F&B)",PRODUITS SALÉS SECS,3_profil_de_vos_clients_besoins_de_vos_clients_f_b_produits_sales_secs,categorical,1,d_recap_3_profil_de_vos_clients_besoins_de_vos_clients_f_b_produits_sales_secs
mercure-boulogne,BOULOGNE,72,"3 - PROFIL DE VOS
CLIENTS","BESOINS DE VOS CLIENTS
(F&B)",PRODUITS SALÉS SECS,3_profil_de_vos_clients_besoins_de_vos_clients_f_b_produits_sales_secs,categorical,1,d_recap_3_profil_de_vos_clients_besoins_de_vos_clients_f_b_produits_sales_secs
ibis-budget-nice,NICE,73,"3 - PROFIL DE VOS
CLIENTS","BESOINS DE VOS CLIENTS
(F&B)",PRODUITS SALÉS FRAIS,3_profil_de_vos_clients_besoins_de_vos_clients_f_b_produits_sales_frais,categorical,1,d_recap_3_profil_de_vos_clients_besoins_de_vos_clients_f_b_produits_sales_frais
ibis-budget-strasbourg,STRASBOURG,73,"3 - PROFIL DE VOS
CLIENTS","BESOINS DE VOS CLIENTS
(F&B)",PRODUITS SALÉS FRAIS,3_profil_de_vos_clients_besoins_de_vos_clients_f_b_produits_sales_frais,categorical,1,d_recap_3_profil_de_vos_clients_besoins_de_vos_clients_f_b_produits_sales_frais
ibis-styles-roissy-cdg,PARIS CDG,73,"3 - PROFIL DE VOS
CLIENTS","BESOINS DE VOS CLIENTS
(F&B)",PRODUITS SALÉS FRAIS,3_profil_de_vos_clients_besoins_de_vos_clients_f_b_produits_sales_frais,categorical,1,d_recap_3_profil_de_vos_clients_besoins_de_vos_clients_f_b_produits_sales_frais
novotel-megeve,MEGEVE,73,"3 - PROFIL DE VOS
CLIENTS","BESOINS DE VOS CLIENTS
(F&B)",PRODUITS SALÉS FRAIS,3_profil_de_vos_clients_besoins_de_vos_clients_f_b_produits_sales_frais,categorical,,d_recap_3_profil_de_vos_clients_besoins_de_vos_clients_f_b_produits_sales_frais
novotel-paris-tour-eiffel,TOUR EIFFEL,73,"3 - PROFIL DE VOS
CLIENTS","BESOINS DE VOS CLIENTS
(F&B)",PRODUITS SALÉS FRAIS,3_profil_de_vos_clients_besoins_de_vos_clients_f_b_produits_sales_frais,categorical,1,d_recap_3_profil_de_vos_clients_besoins_de_vos_clients_f_b_produits_sales_frais
mercure-montmartre,MONTMARTRE,73,"3 - PROFIL DE VOS
CLIENTS","BESOINS DE VOS CLIENTS
(F&B)",PRODUITS SALÉS FRAIS,3_profil_de_vos_clients_besoins_de_vos_clients_f_b_produits_sales_frais,categorical,1,d_recap_3_profil_de_vos_clients_besoins_de_vos_clients_f_b_produits_sales_frais
mercure-boulogne,BOULOGNE,73,"3 - PROFIL DE VOS
CLIENTS","BESOINS DE VOS CLIENTS
(F&B)",PRODUITS SALÉS FRAIS,3_profil_de_vos_clients_besoins_de_vos_clients_f_b_produits_sales_frais,categorical,1,d_recap_3_profil_de_vos_clients_besoins_de_vos_clients_f_b_produits_sales_frais
ibis-budget-nice,NICE,74,"3 - PROFIL DE VOS
CLIENTS","BESOINS DE VOS CLIENTS
(F&B)",PRODUITS SUCRÉS SECS,3_profil_de_vos_clients_besoins_de_vos_clients_f_b_produits_sucres_secs,categorical,1,d_recap_3_profil_de_vos_clients_besoins_de_vos_clients_f_b_produits_sucres_secs
ibis-budget-strasbourg,STRASBOURG,74,"3 - PROFIL DE VOS
CLIENTS","BESOINS DE VOS CLIENTS
(F&B)",PRODUITS SUCRÉS SECS,3_profil_de_vos_clients_besoins_de_vos_clients_f_b_produits_sucres_secs,categorical,1,d_recap_3_profil_de_vos_clients_besoins_de_vos_clients_f_b_produits_sucres_secs
ibis-styles-roissy-cdg,PARIS CDG,74,"3 - PROFIL DE VOS
CLIENTS","BESOINS DE VOS CLIENTS
(F&B)",PRODUITS SUCRÉS SECS,3_profil_de_vos_clients_besoins_de_vos_clients_f_b_produits_sucres_secs,categorical,1,d_recap_3_profil_de_vos_clients_besoins_de_vos_clients_f_b_produits_sucres_secs
novotel-megeve,MEGEVE,74,"3 - PROFIL DE VOS
CLIENTS","BESOINS DE VOS CLIENTS
(F&B)",PRODUITS SUCRÉS SECS,3_profil_de_vos_clients_besoins_de_vos_clients_f_b_produits_sucres_secs,categorical,1,d_recap_3_profil_de_vos_clients_besoins_de_vos_clients_f_b_produits_sucres_secs
novotel-paris-tour-eiffel,TOUR EIFFEL,74,"3 - PROFIL DE VOS
CLIENTS","BESOINS DE VOS CLIENTS
(F&B)",PRODUITS SUCRÉS SECS,3_profil_de_vos_clients_besoins_de_vos_clients_f_b_produits_sucres_secs,categorical,1,d_recap_3_profil_de_vos_clients_besoins_de_vos_clients_f_b_produits_sucres_secs
mercure-montmartre,MONTMARTRE,74,"3 - PROFIL DE VOS
CLIENTS","BESOINS DE VOS CLIENTS
(F&B)",PRODUITS SUCRÉS SECS,3_profil_de_vos_clients_besoins_de_vos_clients_f_b_produits_sucres_secs,categorical,1,d_recap_3_profil_de_vos_clients_besoins_de_vos_clients_f_b_produits_sucres_secs
mercure-boulogne,BOULOGNE,74,"3 - PROFIL DE VOS
CLIENTS","BESOINS DE VOS CLIENTS
(F&B)",PRODUITS SUCRÉS SECS,3_profil_de_vos_clients_besoins_de_vos_clients_f_b_produits_sucres_secs,categorical,1,d_recap_3_profil_de_vos_clients_besoins_de_vos_clients_f_b_produits_sucres_secs
ibis-budget-nice,NICE,75,"3 - PROFIL DE VOS
CLIENTS","BESOINS DE VOS CLIENTS
(F&B)",PRODUITS SUCRÉS FRAIS,3_profil_de_vos_clients_besoins_de_vos_clients_f_b_produits_sucres_frais,categorical,1,d_recap_3_profil_de_vos_clients_besoins_de_vos_clients_f_b_produits_sucres_frais
ibis-budget-strasbourg,STRASBOURG,75,"3 - PROFIL DE VOS
CLIENTS","BESOINS DE VOS CLIENTS
(F&B)",PRODUITS SUCRÉS FRAIS,3_profil_de_vos_clients_besoins_de_vos_clients_f_b_produits_sucres_frais,categorical,1,d_recap_3_profil_de_vos_clients_besoins_de_vos_clients_f_b_produits_sucres_frais
ibis-styles-roissy-cdg,PARIS CDG,75,"3 - PROFIL DE VOS
CLIENTS","BESOINS DE VOS CLIENTS
(F&B)",PRODUITS SUCRÉS FRAIS,3_profil_de_vos_clients_besoins_de_vos_clients_f_b_produits_sucres_frais,categorical,1,d_recap_3_profil_de_vos_clients_besoins_de_vos_clients_f_b_produits_sucres_frais
novotel-megeve,MEGEVE,75,"3 - PROFIL DE VOS
CLIENTS","BESOINS DE VOS CLIENTS
(F&B)",PRODUITS SUCRÉS FRAIS,3_profil_de_vos_clients_besoins_de_vos_clients_f_b_produits_sucres_frais,categorical,,d_recap_3_profil_de_vos_clients_besoins_de_vos_clients_f_b_produits_sucres_frais
novotel-paris-tour-eiffel,TOUR EIFFEL,75,"3 - PROFIL DE VOS
CLIENTS","BESOINS DE VOS CLIENTS
(F&B)",PRODUITS SUCRÉS FRAIS,3_profil_de_vos_clients_besoins_de_vos_clients_f_b_produits_sucres_frais,categorical,1,d_recap_3_profil_de_vos_clients_besoins_de_vos_clients_f_b_produits_sucres_frais
mercure-montmartre,MONTMARTRE,75,"3 - PROFIL DE VOS
CLIENTS","BESOINS DE VOS CLIENTS
(F&B)",PRODUITS SUCRÉS FRAIS,3_profil_de_vos_clients_besoins_de_vos_clients_f_b_produits_sucres_frais,categorical,1,d_recap_3_profil_de_vos_clients_besoins_de_vos_clients_f_b_produits_sucres_frais
mercure-boulogne,BOULOGNE,75,"3 - PROFIL DE VOS
CLIENTS","BESOINS DE VOS CLIENTS
(F&B)",PRODUITS SUCRÉS FRAIS,3_profil_de_vos_clients_besoins_de_vos_clients_f_b_produits_sucres_frais,categorical,1,d_recap_3_profil_de_vos_clients_besoins_de_vos_clients_f_b_produits_sucres_frais
ibis-budget-nice,NICE,76,"3 - PROFIL DE VOS
CLIENTS","BESOINS DE VOS CLIENTS
(F&B)",EPICERIE FINE,3_profil_de_vos_clients_besoins_de_vos_clients_f_b_epicerie_fine,categorical,,d_recap_3_profil_de_vos_clients_besoins_de_vos_clients_f_b_epicerie_fine
ibis-budget-strasbourg,STRASBOURG,76,"3 - PROFIL DE VOS
CLIENTS","BESOINS DE VOS CLIENTS
(F&B)",EPICERIE FINE,3_profil_de_vos_clients_besoins_de_vos_clients_f_b_epicerie_fine,categorical,,d_recap_3_profil_de_vos_clients_besoins_de_vos_clients_f_b_epicerie_fine
ibis-styles-roissy-cdg,PARIS CDG,76,"3 - PROFIL DE VOS
CLIENTS","BESOINS DE VOS CLIENTS
(F&B)",EPICERIE FINE,3_profil_de_vos_clients_besoins_de_vos_clients_f_b_epicerie_fine,categorical,,d_recap_3_profil_de_vos_clients_besoins_de_vos_clients_f_b_epicerie_fine
novotel-megeve,MEGEVE,76,"3 - PROFIL DE VOS
CLIENTS","BESOINS DE VOS CLIENTS
(F&B)",EPICERIE FINE,3_profil_de_vos_clients_besoins_de_vos_clients_f_b_epicerie_fine,categorical,1,d_recap_3_profil_de_vos_clients_besoins_de_vos_clients_f_b_epicerie_fine
novotel-paris-tour-eiffel,TOUR EIFFEL,76,"3 - PROFIL DE VOS
CLIENTS","BESOINS DE VOS CLIENTS
(F&B)",EPICERIE FINE,3_profil_de_vos_clients_besoins_de_vos_clients_f_b_epicerie_fine,categorical,1,d_recap_3_profil_de_vos_clients_besoins_de_vos_clients_f_b_epicerie_fine
mercure-montmartre,MONTMARTRE,76,"3 - PROFIL DE VOS
CLIENTS","BESOINS DE VOS CLIENTS
(F&B)",EPICERIE FINE,3_profil_de_vos_clients_besoins_de_vos_clients_f_b_epicerie_fine,categorical,1,d_recap_3_profil_de_vos_clients_besoins_de_vos_clients_f_b_epicerie_fine
mercure-boulogne,BOULOGNE,76,"3 - PROFIL DE VOS
CLIENTS","BESOINS DE VOS CLIENTS
(F&B)",EPICERIE FINE,3_profil_de_vos_clients_besoins_de_vos_clients_f_b_epicerie_fine,categorical,,d_recap_3_profil_de_vos_clients_besoins_de_vos_clients_f_b_epicerie_fine
ibis-budget-nice,NICE,77,"3 - PROFIL DE VOS
CLIENTS","BESOINS DE VOS CLIENTS
(NON-F&B)",PRODUITS SOS,3_profil_de_vos_clients_besoins_de_vos_clients_non_f_b_produits_sos,categorical,1,d_recap_3_profil_de_vos_clients_besoins_de_vos_clients_non_f_b_produits_sos
ibis-budget-strasbourg,STRASBOURG,77,"3 - PROFIL DE VOS
CLIENTS","BESOINS DE VOS CLIENTS
(NON-F&B)",PRODUITS SOS,3_profil_de_vos_clients_besoins_de_vos_clients_non_f_b_produits_sos,categorical,1,d_recap_3_profil_de_vos_clients_besoins_de_vos_clients_non_f_b_produits_sos
ibis-styles-roissy-cdg,PARIS CDG,77,"3 - PROFIL DE VOS
CLIENTS","BESOINS DE VOS CLIENTS
(NON-F&B)",PRODUITS SOS,3_profil_de_vos_clients_besoins_de_vos_clients_non_f_b_produits_sos,categorical,1,d_recap_3_profil_de_vos_clients_besoins_de_vos_clients_non_f_b_produits_sos
novotel-megeve,MEGEVE,77,"3 - PROFIL DE VOS
CLIENTS","BESOINS DE VOS CLIENTS
(NON-F&B)",PRODUITS SOS,3_profil_de_vos_clients_besoins_de_vos_clients_non_f_b_produits_sos,categorical,1,d_recap_3_profil_de_vos_clients_besoins_de_vos_clients_non_f_b_produits_sos
novotel-paris-tour-eiffel,TOUR EIFFEL,77,"3 - PROFIL DE VOS
CLIENTS","BESOINS DE VOS CLIENTS
(NON-F&B)",PRODUITS SOS,3_profil_de_vos_clients_besoins_de_vos_clients_non_f_b_produits_sos,categorical,1,d_recap_3_profil_de_vos_clients_besoins_de_vos_clients_non_f_b_produits_sos
mercure-montmartre,MONTMARTRE,77,"3 - PROFIL DE VOS
CLIENTS","BESOINS DE VOS CLIENTS
(NON-F&B)",PRODUITS SOS,3_profil_de_vos_clients_besoins_de_vos_clients_non_f_b_produits_sos,categorical,1,d_recap_3_profil_de_vos_clients_besoins_de_vos_clients_non_f_b_produits_sos
mercure-boulogne,BOULOGNE,77,"3 - PROFIL DE VOS
CLIENTS","BESOINS DE VOS CLIENTS
(NON-F&B)",PRODUITS SOS,3_profil_de_vos_clients_besoins_de_vos_clients_non_f_b_produits_sos,categorical,1,d_recap_3_profil_de_vos_clients_besoins_de_vos_clients_non_f_b_produits_sos
ibis-budget-nice,NICE,78,"3 - PROFIL DE VOS
CLIENTS","BESOINS DE VOS CLIENTS
(NON-F&B)",HYGIÈNE,3_profil_de_vos_clients_besoins_de_vos_clients_non_f_b_hygiene,categorical,1,d_recap_3_profil_de_vos_clients_besoins_de_vos_clients_non_f_b_hygiene
ibis-budget-strasbourg,STRASBOURG,78,"3 - PROFIL DE VOS
CLIENTS","BESOINS DE VOS CLIENTS
(NON-F&B)",HYGIÈNE,3_profil_de_vos_clients_besoins_de_vos_clients_non_f_b_hygiene,categorical,1,d_recap_3_profil_de_vos_clients_besoins_de_vos_clients_non_f_b_hygiene
ibis-styles-roissy-cdg,PARIS CDG,78,"3 - PROFIL DE VOS
CLIENTS","BESOINS DE VOS CLIENTS
(NON-F&B)",HYGIÈNE,3_profil_de_vos_clients_besoins_de_vos_clients_non_f_b_hygiene,categorical,1,d_recap_3_profil_de_vos_clients_besoins_de_vos_clients_non_f_b_hygiene
novotel-megeve,MEGEVE,78,"3 - PROFIL DE VOS
CLIENTS","BESOINS DE VOS CLIENTS
(NON-F&B)",HYGIÈNE,3_profil_de_vos_clients_besoins_de_vos_clients_non_f_b_hygiene,categorical,1,d_recap_3_profil_de_vos_clients_besoins_de_vos_clients_non_f_b_hygiene
novotel-paris-tour-eiffel,TOUR EIFFEL,78,"3 - PROFIL DE VOS
CLIENTS","BESOINS DE VOS CLIENTS
(NON-F&B)",HYGIÈNE,3_profil_de_vos_clients_besoins_de_vos_clients_non_f_b_hygiene,categorical,1,d_recap_3_profil_de_vos_clients_besoins_de_vos_clients_non_f_b_hygiene
mercure-montmartre,MONTMARTRE,78,"3 - PROFIL DE VOS
CLIENTS","BESOINS DE VOS CLIENTS
(NON-F&B)",HYGIÈNE,3_profil_de_vos_clients_besoins_de_vos_clients_non_f_b_hygiene,categorical,1,d_recap_3_profil_de_vos_clients_besoins_de_vos_clients_non_f_b_hygiene
mercure-boulogne,BOULOGNE,78,"3 - PROFIL DE VOS
CLIENTS","BESOINS DE VOS CLIENTS
(NON-F&B)",HYGIÈNE,3_profil_de_vos_clients_besoins_de_vos_clients_non_f_b_hygiene,categorical,1,d_recap_3_profil_de_vos_clients_besoins_de_vos_clients_non_f_b_hygiene
ibis-budget-nice,NICE,79,"3 - PROFIL DE VOS
CLIENTS","BESOINS DE VOS CLIENTS
(NON-F&B)",PRODUITS COSMÉTIQUES,3_profil_de_vos_clients_besoins_de_vos_clients_non_f_b_produits_cosmetiques,categorical,,d_recap_3_profil_de_vos_clients_besoins_de_vos_clients_non_f_b_produits_cosmetiques
ibis-budget-strasbourg,STRASBOURG,79,"3 - PROFIL DE VOS
CLIENTS","BESOINS DE VOS CLIENTS
(NON-F&B)",PRODUITS COSMÉTIQUES,3_profil_de_vos_clients_besoins_de_vos_clients_non_f_b_produits_cosmetiques,categorical,,d_recap_3_profil_de_vos_clients_besoins_de_vos_clients_non_f_b_produits_cosmetiques
ibis-styles-roissy-cdg,PARIS CDG,79,"3 - PROFIL DE VOS
CLIENTS","BESOINS DE VOS CLIENTS
(NON-F&B)",PRODUITS COSMÉTIQUES,3_profil_de_vos_clients_besoins_de_vos_clients_non_f_b_produits_cosmetiques,categorical,,d_recap_3_profil_de_vos_clients_besoins_de_vos_clients_non_f_b_produits_cosmetiques
novotel-megeve,MEGEVE,79,"3 - PROFIL DE VOS
CLIENTS","BESOINS DE VOS CLIENTS
(NON-F&B)",PRODUITS COSMÉTIQUES,3_profil_de_vos_clients_besoins_de_vos_clients_non_f_b_produits_cosmetiques,categorical,1,d_recap_3_profil_de_vos_clients_besoins_de_vos_clients_non_f_b_produits_cosmetiques
novotel-paris-tour-eiffel,TOUR EIFFEL,79,"3 - PROFIL DE VOS
CLIENTS","BESOINS DE VOS CLIENTS
(NON-F&B)",PRODUITS COSMÉTIQUES,3_profil_de_vos_clients_besoins_de_vos_clients_non_f_b_produits_cosmetiques,categorical,1,d_recap_3_profil_de_vos_clients_besoins_de_vos_clients_non_f_b_produits_cosmetiques
mercure-montmartre,MONTMARTRE,79,"3 - PROFIL DE VOS
CLIENTS","BESOINS DE VOS CLIENTS
(NON-F&B)",PRODUITS COSMÉTIQUES,3_profil_de_vos_clients_besoins_de_vos_clients_non_f_b_produits_cosmetiques,categorical,1,d_recap_3_profil_de_vos_clients_besoins_de_vos_clients_non_f_b_produits_cosmetiques
mercure-boulogne,BOULOGNE,79,"3 - PROFIL DE VOS
CLIENTS","BESOINS DE VOS CLIENTS
(NON-F&B)",PRODUITS COSMÉTIQUES,3_profil_de_vos_clients_besoins_de_vos_clients_non_f_b_produits_cosmetiques,categorical,,d_recap_3_profil_de_vos_clients_besoins_de_vos_clients_non_f_b_produits_cosmetiques
ibis-budget-nice,NICE,80,"3 - PROFIL DE VOS
CLIENTS","BESOINS DE VOS CLIENTS
(NON-F&B)",ARTICLES POUR ENFANTS,3_profil_de_vos_clients_besoins_de_vos_clients_non_f_b_articles_pour_enfants,categorical,1,d_recap_3_profil_de_vos_clients_besoins_de_vos_clients_non_f_b_articles_pour_enfants
ibis-budget-strasbourg,STRASBOURG,80,"3 - PROFIL DE VOS
CLIENTS","BESOINS DE VOS CLIENTS
(NON-F&B)",ARTICLES POUR ENFANTS,3_profil_de_vos_clients_besoins_de_vos_clients_non_f_b_articles_pour_enfants,categorical,,d_recap_3_profil_de_vos_clients_besoins_de_vos_clients_non_f_b_articles_pour_enfants
ibis-styles-roissy-cdg,PARIS CDG,80,"3 - PROFIL DE VOS
CLIENTS","BESOINS DE VOS CLIENTS
(NON-F&B)",ARTICLES POUR ENFANTS,3_profil_de_vos_clients_besoins_de_vos_clients_non_f_b_articles_pour_enfants,categorical,,d_recap_3_profil_de_vos_clients_besoins_de_vos_clients_non_f_b_articles_pour_enfants
novotel-megeve,MEGEVE,80,"3 - PROFIL DE VOS
CLIENTS","BESOINS DE VOS CLIENTS
(NON-F&B)",ARTICLES POUR ENFANTS,3_profil_de_vos_clients_besoins_de_vos_clients_non_f_b_articles_pour_enfants,categorical,1,d_recap_3_profil_de_vos_clients_besoins_de_vos_clients_non_f_b_articles_pour_enfants
novotel-paris-tour-eiffel,TOUR EIFFEL,80,"3 - PROFIL DE VOS
CLIENTS","BESOINS DE VOS CLIENTS
(NON-F&B)",ARTICLES POUR ENFANTS,3_profil_de_vos_clients_besoins_de_vos_clients_non_f_b_articles_pour_enfants,categorical,1,d_recap_3_profil_de_vos_clients_besoins_de_vos_clients_non_f_b_articles_pour_enfants
mercure-montmartre,MONTMARTRE,80,"3 - PROFIL DE VOS
CLIENTS","BESOINS DE VOS CLIENTS
(NON-F&B)",ARTICLES POUR ENFANTS,3_profil_de_vos_clients_besoins_de_vos_clients_non_f_b_articles_pour_enfants,categorical,1,d_recap_3_profil_de_vos_clients_besoins_de_vos_clients_non_f_b_articles_pour_enfants
mercure-boulogne,BOULOGNE,80,"3 - PROFIL DE VOS
CLIENTS","BESOINS DE VOS CLIENTS
(NON-F&B)",ARTICLES POUR ENFANTS,3_profil_de_vos_clients_besoins_de_vos_clients_non_f_b_articles_pour_enfants,categorical,,d_recap_3_profil_de_vos_clients_besoins_de_vos_clients_non_f_b_articles_pour_enfants
ibis-budget-nice,NICE,81,"3 - PROFIL DE VOS
CLIENTS","BESOINS DE VOS CLIENTS
(NON-F&B)",PRÊT-À-PORTER,3_profil_de_vos_clients_besoins_de_vos_clients_non_f_b_pret_a_porter,categorical,1,d_recap_3_profil_de_vos_clients_besoins_de_vos_clients_non_f_b_pret_a_porter
ibis-budget-strasbourg,STRASBOURG,81,"3 - PROFIL DE VOS
CLIENTS","BESOINS DE VOS CLIENTS
(NON-F&B)",PRÊT-À-PORTER,3_profil_de_vos_clients_besoins_de_vos_clients_non_f_b_pret_a_porter,categorical,,d_recap_3_profil_de_vos_clients_besoins_de_vos_clients_non_f_b_pret_a_porter
ibis-styles-roissy-cdg,PARIS CDG,81,"3 - PROFIL DE VOS
CLIENTS","BESOINS DE VOS CLIENTS
(NON-F&B)",PRÊT-À-PORTER,3_profil_de_vos_clients_besoins_de_vos_clients_non_f_b_pret_a_porter,categorical,,d_recap_3_profil_de_vos_clients_besoins_de_vos_clients_non_f_b_pret_a_porter
novotel-megeve,MEGEVE,81,"3 - PROFIL DE VOS
CLIENTS","BESOINS DE VOS CLIENTS
(NON-F&B)",PRÊT-À-PORTER,3_profil_de_vos_clients_besoins_de_vos_clients_non_f_b_pret_a_porter,categorical,1,d_recap_3_profil_de_vos_clients_besoins_de_vos_clients_non_f_b_pret_a_porter
novotel-paris-tour-eiffel,TOUR EIFFEL,81,"3 - PROFIL DE VOS
CLIENTS","BESOINS DE VOS CLIENTS
(NON-F&B)",PRÊT-À-PORTER,3_profil_de_vos_clients_besoins_de_vos_clients_non_f_b_pret_a_porter,categorical,1,d_recap_3_profil_de_vos_clients_besoins_de_vos_clients_non_f_b_pret_a_porter
mercure-montmartre,MONTMARTRE,81,"3 - PROFIL DE VOS
CLIENTS","BESOINS DE VOS CLIENTS
(NON-F&B)",PRÊT-À-PORTER,3_profil_de_vos_clients_besoins_de_vos_clients_non_f_b_pret_a_porter,categorical,,d_recap_3_profil_de_vos_clients_besoins_de_vos_clients_non_f_b_pret_a_porter
mercure-boulogne,BOULOGNE,81,"3 - PROFIL DE VOS
CLIENTS","BESOINS DE VOS CLIENTS
(NON-F&B)",PRÊT-À-PORTER,3_profil_de_vos_clients_besoins_de_vos_clients_non_f_b_pret_a_porter,categorical,,d_recap_3_profil_de_vos_clients_besoins_de_vos_clients_non_f_b_pret_a_porter
ibis-budget-nice,NICE,82,"3 - PROFIL DE VOS
CLIENTS","BESOINS DE VOS CLIENTS
(NON-F&B)",ACCESSOIRES,3_profil_de_vos_clients_besoins_de_vos_clients_non_f_b_accessoires,categorical,1,d_recap_3_profil_de_vos_clients_besoins_de_vos_clients_non_f_b_accessoires
ibis-budget-strasbourg,STRASBOURG,82,"3 - PROFIL DE VOS
CLIENTS","BESOINS DE VOS CLIENTS
(NON-F&B)",ACCESSOIRES,3_profil_de_vos_clients_besoins_de_vos_clients_non_f_b_accessoires,categorical,,d_recap_3_profil_de_vos_clients_besoins_de_vos_clients_non_f_b_accessoires
ibis-styles-roissy-cdg,PARIS CDG,82,"3 - PROFIL DE VOS
CLIENTS","BESOINS DE VOS CLIENTS
(NON-F&B)",ACCESSOIRES,3_profil_de_vos_clients_besoins_de_vos_clients_non_f_b_accessoires,categorical,,d_recap_3_profil_de_vos_clients_besoins_de_vos_clients_non_f_b_accessoires
novotel-megeve,MEGEVE,82,"3 - PROFIL DE VOS
CLIENTS","BESOINS DE VOS CLIENTS
(NON-F&B)",ACCESSOIRES,3_profil_de_vos_clients_besoins_de_vos_clients_non_f_b_accessoires,categorical,1,d_recap_3_profil_de_vos_clients_besoins_de_vos_clients_non_f_b_accessoires
novotel-paris-tour-eiffel,TOUR EIFFEL,82,"3 - PROFIL DE VOS
CLIENTS","BESOINS DE VOS CLIENTS
(NON-F&B)",ACCESSOIRES,3_profil_de_vos_clients_besoins_de_vos_clients_non_f_b_accessoires,categorical,1,d_recap_3_profil_de_vos_clients_besoins_de_vos_clients_non_f_b_accessoires
mercure-montmartre,MONTMARTRE,82,"3 - PROFIL DE VOS
CLIENTS","BESOINS DE VOS CLIENTS
(NON-F&B)",ACCESSOIRES,3_profil_de_vos_clients_besoins_de_vos_clients_non_f_b_accessoires,categorical,1,d_recap_3_profil_de_vos_clients_besoins_de_vos_clients_non_f_b_accessoires
mercure-boulogne,BOULOGNE,82,"3 - PROFIL DE VOS
CLIENTS","BESOINS DE VOS CLIENTS
(NON-F&B)",ACCESSOIRES,3_profil_de_vos_clients_besoins_de_vos_clients_non_f_b_accessoires,categorical,1,d_recap_3_profil_de_vos_clients_besoins_de_vos_clients_non_f_b_accessoires
ibis-budget-nice,NICE,83,"3 - PROFIL DE VOS
CLIENTS","BESOINS DE VOS CLIENTS
(NON-F&B)",SOUVENIRS,3_profil_de_vos_clients_besoins_de_vos_clients_non_f_b_souvenirs,categorical,1,d_recap_3_profil_de_vos_clients_besoins_de_vos_clients_non_f_b_souvenirs
ibis-budget-strasbourg,STRASBOURG,83,"3 - PROFIL DE VOS
CLIENTS","BESOINS DE VOS CLIENTS
(NON-F&B)",SOUVENIRS,3_profil_de_vos_clients_besoins_de_vos_clients_non_f_b_souvenirs,categorical,,d_recap_3_profil_de_vos_clients_besoins_de_vos_clients_non_f_b_souvenirs
ibis-styles-roissy-cdg,PARIS CDG,83,"3 - PROFIL DE VOS
CLIENTS","BESOINS DE VOS CLIENTS
(NON-F&B)",SOUVENIRS,3_profil_de_vos_clients_besoins_de_vos_clients_non_f_b_souvenirs,categorical,1,d_recap_3_profil_de_vos_clients_besoins_de_vos_clients_non_f_b_souvenirs
novotel-megeve,MEGEVE,83,"3 - PROFIL DE VOS
CLIENTS","BESOINS DE VOS CLIENTS
(NON-F&B)",SOUVENIRS,3_profil_de_vos_clients_besoins_de_vos_clients_non_f_b_souvenirs,categorical,1,d_recap_3_profil_de_vos_clients_besoins_de_vos_clients_non_f_b_souvenirs
novotel-paris-tour-eiffel,TOUR EIFFEL,83,"3 - PROFIL DE VOS
CLIENTS","BESOINS DE VOS CLIENTS
(NON-F&B)",SOUVENIRS,3_profil_de_vos_clients_besoins_de_vos_clients_non_f_b_souvenirs,categorical,1,d_recap_3_profil_de_vos_clients_besoins_de_vos_clients_non_f_b_souvenirs
mercure-montmartre,MONTMARTRE,83,"3 - PROFIL DE VOS
CLIENTS","BESOINS DE VOS CLIENTS
(NON-F&B)",SOUVENIRS,3_profil_de_vos_clients_besoins_de_vos_clients_non_f_b_souvenirs,categorical,1,d_recap_3_profil_de_vos_clients_besoins_de_vos_clients_non_f_b_souvenirs
mercure-boulogne,BOULOGNE,83,"3 - PROFIL DE VOS
CLIENTS","BESOINS DE VOS CLIENTS
(NON-F&B)",SOUVENIRS,3_profil_de_vos_clients_besoins_de_vos_clients_non_f_b_souvenirs,categorical,,d_recap_3_profil_de_vos_clients_besoins_de_vos_clients_non_f_b_souvenirs
ibis-budget-nice,NICE,84,"4 - INFORMATIONS
CORNER",CORNER DE VENTE ACTUEL,VOTRE HOTEL DISPOSE-T-IL DÉJÀ D’UN CORNER DE VENTE ?,4_informations_corner_corner_de_vente_actuel_votre_hotel_dispose_t_il_deja_d_un_,boolean,1,d_recap_corner_corner_de_vente_actuel_votre_hotel_dispose_t_il_deja_d_un
ibis-budget-strasbourg,STRASBOURG,84,"4 - INFORMATIONS
CORNER",CORNER DE VENTE ACTUEL,VOTRE HOTEL DISPOSE-T-IL DÉJÀ D’UN CORNER DE VENTE ?,4_informations_corner_corner_de_vente_actuel_votre_hotel_dispose_t_il_deja_d_un_,boolean,1,d_recap_corner_corner_de_vente_actuel_votre_hotel_dispose_t_il_deja_d_un
ibis-styles-roissy-cdg,PARIS CDG,84,"4 - INFORMATIONS
CORNER",CORNER DE VENTE ACTUEL,VOTRE HOTEL DISPOSE-T-IL DÉJÀ D’UN CORNER DE VENTE ?,4_informations_corner_corner_de_vente_actuel_votre_hotel_dispose_t_il_deja_d_un_,boolean,1,d_recap_corner_corner_de_vente_actuel_votre_hotel_dispose_t_il_deja_d_un
novotel-megeve,MEGEVE,84,"4 - INFORMATIONS
CORNER",CORNER DE VENTE ACTUEL,VOTRE HOTEL DISPOSE-T-IL DÉJÀ D’UN CORNER DE VENTE ?,4_informations_corner_corner_de_vente_actuel_votre_hotel_dispose_t_il_deja_d_un_,boolean,0,d_recap_corner_corner_de_vente_actuel_votre_hotel_dispose_t_il_deja_d_un
novotel-paris-tour-eiffel,TOUR EIFFEL,84,"4 - INFORMATIONS
CORNER",CORNER DE VENTE ACTUEL,VOTRE HOTEL DISPOSE-T-IL DÉJÀ D’UN CORNER DE VENTE ?,4_informations_corner_corner_de_vente_actuel_votre_hotel_dispose_t_il_deja_d_un_,boolean,1,d_recap_corner_corner_de_vente_actuel_votre_hotel_dispose_t_il_deja_d_un
mercure-montmartre,MONTMARTRE,84,"4 - INFORMATIONS
CORNER",CORNER DE VENTE ACTUEL,VOTRE HOTEL DISPOSE-T-IL DÉJÀ D’UN CORNER DE VENTE ?,4_informations_corner_corner_de_vente_actuel_votre_hotel_dispose_t_il_deja_d_un_,boolean,1,d_recap_corner_corner_de_vente_actuel_votre_hotel_dispose_t_il_deja_d_un
mercure-boulogne,BOULOGNE,84,"4 - INFORMATIONS
CORNER",CORNER DE VENTE ACTUEL,VOTRE HOTEL DISPOSE-T-IL DÉJÀ D’UN CORNER DE VENTE ?,4_informations_corner_corner_de_vente_actuel_votre_hotel_dispose_t_il_deja_d_un_,boolean,1,d_recap_corner_corner_de_vente_actuel_votre_hotel_dispose_t_il_deja_d_un
ibis-budget-nice,NICE,85,"4 - INFORMATIONS
CORNER","VOTRE CORNER ACTUEL :
OFFRE F&B",LISTE DES PRODUITS F&B,4_informations_corner_votre_corner_actuel_offre_f_b_liste_des_produits_f_b,categorical,1,d_recap_corner_votre_corner_actuel_offre_f_b_liste_des_produits_f_b
ibis-budget-strasbourg,STRASBOURG,85,"4 - INFORMATIONS
CORNER","VOTRE CORNER ACTUEL :
OFFRE F&B",LISTE DES PRODUITS F&B,4_informations_corner_votre_corner_actuel_offre_f_b_liste_des_produits_f_b,categorical,1,d_recap_corner_votre_corner_actuel_offre_f_b_liste_des_produits_f_b
ibis-styles-roissy-cdg,PARIS CDG,85,"4 - INFORMATIONS
CORNER","VOTRE CORNER ACTUEL :
OFFRE F&B",LISTE DES PRODUITS F&B,4_informations_corner_votre_corner_actuel_offre_f_b_liste_des_produits_f_b,categorical,1,d_recap_corner_votre_corner_actuel_offre_f_b_liste_des_produits_f_b
novotel-megeve,MEGEVE,85,"4 - INFORMATIONS
CORNER","VOTRE CORNER ACTUEL :
OFFRE F&B",LISTE DES PRODUITS F&B,4_informations_corner_votre_corner_actuel_offre_f_b_liste_des_produits_f_b,categorical,0,d_recap_corner_votre_corner_actuel_offre_f_b_liste_des_produits_f_b
novotel-paris-tour-eiffel,TOUR EIFFEL,85,"4 - INFORMATIONS
CORNER","VOTRE CORNER ACTUEL :
OFFRE F&B",LISTE DES PRODUITS F&B,4_informations_corner_votre_corner_actuel_offre_f_b_liste_des_produits_f_b,categorical,1,d_recap_corner_votre_corner_actuel_offre_f_b_liste_des_produits_f_b
mercure-montmartre,MONTMARTRE,85,"4 - INFORMATIONS
CORNER","VOTRE CORNER ACTUEL :
OFFRE F&B",LISTE DES PRODUITS F&B,4_informations_corner_votre_corner_actuel_offre_f_b_liste_des_produits_f_b,categorical,1,d_recap_corner_votre_corner_actuel_offre_f_b_liste_des_produits_f_b
mercure-boulogne,BOULOGNE,85,"4 - INFORMATIONS
CORNER","VOTRE CORNER ACTUEL :
OFFRE F&B",LISTE DES PRODUITS F&B,4_informations_corner_votre_corner_actuel_offre_f_b_liste_des_produits_f_b,categorical,1,d_recap_corner_votre_corner_actuel_offre_f_b_liste_des_produits_f_b
ibis-budget-nice,NICE,90,"4 - INFORMATIONS
CORNER","VOTRE CORNER ACTUEL :
OFFRE F&B",CANAUX DE VENTE,4_informations_corner_votre_corner_actuel_offre_f_b_canaux_de_vente,categorical,,d_recap_corner_votre_corner_actuel_offre_f_b_canaux_de_vente
ibis-budget-strasbourg,STRASBOURG,90,"4 - INFORMATIONS
CORNER","VOTRE CORNER ACTUEL :
OFFRE F&B",CANAUX DE VENTE,4_informations_corner_votre_corner_actuel_offre_f_b_canaux_de_vente,categorical,,d_recap_corner_votre_corner_actuel_offre_f_b_canaux_de_vente
ibis-styles-roissy-cdg,PARIS CDG,90,"4 - INFORMATIONS
CORNER","VOTRE CORNER ACTUEL :
OFFRE F&B",CANAUX DE VENTE,4_informations_corner_votre_corner_actuel_offre_f_b_canaux_de_vente,categorical,,d_recap_corner_votre_corner_actuel_offre_f_b_canaux_de_vente
novotel-megeve,MEGEVE,90,"4 - INFORMATIONS
CORNER","VOTRE CORNER ACTUEL :
OFFRE F&B",CANAUX DE VENTE,4_informations_corner_votre_corner_actuel_offre_f_b_canaux_de_vente,categorical,,d_recap_corner_votre_corner_actuel_offre_f_b_canaux_de_vente
novotel-paris-tour-eiffel,TOUR EIFFEL,90,"4 - INFORMATIONS
CORNER","VOTRE CORNER ACTUEL :
OFFRE F&B",CANAUX DE VENTE,4_informations_corner_votre_corner_actuel_offre_f_b_canaux_de_vente,categorical,,d_recap_corner_votre_corner_actuel_offre_f_b_canaux_de_vente
mercure-montmartre,MONTMARTRE,90,"4 - INFORMATIONS
CORNER","VOTRE CORNER ACTUEL :
OFFRE F&B",CANAUX DE VENTE,4_informations_corner_votre_corner_actuel_offre_f_b_canaux_de_vente,categorical,,d_recap_corner_votre_corner_actuel_offre_f_b_canaux_de_vente
mercure-boulogne,BOULOGNE,90,"4 - INFORMATIONS
CORNER","VOTRE CORNER ACTUEL :
OFFRE F&B",CANAUX DE VENTE,4_informations_corner_votre_corner_actuel_offre_f_b_canaux_de_vente,categorical,,d_recap_corner_votre_corner_actuel_offre_f_b_canaux_de_vente
ibis-budget-nice,NICE,91,"4 - INFORMATIONS
CORNER","VOTRE CORNER ACTUEL :
OFFRE F&B",RÉCEPTION,4_informations_corner_votre_corner_actuel_offre_f_b_reception,boolean,0,d_recap_corner_votre_corner_actuel_offre_f_b_reception
ibis-budget-strasbourg,STRASBOURG,91,"4 - INFORMATIONS
CORNER","VOTRE CORNER ACTUEL :
OFFRE F&B",RÉCEPTION,4_informations_corner_votre_corner_actuel_offre_f_b_reception,boolean,1,d_recap_corner_votre_corner_actuel_offre_f_b_reception
ibis-styles-roissy-cdg,PARIS CDG,91,"4 - INFORMATIONS
CORNER","VOTRE CORNER ACTUEL :
OFFRE F&B",RÉCEPTION,4_informations_corner_votre_corner_actuel_offre_f_b_reception,boolean,1,d_recap_corner_votre_corner_actuel_offre_f_b_reception
novotel-megeve,MEGEVE,91,"4 - INFORMATIONS
CORNER","VOTRE CORNER ACTUEL :
OFFRE F&B",RÉCEPTION,4_informations_corner_votre_corner_actuel_offre_f_b_reception,boolean,1,d_recap_corner_votre_corner_actuel_offre_f_b_reception
novotel-paris-tour-eiffel,TOUR EIFFEL,91,"4 - INFORMATIONS
CORNER","VOTRE CORNER ACTUEL :
OFFRE F&B",RÉCEPTION,4_informations_corner_votre_corner_actuel_offre_f_b_reception,boolean,0,d_recap_corner_votre_corner_actuel_offre_f_b_reception
mercure-montmartre,MONTMARTRE,91,"4 - INFORMATIONS
CORNER","VOTRE CORNER ACTUEL :
OFFRE F&B",RÉCEPTION,4_informations_corner_votre_corner_actuel_offre_f_b_reception,boolean,1,d_recap_corner_votre_corner_actuel_offre_f_b_reception
mercure-boulogne,BOULOGNE,91,"4 - INFORMATIONS
CORNER","VOTRE CORNER ACTUEL :
OFFRE F&B",RÉCEPTION,4_informations_corner_votre_corner_actuel_offre_f_b_reception,boolean,1,d_recap_corner_votre_corner_actuel_offre_f_b_reception
ibis-budget-nice,NICE,92,"4 - INFORMATIONS
CORNER","VOTRE CORNER ACTUEL :
OFFRE F&B",SNACKING/COMPTOIR,4_informations_corner_votre_corner_actuel_offre_f_b_snacking_comptoir,categorical,0,d_recap_corner_votre_corner_actuel_offre_f_b_snacking_comptoir
ibis-budget-strasbourg,STRASBOURG,92,"4 - INFORMATIONS
CORNER","VOTRE CORNER ACTUEL :
OFFRE F&B",SNACKING/COMPTOIR,4_informations_corner_votre_corner_actuel_offre_f_b_snacking_comptoir,categorical,1,d_recap_corner_votre_corner_actuel_offre_f_b_snacking_comptoir
ibis-styles-roissy-cdg,PARIS CDG,92,"4 - INFORMATIONS
CORNER","VOTRE CORNER ACTUEL :
OFFRE F&B",SNACKING/COMPTOIR,4_informations_corner_votre_corner_actuel_offre_f_b_snacking_comptoir,categorical,1,d_recap_corner_votre_corner_actuel_offre_f_b_snacking_comptoir
novotel-megeve,MEGEVE,92,"4 - INFORMATIONS
CORNER","VOTRE CORNER ACTUEL :
OFFRE F&B",SNACKING/COMPTOIR,4_informations_corner_votre_corner_actuel_offre_f_b_snacking_comptoir,categorical,0,d_recap_corner_votre_corner_actuel_offre_f_b_snacking_comptoir
novotel-paris-tour-eiffel,TOUR EIFFEL,92,"4 - INFORMATIONS
CORNER","VOTRE CORNER ACTUEL :
OFFRE F&B",SNACKING/COMPTOIR,4_informations_corner_votre_corner_actuel_offre_f_b_snacking_comptoir,categorical,0,d_recap_corner_votre_corner_actuel_offre_f_b_snacking_comptoir
mercure-montmartre,MONTMARTRE,92,"4 - INFORMATIONS
CORNER","VOTRE CORNER ACTUEL :
OFFRE F&B",SNACKING/COMPTOIR,4_informations_corner_votre_corner_actuel_offre_f_b_snacking_comptoir,categorical,0,d_recap_corner_votre_corner_actuel_offre_f_b_snacking_comptoir
mercure-boulogne,BOULOGNE,92,"4 - INFORMATIONS
CORNER","VOTRE CORNER ACTUEL :
OFFRE F&B",SNACKING/COMPTOIR,4_informations_corner_votre_corner_actuel_offre_f_b_snacking_comptoir,categorical,0,d_recap_corner_votre_corner_actuel_offre_f_b_snacking_comptoir
ibis-budget-nice,NICE,93,"4 - INFORMATIONS
CORNER","VOTRE CORNER ACTUEL :
OFFRE F&B",DISTRIBUTEUR AUTO.,4_informations_corner_votre_corner_actuel_offre_f_b_distributeur_auto,boolean,1,d_recap_corner_votre_corner_actuel_offre_f_b_distributeur_auto
ibis-budget-strasbourg,STRASBOURG,93,"4 - INFORMATIONS
CORNER","VOTRE CORNER ACTUEL :
OFFRE F&B",DISTRIBUTEUR AUTO.,4_informations_corner_votre_corner_actuel_offre_f_b_distributeur_auto,boolean,1,d_recap_corner_votre_corner_actuel_offre_f_b_distributeur_auto
ibis-styles-roissy-cdg,PARIS CDG,93,"4 - INFORMATIONS
CORNER","VOTRE CORNER ACTUEL :
OFFRE F&B",DISTRIBUTEUR AUTO.,4_informations_corner_votre_corner_actuel_offre_f_b_distributeur_auto,boolean,1,d_recap_corner_votre_corner_actuel_offre_f_b_distributeur_auto
novotel-megeve,MEGEVE,93,"4 - INFORMATIONS
CORNER","VOTRE CORNER ACTUEL :
OFFRE F&B",DISTRIBUTEUR AUTO.,4_informations_corner_votre_corner_actuel_offre_f_b_distributeur_auto,boolean,0,d_recap_corner_votre_corner_actuel_offre_f_b_distributeur_auto
novotel-paris-tour-eiffel,TOUR EIFFEL,93,"4 - INFORMATIONS
CORNER","VOTRE CORNER ACTUEL :
OFFRE F&B",DISTRIBUTEUR AUTO.,4_informations_corner_votre_corner_actuel_offre_f_b_distributeur_auto,boolean,1,d_recap_corner_votre_corner_actuel_offre_f_b_distributeur_auto
mercure-montmartre,MONTMARTRE,93,"4 - INFORMATIONS
CORNER","VOTRE CORNER ACTUEL :
OFFRE F&B",DISTRIBUTEUR AUTO.,4_informations_corner_votre_corner_actuel_offre_f_b_distributeur_auto,boolean,0,d_recap_corner_votre_corner_actuel_offre_f_b_distributeur_auto
mercure-boulogne,BOULOGNE,93,"4 - INFORMATIONS
CORNER","VOTRE CORNER ACTUEL :
OFFRE F&B",DISTRIBUTEUR AUTO.,4_informations_corner_votre_corner_actuel_offre_f_b_distributeur_auto,boolean,0,d_recap_corner_votre_corner_actuel_offre_f_b_distributeur_auto
ibis-budget-nice,NICE,94,"4 - INFORMATIONS
CORNER","VOTRE CORNER ACTUEL :
OFFRE F&B",FRIGO CONNECTÉ,4_informations_corner_votre_corner_actuel_offre_f_b_frigo_connecte,boolean,0,d_recap_corner_votre_corner_actuel_offre_f_b_frigo_connecte
ibis-budget-strasbourg,STRASBOURG,94,"4 - INFORMATIONS
CORNER","VOTRE CORNER ACTUEL :
OFFRE F&B",FRIGO CONNECTÉ,4_informations_corner_votre_corner_actuel_offre_f_b_frigo_connecte,boolean,0,d_recap_corner_votre_corner_actuel_offre_f_b_frigo_connecte
ibis-styles-roissy-cdg,PARIS CDG,94,"4 - INFORMATIONS
CORNER","VOTRE CORNER ACTUEL :
OFFRE F&B",FRIGO CONNECTÉ,4_informations_corner_votre_corner_actuel_offre_f_b_frigo_connecte,boolean,0,d_recap_corner_votre_corner_actuel_offre_f_b_frigo_connecte
novotel-megeve,MEGEVE,94,"4 - INFORMATIONS
CORNER","VOTRE CORNER ACTUEL :
OFFRE F&B",FRIGO CONNECTÉ,4_informations_corner_votre_corner_actuel_offre_f_b_frigo_connecte,boolean,0,d_recap_corner_votre_corner_actuel_offre_f_b_frigo_connecte
novotel-paris-tour-eiffel,TOUR EIFFEL,94,"4 - INFORMATIONS
CORNER","VOTRE CORNER ACTUEL :
OFFRE F&B",FRIGO CONNECTÉ,4_informations_corner_votre_corner_actuel_offre_f_b_frigo_connecte,boolean,0,d_recap_corner_votre_corner_actuel_offre_f_b_frigo_connecte
mercure-montmartre,MONTMARTRE,94,"4 - INFORMATIONS
CORNER","VOTRE CORNER ACTUEL :
OFFRE F&B",FRIGO CONNECTÉ,4_informations_corner_votre_corner_actuel_offre_f_b_frigo_connecte,boolean,0,d_recap_corner_votre_corner_actuel_offre_f_b_frigo_connecte
mercure-boulogne,BOULOGNE,94,"4 - INFORMATIONS
CORNER","VOTRE CORNER ACTUEL :
OFFRE F&B",FRIGO CONNECTÉ,4_informations_corner_votre_corner_actuel_offre_f_b_frigo_connecte,boolean,0,d_recap_corner_votre_corner_actuel_offre_f_b_frigo_connecte
ibis-budget-nice,NICE,95,"4 - INFORMATIONS
CORNER","VOTRE CORNER ACTUEL :
OFFRE F&B",CAISSE CODE-BARRES,4_informations_corner_votre_corner_actuel_offre_f_b_caisse_code_barres,boolean,0,d_recap_corner_votre_corner_actuel_offre_f_b_caisse_code_barres
ibis-budget-strasbourg,STRASBOURG,95,"4 - INFORMATIONS
CORNER","VOTRE CORNER ACTUEL :
OFFRE F&B",CAISSE CODE-BARRES,4_informations_corner_votre_corner_actuel_offre_f_b_caisse_code_barres,boolean,0,d_recap_corner_votre_corner_actuel_offre_f_b_caisse_code_barres
ibis-styles-roissy-cdg,PARIS CDG,95,"4 - INFORMATIONS
CORNER","VOTRE CORNER ACTUEL :
OFFRE F&B",CAISSE CODE-BARRES,4_informations_corner_votre_corner_actuel_offre_f_b_caisse_code_barres,boolean,0,d_recap_corner_votre_corner_actuel_offre_f_b_caisse_code_barres
novotel-megeve,MEGEVE,95,"4 - INFORMATIONS
CORNER","VOTRE CORNER ACTUEL :
OFFRE F&B",CAISSE CODE-BARRES,4_informations_corner_votre_corner_actuel_offre_f_b_caisse_code_barres,boolean,0,d_recap_corner_votre_corner_actuel_offre_f_b_caisse_code_barres
novotel-paris-tour-eiffel,TOUR EIFFEL,95,"4 - INFORMATIONS
CORNER","VOTRE CORNER ACTUEL :
OFFRE F&B",CAISSE CODE-BARRES,4_informations_corner_votre_corner_actuel_offre_f_b_caisse_code_barres,boolean,0,d_recap_corner_votre_corner_actuel_offre_f_b_caisse_code_barres
mercure-montmartre,MONTMARTRE,95,"4 - INFORMATIONS
CORNER","VOTRE CORNER ACTUEL :
OFFRE F&B",CAISSE CODE-BARRES,4_informations_corner_votre_corner_actuel_offre_f_b_caisse_code_barres,boolean,0,d_recap_corner_votre_corner_actuel_offre_f_b_caisse_code_barres
mercure-boulogne,BOULOGNE,95,"4 - INFORMATIONS
CORNER","VOTRE CORNER ACTUEL :
OFFRE F&B",CAISSE CODE-BARRES,4_informations_corner_votre_corner_actuel_offre_f_b_caisse_code_barres,boolean,0,d_recap_corner_votre_corner_actuel_offre_f_b_caisse_code_barres
ibis-budget-nice,NICE,96,"4 - INFORMATIONS
CORNER","VOTRE CORNER ACTUEL :
OFFRE F&B",RÉAPPRO.,4_informations_corner_votre_corner_actuel_offre_f_b_reappro,categorical,,d_recap_corner_votre_corner_actuel_offre_f_b_reappro
ibis-budget-strasbourg,STRASBOURG,96,"4 - INFORMATIONS
CORNER","VOTRE CORNER ACTUEL :
OFFRE F&B",RÉAPPRO.,4_informations_corner_votre_corner_actuel_offre_f_b_reappro,categorical,,d_recap_corner_votre_corner_actuel_offre_f_b_reappro
ibis-styles-roissy-cdg,PARIS CDG,96,"4 - INFORMATIONS
CORNER","VOTRE CORNER ACTUEL :
OFFRE F&B",RÉAPPRO.,4_informations_corner_votre_corner_actuel_offre_f_b_reappro,categorical,,d_recap_corner_votre_corner_actuel_offre_f_b_reappro
novotel-megeve,MEGEVE,96,"4 - INFORMATIONS
CORNER","VOTRE CORNER ACTUEL :
OFFRE F&B",RÉAPPRO.,4_informations_corner_votre_corner_actuel_offre_f_b_reappro,categorical,,d_recap_corner_votre_corner_actuel_offre_f_b_reappro
novotel-paris-tour-eiffel,TOUR EIFFEL,96,"4 - INFORMATIONS
CORNER","VOTRE CORNER ACTUEL :
OFFRE F&B",RÉAPPRO.,4_informations_corner_votre_corner_actuel_offre_f_b_reappro,categorical,,d_recap_corner_votre_corner_actuel_offre_f_b_reappro
mercure-montmartre,MONTMARTRE,96,"4 - INFORMATIONS
CORNER","VOTRE CORNER ACTUEL :
OFFRE F&B",RÉAPPRO.,4_informations_corner_votre_corner_actuel_offre_f_b_reappro,categorical,,d_recap_corner_votre_corner_actuel_offre_f_b_reappro
mercure-boulogne,BOULOGNE,96,"4 - INFORMATIONS
CORNER","VOTRE CORNER ACTUEL :
OFFRE F&B",RÉAPPRO.,4_informations_corner_votre_corner_actuel_offre_f_b_reappro,categorical,,d_recap_corner_votre_corner_actuel_offre_f_b_reappro
ibis-budget-nice,NICE,97,"4 - INFORMATIONS
CORNER","VOTRE CORNER ACTUEL :
OFFRE F&B",HOTEL STAFF,4_informations_corner_votre_corner_actuel_offre_f_b_hotel_staff,categorical,,d_recap_corner_votre_corner_actuel_offre_f_b_hotel_staff
ibis-budget-strasbourg,STRASBOURG,97,"4 - INFORMATIONS
CORNER","VOTRE CORNER ACTUEL :
OFFRE F&B",HOTEL STAFF,4_informations_corner_votre_corner_actuel_offre_f_b_hotel_staff,categorical,1,d_recap_corner_votre_corner_actuel_offre_f_b_hotel_staff
ibis-styles-roissy-cdg,PARIS CDG,97,"4 - INFORMATIONS
CORNER","VOTRE CORNER ACTUEL :
OFFRE F&B",HOTEL STAFF,4_informations_corner_votre_corner_actuel_offre_f_b_hotel_staff,categorical,1,d_recap_corner_votre_corner_actuel_offre_f_b_hotel_staff
novotel-megeve,MEGEVE,97,"4 - INFORMATIONS
CORNER","VOTRE CORNER ACTUEL :
OFFRE F&B",HOTEL STAFF,4_informations_corner_votre_corner_actuel_offre_f_b_hotel_staff,categorical,1,d_recap_corner_votre_corner_actuel_offre_f_b_hotel_staff
novotel-paris-tour-eiffel,TOUR EIFFEL,97,"4 - INFORMATIONS
CORNER","VOTRE CORNER ACTUEL :
OFFRE F&B",HOTEL STAFF,4_informations_corner_votre_corner_actuel_offre_f_b_hotel_staff,categorical,,d_recap_corner_votre_corner_actuel_offre_f_b_hotel_staff
mercure-montmartre,MONTMARTRE,97,"4 - INFORMATIONS
CORNER","VOTRE CORNER ACTUEL :
OFFRE F&B",HOTEL STAFF,4_informations_corner_votre_corner_actuel_offre_f_b_hotel_staff,categorical,1,d_recap_corner_votre_corner_actuel_offre_f_b_hotel_staff
mercure-boulogne,BOULOGNE,97,"4 - INFORMATIONS
CORNER","VOTRE CORNER ACTUEL :
OFFRE F&B",HOTEL STAFF,4_informations_corner_votre_corner_actuel_offre_f_b_hotel_staff,categorical,1,d_recap_corner_votre_corner_actuel_offre_f_b_hotel_staff
ibis-budget-nice,NICE,98,"4 - INFORMATIONS
CORNER","VOTRE CORNER ACTUEL :
OFFRE F&B",FOURNISSEUR,4_informations_corner_votre_corner_actuel_offre_f_b_fournisseur,categorical,,d_recap_corner_votre_corner_actuel_offre_f_b_fournisseur
ibis-budget-strasbourg,STRASBOURG,98,"4 - INFORMATIONS
CORNER","VOTRE CORNER ACTUEL :
OFFRE F&B",FOURNISSEUR,4_informations_corner_votre_corner_actuel_offre_f_b_fournisseur,categorical,,d_recap_corner_votre_corner_actuel_offre_f_b_fournisseur
ibis-styles-roissy-cdg,PARIS CDG,98,"4 - INFORMATIONS
CORNER","VOTRE CORNER ACTUEL :
OFFRE F&B",FOURNISSEUR,4_informations_corner_votre_corner_actuel_offre_f_b_fournisseur,categorical,,d_recap_corner_votre_corner_actuel_offre_f_b_fournisseur
novotel-megeve,MEGEVE,98,"4 - INFORMATIONS
CORNER","VOTRE CORNER ACTUEL :
OFFRE F&B",FOURNISSEUR,4_informations_corner_votre_corner_actuel_offre_f_b_fournisseur,categorical,,d_recap_corner_votre_corner_actuel_offre_f_b_fournisseur
novotel-paris-tour-eiffel,TOUR EIFFEL,98,"4 - INFORMATIONS
CORNER","VOTRE CORNER ACTUEL :
OFFRE F&B",FOURNISSEUR,4_informations_corner_votre_corner_actuel_offre_f_b_fournisseur,categorical,,d_recap_corner_votre_corner_actuel_offre_f_b_fournisseur
mercure-montmartre,MONTMARTRE,98,"4 - INFORMATIONS
CORNER","VOTRE CORNER ACTUEL :
OFFRE F&B",FOURNISSEUR,4_informations_corner_votre_corner_actuel_offre_f_b_fournisseur,categorical,,d_recap_corner_votre_corner_actuel_offre_f_b_fournisseur
mercure-boulogne,BOULOGNE,98,"4 - INFORMATIONS
CORNER","VOTRE CORNER ACTUEL :
OFFRE F&B",FOURNISSEUR,4_informations_corner_votre_corner_actuel_offre_f_b_fournisseur,categorical,,d_recap_corner_votre_corner_actuel_offre_f_b_fournisseur
ibis-budget-nice,NICE,99,"4 - INFORMATIONS
CORNER","VOTRE CORNER ACTUEL :
OFFRE NON-F&B",LISTE DES PRODUITS NON-F&B,4_informations_corner_votre_corner_actuel_offre_non_f_b_liste_des_produits_non_f,categorical,0,d_recap_corner_votre_corner_actuel_offre_non_f_b_liste_des_produits_non_f
ibis-budget-strasbourg,STRASBOURG,99,"4 - INFORMATIONS
CORNER","VOTRE CORNER ACTUEL :
OFFRE NON-F&B",LISTE DES PRODUITS NON-F&B,4_informations_corner_votre_corner_actuel_offre_non_f_b_liste_des_produits_non_f,categorical,0,d_recap_corner_votre_corner_actuel_offre_non_f_b_liste_des_produits_non_f
ibis-styles-roissy-cdg,PARIS CDG,99,"4 - INFORMATIONS
CORNER","VOTRE CORNER ACTUEL :
OFFRE NON-F&B",LISTE DES PRODUITS NON-F&B,4_informations_corner_votre_corner_actuel_offre_non_f_b_liste_des_produits_non_f,categorical,1,d_recap_corner_votre_corner_actuel_offre_non_f_b_liste_des_produits_non_f
novotel-megeve,MEGEVE,99,"4 - INFORMATIONS
CORNER","VOTRE CORNER ACTUEL :
OFFRE NON-F&B",LISTE DES PRODUITS NON-F&B,4_informations_corner_votre_corner_actuel_offre_non_f_b_liste_des_produits_non_f,categorical,1,d_recap_corner_votre_corner_actuel_offre_non_f_b_liste_des_produits_non_f
novotel-paris-tour-eiffel,TOUR EIFFEL,99,"4 - INFORMATIONS
CORNER","VOTRE CORNER ACTUEL :
OFFRE NON-F&B",LISTE DES PRODUITS NON-F&B,4_informations_corner_votre_corner_actuel_offre_non_f_b_liste_des_produits_non_f,categorical,0,d_recap_corner_votre_corner_actuel_offre_non_f_b_liste_des_produits_non_f
mercure-montmartre,MONTMARTRE,99,"4 - INFORMATIONS
CORNER","VOTRE CORNER ACTUEL :
OFFRE NON-F&B",LISTE DES PRODUITS NON-F&B,4_informations_corner_votre_corner_actuel_offre_non_f_b_liste_des_produits_non_f,categorical,0,d_recap_corner_votre_corner_actuel_offre_non_f_b_liste_des_produits_non_f
mercure-boulogne,BOULOGNE,99,"4 - INFORMATIONS
CORNER","VOTRE CORNER ACTUEL :
OFFRE NON-F&B",LISTE DES PRODUITS NON-F&B,4_informations_corner_votre_corner_actuel_offre_non_f_b_liste_des_produits_non_f,categorical,0,d_recap_corner_votre_corner_actuel_offre_non_f_b_liste_des_produits_non_f
ibis-budget-nice,NICE,104,"4 - INFORMATIONS
CORNER","VOTRE CORNER ACTUEL :
OFFRE NON-F&B",CANAUX DE VENTE,4_informations_corner_votre_corner_actuel_offre_non_f_b_canaux_de_vente,categorical,,d_recap_corner_votre_corner_actuel_offre_non_f_b_canaux_de_vente
ibis-budget-strasbourg,STRASBOURG,104,"4 - INFORMATIONS
CORNER","VOTRE CORNER ACTUEL :
OFFRE NON-F&B",CANAUX DE VENTE,4_informations_corner_votre_corner_actuel_offre_non_f_b_canaux_de_vente,categorical,,d_recap_corner_votre_corner_actuel_offre_non_f_b_canaux_de_vente
ibis-styles-roissy-cdg,PARIS CDG,104,"4 - INFORMATIONS
CORNER","VOTRE CORNER ACTUEL :
OFFRE NON-F&B",CANAUX DE VENTE,4_informations_corner_votre_corner_actuel_offre_non_f_b_canaux_de_vente,categorical,,d_recap_corner_votre_corner_actuel_offre_non_f_b_canaux_de_vente
novotel-megeve,MEGEVE,104,"4 - INFORMATIONS
CORNER","VOTRE CORNER ACTUEL :
OFFRE NON-F&B",CANAUX DE VENTE,4_informations_corner_votre_corner_actuel_offre_non_f_b_canaux_de_vente,categorical,,d_recap_corner_votre_corner_actuel_offre_non_f_b_canaux_de_vente
novotel-paris-tour-eiffel,TOUR EIFFEL,104,"4 - INFORMATIONS
CORNER","VOTRE CORNER ACTUEL :
OFFRE NON-F&B",CANAUX DE VENTE,4_informations_corner_votre_corner_actuel_offre_non_f_b_canaux_de_vente,categorical,,d_recap_corner_votre_corner_actuel_offre_non_f_b_canaux_de_vente
mercure-montmartre,MONTMARTRE,104,"4 - INFORMATIONS
CORNER","VOTRE CORNER ACTUEL :
OFFRE NON-F&B",CANAUX DE VENTE,4_informations_corner_votre_corner_actuel_offre_non_f_b_canaux_de_vente,categorical,,d_recap_corner_votre_corner_actuel_offre_non_f_b_canaux_de_vente
mercure-boulogne,BOULOGNE,104,"4 - INFORMATIONS
CORNER","VOTRE CORNER ACTUEL :
OFFRE NON-F&B",CANAUX DE VENTE,4_informations_corner_votre_corner_actuel_offre_non_f_b_canaux_de_vente,categorical,,d_recap_corner_votre_corner_actuel_offre_non_f_b_canaux_de_vente
ibis-budget-nice,NICE,105,"4 - INFORMATIONS
CORNER","VOTRE CORNER ACTUEL :
OFFRE NON-F&B",RÉCEPTION,4_informations_corner_votre_corner_actuel_offre_non_f_b_reception,boolean,0,d_recap_corner_votre_corner_actuel_offre_non_f_b_reception
ibis-budget-strasbourg,STRASBOURG,105,"4 - INFORMATIONS
CORNER","VOTRE CORNER ACTUEL :
OFFRE NON-F&B",RÉCEPTION,4_informations_corner_votre_corner_actuel_offre_non_f_b_reception,boolean,1,d_recap_corner_votre_corner_actuel_offre_non_f_b_reception
ibis-styles-roissy-cdg,PARIS CDG,105,"4 - INFORMATIONS
CORNER","VOTRE CORNER ACTUEL :
OFFRE NON-F&B",RÉCEPTION,4_informations_corner_votre_corner_actuel_offre_non_f_b_reception,boolean,1,d_recap_corner_votre_corner_actuel_offre_non_f_b_reception
novotel-megeve,MEGEVE,105,"4 - INFORMATIONS
CORNER","VOTRE CORNER ACTUEL :
OFFRE NON-F&B",RÉCEPTION,4_informations_corner_votre_corner_actuel_offre_non_f_b_reception,boolean,1,d_recap_corner_votre_corner_actuel_offre_non_f_b_reception
novotel-paris-tour-eiffel,TOUR EIFFEL,105,"4 - INFORMATIONS
CORNER","VOTRE CORNER ACTUEL :
OFFRE NON-F&B",RÉCEPTION,4_informations_corner_votre_corner_actuel_offre_non_f_b_reception,boolean,0,d_recap_corner_votre_corner_actuel_offre_non_f_b_reception
mercure-montmartre,MONTMARTRE,105,"4 - INFORMATIONS
CORNER","VOTRE CORNER ACTUEL :
OFFRE NON-F&B",RÉCEPTION,4_informations_corner_votre_corner_actuel_offre_non_f_b_reception,boolean,1,d_recap_corner_votre_corner_actuel_offre_non_f_b_reception
mercure-boulogne,BOULOGNE,105,"4 - INFORMATIONS
CORNER","VOTRE CORNER ACTUEL :
OFFRE NON-F&B",RÉCEPTION,4_informations_corner_votre_corner_actuel_offre_non_f_b_reception,boolean,1,d_recap_corner_votre_corner_actuel_offre_non_f_b_reception
ibis-budget-nice,NICE,106,"4 - INFORMATIONS
CORNER","VOTRE CORNER ACTUEL :
OFFRE NON-F&B",DISTRIBUTEUR AUTO.,4_informations_corner_votre_corner_actuel_offre_non_f_b_distributeur_auto,boolean,1,d_recap_corner_votre_corner_actuel_offre_non_f_b_distributeur_auto
ibis-budget-strasbourg,STRASBOURG,106,"4 - INFORMATIONS
CORNER","VOTRE CORNER ACTUEL :
OFFRE NON-F&B",DISTRIBUTEUR AUTO.,4_informations_corner_votre_corner_actuel_offre_non_f_b_distributeur_auto,boolean,1,d_recap_corner_votre_corner_actuel_offre_non_f_b_distributeur_auto
ibis-styles-roissy-cdg,PARIS CDG,106,"4 - INFORMATIONS
CORNER","VOTRE CORNER ACTUEL :
OFFRE NON-F&B",DISTRIBUTEUR AUTO.,4_informations_corner_votre_corner_actuel_offre_non_f_b_distributeur_auto,boolean,1,d_recap_corner_votre_corner_actuel_offre_non_f_b_distributeur_auto
novotel-megeve,MEGEVE,106,"4 - INFORMATIONS
CORNER","VOTRE CORNER ACTUEL :
OFFRE NON-F&B",DISTRIBUTEUR AUTO.,4_informations_corner_votre_corner_actuel_offre_non_f_b_distributeur_auto,boolean,0,d_recap_corner_votre_corner_actuel_offre_non_f_b_distributeur_auto
novotel-paris-tour-eiffel,TOUR EIFFEL,106,"4 - INFORMATIONS
CORNER","VOTRE CORNER ACTUEL :
OFFRE NON-F&B",DISTRIBUTEUR AUTO.,4_informations_corner_votre_corner_actuel_offre_non_f_b_distributeur_auto,boolean,1,d_recap_corner_votre_corner_actuel_offre_non_f_b_distributeur_auto
mercure-montmartre,MONTMARTRE,106,"4 - INFORMATIONS
CORNER","VOTRE CORNER ACTUEL :
OFFRE NON-F&B",DISTRIBUTEUR AUTO.,4_informations_corner_votre_corner_actuel_offre_non_f_b_distributeur_auto,boolean,0,d_recap_corner_votre_corner_actuel_offre_non_f_b_distributeur_auto
mercure-boulogne,BOULOGNE,106,"4 - INFORMATIONS
CORNER","VOTRE CORNER ACTUEL :
OFFRE NON-F&B",DISTRIBUTEUR AUTO.,4_informations_corner_votre_corner_actuel_offre_non_f_b_distributeur_auto,boolean,0,d_recap_corner_votre_corner_actuel_offre_non_f_b_distributeur_auto
ibis-budget-nice,NICE,107,"4 - INFORMATIONS
CORNER","VOTRE CORNER ACTUEL :
OFFRE NON-F&B",ARMOIRE CONNECTÉE,4_informations_corner_votre_corner_actuel_offre_non_f_b_armoire_connectee,boolean,0,d_recap_corner_votre_corner_actuel_offre_non_f_b_armoire_connectee
ibis-budget-strasbourg,STRASBOURG,107,"4 - INFORMATIONS
CORNER","VOTRE CORNER ACTUEL :
OFFRE NON-F&B",ARMOIRE CONNECTÉE,4_informations_corner_votre_corner_actuel_offre_non_f_b_armoire_connectee,boolean,0,d_recap_corner_votre_corner_actuel_offre_non_f_b_armoire_connectee
ibis-styles-roissy-cdg,PARIS CDG,107,"4 - INFORMATIONS
CORNER","VOTRE CORNER ACTUEL :
OFFRE NON-F&B",ARMOIRE CONNECTÉE,4_informations_corner_votre_corner_actuel_offre_non_f_b_armoire_connectee,boolean,0,d_recap_corner_votre_corner_actuel_offre_non_f_b_armoire_connectee
novotel-megeve,MEGEVE,107,"4 - INFORMATIONS
CORNER","VOTRE CORNER ACTUEL :
OFFRE NON-F&B",ARMOIRE CONNECTÉE,4_informations_corner_votre_corner_actuel_offre_non_f_b_armoire_connectee,boolean,0,d_recap_corner_votre_corner_actuel_offre_non_f_b_armoire_connectee
novotel-paris-tour-eiffel,TOUR EIFFEL,107,"4 - INFORMATIONS
CORNER","VOTRE CORNER ACTUEL :
OFFRE NON-F&B",ARMOIRE CONNECTÉE,4_informations_corner_votre_corner_actuel_offre_non_f_b_armoire_connectee,boolean,0,d_recap_corner_votre_corner_actuel_offre_non_f_b_armoire_connectee
mercure-montmartre,MONTMARTRE,107,"4 - INFORMATIONS
CORNER","VOTRE CORNER ACTUEL :
OFFRE NON-F&B",ARMOIRE CONNECTÉE,4_informations_corner_votre_corner_actuel_offre_non_f_b_armoire_connectee,boolean,0,d_recap_corner_votre_corner_actuel_offre_non_f_b_armoire_connectee
mercure-boulogne,BOULOGNE,107,"4 - INFORMATIONS
CORNER","VOTRE CORNER ACTUEL :
OFFRE NON-F&B",ARMOIRE CONNECTÉE,4_informations_corner_votre_corner_actuel_offre_non_f_b_armoire_connectee,boolean,0,d_recap_corner_votre_corner_actuel_offre_non_f_b_armoire_connectee
ibis-budget-nice,NICE,108,"4 - INFORMATIONS
CORNER","VOTRE CORNER ACTUEL :
OFFRE NON-F&B",CAISSE CODE-BARRES,4_informations_corner_votre_corner_actuel_offre_non_f_b_caisse_code_barres,boolean,0,d_recap_corner_votre_corner_actuel_offre_non_f_b_caisse_code_barres
ibis-budget-strasbourg,STRASBOURG,108,"4 - INFORMATIONS
CORNER","VOTRE CORNER ACTUEL :
OFFRE NON-F&B",CAISSE CODE-BARRES,4_informations_corner_votre_corner_actuel_offre_non_f_b_caisse_code_barres,boolean,0,d_recap_corner_votre_corner_actuel_offre_non_f_b_caisse_code_barres
ibis-styles-roissy-cdg,PARIS CDG,108,"4 - INFORMATIONS
CORNER","VOTRE CORNER ACTUEL :
OFFRE NON-F&B",CAISSE CODE-BARRES,4_informations_corner_votre_corner_actuel_offre_non_f_b_caisse_code_barres,boolean,0,d_recap_corner_votre_corner_actuel_offre_non_f_b_caisse_code_barres
novotel-megeve,MEGEVE,108,"4 - INFORMATIONS
CORNER","VOTRE CORNER ACTUEL :
OFFRE NON-F&B",CAISSE CODE-BARRES,4_informations_corner_votre_corner_actuel_offre_non_f_b_caisse_code_barres,boolean,0,d_recap_corner_votre_corner_actuel_offre_non_f_b_caisse_code_barres
novotel-paris-tour-eiffel,TOUR EIFFEL,108,"4 - INFORMATIONS
CORNER","VOTRE CORNER ACTUEL :
OFFRE NON-F&B",CAISSE CODE-BARRES,4_informations_corner_votre_corner_actuel_offre_non_f_b_caisse_code_barres,boolean,0,d_recap_corner_votre_corner_actuel_offre_non_f_b_caisse_code_barres
mercure-montmartre,MONTMARTRE,108,"4 - INFORMATIONS
CORNER","VOTRE CORNER ACTUEL :
OFFRE NON-F&B",CAISSE CODE-BARRES,4_informations_corner_votre_corner_actuel_offre_non_f_b_caisse_code_barres,boolean,0,d_recap_corner_votre_corner_actuel_offre_non_f_b_caisse_code_barres
mercure-boulogne,BOULOGNE,108,"4 - INFORMATIONS
CORNER","VOTRE CORNER ACTUEL :
OFFRE NON-F&B",CAISSE CODE-BARRES,4_informations_corner_votre_corner_actuel_offre_non_f_b_caisse_code_barres,boolean,0,d_recap_corner_votre_corner_actuel_offre_non_f_b_caisse_code_barres
ibis-budget-nice,NICE,109,"4 - INFORMATIONS
CORNER","VOTRE CORNER ACTUEL :
OFFRE NON-F&B",RÉAPPRO.,4_informations_corner_votre_corner_actuel_offre_non_f_b_reappro,categorical,,d_recap_corner_votre_corner_actuel_offre_non_f_b_reappro
ibis-budget-strasbourg,STRASBOURG,109,"4 - INFORMATIONS
CORNER","VOTRE CORNER ACTUEL :
OFFRE NON-F&B",RÉAPPRO.,4_informations_corner_votre_corner_actuel_offre_non_f_b_reappro,categorical,,d_recap_corner_votre_corner_actuel_offre_non_f_b_reappro
ibis-styles-roissy-cdg,PARIS CDG,109,"4 - INFORMATIONS
CORNER","VOTRE CORNER ACTUEL :
OFFRE NON-F&B",RÉAPPRO.,4_informations_corner_votre_corner_actuel_offre_non_f_b_reappro,categorical,,d_recap_corner_votre_corner_actuel_offre_non_f_b_reappro
novotel-megeve,MEGEVE,109,"4 - INFORMATIONS
CORNER","VOTRE CORNER ACTUEL :
OFFRE NON-F&B",RÉAPPRO.,4_informations_corner_votre_corner_actuel_offre_non_f_b_reappro,categorical,,d_recap_corner_votre_corner_actuel_offre_non_f_b_reappro
novotel-paris-tour-eiffel,TOUR EIFFEL,109,"4 - INFORMATIONS
CORNER","VOTRE CORNER ACTUEL :
OFFRE NON-F&B",RÉAPPRO.,4_informations_corner_votre_corner_actuel_offre_non_f_b_reappro,categorical,,d_recap_corner_votre_corner_actuel_offre_non_f_b_reappro
mercure-montmartre,MONTMARTRE,109,"4 - INFORMATIONS
CORNER","VOTRE CORNER ACTUEL :
OFFRE NON-F&B",RÉAPPRO.,4_informations_corner_votre_corner_actuel_offre_non_f_b_reappro,categorical,,d_recap_corner_votre_corner_actuel_offre_non_f_b_reappro
mercure-boulogne,BOULOGNE,109,"4 - INFORMATIONS
CORNER","VOTRE CORNER ACTUEL :
OFFRE NON-F&B",RÉAPPRO.,4_informations_corner_votre_corner_actuel_offre_non_f_b_reappro,categorical,,d_recap_corner_votre_corner_actuel_offre_non_f_b_reappro
ibis-budget-nice,NICE,110,"4 - INFORMATIONS
CORNER","VOTRE CORNER ACTUEL :
OFFRE NON-F&B",HOTEL STAFF,4_informations_corner_votre_corner_actuel_offre_non_f_b_hotel_staff,categorical,,d_recap_corner_votre_corner_actuel_offre_non_f_b_hotel_staff
ibis-budget-strasbourg,STRASBOURG,110,"4 - INFORMATIONS
CORNER","VOTRE CORNER ACTUEL :
OFFRE NON-F&B",HOTEL STAFF,4_informations_corner_votre_corner_actuel_offre_non_f_b_hotel_staff,categorical,1,d_recap_corner_votre_corner_actuel_offre_non_f_b_hotel_staff
ibis-styles-roissy-cdg,PARIS CDG,110,"4 - INFORMATIONS
CORNER","VOTRE CORNER ACTUEL :
OFFRE NON-F&B",HOTEL STAFF,4_informations_corner_votre_corner_actuel_offre_non_f_b_hotel_staff,categorical,1,d_recap_corner_votre_corner_actuel_offre_non_f_b_hotel_staff
novotel-megeve,MEGEVE,110,"4 - INFORMATIONS
CORNER","VOTRE CORNER ACTUEL :
OFFRE NON-F&B",HOTEL STAFF,4_informations_corner_votre_corner_actuel_offre_non_f_b_hotel_staff,categorical,1,d_recap_corner_votre_corner_actuel_offre_non_f_b_hotel_staff
novotel-paris-tour-eiffel,TOUR EIFFEL,110,"4 - INFORMATIONS
CORNER","VOTRE CORNER ACTUEL :
OFFRE NON-F&B",HOTEL STAFF,4_informations_corner_votre_corner_actuel_offre_non_f_b_hotel_staff,categorical,,d_recap_corner_votre_corner_actuel_offre_non_f_b_hotel_staff
mercure-montmartre,MONTMARTRE,110,"4 - INFORMATIONS
CORNER","VOTRE CORNER ACTUEL :
OFFRE NON-F&B",HOTEL STAFF,4_informations_corner_votre_corner_actuel_offre_non_f_b_hotel_staff,categorical,1,d_recap_corner_votre_corner_actuel_offre_non_f_b_hotel_staff
mercure-boulogne,BOULOGNE,110,"4 - INFORMATIONS
CORNER","VOTRE CORNER ACTUEL :
OFFRE NON-F&B",HOTEL STAFF,4_informations_corner_votre_corner_actuel_offre_non_f_b_hotel_staff,categorical,1,d_recap_corner_votre_corner_actuel_offre_non_f_b_hotel_staff
ibis-budget-nice,NICE,111,"4 - INFORMATIONS
CORNER","VOTRE CORNER ACTUEL :
OFFRE NON-F&B",FOURNISSEUR,4_informations_corner_votre_corner_actuel_offre_non_f_b_fournisseur,categorical,,d_recap_corner_votre_corner_actuel_offre_non_f_b_fournisseur
ibis-budget-strasbourg,STRASBOURG,111,"4 - INFORMATIONS
CORNER","VOTRE CORNER ACTUEL :
OFFRE NON-F&B",FOURNISSEUR,4_informations_corner_votre_corner_actuel_offre_non_f_b_fournisseur,categorical,,d_recap_corner_votre_corner_actuel_offre_non_f_b_fournisseur
ibis-styles-roissy-cdg,PARIS CDG,111,"4 - INFORMATIONS
CORNER","VOTRE CORNER ACTUEL :
OFFRE NON-F&B",FOURNISSEUR,4_informations_corner_votre_corner_actuel_offre_non_f_b_fournisseur,categorical,,d_recap_corner_votre_corner_actuel_offre_non_f_b_fournisseur
novotel-megeve,MEGEVE,111,"4 - INFORMATIONS
CORNER","VOTRE CORNER ACTUEL :
OFFRE NON-F&B",FOURNISSEUR,4_informations_corner_votre_corner_actuel_offre_non_f_b_fournisseur,categorical,,d_recap_corner_votre_corner_actuel_offre_non_f_b_fournisseur
novotel-paris-tour-eiffel,TOUR EIFFEL,111,"4 - INFORMATIONS
CORNER","VOTRE CORNER ACTUEL :
OFFRE NON-F&B",FOURNISSEUR,4_informations_corner_votre_corner_actuel_offre_non_f_b_fournisseur,categorical,,d_recap_corner_votre_corner_actuel_offre_non_f_b_fournisseur
mercure-montmartre,MONTMARTRE,111,"4 - INFORMATIONS
CORNER","VOTRE CORNER ACTUEL :
OFFRE NON-F&B",FOURNISSEUR,4_informations_corner_votre_corner_actuel_offre_non_f_b_fournisseur,categorical,,d_recap_corner_votre_corner_actuel_offre_non_f_b_fournisseur
mercure-boulogne,BOULOGNE,111,"4 - INFORMATIONS
CORNER","VOTRE CORNER ACTUEL :
OFFRE NON-F&B",FOURNISSEUR,4_informations_corner_votre_corner_actuel_offre_non_f_b_fournisseur,categorical,,d_recap_corner_votre_corner_actuel_offre_non_f_b_fournisseur
ibis-budget-nice,NICE,112,"4 - INFORMATIONS
CORNER",CORNER DE VENTE ACTUEL,X% DE MES CLIENTS PASSENT DEVANT CE CORNER,4_informations_corner_corner_de_vente_actuel_xpct_de_mes_clients_passent_devant_,numeric_pct,,d_recap_corner_corner_de_vente_actuel_xpct_de_mes_clients_passent_devant
ibis-budget-strasbourg,STRASBOURG,112,"4 - INFORMATIONS
CORNER",CORNER DE VENTE ACTUEL,X% DE MES CLIENTS PASSENT DEVANT CE CORNER,4_informations_corner_corner_de_vente_actuel_xpct_de_mes_clients_passent_devant_,numeric_pct,,d_recap_corner_corner_de_vente_actuel_xpct_de_mes_clients_passent_devant
ibis-styles-roissy-cdg,PARIS CDG,112,"4 - INFORMATIONS
CORNER",CORNER DE VENTE ACTUEL,X% DE MES CLIENTS PASSENT DEVANT CE CORNER,4_informations_corner_corner_de_vente_actuel_xpct_de_mes_clients_passent_devant_,numeric_pct,,d_recap_corner_corner_de_vente_actuel_xpct_de_mes_clients_passent_devant
novotel-megeve,MEGEVE,112,"4 - INFORMATIONS
CORNER",CORNER DE VENTE ACTUEL,X% DE MES CLIENTS PASSENT DEVANT CE CORNER,4_informations_corner_corner_de_vente_actuel_xpct_de_mes_clients_passent_devant_,numeric_pct,,d_recap_corner_corner_de_vente_actuel_xpct_de_mes_clients_passent_devant
novotel-paris-tour-eiffel,TOUR EIFFEL,112,"4 - INFORMATIONS
CORNER",CORNER DE VENTE ACTUEL,X% DE MES CLIENTS PASSENT DEVANT CE CORNER,4_informations_corner_corner_de_vente_actuel_xpct_de_mes_clients_passent_devant_,numeric_pct,,d_recap_corner_corner_de_vente_actuel_xpct_de_mes_clients_passent_devant
mercure-montmartre,MONTMARTRE,112,"4 - INFORMATIONS
CORNER",CORNER DE VENTE ACTUEL,X% DE MES CLIENTS PASSENT DEVANT CE CORNER,4_informations_corner_corner_de_vente_actuel_xpct_de_mes_clients_passent_devant_,numeric_pct,,d_recap_corner_corner_de_vente_actuel_xpct_de_mes_clients_passent_devant
mercure-boulogne,BOULOGNE,112,"4 - INFORMATIONS
CORNER",CORNER DE VENTE ACTUEL,X% DE MES CLIENTS PASSENT DEVANT CE CORNER,4_informations_corner_corner_de_vente_actuel_xpct_de_mes_clients_passent_devant_,numeric_pct,,d_recap_corner_corner_de_vente_actuel_xpct_de_mes_clients_passent_devant
ibis-budget-nice,NICE,113,"4 - INFORMATIONS
CORNER",CORNER DE VENTE ACTUEL,MÈTRES LINÉAIRES (ESTIMATION),4_informations_corner_corner_de_vente_actuel_metres_lineaires_estimation,numeric,3.0,d_recap_corner_corner_de_vente_actuel_metres_lineaires_estimation
ibis-budget-strasbourg,STRASBOURG,113,"4 - INFORMATIONS
CORNER",CORNER DE VENTE ACTUEL,MÈTRES LINÉAIRES (ESTIMATION),4_informations_corner_corner_de_vente_actuel_metres_lineaires_estimation,numeric,2.0,d_recap_corner_corner_de_vente_actuel_metres_lineaires_estimation
ibis-styles-roissy-cdg,PARIS CDG,113,"4 - INFORMATIONS
CORNER",CORNER DE VENTE ACTUEL,MÈTRES LINÉAIRES (ESTIMATION),4_informations_corner_corner_de_vente_actuel_metres_lineaires_estimation,numeric,,d_recap_corner_corner_de_vente_actuel_metres_lineaires_estimation
novotel-megeve,MEGEVE,113,"4 - INFORMATIONS
CORNER",CORNER DE VENTE ACTUEL,MÈTRES LINÉAIRES (ESTIMATION),4_informations_corner_corner_de_vente_actuel_metres_lineaires_estimation,numeric,,d_recap_corner_corner_de_vente_actuel_metres_lineaires_estimation
novotel-paris-tour-eiffel,TOUR EIFFEL,113,"4 - INFORMATIONS
CORNER",CORNER DE VENTE ACTUEL,MÈTRES LINÉAIRES (ESTIMATION),4_informations_corner_corner_de_vente_actuel_metres_lineaires_estimation,numeric,,d_recap_corner_corner_de_vente_actuel_metres_lineaires_estimation
mercure-montmartre,MONTMARTRE,113,"4 - INFORMATIONS
CORNER",CORNER DE VENTE ACTUEL,MÈTRES LINÉAIRES (ESTIMATION),4_informations_corner_corner_de_vente_actuel_metres_lineaires_estimation,numeric,,d_recap_corner_corner_de_vente_actuel_metres_lineaires_estimation
mercure-boulogne,BOULOGNE,113,"4 - INFORMATIONS
CORNER",CORNER DE VENTE ACTUEL,MÈTRES LINÉAIRES (ESTIMATION),4_informations_corner_corner_de_vente_actuel_metres_lineaires_estimation,numeric,,d_recap_corner_corner_de_vente_actuel_metres_lineaires_estimation
ibis-budget-nice,NICE,114,"4 - INFORMATIONS
CORNER",CORNER DE VENTE ACTUEL,MÈTRES CARRÉS (ESTIMATION),4_informations_corner_corner_de_vente_actuel_metres_carres_estimation,numeric,6.0,d_recap_corner_corner_de_vente_actuel_metres_carres_estimation
ibis-budget-strasbourg,STRASBOURG,114,"4 - INFORMATIONS
CORNER",CORNER DE VENTE ACTUEL,MÈTRES CARRÉS (ESTIMATION),4_informations_corner_corner_de_vente_actuel_metres_carres_estimation,numeric,2.0,d_recap_corner_corner_de_vente_actuel_metres_carres_estimation
ibis-styles-roissy-cdg,PARIS CDG,114,"4 - INFORMATIONS
CORNER",CORNER DE VENTE ACTUEL,MÈTRES CARRÉS (ESTIMATION),4_informations_corner_corner_de_vente_actuel_metres_carres_estimation,numeric,,d_recap_corner_corner_de_vente_actuel_metres_carres_estimation
novotel-megeve,MEGEVE,114,"4 - INFORMATIONS
CORNER",CORNER DE VENTE ACTUEL,MÈTRES CARRÉS (ESTIMATION),4_informations_corner_corner_de_vente_actuel_metres_carres_estimation,numeric,,d_recap_corner_corner_de_vente_actuel_metres_carres_estimation
novotel-paris-tour-eiffel,TOUR EIFFEL,114,"4 - INFORMATIONS
CORNER",CORNER DE VENTE ACTUEL,MÈTRES CARRÉS (ESTIMATION),4_informations_corner_corner_de_vente_actuel_metres_carres_estimation,numeric,,d_recap_corner_corner_de_vente_actuel_metres_carres_estimation
mercure-montmartre,MONTMARTRE,114,"4 - INFORMATIONS
CORNER",CORNER DE VENTE ACTUEL,MÈTRES CARRÉS (ESTIMATION),4_informations_corner_corner_de_vente_actuel_metres_carres_estimation,numeric,,d_recap_corner_corner_de_vente_actuel_metres_carres_estimation
mercure-boulogne,BOULOGNE,114,"4 - INFORMATIONS
CORNER",CORNER DE VENTE ACTUEL,MÈTRES CARRÉS (ESTIMATION),4_informations_corner_corner_de_vente_actuel_metres_carres_estimation,numeric,,d_recap_corner_corner_de_vente_actuel_metres_carres_estimation
ibis-budget-nice,NICE,115,"4 - INFORMATIONS
CORNER",ÉQUIPEMENTS DISPONIBLES,WIFI,4_informations_corner_equipements_disponibles_wifi,categorical,,d_recap_corner_equipements_disponibles_wifi
ibis-budget-strasbourg,STRASBOURG,115,"4 - INFORMATIONS
CORNER",ÉQUIPEMENTS DISPONIBLES,WIFI,4_informations_corner_equipements_disponibles_wifi,categorical,,d_recap_corner_equipements_disponibles_wifi
ibis-styles-roissy-cdg,PARIS CDG,115,"4 - INFORMATIONS
CORNER",ÉQUIPEMENTS DISPONIBLES,WIFI,4_informations_corner_equipements_disponibles_wifi,categorical,,d_recap_corner_equipements_disponibles_wifi
novotel-megeve,MEGEVE,115,"4 - INFORMATIONS
CORNER",ÉQUIPEMENTS DISPONIBLES,WIFI,4_informations_corner_equipements_disponibles_wifi,categorical,,d_recap_corner_equipements_disponibles_wifi
novotel-paris-tour-eiffel,TOUR EIFFEL,115,"4 - INFORMATIONS
CORNER",ÉQUIPEMENTS DISPONIBLES,WIFI,4_informations_corner_equipements_disponibles_wifi,categorical,,d_recap_corner_equipements_disponibles_wifi
mercure-montmartre,MONTMARTRE,115,"4 - INFORMATIONS
CORNER",ÉQUIPEMENTS DISPONIBLES,WIFI,4_informations_corner_equipements_disponibles_wifi,categorical,,d_recap_corner_equipements_disponibles_wifi
mercure-boulogne,BOULOGNE,115,"4 - INFORMATIONS
CORNER",ÉQUIPEMENTS DISPONIBLES,WIFI,4_informations_corner_equipements_disponibles_wifi,categorical,,d_recap_corner_equipements_disponibles_wifi
ibis-budget-nice,NICE,116,"4 - INFORMATIONS
CORNER",ÉQUIPEMENTS DISPONIBLES,INTERNET FILAIRE (PRISE RJ45),4_informations_corner_equipements_disponibles_internet_filaire_prise_rj45,categorical,,d_recap_corner_equipements_disponibles_internet_filaire_prise_rj45
ibis-budget-strasbourg,STRASBOURG,116,"4 - INFORMATIONS
CORNER",ÉQUIPEMENTS DISPONIBLES,INTERNET FILAIRE (PRISE RJ45),4_informations_corner_equipements_disponibles_internet_filaire_prise_rj45,categorical,,d_recap_corner_equipements_disponibles_internet_filaire_prise_rj45
ibis-styles-roissy-cdg,PARIS CDG,116,"4 - INFORMATIONS
CORNER",ÉQUIPEMENTS DISPONIBLES,INTERNET FILAIRE (PRISE RJ45),4_informations_corner_equipements_disponibles_internet_filaire_prise_rj45,categorical,,d_recap_corner_equipements_disponibles_internet_filaire_prise_rj45
novotel-megeve,MEGEVE,116,"4 - INFORMATIONS
CORNER",ÉQUIPEMENTS DISPONIBLES,INTERNET FILAIRE (PRISE RJ45),4_informations_corner_equipements_disponibles_internet_filaire_prise_rj45,categorical,,d_recap_corner_equipements_disponibles_internet_filaire_prise_rj45
novotel-paris-tour-eiffel,TOUR EIFFEL,116,"4 - INFORMATIONS
CORNER",ÉQUIPEMENTS DISPONIBLES,INTERNET FILAIRE (PRISE RJ45),4_informations_corner_equipements_disponibles_internet_filaire_prise_rj45,categorical,,d_recap_corner_equipements_disponibles_internet_filaire_prise_rj45
mercure-montmartre,MONTMARTRE,116,"4 - INFORMATIONS
CORNER",ÉQUIPEMENTS DISPONIBLES,INTERNET FILAIRE (PRISE RJ45),4_informations_corner_equipements_disponibles_internet_filaire_prise_rj45,categorical,,d_recap_corner_equipements_disponibles_internet_filaire_prise_rj45
mercure-boulogne,BOULOGNE,116,"4 - INFORMATIONS
CORNER",ÉQUIPEMENTS DISPONIBLES,INTERNET FILAIRE (PRISE RJ45),4_informations_corner_equipements_disponibles_internet_filaire_prise_rj45,categorical,,d_recap_corner_equipements_disponibles_internet_filaire_prise_rj45
ibis-budget-nice,NICE,117,"4 - INFORMATIONS
CORNER",ÉQUIPEMENTS DISPONIBLES,ALIMENTATION ÉLECTRIQUE,4_informations_corner_equipements_disponibles_alimentation_electrique,categorical,,d_recap_corner_equipements_disponibles_alimentation_electrique
ibis-budget-strasbourg,STRASBOURG,117,"4 - INFORMATIONS
CORNER",ÉQUIPEMENTS DISPONIBLES,ALIMENTATION ÉLECTRIQUE,4_informations_corner_equipements_disponibles_alimentation_electrique,categorical,,d_recap_corner_equipements_disponibles_alimentation_electrique
ibis-styles-roissy-cdg,PARIS CDG,117,"4 - INFORMATIONS
CORNER",ÉQUIPEMENTS DISPONIBLES,ALIMENTATION ÉLECTRIQUE,4_informations_corner_equipements_disponibles_alimentation_electrique,categorical,,d_recap_corner_equipements_disponibles_alimentation_electrique
novotel-megeve,MEGEVE,117,"4 - INFORMATIONS
CORNER",ÉQUIPEMENTS DISPONIBLES,ALIMENTATION ÉLECTRIQUE,4_informations_corner_equipements_disponibles_alimentation_electrique,categorical,,d_recap_corner_equipements_disponibles_alimentation_electrique
novotel-paris-tour-eiffel,TOUR EIFFEL,117,"4 - INFORMATIONS
CORNER",ÉQUIPEMENTS DISPONIBLES,ALIMENTATION ÉLECTRIQUE,4_informations_corner_equipements_disponibles_alimentation_electrique,categorical,,d_recap_corner_equipements_disponibles_alimentation_electrique
mercure-montmartre,MONTMARTRE,117,"4 - INFORMATIONS
CORNER",ÉQUIPEMENTS DISPONIBLES,ALIMENTATION ÉLECTRIQUE,4_informations_corner_equipements_disponibles_alimentation_electrique,categorical,,d_recap_corner_equipements_disponibles_alimentation_electrique
mercure-boulogne,BOULOGNE,117,"4 - INFORMATIONS
CORNER",ÉQUIPEMENTS DISPONIBLES,ALIMENTATION ÉLECTRIQUE,4_informations_corner_equipements_disponibles_alimentation_electrique,categorical,,d_recap_corner_equipements_disponibles_alimentation_electrique
ibis-budget-nice,NICE,118,"4 - INFORMATIONS
CORNER",ÉQUIPEMENTS DISPONIBLES,VIDÉOSURVEILLANCE,4_informations_corner_equipements_disponibles_videosurveillance,categorical,,d_recap_corner_equipements_disponibles_videosurveillance
ibis-budget-strasbourg,STRASBOURG,118,"4 - INFORMATIONS
CORNER",ÉQUIPEMENTS DISPONIBLES,VIDÉOSURVEILLANCE,4_informations_corner_equipements_disponibles_videosurveillance,categorical,,d_recap_corner_equipements_disponibles_videosurveillance
ibis-styles-roissy-cdg,PARIS CDG,118,"4 - INFORMATIONS
CORNER",ÉQUIPEMENTS DISPONIBLES,VIDÉOSURVEILLANCE,4_informations_corner_equipements_disponibles_videosurveillance,categorical,,d_recap_corner_equipements_disponibles_videosurveillance
novotel-megeve,MEGEVE,118,"4 - INFORMATIONS
CORNER",ÉQUIPEMENTS DISPONIBLES,VIDÉOSURVEILLANCE,4_informations_corner_equipements_disponibles_videosurveillance,categorical,,d_recap_corner_equipements_disponibles_videosurveillance
novotel-paris-tour-eiffel,TOUR EIFFEL,118,"4 - INFORMATIONS
CORNER",ÉQUIPEMENTS DISPONIBLES,VIDÉOSURVEILLANCE,4_informations_corner_equipements_disponibles_videosurveillance,categorical,,d_recap_corner_equipements_disponibles_videosurveillance
mercure-montmartre,MONTMARTRE,118,"4 - INFORMATIONS
CORNER",ÉQUIPEMENTS DISPONIBLES,VIDÉOSURVEILLANCE,4_informations_corner_equipements_disponibles_videosurveillance,categorical,,d_recap_corner_equipements_disponibles_videosurveillance
mercure-boulogne,BOULOGNE,118,"4 - INFORMATIONS
CORNER",ÉQUIPEMENTS DISPONIBLES,VIDÉOSURVEILLANCE,4_informations_corner_equipements_disponibles_videosurveillance,categorical,,d_recap_corner_equipements_disponibles_videosurveillance
ibis-budget-nice,NICE,119,"4 - INFORMATIONS
CORNER",AUTRE EMPLACEMENT DISPO ?,X% DE MES CLIENTS PASSENT DEVANT CET EMPLACEMENT,4_informations_corner_autre_emplacement_dispo_xpct_de_mes_clients_passent_devant,numeric_pct,,d_recap_corner_autre_emplacement_dispo_xpct_de_mes_clients_passent_devant
ibis-budget-strasbourg,STRASBOURG,119,"4 - INFORMATIONS
CORNER",AUTRE EMPLACEMENT DISPO ?,X% DE MES CLIENTS PASSENT DEVANT CET EMPLACEMENT,4_informations_corner_autre_emplacement_dispo_xpct_de_mes_clients_passent_devant,numeric_pct,100.0,d_recap_corner_autre_emplacement_dispo_xpct_de_mes_clients_passent_devant
ibis-styles-roissy-cdg,PARIS CDG,119,"4 - INFORMATIONS
CORNER",AUTRE EMPLACEMENT DISPO ?,X% DE MES CLIENTS PASSENT DEVANT CET EMPLACEMENT,4_informations_corner_autre_emplacement_dispo_xpct_de_mes_clients_passent_devant,numeric_pct,,d_recap_corner_autre_emplacement_dispo_xpct_de_mes_clients_passent_devant
novotel-megeve,MEGEVE,119,"4 - INFORMATIONS
CORNER",AUTRE EMPLACEMENT DISPO ?,X% DE MES CLIENTS PASSENT DEVANT CET EMPLACEMENT,4_informations_corner_autre_emplacement_dispo_xpct_de_mes_clients_passent_devant,numeric_pct,,d_recap_corner_autre_emplacement_dispo_xpct_de_mes_clients_passent_devant
novotel-paris-tour-eiffel,TOUR EIFFEL,119,"4 - INFORMATIONS
CORNER",AUTRE EMPLACEMENT DISPO ?,X% DE MES CLIENTS PASSENT DEVANT CET EMPLACEMENT,4_informations_corner_autre_emplacement_dispo_xpct_de_mes_clients_passent_devant,numeric_pct,,d_recap_corner_autre_emplacement_dispo_xpct_de_mes_clients_passent_devant
mercure-montmartre,MONTMARTRE,119,"4 - INFORMATIONS
CORNER",AUTRE EMPLACEMENT DISPO ?,X% DE MES CLIENTS PASSENT DEVANT CET EMPLACEMENT,4_informations_corner_autre_emplacement_dispo_xpct_de_mes_clients_passent_devant,numeric_pct,,d_recap_corner_autre_emplacement_dispo_xpct_de_mes_clients_passent_devant
mercure-boulogne,BOULOGNE,119,"4 - INFORMATIONS
CORNER",AUTRE EMPLACEMENT DISPO ?,X% DE MES CLIENTS PASSENT DEVANT CET EMPLACEMENT,4_informations_corner_autre_emplacement_dispo_xpct_de_mes_clients_passent_devant,numeric_pct,,d_recap_corner_autre_emplacement_dispo_xpct_de_mes_clients_passent_devant
ibis-budget-nice,NICE,120,"4 - INFORMATIONS
CORNER",AUTRE EMPLACEMENT DISPO ?,MÈTRES LINÉAIRES (ESTIMATION),4_informations_corner_autre_emplacement_dispo_metres_lineaires_estimation,numeric,,d_recap_corner_autre_emplacement_dispo_metres_lineaires_estimation
ibis-budget-strasbourg,STRASBOURG,120,"4 - INFORMATIONS
CORNER",AUTRE EMPLACEMENT DISPO ?,MÈTRES LINÉAIRES (ESTIMATION),4_informations_corner_autre_emplacement_dispo_metres_lineaires_estimation,numeric,3.0,d_recap_corner_autre_emplacement_dispo_metres_lineaires_estimation
ibis-styles-roissy-cdg,PARIS CDG,120,"4 - INFORMATIONS
CORNER",AUTRE EMPLACEMENT DISPO ?,MÈTRES LINÉAIRES (ESTIMATION),4_informations_corner_autre_emplacement_dispo_metres_lineaires_estimation,numeric,,d_recap_corner_autre_emplacement_dispo_metres_lineaires_estimation
novotel-megeve,MEGEVE,120,"4 - INFORMATIONS
CORNER",AUTRE EMPLACEMENT DISPO ?,MÈTRES LINÉAIRES (ESTIMATION),4_informations_corner_autre_emplacement_dispo_metres_lineaires_estimation,numeric,,d_recap_corner_autre_emplacement_dispo_metres_lineaires_estimation
novotel-paris-tour-eiffel,TOUR EIFFEL,120,"4 - INFORMATIONS
CORNER",AUTRE EMPLACEMENT DISPO ?,MÈTRES LINÉAIRES (ESTIMATION),4_informations_corner_autre_emplacement_dispo_metres_lineaires_estimation,numeric,,d_recap_corner_autre_emplacement_dispo_metres_lineaires_estimation
mercure-montmartre,MONTMARTRE,120,"4 - INFORMATIONS
CORNER",AUTRE EMPLACEMENT DISPO ?,MÈTRES LINÉAIRES (ESTIMATION),4_informations_corner_autre_emplacement_dispo_metres_lineaires_estimation,numeric,,d_recap_corner_autre_emplacement_dispo_metres_lineaires_estimation
mercure-boulogne,BOULOGNE,120,"4 - INFORMATIONS
CORNER",AUTRE EMPLACEMENT DISPO ?,MÈTRES LINÉAIRES (ESTIMATION),4_informations_corner_autre_emplacement_dispo_metres_lineaires_estimation,numeric,,d_recap_corner_autre_emplacement_dispo_metres_lineaires_estimation
ibis-budget-nice,NICE,121,"4 - INFORMATIONS
CORNER",AUTRE EMPLACEMENT DISPO ?,MÈTRES CARRÉS (ESTIMATION),4_informations_corner_autre_emplacement_dispo_metres_carres_estimation,numeric,,d_recap_corner_autre_emplacement_dispo_metres_carres_estimation
ibis-budget-strasbourg,STRASBOURG,121,"4 - INFORMATIONS
CORNER",AUTRE EMPLACEMENT DISPO ?,MÈTRES CARRÉS (ESTIMATION),4_informations_corner_autre_emplacement_dispo_metres_carres_estimation,numeric,3.0,d_recap_corner_autre_emplacement_dispo_metres_carres_estimation
ibis-styles-roissy-cdg,PARIS CDG,121,"4 - INFORMATIONS
CORNER",AUTRE EMPLACEMENT DISPO ?,MÈTRES CARRÉS (ESTIMATION),4_informations_corner_autre_emplacement_dispo_metres_carres_estimation,numeric,,d_recap_corner_autre_emplacement_dispo_metres_carres_estimation
novotel-megeve,MEGEVE,121,"4 - INFORMATIONS
CORNER",AUTRE EMPLACEMENT DISPO ?,MÈTRES CARRÉS (ESTIMATION),4_informations_corner_autre_emplacement_dispo_metres_carres_estimation,numeric,,d_recap_corner_autre_emplacement_dispo_metres_carres_estimation
novotel-paris-tour-eiffel,TOUR EIFFEL,121,"4 - INFORMATIONS
CORNER",AUTRE EMPLACEMENT DISPO ?,MÈTRES CARRÉS (ESTIMATION),4_informations_corner_autre_emplacement_dispo_metres_carres_estimation,numeric,,d_recap_corner_autre_emplacement_dispo_metres_carres_estimation
mercure-montmartre,MONTMARTRE,121,"4 - INFORMATIONS
CORNER",AUTRE EMPLACEMENT DISPO ?,MÈTRES CARRÉS (ESTIMATION),4_informations_corner_autre_emplacement_dispo_metres_carres_estimation,numeric,,d_recap_corner_autre_emplacement_dispo_metres_carres_estimation
mercure-boulogne,BOULOGNE,121,"4 - INFORMATIONS
CORNER",AUTRE EMPLACEMENT DISPO ?,MÈTRES CARRÉS (ESTIMATION),4_informations_corner_autre_emplacement_dispo_metres_carres_estimation,numeric,,d_recap_corner_autre_emplacement_dispo_metres_carres_estimation
ibis-budget-nice,NICE,122,"4 - INFORMATIONS
CORNER",ÉQUIPEMENTS DISPONIBLES,WIFI,4_informations_corner_equipements_disponibles_wifi,categorical,,d_recap_corner_equipements_disponibles_wifi_r122
ibis-budget-strasbourg,STRASBOURG,122,"4 - INFORMATIONS
CORNER",ÉQUIPEMENTS DISPONIBLES,WIFI,4_informations_corner_equipements_disponibles_wifi,categorical,1,d_recap_corner_equipements_disponibles_wifi_r122
ibis-styles-roissy-cdg,PARIS CDG,122,"4 - INFORMATIONS
CORNER",ÉQUIPEMENTS DISPONIBLES,WIFI,4_informations_corner_equipements_disponibles_wifi,categorical,,d_recap_corner_equipements_disponibles_wifi_r122
novotel-megeve,MEGEVE,122,"4 - INFORMATIONS
CORNER",ÉQUIPEMENTS DISPONIBLES,WIFI,4_informations_corner_equipements_disponibles_wifi,categorical,,d_recap_corner_equipements_disponibles_wifi_r122
novotel-paris-tour-eiffel,TOUR EIFFEL,122,"4 - INFORMATIONS
CORNER",ÉQUIPEMENTS DISPONIBLES,WIFI,4_informations_corner_equipements_disponibles_wifi,categorical,,d_recap_corner_equipements_disponibles_wifi_r122
mercure-montmartre,MONTMARTRE,122,"4 - INFORMATIONS
CORNER",ÉQUIPEMENTS DISPONIBLES,WIFI,4_informations_corner_equipements_disponibles_wifi,categorical,,d_recap_corner_equipements_disponibles_wifi_r122
mercure-boulogne,BOULOGNE,122,"4 - INFORMATIONS
CORNER",ÉQUIPEMENTS DISPONIBLES,WIFI,4_informations_corner_equipements_disponibles_wifi,categorical,,d_recap_corner_equipements_disponibles_wifi_r122
ibis-budget-nice,NICE,123,"4 - INFORMATIONS
CORNER",ÉQUIPEMENTS DISPONIBLES,INTERNET FILAIRE (PRISE RJ45),4_informations_corner_equipements_disponibles_internet_filaire_prise_rj45,categorical,,d_recap_corner_equipements_disponibles_internet_filaire_prise_rj45_r123
ibis-budget-strasbourg,STRASBOURG,123,"4 - INFORMATIONS
CORNER",ÉQUIPEMENTS DISPONIBLES,INTERNET FILAIRE (PRISE RJ45),4_informations_corner_equipements_disponibles_internet_filaire_prise_rj45,categorical,1,d_recap_corner_equipements_disponibles_internet_filaire_prise_rj45_r123
ibis-styles-roissy-cdg,PARIS CDG,123,"4 - INFORMATIONS
CORNER",ÉQUIPEMENTS DISPONIBLES,INTERNET FILAIRE (PRISE RJ45),4_informations_corner_equipements_disponibles_internet_filaire_prise_rj45,categorical,,d_recap_corner_equipements_disponibles_internet_filaire_prise_rj45_r123
novotel-megeve,MEGEVE,123,"4 - INFORMATIONS
CORNER",ÉQUIPEMENTS DISPONIBLES,INTERNET FILAIRE (PRISE RJ45),4_informations_corner_equipements_disponibles_internet_filaire_prise_rj45,categorical,,d_recap_corner_equipements_disponibles_internet_filaire_prise_rj45_r123
novotel-paris-tour-eiffel,TOUR EIFFEL,123,"4 - INFORMATIONS
CORNER",ÉQUIPEMENTS DISPONIBLES,INTERNET FILAIRE (PRISE RJ45),4_informations_corner_equipements_disponibles_internet_filaire_prise_rj45,categorical,,d_recap_corner_equipements_disponibles_internet_filaire_prise_rj45_r123
mercure-montmartre,MONTMARTRE,123,"4 - INFORMATIONS
CORNER",ÉQUIPEMENTS DISPONIBLES,INTERNET FILAIRE (PRISE RJ45),4_informations_corner_equipements_disponibles_internet_filaire_prise_rj45,categorical,,d_recap_corner_equipements_disponibles_internet_filaire_prise_rj45_r123
mercure-boulogne,BOULOGNE,123,"4 - INFORMATIONS
CORNER",ÉQUIPEMENTS DISPONIBLES,INTERNET FILAIRE (PRISE RJ45),4_informations_corner_equipements_disponibles_internet_filaire_prise_rj45,categorical,,d_recap_corner_equipements_disponibles_internet_filaire_prise_rj45_r123
ibis-budget-nice,NICE,124,"4 - INFORMATIONS
CORNER",ÉQUIPEMENTS DISPONIBLES,ALIMENTATION ÉLECTRIQUE,4_informations_corner_equipements_disponibles_alimentation_electrique,categorical,,d_recap_corner_equipements_disponibles_alimentation_electrique_r124
ibis-budget-strasbourg,STRASBOURG,124,"4 - INFORMATIONS
CORNER",ÉQUIPEMENTS DISPONIBLES,ALIMENTATION ÉLECTRIQUE,4_informations_corner_equipements_disponibles_alimentation_electrique,categorical,1,d_recap_corner_equipements_disponibles_alimentation_electrique_r124
ibis-styles-roissy-cdg,PARIS CDG,124,"4 - INFORMATIONS
CORNER",ÉQUIPEMENTS DISPONIBLES,ALIMENTATION ÉLECTRIQUE,4_informations_corner_equipements_disponibles_alimentation_electrique,categorical,,d_recap_corner_equipements_disponibles_alimentation_electrique_r124
novotel-megeve,MEGEVE,124,"4 - INFORMATIONS
CORNER",ÉQUIPEMENTS DISPONIBLES,ALIMENTATION ÉLECTRIQUE,4_informations_corner_equipements_disponibles_alimentation_electrique,categorical,,d_recap_corner_equipements_disponibles_alimentation_electrique_r124
novotel-paris-tour-eiffel,TOUR EIFFEL,124,"4 - INFORMATIONS
CORNER",ÉQUIPEMENTS DISPONIBLES,ALIMENTATION ÉLECTRIQUE,4_informations_corner_equipements_disponibles_alimentation_electrique,categorical,,d_recap_corner_equipements_disponibles_alimentation_electrique_r124
mercure-montmartre,MONTMARTRE,124,"4 - INFORMATIONS
CORNER",ÉQUIPEMENTS DISPONIBLES,ALIMENTATION ÉLECTRIQUE,4_informations_corner_equipements_disponibles_alimentation_electrique,categorical,,d_recap_corner_equipements_disponibles_alimentation_electrique_r124
mercure-boulogne,BOULOGNE,124,"4 - INFORMATIONS
CORNER",ÉQUIPEMENTS DISPONIBLES,ALIMENTATION ÉLECTRIQUE,4_informations_corner_equipements_disponibles_alimentation_electrique,categorical,,d_recap_corner_equipements_disponibles_alimentation_electrique_r124
ibis-budget-nice,NICE,125,"4 - INFORMATIONS
CORNER",ÉQUIPEMENTS DISPONIBLES,VIDÉOSURVEILLANCE,4_informations_corner_equipements_disponibles_videosurveillance,categorical,,d_recap_corner_equipements_disponibles_videosurveillance_r125
ibis-budget-strasbourg,STRASBOURG,125,"4 - INFORMATIONS
CORNER",ÉQUIPEMENTS DISPONIBLES,VIDÉOSURVEILLANCE,4_informations_corner_equipements_disponibles_videosurveillance,categorical,1,d_recap_corner_equipements_disponibles_videosurveillance_r125
ibis-styles-roissy-cdg,PARIS CDG,125,"4 - INFORMATIONS
CORNER",ÉQUIPEMENTS DISPONIBLES,VIDÉOSURVEILLANCE,4_informations_corner_equipements_disponibles_videosurveillance,categorical,,d_recap_corner_equipements_disponibles_videosurveillance_r125
novotel-megeve,MEGEVE,125,"4 - INFORMATIONS
CORNER",ÉQUIPEMENTS DISPONIBLES,VIDÉOSURVEILLANCE,4_informations_corner_equipements_disponibles_videosurveillance,categorical,,d_recap_corner_equipements_disponibles_videosurveillance_r125
novotel-paris-tour-eiffel,TOUR EIFFEL,125,"4 - INFORMATIONS
CORNER",ÉQUIPEMENTS DISPONIBLES,VIDÉOSURVEILLANCE,4_informations_corner_equipements_disponibles_videosurveillance,categorical,,d_recap_corner_equipements_disponibles_videosurveillance_r125
mercure-montmartre,MONTMARTRE,125,"4 - INFORMATIONS
CORNER",ÉQUIPEMENTS DISPONIBLES,VIDÉOSURVEILLANCE,4_informations_corner_equipements_disponibles_videosurveillance,categorical,,d_recap_corner_equipements_disponibles_videosurveillance_r125
mercure-boulogne,BOULOGNE,125,"4 - INFORMATIONS
CORNER",ÉQUIPEMENTS DISPONIBLES,VIDÉOSURVEILLANCE,4_informations_corner_equipements_disponibles_videosurveillance,categorical,,d_recap_corner_equipements_disponibles_videosurveillance_r125
ibis-budget-nice,NICE,126,"5 - SIMULATEUR
DE REVENUS","ECRAN DE CONTRÔLE /
PARAMETRES",NB. DE CHAMBRES,5_simulateur_de_revenus_ecran_de_controle_parametres_nb_de_chambres,numeric,129.0,d_recap_de_controle_parametres_nb_de_chambres
ibis-budget-strasbourg,STRASBOURG,126,"5 - SIMULATEUR
DE REVENUS","ECRAN DE CONTRÔLE /
PARAMETRES",NB. DE CHAMBRES,5_simulateur_de_revenus_ecran_de_controle_parametres_nb_de_chambres,numeric,97.0,d_recap_de_controle_parametres_nb_de_chambres
ibis-styles-roissy-cdg,PARIS CDG,126,"5 - SIMULATEUR
DE REVENUS","ECRAN DE CONTRÔLE /
PARAMETRES",NB. DE CHAMBRES,5_simulateur_de_revenus_ecran_de_controle_parametres_nb_de_chambres,numeric,309.0,d_recap_de_controle_parametres_nb_de_chambres
novotel-megeve,MEGEVE,126,"5 - SIMULATEUR
DE REVENUS","ECRAN DE CONTRÔLE /
PARAMETRES",NB. DE CHAMBRES,5_simulateur_de_revenus_ecran_de_controle_parametres_nb_de_chambres,numeric,572.0,d_recap_de_controle_parametres_nb_de_chambres
novotel-paris-tour-eiffel,TOUR EIFFEL,126,"5 - SIMULATEUR
DE REVENUS","ECRAN DE CONTRÔLE /
PARAMETRES",NB. DE CHAMBRES,5_simulateur_de_revenus_ecran_de_controle_parametres_nb_de_chambres,numeric,764.0,d_recap_de_controle_parametres_nb_de_chambres
mercure-montmartre,MONTMARTRE,126,"5 - SIMULATEUR
DE REVENUS","ECRAN DE CONTRÔLE /
PARAMETRES",NB. DE CHAMBRES,5_simulateur_de_revenus_ecran_de_controle_parametres_nb_de_chambres,numeric,305.0,d_recap_de_controle_parametres_nb_de_chambres
mercure-boulogne,BOULOGNE,126,"5 - SIMULATEUR
DE REVENUS","ECRAN DE CONTRÔLE /
PARAMETRES",NB. DE CHAMBRES,5_simulateur_de_revenus_ecran_de_controle_parametres_nb_de_chambres,numeric,191.0,d_recap_de_controle_parametres_nb_de_chambres
ibis-budget-nice,NICE,127,"5 - SIMULATEUR
DE REVENUS","ECRAN DE CONTRÔLE /
PARAMETRES",# MOYEN DE GUESTS PAR CHAMBRE,5_simulateur_de_revenus_ecran_de_controle_parametres_moyen_de_guests_par_chambre,numeric,,d_recap_de_controle_parametres_moyen_de_guests_par_chambre
ibis-budget-strasbourg,STRASBOURG,127,"5 - SIMULATEUR
DE REVENUS","ECRAN DE CONTRÔLE /
PARAMETRES",# MOYEN DE GUESTS PAR CHAMBRE,5_simulateur_de_revenus_ecran_de_controle_parametres_moyen_de_guests_par_chambre,numeric,1.5,d_recap_de_controle_parametres_moyen_de_guests_par_chambre
ibis-styles-roissy-cdg,PARIS CDG,127,"5 - SIMULATEUR
DE REVENUS","ECRAN DE CONTRÔLE /
PARAMETRES",# MOYEN DE GUESTS PAR CHAMBRE,5_simulateur_de_revenus_ecran_de_controle_parametres_moyen_de_guests_par_chambre,numeric,1.4,d_recap_de_controle_parametres_moyen_de_guests_par_chambre
novotel-megeve,MEGEVE,127,"5 - SIMULATEUR
DE REVENUS","ECRAN DE CONTRÔLE /
PARAMETRES",# MOYEN DE GUESTS PAR CHAMBRE,5_simulateur_de_revenus_ecran_de_controle_parametres_moyen_de_guests_par_chambre,numeric,,d_recap_de_controle_parametres_moyen_de_guests_par_chambre
novotel-paris-tour-eiffel,TOUR EIFFEL,127,"5 - SIMULATEUR
DE REVENUS","ECRAN DE CONTRÔLE /
PARAMETRES",# MOYEN DE GUESTS PAR CHAMBRE,5_simulateur_de_revenus_ecran_de_controle_parametres_moyen_de_guests_par_chambre,numeric,,d_recap_de_controle_parametres_moyen_de_guests_par_chambre
mercure-montmartre,MONTMARTRE,127,"5 - SIMULATEUR
DE REVENUS","ECRAN DE CONTRÔLE /
PARAMETRES",# MOYEN DE GUESTS PAR CHAMBRE,5_simulateur_de_revenus_ecran_de_controle_parametres_moyen_de_guests_par_chambre,numeric,,d_recap_de_controle_parametres_moyen_de_guests_par_chambre
mercure-boulogne,BOULOGNE,127,"5 - SIMULATEUR
DE REVENUS","ECRAN DE CONTRÔLE /
PARAMETRES",# MOYEN DE GUESTS PAR CHAMBRE,5_simulateur_de_revenus_ecran_de_controle_parametres_moyen_de_guests_par_chambre,numeric,,d_recap_de_controle_parametres_moyen_de_guests_par_chambre
ibis-budget-nice,NICE,128,"5 - SIMULATEUR
DE REVENUS","ECRAN DE CONTRÔLE /
PARAMETRES",TO ANNUEL MOYEN,5_simulateur_de_revenus_ecran_de_controle_parametres_to_annuel_moyen,numeric,,d_recap_de_controle_parametres_to_annuel_moyen
ibis-budget-strasbourg,STRASBOURG,128,"5 - SIMULATEUR
DE REVENUS","ECRAN DE CONTRÔLE /
PARAMETRES",TO ANNUEL MOYEN,5_simulateur_de_revenus_ecran_de_controle_parametres_to_annuel_moyen,numeric,0.7,d_recap_de_controle_parametres_to_annuel_moyen
ibis-styles-roissy-cdg,PARIS CDG,128,"5 - SIMULATEUR
DE REVENUS","ECRAN DE CONTRÔLE /
PARAMETRES",TO ANNUEL MOYEN,5_simulateur_de_revenus_ecran_de_controle_parametres_to_annuel_moyen,numeric,0.95,d_recap_de_controle_parametres_to_annuel_moyen
novotel-megeve,MEGEVE,128,"5 - SIMULATEUR
DE REVENUS","ECRAN DE CONTRÔLE /
PARAMETRES",TO ANNUEL MOYEN,5_simulateur_de_revenus_ecran_de_controle_parametres_to_annuel_moyen,numeric,,d_recap_de_controle_parametres_to_annuel_moyen
novotel-paris-tour-eiffel,TOUR EIFFEL,128,"5 - SIMULATEUR
DE REVENUS","ECRAN DE CONTRÔLE /
PARAMETRES",TO ANNUEL MOYEN,5_simulateur_de_revenus_ecran_de_controle_parametres_to_annuel_moyen,numeric,,d_recap_de_controle_parametres_to_annuel_moyen
mercure-montmartre,MONTMARTRE,128,"5 - SIMULATEUR
DE REVENUS","ECRAN DE CONTRÔLE /
PARAMETRES",TO ANNUEL MOYEN,5_simulateur_de_revenus_ecran_de_controle_parametres_to_annuel_moyen,numeric,,d_recap_de_controle_parametres_to_annuel_moyen
mercure-boulogne,BOULOGNE,128,"5 - SIMULATEUR
DE REVENUS","ECRAN DE CONTRÔLE /
PARAMETRES",TO ANNUEL MOYEN,5_simulateur_de_revenus_ecran_de_controle_parametres_to_annuel_moyen,numeric,,d_recap_de_controle_parametres_to_annuel_moyen
ibis-budget-nice,NICE,129,"5 - SIMULATEUR
DE REVENUS","ECRAN DE CONTRÔLE /
PARAMETRES",MÈTRES LINÉAIRES DEDIES A VOTRE CORNER (ACTUEL OU FUTUR),5_simulateur_de_revenus_ecran_de_controle_parametres_metres_lineaires_dedies_a_v,boolean,6.0,d_recap_de_controle_parametres_metres_lineaires_dedies_a_v
ibis-budget-strasbourg,STRASBOURG,129,"5 - SIMULATEUR
DE REVENUS","ECRAN DE CONTRÔLE /
PARAMETRES",MÈTRES LINÉAIRES DEDIES A VOTRE CORNER (ACTUEL OU FUTUR),5_simulateur_de_revenus_ecran_de_controle_parametres_metres_lineaires_dedies_a_v,boolean,2.0,d_recap_de_controle_parametres_metres_lineaires_dedies_a_v
ibis-styles-roissy-cdg,PARIS CDG,129,"5 - SIMULATEUR
DE REVENUS","ECRAN DE CONTRÔLE /
PARAMETRES",MÈTRES LINÉAIRES DEDIES A VOTRE CORNER (ACTUEL OU FUTUR),5_simulateur_de_revenus_ecran_de_controle_parametres_metres_lineaires_dedies_a_v,boolean,5.0,d_recap_de_controle_parametres_metres_lineaires_dedies_a_v
novotel-megeve,MEGEVE,129,"5 - SIMULATEUR
DE REVENUS","ECRAN DE CONTRÔLE /
PARAMETRES",MÈTRES LINÉAIRES DEDIES A VOTRE CORNER (ACTUEL OU FUTUR),5_simulateur_de_revenus_ecran_de_controle_parametres_metres_lineaires_dedies_a_v,boolean,8.0,d_recap_de_controle_parametres_metres_lineaires_dedies_a_v
novotel-paris-tour-eiffel,TOUR EIFFEL,129,"5 - SIMULATEUR
DE REVENUS","ECRAN DE CONTRÔLE /
PARAMETRES",MÈTRES LINÉAIRES DEDIES A VOTRE CORNER (ACTUEL OU FUTUR),5_simulateur_de_revenus_ecran_de_controle_parametres_metres_lineaires_dedies_a_v,boolean,7.0,d_recap_de_controle_parametres_metres_lineaires_dedies_a_v
mercure-montmartre,MONTMARTRE,129,"5 - SIMULATEUR
DE REVENUS","ECRAN DE CONTRÔLE /
PARAMETRES",MÈTRES LINÉAIRES DEDIES A VOTRE CORNER (ACTUEL OU FUTUR),5_simulateur_de_revenus_ecran_de_controle_parametres_metres_lineaires_dedies_a_v,boolean,6.0,d_recap_de_controle_parametres_metres_lineaires_dedies_a_v
mercure-boulogne,BOULOGNE,129,"5 - SIMULATEUR
DE REVENUS","ECRAN DE CONTRÔLE /
PARAMETRES",MÈTRES LINÉAIRES DEDIES A VOTRE CORNER (ACTUEL OU FUTUR),5_simulateur_de_revenus_ecran_de_controle_parametres_metres_lineaires_dedies_a_v,boolean,6.0,d_recap_de_controle_parametres_metres_lineaires_dedies_a_v
ibis-budget-nice,NICE,130,"5 - SIMULATEUR
DE REVENUS","MIX PRODUITS
(choisi par l'hôtel
dans un 1er temps puis
option/bouton ""reco IA"")",% DE PRODUITS F&B,5_simulateur_de_revenus_mix_produits_choisi_par_l_hotel_dans_un_1er_temps_puis_o,numeric_pct,,d_recap_5_simulateur_de_revenus_mix_produits_choisi_par_l_hotel_dans_un_1er_temps_puis_o
ibis-budget-strasbourg,STRASBOURG,130,"5 - SIMULATEUR
DE REVENUS","MIX PRODUITS
(choisi par l'hôtel
dans un 1er temps puis
option/bouton ""reco IA"")",% DE PRODUITS F&B,5_simulateur_de_revenus_mix_produits_choisi_par_l_hotel_dans_un_1er_temps_puis_o,numeric_pct,,d_recap_5_simulateur_de_revenus_mix_produits_choisi_par_l_hotel_dans_un_1er_temps_puis_o
ibis-styles-roissy-cdg,PARIS CDG,130,"5 - SIMULATEUR
DE REVENUS","MIX PRODUITS
(choisi par l'hôtel
dans un 1er temps puis
option/bouton ""reco IA"")",% DE PRODUITS F&B,5_simulateur_de_revenus_mix_produits_choisi_par_l_hotel_dans_un_1er_temps_puis_o,numeric_pct,,d_recap_5_simulateur_de_revenus_mix_produits_choisi_par_l_hotel_dans_un_1er_temps_puis_o
novotel-megeve,MEGEVE,130,"5 - SIMULATEUR
DE REVENUS","MIX PRODUITS
(choisi par l'hôtel
dans un 1er temps puis
option/bouton ""reco IA"")",% DE PRODUITS F&B,5_simulateur_de_revenus_mix_produits_choisi_par_l_hotel_dans_un_1er_temps_puis_o,numeric_pct,,d_recap_5_simulateur_de_revenus_mix_produits_choisi_par_l_hotel_dans_un_1er_temps_puis_o
novotel-paris-tour-eiffel,TOUR EIFFEL,130,"5 - SIMULATEUR
DE REVENUS","MIX PRODUITS
(choisi par l'hôtel
dans un 1er temps puis
option/bouton ""reco IA"")",% DE PRODUITS F&B,5_simulateur_de_revenus_mix_produits_choisi_par_l_hotel_dans_un_1er_temps_puis_o,numeric_pct,,d_recap_5_simulateur_de_revenus_mix_produits_choisi_par_l_hotel_dans_un_1er_temps_puis_o
mercure-montmartre,MONTMARTRE,130,"5 - SIMULATEUR
DE REVENUS","MIX PRODUITS
(choisi par l'hôtel
dans un 1er temps puis
option/bouton ""reco IA"")",% DE PRODUITS F&B,5_simulateur_de_revenus_mix_produits_choisi_par_l_hotel_dans_un_1er_temps_puis_o,numeric_pct,,d_recap_5_simulateur_de_revenus_mix_produits_choisi_par_l_hotel_dans_un_1er_temps_puis_o
mercure-boulogne,BOULOGNE,130,"5 - SIMULATEUR
DE REVENUS","MIX PRODUITS
(choisi par l'hôtel
dans un 1er temps puis
option/bouton ""reco IA"")",% DE PRODUITS F&B,5_simulateur_de_revenus_mix_produits_choisi_par_l_hotel_dans_un_1er_temps_puis_o,numeric_pct,,d_recap_5_simulateur_de_revenus_mix_produits_choisi_par_l_hotel_dans_un_1er_temps_puis_o
ibis-budget-nice,NICE,131,"5 - SIMULATEUR
DE REVENUS","MIX PRODUITS
(choisi par l'hôtel
dans un 1er temps puis
option/bouton ""reco IA"")",BOISSONS NON ALCOOLISÉES,5_simulateur_de_revenus_mix_produits_choisi_par_l_hotel_dans_un_1er_temps_puis_o,categorical,,d_recap_5_simulateur_de_revenus_mix_produits_choisi_par_l_hotel_dans_un_1er_temps_puis_o_r131
ibis-budget-strasbourg,STRASBOURG,131,"5 - SIMULATEUR
DE REVENUS","MIX PRODUITS
(choisi par l'hôtel
dans un 1er temps puis
option/bouton ""reco IA"")",BOISSONS NON ALCOOLISÉES,5_simulateur_de_revenus_mix_produits_choisi_par_l_hotel_dans_un_1er_temps_puis_o,categorical,,d_recap_5_simulateur_de_revenus_mix_produits_choisi_par_l_hotel_dans_un_1er_temps_puis_o_r131
ibis-styles-roissy-cdg,PARIS CDG,131,"5 - SIMULATEUR
DE REVENUS","MIX PRODUITS
(choisi par l'hôtel
dans un 1er temps puis
option/bouton ""reco IA"")",BOISSONS NON ALCOOLISÉES,5_simulateur_de_revenus_mix_produits_choisi_par_l_hotel_dans_un_1er_temps_puis_o,categorical,,d_recap_5_simulateur_de_revenus_mix_produits_choisi_par_l_hotel_dans_un_1er_temps_puis_o_r131
novotel-megeve,MEGEVE,131,"5 - SIMULATEUR
DE REVENUS","MIX PRODUITS
(choisi par l'hôtel
dans un 1er temps puis
option/bouton ""reco IA"")",BOISSONS NON ALCOOLISÉES,5_simulateur_de_revenus_mix_produits_choisi_par_l_hotel_dans_un_1er_temps_puis_o,categorical,,d_recap_5_simulateur_de_revenus_mix_produits_choisi_par_l_hotel_dans_un_1er_temps_puis_o_r131
novotel-paris-tour-eiffel,TOUR EIFFEL,131,"5 - SIMULATEUR
DE REVENUS","MIX PRODUITS
(choisi par l'hôtel
dans un 1er temps puis
option/bouton ""reco IA"")",BOISSONS NON ALCOOLISÉES,5_simulateur_de_revenus_mix_produits_choisi_par_l_hotel_dans_un_1er_temps_puis_o,categorical,,d_recap_5_simulateur_de_revenus_mix_produits_choisi_par_l_hotel_dans_un_1er_temps_puis_o_r131
mercure-montmartre,MONTMARTRE,131,"5 - SIMULATEUR
DE REVENUS","MIX PRODUITS
(choisi par l'hôtel
dans un 1er temps puis
option/bouton ""reco IA"")",BOISSONS NON ALCOOLISÉES,5_simulateur_de_revenus_mix_produits_choisi_par_l_hotel_dans_un_1er_temps_puis_o,categorical,,d_recap_5_simulateur_de_revenus_mix_produits_choisi_par_l_hotel_dans_un_1er_temps_puis_o_r131
mercure-boulogne,BOULOGNE,131,"5 - SIMULATEUR
DE REVENUS","MIX PRODUITS
(choisi par l'hôtel
dans un 1er temps puis
option/bouton ""reco IA"")",BOISSONS NON ALCOOLISÉES,5_simulateur_de_revenus_mix_produits_choisi_par_l_hotel_dans_un_1er_temps_puis_o,categorical,,d_recap_5_simulateur_de_revenus_mix_produits_choisi_par_l_hotel_dans_un_1er_temps_puis_o_r131
ibis-budget-nice,NICE,132,"5 - SIMULATEUR
DE REVENUS","MIX PRODUITS
(choisi par l'hôtel
dans un 1er temps puis
option/bouton ""reco IA"")",BOISSONS ALCOOLISÉES,5_simulateur_de_revenus_mix_produits_choisi_par_l_hotel_dans_un_1er_temps_puis_o,categorical,,d_recap_5_simulateur_de_revenus_mix_produits_choisi_par_l_hotel_dans_un_1er_temps_puis_o_r132
ibis-budget-strasbourg,STRASBOURG,132,"5 - SIMULATEUR
DE REVENUS","MIX PRODUITS
(choisi par l'hôtel
dans un 1er temps puis
option/bouton ""reco IA"")",BOISSONS ALCOOLISÉES,5_simulateur_de_revenus_mix_produits_choisi_par_l_hotel_dans_un_1er_temps_puis_o,categorical,,d_recap_5_simulateur_de_revenus_mix_produits_choisi_par_l_hotel_dans_un_1er_temps_puis_o_r132
ibis-styles-roissy-cdg,PARIS CDG,132,"5 - SIMULATEUR
DE REVENUS","MIX PRODUITS
(choisi par l'hôtel
dans un 1er temps puis
option/bouton ""reco IA"")",BOISSONS ALCOOLISÉES,5_simulateur_de_revenus_mix_produits_choisi_par_l_hotel_dans_un_1er_temps_puis_o,categorical,,d_recap_5_simulateur_de_revenus_mix_produits_choisi_par_l_hotel_dans_un_1er_temps_puis_o_r132
novotel-megeve,MEGEVE,132,"5 - SIMULATEUR
DE REVENUS","MIX PRODUITS
(choisi par l'hôtel
dans un 1er temps puis
option/bouton ""reco IA"")",BOISSONS ALCOOLISÉES,5_simulateur_de_revenus_mix_produits_choisi_par_l_hotel_dans_un_1er_temps_puis_o,categorical,,d_recap_5_simulateur_de_revenus_mix_produits_choisi_par_l_hotel_dans_un_1er_temps_puis_o_r132
novotel-paris-tour-eiffel,TOUR EIFFEL,132,"5 - SIMULATEUR
DE REVENUS","MIX PRODUITS
(choisi par l'hôtel
dans un 1er temps puis
option/bouton ""reco IA"")",BOISSONS ALCOOLISÉES,5_simulateur_de_revenus_mix_produits_choisi_par_l_hotel_dans_un_1er_temps_puis_o,categorical,,d_recap_5_simulateur_de_revenus_mix_produits_choisi_par_l_hotel_dans_un_1er_temps_puis_o_r132
mercure-montmartre,MONTMARTRE,132,"5 - SIMULATEUR
DE REVENUS","MIX PRODUITS
(choisi par l'hôtel
dans un 1er temps puis
option/bouton ""reco IA"")",BOISSONS ALCOOLISÉES,5_simulateur_de_revenus_mix_produits_choisi_par_l_hotel_dans_un_1er_temps_puis_o,categorical,,d_recap_5_simulateur_de_revenus_mix_produits_choisi_par_l_hotel_dans_un_1er_temps_puis_o_r132
mercure-boulogne,BOULOGNE,132,"5 - SIMULATEUR
DE REVENUS","MIX PRODUITS
(choisi par l'hôtel
dans un 1er temps puis
option/bouton ""reco IA"")",BOISSONS ALCOOLISÉES,5_simulateur_de_revenus_mix_produits_choisi_par_l_hotel_dans_un_1er_temps_puis_o,categorical,,d_recap_5_simulateur_de_revenus_mix_produits_choisi_par_l_hotel_dans_un_1er_temps_puis_o_r132
ibis-budget-nice,NICE,133,"5 - SIMULATEUR
DE REVENUS","MIX PRODUITS
(choisi par l'hôtel
dans un 1er temps puis
option/bouton ""reco IA"")",PRODUITS SALÉS SECS,5_simulateur_de_revenus_mix_produits_choisi_par_l_hotel_dans_un_1er_temps_puis_o,categorical,,d_recap_5_simulateur_de_revenus_mix_produits_choisi_par_l_hotel_dans_un_1er_temps_puis_o_r133
ibis-budget-strasbourg,STRASBOURG,133,"5 - SIMULATEUR
DE REVENUS","MIX PRODUITS
(choisi par l'hôtel
dans un 1er temps puis
option/bouton ""reco IA"")",PRODUITS SALÉS SECS,5_simulateur_de_revenus_mix_produits_choisi_par_l_hotel_dans_un_1er_temps_puis_o,categorical,,d_recap_5_simulateur_de_revenus_mix_produits_choisi_par_l_hotel_dans_un_1er_temps_puis_o_r133
ibis-styles-roissy-cdg,PARIS CDG,133,"5 - SIMULATEUR
DE REVENUS","MIX PRODUITS
(choisi par l'hôtel
dans un 1er temps puis
option/bouton ""reco IA"")",PRODUITS SALÉS SECS,5_simulateur_de_revenus_mix_produits_choisi_par_l_hotel_dans_un_1er_temps_puis_o,categorical,,d_recap_5_simulateur_de_revenus_mix_produits_choisi_par_l_hotel_dans_un_1er_temps_puis_o_r133
novotel-megeve,MEGEVE,133,"5 - SIMULATEUR
DE REVENUS","MIX PRODUITS
(choisi par l'hôtel
dans un 1er temps puis
option/bouton ""reco IA"")",PRODUITS SALÉS SECS,5_simulateur_de_revenus_mix_produits_choisi_par_l_hotel_dans_un_1er_temps_puis_o,categorical,,d_recap_5_simulateur_de_revenus_mix_produits_choisi_par_l_hotel_dans_un_1er_temps_puis_o_r133
novotel-paris-tour-eiffel,TOUR EIFFEL,133,"5 - SIMULATEUR
DE REVENUS","MIX PRODUITS
(choisi par l'hôtel
dans un 1er temps puis
option/bouton ""reco IA"")",PRODUITS SALÉS SECS,5_simulateur_de_revenus_mix_produits_choisi_par_l_hotel_dans_un_1er_temps_puis_o,categorical,,d_recap_5_simulateur_de_revenus_mix_produits_choisi_par_l_hotel_dans_un_1er_temps_puis_o_r133
mercure-montmartre,MONTMARTRE,133,"5 - SIMULATEUR
DE REVENUS","MIX PRODUITS
(choisi par l'hôtel
dans un 1er temps puis
option/bouton ""reco IA"")",PRODUITS SALÉS SECS,5_simulateur_de_revenus_mix_produits_choisi_par_l_hotel_dans_un_1er_temps_puis_o,categorical,,d_recap_5_simulateur_de_revenus_mix_produits_choisi_par_l_hotel_dans_un_1er_temps_puis_o_r133
mercure-boulogne,BOULOGNE,133,"5 - SIMULATEUR
DE REVENUS","MIX PRODUITS
(choisi par l'hôtel
dans un 1er temps puis
option/bouton ""reco IA"")",PRODUITS SALÉS SECS,5_simulateur_de_revenus_mix_produits_choisi_par_l_hotel_dans_un_1er_temps_puis_o,categorical,,d_recap_5_simulateur_de_revenus_mix_produits_choisi_par_l_hotel_dans_un_1er_temps_puis_o_r133
ibis-budget-nice,NICE,134,"5 - SIMULATEUR
DE REVENUS","MIX PRODUITS
(choisi par l'hôtel
dans un 1er temps puis
option/bouton ""reco IA"")",PRODUITS SALÉS FRAIS,5_simulateur_de_revenus_mix_produits_choisi_par_l_hotel_dans_un_1er_temps_puis_o,categorical,,d_recap_5_simulateur_de_revenus_mix_produits_choisi_par_l_hotel_dans_un_1er_temps_puis_o_r134
ibis-budget-strasbourg,STRASBOURG,134,"5 - SIMULATEUR
DE REVENUS","MIX PRODUITS
(choisi par l'hôtel
dans un 1er temps puis
option/bouton ""reco IA"")",PRODUITS SALÉS FRAIS,5_simulateur_de_revenus_mix_produits_choisi_par_l_hotel_dans_un_1er_temps_puis_o,categorical,,d_recap_5_simulateur_de_revenus_mix_produits_choisi_par_l_hotel_dans_un_1er_temps_puis_o_r134
ibis-styles-roissy-cdg,PARIS CDG,134,"5 - SIMULATEUR
DE REVENUS","MIX PRODUITS
(choisi par l'hôtel
dans un 1er temps puis
option/bouton ""reco IA"")",PRODUITS SALÉS FRAIS,5_simulateur_de_revenus_mix_produits_choisi_par_l_hotel_dans_un_1er_temps_puis_o,categorical,,d_recap_5_simulateur_de_revenus_mix_produits_choisi_par_l_hotel_dans_un_1er_temps_puis_o_r134
novotel-megeve,MEGEVE,134,"5 - SIMULATEUR
DE REVENUS","MIX PRODUITS
(choisi par l'hôtel
dans un 1er temps puis
option/bouton ""reco IA"")",PRODUITS SALÉS FRAIS,5_simulateur_de_revenus_mix_produits_choisi_par_l_hotel_dans_un_1er_temps_puis_o,categorical,,d_recap_5_simulateur_de_revenus_mix_produits_choisi_par_l_hotel_dans_un_1er_temps_puis_o_r134
novotel-paris-tour-eiffel,TOUR EIFFEL,134,"5 - SIMULATEUR
DE REVENUS","MIX PRODUITS
(choisi par l'hôtel
dans un 1er temps puis
option/bouton ""reco IA"")",PRODUITS SALÉS FRAIS,5_simulateur_de_revenus_mix_produits_choisi_par_l_hotel_dans_un_1er_temps_puis_o,categorical,,d_recap_5_simulateur_de_revenus_mix_produits_choisi_par_l_hotel_dans_un_1er_temps_puis_o_r134
mercure-montmartre,MONTMARTRE,134,"5 - SIMULATEUR
DE REVENUS","MIX PRODUITS
(choisi par l'hôtel
dans un 1er temps puis
option/bouton ""reco IA"")",PRODUITS SALÉS FRAIS,5_simulateur_de_revenus_mix_produits_choisi_par_l_hotel_dans_un_1er_temps_puis_o,categorical,,d_recap_5_simulateur_de_revenus_mix_produits_choisi_par_l_hotel_dans_un_1er_temps_puis_o_r134
mercure-boulogne,BOULOGNE,134,"5 - SIMULATEUR
DE REVENUS","MIX PRODUITS
(choisi par l'hôtel
dans un 1er temps puis
option/bouton ""reco IA"")",PRODUITS SALÉS FRAIS,5_simulateur_de_revenus_mix_produits_choisi_par_l_hotel_dans_un_1er_temps_puis_o,categorical,,d_recap_5_simulateur_de_revenus_mix_produits_choisi_par_l_hotel_dans_un_1er_temps_puis_o_r134
ibis-budget-nice,NICE,135,"5 - SIMULATEUR
DE REVENUS","MIX PRODUITS
(choisi par l'hôtel
dans un 1er temps puis
option/bouton ""reco IA"")",PRODUITS SUCRÉS SECS,5_simulateur_de_revenus_mix_produits_choisi_par_l_hotel_dans_un_1er_temps_puis_o,categorical,,d_recap_5_simulateur_de_revenus_mix_produits_choisi_par_l_hotel_dans_un_1er_temps_puis_o_r135
ibis-budget-strasbourg,STRASBOURG,135,"5 - SIMULATEUR
DE REVENUS","MIX PRODUITS
(choisi par l'hôtel
dans un 1er temps puis
option/bouton ""reco IA"")",PRODUITS SUCRÉS SECS,5_simulateur_de_revenus_mix_produits_choisi_par_l_hotel_dans_un_1er_temps_puis_o,categorical,,d_recap_5_simulateur_de_revenus_mix_produits_choisi_par_l_hotel_dans_un_1er_temps_puis_o_r135
ibis-styles-roissy-cdg,PARIS CDG,135,"5 - SIMULATEUR
DE REVENUS","MIX PRODUITS
(choisi par l'hôtel
dans un 1er temps puis
option/bouton ""reco IA"")",PRODUITS SUCRÉS SECS,5_simulateur_de_revenus_mix_produits_choisi_par_l_hotel_dans_un_1er_temps_puis_o,categorical,,d_recap_5_simulateur_de_revenus_mix_produits_choisi_par_l_hotel_dans_un_1er_temps_puis_o_r135
novotel-megeve,MEGEVE,135,"5 - SIMULATEUR
DE REVENUS","MIX PRODUITS
(choisi par l'hôtel
dans un 1er temps puis
option/bouton ""reco IA"")",PRODUITS SUCRÉS SECS,5_simulateur_de_revenus_mix_produits_choisi_par_l_hotel_dans_un_1er_temps_puis_o,categorical,,d_recap_5_simulateur_de_revenus_mix_produits_choisi_par_l_hotel_dans_un_1er_temps_puis_o_r135
novotel-paris-tour-eiffel,TOUR EIFFEL,135,"5 - SIMULATEUR
DE REVENUS","MIX PRODUITS
(choisi par l'hôtel
dans un 1er temps puis
option/bouton ""reco IA"")",PRODUITS SUCRÉS SECS,5_simulateur_de_revenus_mix_produits_choisi_par_l_hotel_dans_un_1er_temps_puis_o,categorical,,d_recap_5_simulateur_de_revenus_mix_produits_choisi_par_l_hotel_dans_un_1er_temps_puis_o_r135
mercure-montmartre,MONTMARTRE,135,"5 - SIMULATEUR
DE REVENUS","MIX PRODUITS
(choisi par l'hôtel
dans un 1er temps puis
option/bouton ""reco IA"")",PRODUITS SUCRÉS SECS,5_simulateur_de_revenus_mix_produits_choisi_par_l_hotel_dans_un_1er_temps_puis_o,categorical,,d_recap_5_simulateur_de_revenus_mix_produits_choisi_par_l_hotel_dans_un_1er_temps_puis_o_r135
mercure-boulogne,BOULOGNE,135,"5 - SIMULATEUR
DE REVENUS","MIX PRODUITS
(choisi par l'hôtel
dans un 1er temps puis
option/bouton ""reco IA"")",PRODUITS SUCRÉS SECS,5_simulateur_de_revenus_mix_produits_choisi_par_l_hotel_dans_un_1er_temps_puis_o,categorical,,d_recap_5_simulateur_de_revenus_mix_produits_choisi_par_l_hotel_dans_un_1er_temps_puis_o_r135
ibis-budget-nice,NICE,136,"5 - SIMULATEUR
DE REVENUS","MIX PRODUITS
(choisi par l'hôtel
dans un 1er temps puis
option/bouton ""reco IA"")",PRODUITS SUCRÉS FRAIS,5_simulateur_de_revenus_mix_produits_choisi_par_l_hotel_dans_un_1er_temps_puis_o,categorical,,d_recap_5_simulateur_de_revenus_mix_produits_choisi_par_l_hotel_dans_un_1er_temps_puis_o_r136
ibis-budget-strasbourg,STRASBOURG,136,"5 - SIMULATEUR
DE REVENUS","MIX PRODUITS
(choisi par l'hôtel
dans un 1er temps puis
option/bouton ""reco IA"")",PRODUITS SUCRÉS FRAIS,5_simulateur_de_revenus_mix_produits_choisi_par_l_hotel_dans_un_1er_temps_puis_o,categorical,,d_recap_5_simulateur_de_revenus_mix_produits_choisi_par_l_hotel_dans_un_1er_temps_puis_o_r136
ibis-styles-roissy-cdg,PARIS CDG,136,"5 - SIMULATEUR
DE REVENUS","MIX PRODUITS
(choisi par l'hôtel
dans un 1er temps puis
option/bouton ""reco IA"")",PRODUITS SUCRÉS FRAIS,5_simulateur_de_revenus_mix_produits_choisi_par_l_hotel_dans_un_1er_temps_puis_o,categorical,,d_recap_5_simulateur_de_revenus_mix_produits_choisi_par_l_hotel_dans_un_1er_temps_puis_o_r136
novotel-megeve,MEGEVE,136,"5 - SIMULATEUR
DE REVENUS","MIX PRODUITS
(choisi par l'hôtel
dans un 1er temps puis
option/bouton ""reco IA"")",PRODUITS SUCRÉS FRAIS,5_simulateur_de_revenus_mix_produits_choisi_par_l_hotel_dans_un_1er_temps_puis_o,categorical,,d_recap_5_simulateur_de_revenus_mix_produits_choisi_par_l_hotel_dans_un_1er_temps_puis_o_r136
novotel-paris-tour-eiffel,TOUR EIFFEL,136,"5 - SIMULATEUR
DE REVENUS","MIX PRODUITS
(choisi par l'hôtel
dans un 1er temps puis
option/bouton ""reco IA"")",PRODUITS SUCRÉS FRAIS,5_simulateur_de_revenus_mix_produits_choisi_par_l_hotel_dans_un_1er_temps_puis_o,categorical,,d_recap_5_simulateur_de_revenus_mix_produits_choisi_par_l_hotel_dans_un_1er_temps_puis_o_r136
mercure-montmartre,MONTMARTRE,136,"5 - SIMULATEUR
DE REVENUS","MIX PRODUITS
(choisi par l'hôtel
dans un 1er temps puis
option/bouton ""reco IA"")",PRODUITS SUCRÉS FRAIS,5_simulateur_de_revenus_mix_produits_choisi_par_l_hotel_dans_un_1er_temps_puis_o,categorical,,d_recap_5_simulateur_de_revenus_mix_produits_choisi_par_l_hotel_dans_un_1er_temps_puis_o_r136
mercure-boulogne,BOULOGNE,136,"5 - SIMULATEUR
DE REVENUS","MIX PRODUITS
(choisi par l'hôtel
dans un 1er temps puis
option/bouton ""reco IA"")",PRODUITS SUCRÉS FRAIS,5_simulateur_de_revenus_mix_produits_choisi_par_l_hotel_dans_un_1er_temps_puis_o,categorical,,d_recap_5_simulateur_de_revenus_mix_produits_choisi_par_l_hotel_dans_un_1er_temps_puis_o_r136
ibis-budget-nice,NICE,137,"5 - SIMULATEUR
DE REVENUS","MIX PRODUITS
(choisi par l'hôtel
dans un 1er temps puis
option/bouton ""reco IA"")",EPICERIE FINE,5_simulateur_de_revenus_mix_produits_choisi_par_l_hotel_dans_un_1er_temps_puis_o,categorical,,d_recap_5_simulateur_de_revenus_mix_produits_choisi_par_l_hotel_dans_un_1er_temps_puis_o_r137
ibis-budget-strasbourg,STRASBOURG,137,"5 - SIMULATEUR
DE REVENUS","MIX PRODUITS
(choisi par l'hôtel
dans un 1er temps puis
option/bouton ""reco IA"")",EPICERIE FINE,5_simulateur_de_revenus_mix_produits_choisi_par_l_hotel_dans_un_1er_temps_puis_o,categorical,,d_recap_5_simulateur_de_revenus_mix_produits_choisi_par_l_hotel_dans_un_1er_temps_puis_o_r137
ibis-styles-roissy-cdg,PARIS CDG,137,"5 - SIMULATEUR
DE REVENUS","MIX PRODUITS
(choisi par l'hôtel
dans un 1er temps puis
option/bouton ""reco IA"")",EPICERIE FINE,5_simulateur_de_revenus_mix_produits_choisi_par_l_hotel_dans_un_1er_temps_puis_o,categorical,,d_recap_5_simulateur_de_revenus_mix_produits_choisi_par_l_hotel_dans_un_1er_temps_puis_o_r137
novotel-megeve,MEGEVE,137,"5 - SIMULATEUR
DE REVENUS","MIX PRODUITS
(choisi par l'hôtel
dans un 1er temps puis
option/bouton ""reco IA"")",EPICERIE FINE,5_simulateur_de_revenus_mix_produits_choisi_par_l_hotel_dans_un_1er_temps_puis_o,categorical,,d_recap_5_simulateur_de_revenus_mix_produits_choisi_par_l_hotel_dans_un_1er_temps_puis_o_r137
novotel-paris-tour-eiffel,TOUR EIFFEL,137,"5 - SIMULATEUR
DE REVENUS","MIX PRODUITS
(choisi par l'hôtel
dans un 1er temps puis
option/bouton ""reco IA"")",EPICERIE FINE,5_simulateur_de_revenus_mix_produits_choisi_par_l_hotel_dans_un_1er_temps_puis_o,categorical,,d_recap_5_simulateur_de_revenus_mix_produits_choisi_par_l_hotel_dans_un_1er_temps_puis_o_r137
mercure-montmartre,MONTMARTRE,137,"5 - SIMULATEUR
DE REVENUS","MIX PRODUITS
(choisi par l'hôtel
dans un 1er temps puis
option/bouton ""reco IA"")",EPICERIE FINE,5_simulateur_de_revenus_mix_produits_choisi_par_l_hotel_dans_un_1er_temps_puis_o,categorical,,d_recap_5_simulateur_de_revenus_mix_produits_choisi_par_l_hotel_dans_un_1er_temps_puis_o_r137
mercure-boulogne,BOULOGNE,137,"5 - SIMULATEUR
DE REVENUS","MIX PRODUITS
(choisi par l'hôtel
dans un 1er temps puis
option/bouton ""reco IA"")",EPICERIE FINE,5_simulateur_de_revenus_mix_produits_choisi_par_l_hotel_dans_un_1er_temps_puis_o,categorical,,d_recap_5_simulateur_de_revenus_mix_produits_choisi_par_l_hotel_dans_un_1er_temps_puis_o_r137
ibis-budget-nice,NICE,138,"5 - SIMULATEUR
DE REVENUS","MIX PRODUITS
(choisi par l'hôtel
dans un 1er temps puis
option/bouton ""reco IA"")",% DE PRODUITS NON-F&B,5_simulateur_de_revenus_mix_produits_choisi_par_l_hotel_dans_un_1er_temps_puis_o,numeric_pct,,d_recap_5_simulateur_de_revenus_mix_produits_choisi_par_l_hotel_dans_un_1er_temps_puis_o_r138
ibis-budget-strasbourg,STRASBOURG,138,"5 - SIMULATEUR
DE REVENUS","MIX PRODUITS
(choisi par l'hôtel
dans un 1er temps puis
option/bouton ""reco IA"")",% DE PRODUITS NON-F&B,5_simulateur_de_revenus_mix_produits_choisi_par_l_hotel_dans_un_1er_temps_puis_o,numeric_pct,,d_recap_5_simulateur_de_revenus_mix_produits_choisi_par_l_hotel_dans_un_1er_temps_puis_o_r138
ibis-styles-roissy-cdg,PARIS CDG,138,"5 - SIMULATEUR
DE REVENUS","MIX PRODUITS
(choisi par l'hôtel
dans un 1er temps puis
option/bouton ""reco IA"")",% DE PRODUITS NON-F&B,5_simulateur_de_revenus_mix_produits_choisi_par_l_hotel_dans_un_1er_temps_puis_o,numeric_pct,,d_recap_5_simulateur_de_revenus_mix_produits_choisi_par_l_hotel_dans_un_1er_temps_puis_o_r138
novotel-megeve,MEGEVE,138,"5 - SIMULATEUR
DE REVENUS","MIX PRODUITS
(choisi par l'hôtel
dans un 1er temps puis
option/bouton ""reco IA"")",% DE PRODUITS NON-F&B,5_simulateur_de_revenus_mix_produits_choisi_par_l_hotel_dans_un_1er_temps_puis_o,numeric_pct,,d_recap_5_simulateur_de_revenus_mix_produits_choisi_par_l_hotel_dans_un_1er_temps_puis_o_r138
novotel-paris-tour-eiffel,TOUR EIFFEL,138,"5 - SIMULATEUR
DE REVENUS","MIX PRODUITS
(choisi par l'hôtel
dans un 1er temps puis
option/bouton ""reco IA"")",% DE PRODUITS NON-F&B,5_simulateur_de_revenus_mix_produits_choisi_par_l_hotel_dans_un_1er_temps_puis_o,numeric_pct,,d_recap_5_simulateur_de_revenus_mix_produits_choisi_par_l_hotel_dans_un_1er_temps_puis_o_r138
mercure-montmartre,MONTMARTRE,138,"5 - SIMULATEUR
DE REVENUS","MIX PRODUITS
(choisi par l'hôtel
dans un 1er temps puis
option/bouton ""reco IA"")",% DE PRODUITS NON-F&B,5_simulateur_de_revenus_mix_produits_choisi_par_l_hotel_dans_un_1er_temps_puis_o,numeric_pct,,d_recap_5_simulateur_de_revenus_mix_produits_choisi_par_l_hotel_dans_un_1er_temps_puis_o_r138
mercure-boulogne,BOULOGNE,138,"5 - SIMULATEUR
DE REVENUS","MIX PRODUITS
(choisi par l'hôtel
dans un 1er temps puis
option/bouton ""reco IA"")",% DE PRODUITS NON-F&B,5_simulateur_de_revenus_mix_produits_choisi_par_l_hotel_dans_un_1er_temps_puis_o,numeric_pct,,d_recap_5_simulateur_de_revenus_mix_produits_choisi_par_l_hotel_dans_un_1er_temps_puis_o_r138
ibis-budget-nice,NICE,139,"5 - SIMULATEUR
DE REVENUS","MIX PRODUITS
(choisi par l'hôtel
dans un 1er temps puis
option/bouton ""reco IA"")",PRODUITS SOS,5_simulateur_de_revenus_mix_produits_choisi_par_l_hotel_dans_un_1er_temps_puis_o,categorical,,d_recap_5_simulateur_de_revenus_mix_produits_choisi_par_l_hotel_dans_un_1er_temps_puis_o_r139
ibis-budget-strasbourg,STRASBOURG,139,"5 - SIMULATEUR
DE REVENUS","MIX PRODUITS
(choisi par l'hôtel
dans un 1er temps puis
option/bouton ""reco IA"")",PRODUITS SOS,5_simulateur_de_revenus_mix_produits_choisi_par_l_hotel_dans_un_1er_temps_puis_o,categorical,,d_recap_5_simulateur_de_revenus_mix_produits_choisi_par_l_hotel_dans_un_1er_temps_puis_o_r139
ibis-styles-roissy-cdg,PARIS CDG,139,"5 - SIMULATEUR
DE REVENUS","MIX PRODUITS
(choisi par l'hôtel
dans un 1er temps puis
option/bouton ""reco IA"")",PRODUITS SOS,5_simulateur_de_revenus_mix_produits_choisi_par_l_hotel_dans_un_1er_temps_puis_o,categorical,,d_recap_5_simulateur_de_revenus_mix_produits_choisi_par_l_hotel_dans_un_1er_temps_puis_o_r139
novotel-megeve,MEGEVE,139,"5 - SIMULATEUR
DE REVENUS","MIX PRODUITS
(choisi par l'hôtel
dans un 1er temps puis
option/bouton ""reco IA"")",PRODUITS SOS,5_simulateur_de_revenus_mix_produits_choisi_par_l_hotel_dans_un_1er_temps_puis_o,categorical,,d_recap_5_simulateur_de_revenus_mix_produits_choisi_par_l_hotel_dans_un_1er_temps_puis_o_r139
novotel-paris-tour-eiffel,TOUR EIFFEL,139,"5 - SIMULATEUR
DE REVENUS","MIX PRODUITS
(choisi par l'hôtel
dans un 1er temps puis
option/bouton ""reco IA"")",PRODUITS SOS,5_simulateur_de_revenus_mix_produits_choisi_par_l_hotel_dans_un_1er_temps_puis_o,categorical,,d_recap_5_simulateur_de_revenus_mix_produits_choisi_par_l_hotel_dans_un_1er_temps_puis_o_r139
mercure-montmartre,MONTMARTRE,139,"5 - SIMULATEUR
DE REVENUS","MIX PRODUITS
(choisi par l'hôtel
dans un 1er temps puis
option/bouton ""reco IA"")",PRODUITS SOS,5_simulateur_de_revenus_mix_produits_choisi_par_l_hotel_dans_un_1er_temps_puis_o,categorical,,d_recap_5_simulateur_de_revenus_mix_produits_choisi_par_l_hotel_dans_un_1er_temps_puis_o_r139
mercure-boulogne,BOULOGNE,139,"5 - SIMULATEUR
DE REVENUS","MIX PRODUITS
(choisi par l'hôtel
dans un 1er temps puis
option/bouton ""reco IA"")",PRODUITS SOS,5_simulateur_de_revenus_mix_produits_choisi_par_l_hotel_dans_un_1er_temps_puis_o,categorical,,d_recap_5_simulateur_de_revenus_mix_produits_choisi_par_l_hotel_dans_un_1er_temps_puis_o_r139
ibis-budget-nice,NICE,140,"5 - SIMULATEUR
DE REVENUS","MIX PRODUITS
(choisi par l'hôtel
dans un 1er temps puis
option/bouton ""reco IA"")",HYGIÈNE,5_simulateur_de_revenus_mix_produits_choisi_par_l_hotel_dans_un_1er_temps_puis_o,categorical,,d_recap_5_simulateur_de_revenus_mix_produits_choisi_par_l_hotel_dans_un_1er_temps_puis_o_r140
ibis-budget-strasbourg,STRASBOURG,140,"5 - SIMULATEUR
DE REVENUS","MIX PRODUITS
(choisi par l'hôtel
dans un 1er temps puis
option/bouton ""reco IA"")",HYGIÈNE,5_simulateur_de_revenus_mix_produits_choisi_par_l_hotel_dans_un_1er_temps_puis_o,categorical,,d_recap_5_simulateur_de_revenus_mix_produits_choisi_par_l_hotel_dans_un_1er_temps_puis_o_r140
ibis-styles-roissy-cdg,PARIS CDG,140,"5 - SIMULATEUR
DE REVENUS","MIX PRODUITS
(choisi par l'hôtel
dans un 1er temps puis
option/bouton ""reco IA"")",HYGIÈNE,5_simulateur_de_revenus_mix_produits_choisi_par_l_hotel_dans_un_1er_temps_puis_o,categorical,,d_recap_5_simulateur_de_revenus_mix_produits_choisi_par_l_hotel_dans_un_1er_temps_puis_o_r140
novotel-megeve,MEGEVE,140,"5 - SIMULATEUR
DE REVENUS","MIX PRODUITS
(choisi par l'hôtel
dans un 1er temps puis
option/bouton ""reco IA"")",HYGIÈNE,5_simulateur_de_revenus_mix_produits_choisi_par_l_hotel_dans_un_1er_temps_puis_o,categorical,,d_recap_5_simulateur_de_revenus_mix_produits_choisi_par_l_hotel_dans_un_1er_temps_puis_o_r140
novotel-paris-tour-eiffel,TOUR EIFFEL,140,"5 - SIMULATEUR
DE REVENUS","MIX PRODUITS
(choisi par l'hôtel
dans un 1er temps puis
option/bouton ""reco IA"")",HYGIÈNE,5_simulateur_de_revenus_mix_produits_choisi_par_l_hotel_dans_un_1er_temps_puis_o,categorical,,d_recap_5_simulateur_de_revenus_mix_produits_choisi_par_l_hotel_dans_un_1er_temps_puis_o_r140
mercure-montmartre,MONTMARTRE,140,"5 - SIMULATEUR
DE REVENUS","MIX PRODUITS
(choisi par l'hôtel
dans un 1er temps puis
option/bouton ""reco IA"")",HYGIÈNE,5_simulateur_de_revenus_mix_produits_choisi_par_l_hotel_dans_un_1er_temps_puis_o,categorical,,d_recap_5_simulateur_de_revenus_mix_produits_choisi_par_l_hotel_dans_un_1er_temps_puis_o_r140
mercure-boulogne,BOULOGNE,140,"5 - SIMULATEUR
DE REVENUS","MIX PRODUITS
(choisi par l'hôtel
dans un 1er temps puis
option/bouton ""reco IA"")",HYGIÈNE,5_simulateur_de_revenus_mix_produits_choisi_par_l_hotel_dans_un_1er_temps_puis_o,categorical,,d_recap_5_simulateur_de_revenus_mix_produits_choisi_par_l_hotel_dans_un_1er_temps_puis_o_r140
ibis-budget-nice,NICE,141,"5 - SIMULATEUR
DE REVENUS","MIX PRODUITS
(choisi par l'hôtel
dans un 1er temps puis
option/bouton ""reco IA"")",PRODUITS COSMÉTIQUES,5_simulateur_de_revenus_mix_produits_choisi_par_l_hotel_dans_un_1er_temps_puis_o,categorical,,d_recap_5_simulateur_de_revenus_mix_produits_choisi_par_l_hotel_dans_un_1er_temps_puis_o_r141
ibis-budget-strasbourg,STRASBOURG,141,"5 - SIMULATEUR
DE REVENUS","MIX PRODUITS
(choisi par l'hôtel
dans un 1er temps puis
option/bouton ""reco IA"")",PRODUITS COSMÉTIQUES,5_simulateur_de_revenus_mix_produits_choisi_par_l_hotel_dans_un_1er_temps_puis_o,categorical,,d_recap_5_simulateur_de_revenus_mix_produits_choisi_par_l_hotel_dans_un_1er_temps_puis_o_r141
ibis-styles-roissy-cdg,PARIS CDG,141,"5 - SIMULATEUR
DE REVENUS","MIX PRODUITS
(choisi par l'hôtel
dans un 1er temps puis
option/bouton ""reco IA"")",PRODUITS COSMÉTIQUES,5_simulateur_de_revenus_mix_produits_choisi_par_l_hotel_dans_un_1er_temps_puis_o,categorical,,d_recap_5_simulateur_de_revenus_mix_produits_choisi_par_l_hotel_dans_un_1er_temps_puis_o_r141
novotel-megeve,MEGEVE,141,"5 - SIMULATEUR
DE REVENUS","MIX PRODUITS
(choisi par l'hôtel
dans un 1er temps puis
option/bouton ""reco IA"")",PRODUITS COSMÉTIQUES,5_simulateur_de_revenus_mix_produits_choisi_par_l_hotel_dans_un_1er_temps_puis_o,categorical,,d_recap_5_simulateur_de_revenus_mix_produits_choisi_par_l_hotel_dans_un_1er_temps_puis_o_r141
novotel-paris-tour-eiffel,TOUR EIFFEL,141,"5 - SIMULATEUR
DE REVENUS","MIX PRODUITS
(choisi par l'hôtel
dans un 1er temps puis
option/bouton ""reco IA"")",PRODUITS COSMÉTIQUES,5_simulateur_de_revenus_mix_produits_choisi_par_l_hotel_dans_un_1er_temps_puis_o,categorical,,d_recap_5_simulateur_de_revenus_mix_produits_choisi_par_l_hotel_dans_un_1er_temps_puis_o_r141
mercure-montmartre,MONTMARTRE,141,"5 - SIMULATEUR
DE REVENUS","MIX PRODUITS
(choisi par l'hôtel
dans un 1er temps puis
option/bouton ""reco IA"")",PRODUITS COSMÉTIQUES,5_simulateur_de_revenus_mix_produits_choisi_par_l_hotel_dans_un_1er_temps_puis_o,categorical,,d_recap_5_simulateur_de_revenus_mix_produits_choisi_par_l_hotel_dans_un_1er_temps_puis_o_r141
mercure-boulogne,BOULOGNE,141,"5 - SIMULATEUR
DE REVENUS","MIX PRODUITS
(choisi par l'hôtel
dans un 1er temps puis
option/bouton ""reco IA"")",PRODUITS COSMÉTIQUES,5_simulateur_de_revenus_mix_produits_choisi_par_l_hotel_dans_un_1er_temps_puis_o,categorical,,d_recap_5_simulateur_de_revenus_mix_produits_choisi_par_l_hotel_dans_un_1er_temps_puis_o_r141
ibis-budget-nice,NICE,142,"5 - SIMULATEUR
DE REVENUS","MIX PRODUITS
(choisi par l'hôtel
dans un 1er temps puis
option/bouton ""reco IA"")",ARTICLES POUR ENFANTS,5_simulateur_de_revenus_mix_produits_choisi_par_l_hotel_dans_un_1er_temps_puis_o,categorical,,d_recap_5_simulateur_de_revenus_mix_produits_choisi_par_l_hotel_dans_un_1er_temps_puis_o_r142
ibis-budget-strasbourg,STRASBOURG,142,"5 - SIMULATEUR
DE REVENUS","MIX PRODUITS
(choisi par l'hôtel
dans un 1er temps puis
option/bouton ""reco IA"")",ARTICLES POUR ENFANTS,5_simulateur_de_revenus_mix_produits_choisi_par_l_hotel_dans_un_1er_temps_puis_o,categorical,,d_recap_5_simulateur_de_revenus_mix_produits_choisi_par_l_hotel_dans_un_1er_temps_puis_o_r142
ibis-styles-roissy-cdg,PARIS CDG,142,"5 - SIMULATEUR
DE REVENUS","MIX PRODUITS
(choisi par l'hôtel
dans un 1er temps puis
option/bouton ""reco IA"")",ARTICLES POUR ENFANTS,5_simulateur_de_revenus_mix_produits_choisi_par_l_hotel_dans_un_1er_temps_puis_o,categorical,,d_recap_5_simulateur_de_revenus_mix_produits_choisi_par_l_hotel_dans_un_1er_temps_puis_o_r142
novotel-megeve,MEGEVE,142,"5 - SIMULATEUR
DE REVENUS","MIX PRODUITS
(choisi par l'hôtel
dans un 1er temps puis
option/bouton ""reco IA"")",ARTICLES POUR ENFANTS,5_simulateur_de_revenus_mix_produits_choisi_par_l_hotel_dans_un_1er_temps_puis_o,categorical,,d_recap_5_simulateur_de_revenus_mix_produits_choisi_par_l_hotel_dans_un_1er_temps_puis_o_r142
novotel-paris-tour-eiffel,TOUR EIFFEL,142,"5 - SIMULATEUR
DE REVENUS","MIX PRODUITS
(choisi par l'hôtel
dans un 1er temps puis
option/bouton ""reco IA"")",ARTICLES POUR ENFANTS,5_simulateur_de_revenus_mix_produits_choisi_par_l_hotel_dans_un_1er_temps_puis_o,categorical,,d_recap_5_simulateur_de_revenus_mix_produits_choisi_par_l_hotel_dans_un_1er_temps_puis_o_r142
mercure-montmartre,MONTMARTRE,142,"5 - SIMULATEUR
DE REVENUS","MIX PRODUITS
(choisi par l'hôtel
dans un 1er temps puis
option/bouton ""reco IA"")",ARTICLES POUR ENFANTS,5_simulateur_de_revenus_mix_produits_choisi_par_l_hotel_dans_un_1er_temps_puis_o,categorical,,d_recap_5_simulateur_de_revenus_mix_produits_choisi_par_l_hotel_dans_un_1er_temps_puis_o_r142
mercure-boulogne,BOULOGNE,142,"5 - SIMULATEUR
DE REVENUS","MIX PRODUITS
(choisi par l'hôtel
dans un 1er temps puis
option/bouton ""reco IA"")",ARTICLES POUR ENFANTS,5_simulateur_de_revenus_mix_produits_choisi_par_l_hotel_dans_un_1er_temps_puis_o,categorical,,d_recap_5_simulateur_de_revenus_mix_produits_choisi_par_l_hotel_dans_un_1er_temps_puis_o_r142
ibis-budget-nice,NICE,143,"5 - SIMULATEUR
DE REVENUS","MIX PRODUITS
(choisi par l'hôtel
dans un 1er temps puis
option/bouton ""reco IA"")",PRÊT-À-PORTER,5_simulateur_de_revenus_mix_produits_choisi_par_l_hotel_dans_un_1er_temps_puis_o,categorical,,d_recap_5_simulateur_de_revenus_mix_produits_choisi_par_l_hotel_dans_un_1er_temps_puis_o_r143
ibis-budget-strasbourg,STRASBOURG,143,"5 - SIMULATEUR
DE REVENUS","MIX PRODUITS
(choisi par l'hôtel
dans un 1er temps puis
option/bouton ""reco IA"")",PRÊT-À-PORTER,5_simulateur_de_revenus_mix_produits_choisi_par_l_hotel_dans_un_1er_temps_puis_o,categorical,,d_recap_5_simulateur_de_revenus_mix_produits_choisi_par_l_hotel_dans_un_1er_temps_puis_o_r143
ibis-styles-roissy-cdg,PARIS CDG,143,"5 - SIMULATEUR
DE REVENUS","MIX PRODUITS
(choisi par l'hôtel
dans un 1er temps puis
option/bouton ""reco IA"")",PRÊT-À-PORTER,5_simulateur_de_revenus_mix_produits_choisi_par_l_hotel_dans_un_1er_temps_puis_o,categorical,,d_recap_5_simulateur_de_revenus_mix_produits_choisi_par_l_hotel_dans_un_1er_temps_puis_o_r143
novotel-megeve,MEGEVE,143,"5 - SIMULATEUR
DE REVENUS","MIX PRODUITS
(choisi par l'hôtel
dans un 1er temps puis
option/bouton ""reco IA"")",PRÊT-À-PORTER,5_simulateur_de_revenus_mix_produits_choisi_par_l_hotel_dans_un_1er_temps_puis_o,categorical,,d_recap_5_simulateur_de_revenus_mix_produits_choisi_par_l_hotel_dans_un_1er_temps_puis_o_r143
novotel-paris-tour-eiffel,TOUR EIFFEL,143,"5 - SIMULATEUR
DE REVENUS","MIX PRODUITS
(choisi par l'hôtel
dans un 1er temps puis
option/bouton ""reco IA"")",PRÊT-À-PORTER,5_simulateur_de_revenus_mix_produits_choisi_par_l_hotel_dans_un_1er_temps_puis_o,categorical,,d_recap_5_simulateur_de_revenus_mix_produits_choisi_par_l_hotel_dans_un_1er_temps_puis_o_r143
mercure-montmartre,MONTMARTRE,143,"5 - SIMULATEUR
DE REVENUS","MIX PRODUITS
(choisi par l'hôtel
dans un 1er temps puis
option/bouton ""reco IA"")",PRÊT-À-PORTER,5_simulateur_de_revenus_mix_produits_choisi_par_l_hotel_dans_un_1er_temps_puis_o,categorical,,d_recap_5_simulateur_de_revenus_mix_produits_choisi_par_l_hotel_dans_un_1er_temps_puis_o_r143
mercure-boulogne,BOULOGNE,143,"5 - SIMULATEUR
DE REVENUS","MIX PRODUITS
(choisi par l'hôtel
dans un 1er temps puis
option/bouton ""reco IA"")",PRÊT-À-PORTER,5_simulateur_de_revenus_mix_produits_choisi_par_l_hotel_dans_un_1er_temps_puis_o,categorical,,d_recap_5_simulateur_de_revenus_mix_produits_choisi_par_l_hotel_dans_un_1er_temps_puis_o_r143
ibis-budget-nice,NICE,144,"5 - SIMULATEUR
DE REVENUS","MIX PRODUITS
(choisi par l'hôtel
dans un 1er temps puis
option/bouton ""reco IA"")",ACCESSOIRES,5_simulateur_de_revenus_mix_produits_choisi_par_l_hotel_dans_un_1er_temps_puis_o,categorical,,d_recap_5_simulateur_de_revenus_mix_produits_choisi_par_l_hotel_dans_un_1er_temps_puis_o_r144
ibis-budget-strasbourg,STRASBOURG,144,"5 - SIMULATEUR
DE REVENUS","MIX PRODUITS
(choisi par l'hôtel
dans un 1er temps puis
option/bouton ""reco IA"")",ACCESSOIRES,5_simulateur_de_revenus_mix_produits_choisi_par_l_hotel_dans_un_1er_temps_puis_o,categorical,,d_recap_5_simulateur_de_revenus_mix_produits_choisi_par_l_hotel_dans_un_1er_temps_puis_o_r144
ibis-styles-roissy-cdg,PARIS CDG,144,"5 - SIMULATEUR
DE REVENUS","MIX PRODUITS
(choisi par l'hôtel
dans un 1er temps puis
option/bouton ""reco IA"")",ACCESSOIRES,5_simulateur_de_revenus_mix_produits_choisi_par_l_hotel_dans_un_1er_temps_puis_o,categorical,,d_recap_5_simulateur_de_revenus_mix_produits_choisi_par_l_hotel_dans_un_1er_temps_puis_o_r144
novotel-megeve,MEGEVE,144,"5 - SIMULATEUR
DE REVENUS","MIX PRODUITS
(choisi par l'hôtel
dans un 1er temps puis
option/bouton ""reco IA"")",ACCESSOIRES,5_simulateur_de_revenus_mix_produits_choisi_par_l_hotel_dans_un_1er_temps_puis_o,categorical,,d_recap_5_simulateur_de_revenus_mix_produits_choisi_par_l_hotel_dans_un_1er_temps_puis_o_r144
novotel-paris-tour-eiffel,TOUR EIFFEL,144,"5 - SIMULATEUR
DE REVENUS","MIX PRODUITS
(choisi par l'hôtel
dans un 1er temps puis
option/bouton ""reco IA"")",ACCESSOIRES,5_simulateur_de_revenus_mix_produits_choisi_par_l_hotel_dans_un_1er_temps_puis_o,categorical,,d_recap_5_simulateur_de_revenus_mix_produits_choisi_par_l_hotel_dans_un_1er_temps_puis_o_r144
mercure-montmartre,MONTMARTRE,144,"5 - SIMULATEUR
DE REVENUS","MIX PRODUITS
(choisi par l'hôtel
dans un 1er temps puis
option/bouton ""reco IA"")",ACCESSOIRES,5_simulateur_de_revenus_mix_produits_choisi_par_l_hotel_dans_un_1er_temps_puis_o,categorical,,d_recap_5_simulateur_de_revenus_mix_produits_choisi_par_l_hotel_dans_un_1er_temps_puis_o_r144
mercure-boulogne,BOULOGNE,144,"5 - SIMULATEUR
DE REVENUS","MIX PRODUITS
(choisi par l'hôtel
dans un 1er temps puis
option/bouton ""reco IA"")",ACCESSOIRES,5_simulateur_de_revenus_mix_produits_choisi_par_l_hotel_dans_un_1er_temps_puis_o,categorical,,d_recap_5_simulateur_de_revenus_mix_produits_choisi_par_l_hotel_dans_un_1er_temps_puis_o_r144
ibis-budget-nice,NICE,145,"5 - SIMULATEUR
DE REVENUS","MIX PRODUITS
(choisi par l'hôtel
dans un 1er temps puis
option/bouton ""reco IA"")",SOUVENIRS,5_simulateur_de_revenus_mix_produits_choisi_par_l_hotel_dans_un_1er_temps_puis_o,categorical,,d_recap_5_simulateur_de_revenus_mix_produits_choisi_par_l_hotel_dans_un_1er_temps_puis_o_r145
ibis-budget-strasbourg,STRASBOURG,145,"5 - SIMULATEUR
DE REVENUS","MIX PRODUITS
(choisi par l'hôtel
dans un 1er temps puis
option/bouton ""reco IA"")",SOUVENIRS,5_simulateur_de_revenus_mix_produits_choisi_par_l_hotel_dans_un_1er_temps_puis_o,categorical,,d_recap_5_simulateur_de_revenus_mix_produits_choisi_par_l_hotel_dans_un_1er_temps_puis_o_r145
ibis-styles-roissy-cdg,PARIS CDG,145,"5 - SIMULATEUR
DE REVENUS","MIX PRODUITS
(choisi par l'hôtel
dans un 1er temps puis
option/bouton ""reco IA"")",SOUVENIRS,5_simulateur_de_revenus_mix_produits_choisi_par_l_hotel_dans_un_1er_temps_puis_o,categorical,,d_recap_5_simulateur_de_revenus_mix_produits_choisi_par_l_hotel_dans_un_1er_temps_puis_o_r145
novotel-megeve,MEGEVE,145,"5 - SIMULATEUR
DE REVENUS","MIX PRODUITS
(choisi par l'hôtel
dans un 1er temps puis
option/bouton ""reco IA"")",SOUVENIRS,5_simulateur_de_revenus_mix_produits_choisi_par_l_hotel_dans_un_1er_temps_puis_o,categorical,,d_recap_5_simulateur_de_revenus_mix_produits_choisi_par_l_hotel_dans_un_1er_temps_puis_o_r145
novotel-paris-tour-eiffel,TOUR EIFFEL,145,"5 - SIMULATEUR
DE REVENUS","MIX PRODUITS
(choisi par l'hôtel
dans un 1er temps puis
option/bouton ""reco IA"")",SOUVENIRS,5_simulateur_de_revenus_mix_produits_choisi_par_l_hotel_dans_un_1er_temps_puis_o,categorical,,d_recap_5_simulateur_de_revenus_mix_produits_choisi_par_l_hotel_dans_un_1er_temps_puis_o_r145
mercure-montmartre,MONTMARTRE,145,"5 - SIMULATEUR
DE REVENUS","MIX PRODUITS
(choisi par l'hôtel
dans un 1er temps puis
option/bouton ""reco IA"")",SOUVENIRS,5_simulateur_de_revenus_mix_produits_choisi_par_l_hotel_dans_un_1er_temps_puis_o,categorical,,d_recap_5_simulateur_de_revenus_mix_produits_choisi_par_l_hotel_dans_un_1er_temps_puis_o_r145
mercure-boulogne,BOULOGNE,145,"5 - SIMULATEUR
DE REVENUS","MIX PRODUITS
(choisi par l'hôtel
dans un 1er temps puis
option/bouton ""reco IA"")",SOUVENIRS,5_simulateur_de_revenus_mix_produits_choisi_par_l_hotel_dans_un_1er_temps_puis_o,categorical,,d_recap_5_simulateur_de_revenus_mix_produits_choisi_par_l_hotel_dans_un_1er_temps_puis_o_r145
