hotel_code_accor,hotel_code_norm,hotel_name,hotel_brand_code,hotel_brand,hotel_city,hotel_country,hotel_adresse,hotel_code_postal,url_hotel,source,source_query,hotel_name_norm,city_norm,rating_value,review_count,page_index,in_destination_html,match_type
0785,785,Novotel Paris Les Halles,NOV,NOVOTEL,PARIS,France,8 Place Marguerite de Navarre,75001,https://all.accor.com/hotel/0785/index.fr.shtml,catalog_api,france,NOVOTEL PARIS LES HALLES,PARIS,,,,False,missing
A7L5,A7L5,SO/ Paris Hotel,SO,SO/,PARIS,France,10 rue Agrippa d'Aubigné,75004,https://all.accor.com/hotel/A7L5/index.fr.shtml,catalog_api,france,SO PARIS HOTEL,PARIS,,,,False,missing
A013,A013,ibis Paris Avenue de la République,IBH,IBIS,PARIS,France,14 rue Rampon,75011,https://all.accor.com/hotel/A013/index.fr.shtml,catalog_api,france,IBIS PARIS AVENUE DE LA REPUBLIQUE,PARIS,,,,False,missing
0751,751,ibis Styles Paris République Le Marais,IBS,IBIS STYLES,PARIS,France,"9, rue Leon Jouhaux",75010,https://all.accor.com/hotel/0751/index.fr.shtml,catalog_api,france,IBIS STYLES PARIS REPUBLIQUE LE MARAIS,PARIS,,,,False,missing
B625,B625,Ibis Styles Paris Gare De Lyon Bastille,IBS,IBIS STYLES,PARIS,France,52 Avenue Ledru Rollin,75012,https://all.accor.com/hotel/B625/index.fr.shtml,catalog_api,france,IBIS STYLES PARIS GARE DE LYON BASTILLE,PARIS,,,,False,missing
B6F9,B6F9,Mercure Paris Gare de Lyon Opéra Bastille,MER,MERCURE,PARIS,France,3 Rue Parrot,75012,https://all.accor.com/hotel/B6F9/index.fr.shtml,catalog_api,france,MERCURE PARIS GARE DE LYON OPERA BASTILLE,PARIS,,,,False,missing
B8G7,B8G7,Ibis Styles Paris Opéra Lafayette,IBS,IBIS STYLES,PARIS,France,"3, rue de Trévise",75009,https://all.accor.com/hotel/B8G7/index.fr.shtml,catalog_api,france,IBIS STYLES PARIS OPERA LAFAYETTE,PARIS,,,,False,missing
B8G5,B8G5,Mercure Paris Opéra Lafayette,MER,MERCURE,PARIS,France,7 Rue De Trevise,75009,https://all.accor.com/hotel/B8G5/index.fr.shtml,catalog_api,france,MERCURE PARIS OPERA LAFAYETTE,PARIS,,,,False,missing
0981,981,Hôtel Mercure Paris Opéra Faubourg Montmartre,MER,MERCURE,PARIS,France,5  rue de Montyon,75009,https://all.accor.com/hotel/0981/index.fr.shtml,catalog_api,france,HOTEL MERCURE PARIS OPERA FAUBOURG MONTMARTRE,PARIS,,,,False,missing
B6W6,B6W6,ibis Styles Paris Gare de Lyon TGV,IBS,IBIS STYLES,PARIS,France,28 Bis Boulevard Diderot,75012,https://all.accor.com/hotel/B6W6/index.fr.shtml,catalog_api,france,IBIS STYLES PARIS GARE DE LYON TGV,PARIS,4.6,1104,4.0,True,missing
B5D8,B5D8,ibis Styles Paris Gare de l'Est Magenta,IBS,IBIS STYLES,PARIS,France,4 Rue Sibour,75010,https://all.accor.com/hotel/B5D8/index.fr.shtml,catalog_api,france,IBIS STYLES PARIS GARE DE L EST MAGENTA,PARIS,4.3,804,4.0,True,missing
A9V3,A9V3,ibis Paris Gare de L'Est 10ème,IBH,IBIS,PARIS,France,5 Rue Saint Laurent,75010,https://all.accor.com/hotel/A9V3/index.fr.shtml,catalog_api,france,IBIS PARIS GARE DE L EST 10EME,PARIS,,,,False,missing
0663,663,Sofitel Le Scribe Paris Opéra,SOF,SOFITEL,PARIS,France,1  rue Scribe,75009,https://all.accor.com/hotel/0663/index.fr.shtml,catalog_api,france,SOFITEL LE SCRIBE PARIS OPERA,PARIS,,,,False,missing
0351,351,Hôtel Mercure Paris Montparnasse Raspail,MER,MERCURE,PARIS,France,207 Boulevard Raspail,75014,https://all.accor.com/hotel/0351/index.fr.shtml,catalog_api,france,HOTEL MERCURE PARIS MONTPARNASSE RASPAIL,PARIS,,,,False,missing
A064,A064,Boutet Bastille Hotel Paris - MGallery Collection,MGA,MGALLERY,PARIS,France,22 24 Rue Faidherbe,75011,https://all.accor.com/hotel/A064/index.fr.shtml,catalog_api,france,BOUTET BASTILLE HOTEL PARIS MGALLERY COLLECTION,PARIS,,,,False,missing
0863,863,ibis Paris Gare du Nord La Fayette 10ème,IBH,IBIS,PARIS,France,"122, rue La Fayette",75010,https://all.accor.com/hotel/0863/index.fr.shtml,catalog_api,france,IBIS PARIS GARE DU NORD LA FAYETTE 10EME,PARIS,,,,False,missing
B4F3,B4F3,Novotel Paris 20 Belleville,NOV,NOVOTEL,PARIS,France,64 74 Boulevard De Belleville,75020,https://all.accor.com/hotel/B4F3/index.fr.shtml,catalog_api,france,NOVOTEL PARIS 20 BELLEVILLE,PARIS,,,,False,missing
B385,B385,25hours Hotel Paris Terminus Nord,TWF,25HOURS,PARIS,France,"12 Boulevard de Denain, Île-de-France",75010,https://all.accor.com/hotel/B385/index.fr.shtml,catalog_api,france,25HOURS HOTEL PARIS TERMINUS NORD,PARIS,,,,False,missing
0934,934,Hôtel Mercure Paris Bercy Bibliothèque,MER,MERCURE,PARIS,France,"6, boulevard Vincent Auriol",75013,https://all.accor.com/hotel/0934/index.fr.shtml,catalog_api,france,HOTEL MERCURE PARIS BERCY BIBLIOTHEQUE,PARIS,,,,False,missing
B8R1,B8R1,Maison Delano Paris,DEL,DELANO,PARIS,France,4 Rue d'Anjou,75008,https://all.accor.com/hotel/B8R1/index.fr.shtml,catalog_api,france,MAISON DELANO PARIS,PARIS,,,,False,missing
0900,900,ibis Paris Canal Saint-Martin,IBH,IBIS,PARIS,France,"12, rue Louis Blanc",75010,https://all.accor.com/hotel/0900/index.fr.shtml,catalog_api,france,IBIS PARIS CANAL SAINT MARTIN,PARIS,,,,False,missing
0905,905,Mercure Paris Centre Gare Montparnasse,MER,MERCURE,PARIS,France,20 rue de la Gaité,75014,https://all.accor.com/hotel/0905/index.fr.shtml,catalog_api,france,MERCURE PARIS CENTRE GARE MONTPARNASSE,PARIS,,,,False,missing
0935,935,Novotel Paris Centre Bercy,NOV,NOVOTEL,PARIS,France,85 rue de Bercy,75012,https://all.accor.com/hotel/0935/index.fr.shtml,catalog_api,france,NOVOTEL PARIS CENTRE BERCY,PARIS,,,,False,missing
0941,941,ibis Styles Paris Bercy,IBS,IBIS STYLES,PARIS,France,77 rue de Bercy,75012,https://all.accor.com/hotel/0941/index.fr.shtml,catalog_api,france,IBIS STYLES PARIS BERCY,PARIS,,,,False,missing
1191,1191,Hôtel Mercure Paris Place d'Italie,MER,MERCURE,PARIS,France,25 boulevard Auguste Blanqui,75013,https://all.accor.com/hotel/1191/index.fr.shtml,catalog_api,france,HOTEL MERCURE PARIS PLACE D ITALIE,PARIS,4.5,759,10.0,True,missing
0694,694,Mercure Paris Butte Montmartre Basilique,MER,MERCURE,PARIS,France,"100, Boulevard Rochechouart",75018,https://all.accor.com/hotel/0694/index.fr.shtml,catalog_api,france,MERCURE PARIS BUTTE MONTMARTRE BASILIQUE,PARIS,4.6,668,10.0,True,missing
A025,A025,Mercure Paris Pigalle Sacre Coeur,MER,MERCURE,PARIS,France,21 Boulevard de Clichy,75009,https://all.accor.com/hotel/A025/index.fr.shtml,catalog_api,france,MERCURE PARIS PIGALLE SACRE COEUR,PARIS,4.7,1049,10.0,True,missing
A4A6,A4A6,ibis Styles Paris Place d'Italie Butte-aux-Cailles,IBS,IBIS STYLES,PARIS,France,22 Rue Barrault,75013,https://all.accor.com/hotel/A4A6/index.fr.shtml,catalog_api,france,IBIS STYLES PARIS PLACE D ITALIE BUTTE AUX CAILLES,PARIS,,,,False,missing
B2Q8,B2Q8,ibis Paris Gare Montparnasse Catalogne,IBH,IBIS,PARIS,France,7 Rue  Du Texel,75014,https://all.accor.com/hotel/B2Q8/index.fr.shtml,catalog_api,france,IBIS PARIS GARE MONTPARNASSE CATALOGNE,PARIS,,,,False,missing
B8H6,B8H6,Hotel Mercure Paris Gare Montparnasse TGV,MER,MERCURE,PARIS,France,"40 Rue Du Cdt René Mouchotte, Place De Catalogne",75014,https://all.accor.com/hotel/B8H6/index.fr.shtml,catalog_api,france,HOTEL MERCURE PARIS GARE MONTPARNASSE TGV,PARIS,,,,False,missing
0803,803,ibis Paris Maine Montparnasse 14ème,IBH,IBIS,PARIS,France,"160, rue du Château, ., .",75014,https://all.accor.com/hotel/0803/index.fr.shtml,catalog_api,france,IBIS PARIS MAINE MONTPARNASSE 14EME,PARIS,,,,False,missing
0923,923,ibis Paris Italie Tolbiac 13ème,IBH,IBIS,PARIS,France,"177, rue de Tolbiac",75013,https://all.accor.com/hotel/0923/index.fr.shtml,catalog_api,france,IBIS PARIS ITALIE TOLBIAC 13EME,PARIS,,,,False,missing
A8R1,A8R1,ibis Styles Paris Gare Saint-Lazare,IBS,IBIS STYLES,PARIS,France,9 Rue De Constantinople,75008,https://all.accor.com/hotel/A8R1/index.fr.shtml,catalog_api,france,IBIS STYLES PARIS GARE SAINT LAZARE,PARIS,,,,False,missing
0373,373,Hôtel Mercure Paris Montmartre Sacré-Coeur,MER,MERCURE,PARIS,France,3  rue Caulaincourt,75018,https://all.accor.com/hotel/0373/index.fr.shtml,catalog_api,france,HOTEL MERCURE PARIS MONTMARTRE SACRE COEUR,PARIS,,,,False,missing
C0T4,C0T4,ibis Styles Paris Montmartre Batignolles,IBS,IBIS STYLES,PARIS,France,03 rue Forest,75018,https://all.accor.com/hotel/C0T4/index.fr.shtml,catalog_api,france,IBIS STYLES PARIS MONTMARTRE BATIGNOLLES,PARIS,,,,False,missing
B431,B431,JO&JOE Paris Nation,JOE,JO&JOE,PARIS,France,"61, Rue De Buzenval",75020,https://all.accor.com/hotel/B431/index.fr.shtml,catalog_api,france,JO JOE PARIS NATION,PARIS,,,,False,missing
A0X1,A0X1,Aparthotel Adagio Paris Nation,ADG,ADAGIO,PARIS,France,15 Ter Rue Lamblardie,75012,https://all.accor.com/hotel/A0X1/index.fr.shtml,catalog_api,france,APARTHOTEL ADAGIO PARIS NATION,PARIS,,,,False,missing
A028,A028,ibis Styles Paris Eiffel Cambronne,IBS,IBIS STYLES,PARIS,France,166 Boulevard de Grenelle,75015,https://all.accor.com/hotel/A028/index.fr.shtml,catalog_api,france,IBIS STYLES PARIS EIFFEL CAMBRONNE,PARIS,,,,False,missing
0959,959,ibis Paris Alésia Montparnasse 14ème,IBH,IBIS,PARIS,France,"49, rue des Plantes",75014,https://all.accor.com/hotel/0959/index.fr.shtml,catalog_api,france,IBIS PARIS ALESIA MONTPARNASSE 14EME,PARIS,,,,False,missing
B7S9,B7S9,Mercure Paris Montparnasse Pasteur,MER,MERCURE,PARIS,France,10 Rue Gager Gabillot,75015,https://all.accor.com/hotel/B7S9/index.fr.shtml,catalog_api,france,MERCURE PARIS MONTPARNASSE PASTEUR,PARIS,,,,False,missing
A0Y0,A0Y0,ibis Styles Paris Nation Porte de Montreuil,IBS,IBIS STYLES,PARIS,France,36 Rue De La Croix Saint Simon,75020,https://all.accor.com/hotel/A0Y0/index.fr.shtml,catalog_api,france,IBIS STYLES PARIS NATION PORTE DE MONTREUIL,PARIS,,,,False,missing
B870,B870,Too Hotel & Spa Paris - MGallery Collection,MGA,MGALLERY,PARIS,France,65 Rue Bruneseau,75013,https://all.accor.com/hotel/B870/index.fr.shtml,catalog_api,france,TOO HOTEL SPA PARIS MGALLERY COLLECTION,PARIS,,,,False,missing
C099,C099,ibis Paris Nation Davout,IBH,IBIS,PARIS,France,110 rue des Orteaux,75020,https://all.accor.com/hotel/C099/index.fr.shtml,catalog_api,france,IBIS PARIS NATION DAVOUT,PARIS,,,,False,missing
B1P0,B1P0,ibis Styles Paris Nation Cours de Vincennes,IBS,IBIS STYLES,PARIS,France,96 Cours De Vincennes,75012,https://all.accor.com/hotel/B1P0/index.fr.shtml,catalog_api,france,IBIS STYLES PARIS NATION COURS DE VINCENNES,PARIS,,,,False,missing
0634,634,ibis Paris Porte d'Italie,IBH,IBIS,GENTILLY,France,"13, rue du Val de Marne",94250,https://all.accor.com/hotel/0634/index.fr.shtml,catalog_api,france,IBIS PARIS PORTE D ITALIE,GENTILLY,,,,False,missing
B9M1,B9M1,ibis Styles Paris Batignolles,IBS,IBIS STYLES,PARIS,France,119 Avenue de Clichy,75017,https://all.accor.com/hotel/B9M1/index.fr.shtml,catalog_api,france,IBIS STYLES PARIS BATIGNOLLES,PARIS,,,,False,missing
A5D5,A5D5,Le Royal Monceau - Raffles Paris,RAF,RAFFLES,PARIS,France,37 Avenue Hoche,75008,https://all.accor.com/hotel/A5D5/index.fr.shtml,catalog_api,france,LE ROYAL MONCEAU RAFFLES PARIS,PARIS,,,,False,missing
B2U6,B2U6,ibis Styles Paris Météor Avenue d'Italie,IBS,IBIS STYLES,PARIS,France,12 Avenue de la Porte d'Italie,75013,https://all.accor.com/hotel/B2U6/index.fr.shtml,catalog_api,france,IBIS STYLES PARIS METEOR AVENUE D ITALIE,PARIS,,,,False,missing
C2L2,C2L2,Hotel Maison Hamelin Paris - Handwritten Collection,SOU,SOU,PARIS,France,10 rue de l'Amiral Hamelin,75116,https://all.accor.com/hotel/C2L2/index.fr.shtml,catalog_api,france,HOTEL MAISON HAMELIN PARIS HANDWRITTEN COLLECTION,PARIS,,,,False,missing
B6S4,B6S4,TRIBE Paris Batignolles,TRI,TRIBE,PARIS,France,176 Rue Cardinet,75017,https://all.accor.com/hotel/B6S4/index.fr.shtml,catalog_api,france,TRIBE PARIS BATIGNOLLES,PARIS,,,,False,missing
3239,3239,Novotel Suites Paris Montreuil Vincennes,SUI,NOVOTEL SUITES,PARIS,France,22 Avenue du professeur lemierre,75020,https://all.accor.com/hotel/3239/index.fr.shtml,catalog_api,france,NOVOTEL SUITES PARIS MONTREUIL VINCENNES,PARIS,,,,False,missing
C289,C289,greet Hotel Paris 13 Porte d'Italie,GRE,GREET,LE KREMLIN BICETRE,France,22 rue Voltaire,94270,https://all.accor.com/hotel/C289/index.fr.shtml,catalog_api,france,GREET HOTEL PARIS 13 PORTE D ITALIE,LE KREMLIN BICETRE,,,,False,missing
B2R6,B2R6,Aparthotel Adagio Paris 19eme Cité de la Musique,ADG,ADAGIO,PARIS,France,28 Boulevard D Indochine,75019,https://all.accor.com/hotel/B2R6/index.fr.shtml,catalog_api,france,APARTHOTEL ADAGIO PARIS 19EME CITE DE LA MUSIQUE,PARIS,,,,False,missing
0374,374,Hôtel Mercure Paris Porte d'Orléans,MER,MERCURE,MONTROUGE,France,13 rue Francois Ory,92120,https://all.accor.com/hotel/0374/index.fr.shtml,catalog_api,france,HOTEL MERCURE PARIS PORTE D ORLEANS,MONTROUGE,,,,False,missing
0380,380,Novotel Paris Est Centre de Conference,NOV,NOVOTEL,BAGNOLET,France,1 Avenue de la Republique,93177,https://all.accor.com/hotel/0380/index.fr.shtml,catalog_api,france,NOVOTEL PARIS EST CENTRE DE CONFERENCE,BAGNOLET,,,,False,missing
B0D0,B0D0,JO&JOE Paris Gentilly,JOE,JO&JOE,GENTILLY,France,89-93 Av P. Vaillant Couturier,94250,https://all.accor.com/hotel/B0D0/index.fr.shtml,catalog_api,france,JO JOE PARIS GENTILLY,GENTILLY,,,,False,missing
0635,635,ibis Paris Porte d'Orléans,IBH,IBIS,MONTROUGE,France,33 rue Barbès,92120,https://all.accor.com/hotel/0635/index.fr.shtml,catalog_api,france,IBIS PARIS PORTE D ORLEANS,MONTROUGE,,,,False,missing
1936,1936,ibis Paris Brancion Parc des Expositions 15ème,IBH,IBIS,PARIS,France,"105, rue Brancion",75015,https://all.accor.com/hotel/1936/index.fr.shtml,catalog_api,france,IBIS PARIS BRANCION PARC DES EXPOSITIONS 15EME,PARIS,,,,False,missing
A6S7,A6S7,Hôtel Mercure Paris 17 Batignolles,MER,MERCURE,PARIS,France,118 Rue De Tocqueville,75017,https://all.accor.com/hotel/A6S7/index.fr.shtml,catalog_api,france,HOTEL MERCURE PARIS 17 BATIGNOLLES,PARIS,,,,False,missing
0372,372,Hôtel Mercure Paris Arc de Triomphe Étoile,MER,MERCURE,PARIS,France,27 avenue des Ternes,75017,https://all.accor.com/hotel/0372/index.fr.shtml,catalog_api,france,HOTEL MERCURE PARIS ARC DE TRIOMPHE ETOILE,PARIS,,,,False,missing
0633,633,ibis Paris Porte de Bagnolet,IBH,IBIS,BAGNOLET,France,1 rue Jean Jaures,93170,https://all.accor.com/hotel/0633/index.fr.shtml,catalog_api,france,IBIS PARIS PORTE DE BAGNOLET,BAGNOLET,,,,False,missing
0903,903,Hôtel Mercure Paris 15 Porte de Versailles,MER,MERCURE,PARIS,France,"6,  rue Saint Lambert",75015,https://all.accor.com/hotel/0903/index.fr.shtml,catalog_api,france,HOTEL MERCURE PARIS 15 PORTE DE VERSAILLES,PARIS,,,,False,missing
B9H3,B9H3,ibis Budget Paris porte de la Chapelle - Aréna,IBB,IBIS BUDGET,PARIS,France,7 IMPASSE MARTEAU,75018,https://all.accor.com/hotel/B9H3/index.fr.shtml,catalog_api,france,IBIS BUDGET PARIS PORTE DE LA CHAPELLE ARENA,PARIS,,,,False,missing
C2M6,C2M6,ibis Styles Paris Porte de Pantin Philharmonie,IBS,IBIS STYLES,PANTIN,France,22 Avenue jean Lolive,93500,https://all.accor.com/hotel/C2M6/index.fr.shtml,catalog_api,france,IBIS STYLES PARIS PORTE DE PANTIN PHILHARMONIE,PANTIN,,,,False,missing
A242,A242,Aparthotel Adagio Paris Malakoff Châtillon,ADG,ADAGIO,MALAKOFF,France,60 Avenue Pierre Brossolette,92240,https://all.accor.com/hotel/A242/index.fr.shtml,catalog_api,france,APARTHOTEL ADAGIO PARIS MALAKOFF CHATILLON,MALAKOFF,,,,False,missing
A7L6,A7L6,Novotel Paris Porte de Versailles,NOV,NOVOTEL,PARIS,France,4 Av De La Porte De La Plaine,75015,https://all.accor.com/hotel/A7L6/index.fr.shtml,catalog_api,france,NOVOTEL PARIS PORTE DE VERSAILLES,PARIS,,,,False,missing
C419,C419,ibis Paris Nord Porte de Saint Ouen,IBH,IBIS,SAINT OUEN,France,9 rue La Fontaine,93400,https://all.accor.com/hotel/C419/index.fr.shtml,catalog_api,france,IBIS PARIS NORD PORTE DE SAINT OUEN,SAINT OUEN,,,,False,missing
B1C3,B1C3,Mama Shelter Paris West,MSH,MAMA SHELTER,PARIS,France,20 Av. de la Porte de la Plaine,75015,https://all.accor.com/hotel/B1C3/index.fr.shtml,catalog_api,france,MAMA SHELTER PARIS WEST,PARIS,,,,False,missing
A780,A780,Hôtel Mercure Paris Saint-Ouen,MER,MERCURE,SAINT OUEN,France,115 Avenue Gabriel Peri,93400,https://all.accor.com/hotel/A780/index.fr.shtml,catalog_api,france,HOTEL MERCURE PARIS SAINT OUEN,SAINT OUEN,,,,False,missing
0375,375,Hôtel Mercure Paris Porte de Versailles Expo,MER,MERCURE,VANVES,France,36 38  rue du moulin,92170,https://all.accor.com/hotel/0375/index.fr.shtml,catalog_api,france,HOTEL MERCURE PARIS PORTE DE VERSAILLES EXPO,VANVES,,,,False,missing
B856,B856,TRIBE Paris Pantin,TRI,TRIBE,PANTIN,France,70 avenue du General Leclerc,93500,https://all.accor.com/hotel/B856/index.fr.shtml,catalog_api,france,TRIBE PARIS PANTIN,PANTIN,,,,False,missing
A026,A026,Hôtel Mercure Paris Malakoff Parc des Expositions,MER,MERCURE,MALAKOFF,France,122 Avenue Pierre Brossolette,92240,https://all.accor.com/hotel/A026/index.fr.shtml,catalog_api,france,HOTEL MERCURE PARIS MALAKOFF PARC DES EXPOSITIONS,MALAKOFF,,,,False,missing
B0E4,B0E4,ibis budget Paris Clichy Mairie,IBB,IBIS BUDGET,CLICHY,France,18 20 Rue Palloy,92110,https://all.accor.com/hotel/B0E4/index.fr.shtml,catalog_api,france,IBIS BUDGET PARIS CLICHY MAIRIE,CLICHY,,,,False,missing
C5H9,C5H9,ibis Styles Paris Pont d'Ivry,IBS,IBIS STYLES,IVRY SUR SEINE,France,5 allee Jacques Laloe,94200,https://all.accor.com/hotel/C5H9/index.fr.shtml,catalog_api,france,IBIS STYLES PARIS PONT D IVRY,IVRY SUR SEINE,,,,False,missing
C5J3,C5J3,Aparthotel Adagio Access Paris Pont D'Ivry,ADA,ADAGIO ACCESS,IVRY SUR SEINE,France,5 allee Jacques Laloe,94200,https://all.accor.com/hotel/C5J3/index.fr.shtml,catalog_api,france,APARTHOTEL ADAGIO ACCESS PARIS PONT D IVRY,IVRY SUR SEINE,,,,False,missing
A3C7,A3C7,ibis Styles Paris Mairie de Clichy,IBS,IBIS STYLES,CLICHY,France,14 Rue Dagobert,92110,https://all.accor.com/hotel/A3C7/index.fr.shtml,catalog_api,france,IBIS STYLES PARIS MAIRIE DE CLICHY,CLICHY,,,,False,missing
B2E6,B2E6,ibis Clichy Centre Mairie,IBH,IBIS,CLICHY,France,4 Rue Marcellin Berthelot,92110,https://all.accor.com/hotel/B2E6/index.fr.shtml,catalog_api,france,IBIS CLICHY CENTRE MAIRIE,CLICHY,,,,False,missing
B854,B854,TRIBE Paris Clichy,TRI,TRIBE,CLICHY,France,105 bd Jean Jaures,92110,https://all.accor.com/hotel/B854/index.fr.shtml,catalog_api,france,TRIBE PARIS CLICHY,CLICHY,,,,False,missing
B717,B717,TRIBE Paris Saint Ouen,TRI,TRIBE,SAINT OUEN,France,33 Boulevard Jean Jaures,93400,https://all.accor.com/hotel/B717/index.fr.shtml,catalog_api,france,TRIBE PARIS SAINT OUEN,SAINT OUEN,,,,False,missing
B599,B599,Domaine Reine Margot Paris - Issy - MGallery Collection,MGA,MGALLERY,ISSY LES MOULINEAUX,France,3 Cours de la Reine Margot,92130,https://all.accor.com/hotel/B599/index.fr.shtml,catalog_api,france,DOMAINE REINE MARGOT PARIS ISSY MGALLERY COLLECTION,ISSY LES MOULINEAUX,,,,False,missing
B132,B132,Hôtel Mercure Paris Pont de Levallois Neuilly,MER,MERCURE,LEVALLOIS PERRET,France,19 Rue Paul Vaillant Couturier,92300,https://all.accor.com/hotel/B132/index.fr.shtml,catalog_api,france,HOTEL MERCURE PARIS PONT DE LEVALLOIS NEUILLY,LEVALLOIS PERRET,,,,False,missing
B5U8,B5U8,ibis Styles Paris Romainville,IBS,IBIS STYLES,ROMAINVILLE,France,52 Avenue Gaston Roussel,93230,https://all.accor.com/hotel/B5U8/index.fr.shtml,catalog_api,france,IBIS STYLES PARIS ROMAINVILLE,ROMAINVILLE,,,,False,missing
C5H8,C5H8,Résidence Mercure Paris Sud Villejuif,MER,MERCURE,VILLEJUIF,France,119 rue Edouard Vaillant,94800,https://all.accor.com/hotel/C5H8/index.fr.shtml,catalog_api,france,RESIDENCE MERCURE PARIS SUD VILLEJUIF,VILLEJUIF,,,,False,missing
C5J1,C5J1,Aparthotel Adagio Access Paris Sud Villejuif,ADA,ADAGIO ACCESS,VILLEJUIF,France,119 rue Edouard Vaillant,94800,https://all.accor.com/hotel/C5J1/index.fr.shtml,catalog_api,france,APARTHOTEL ADAGIO ACCESS PARIS SUD VILLEJUIF,VILLEJUIF,,,,False,missing
A6Q1,A6Q1,ibis Styles Clamart Gare Grand Paris,IBS,IBIS STYLES,CLAMART,France,11 Bis Rue Du Clos Montholon,92140,https://all.accor.com/hotel/A6Q1/index.fr.shtml,catalog_api,france,IBIS STYLES CLAMART GARE GRAND PARIS,CLAMART,,,,False,missing
A5H4,A5H4,ibis budget Bobigny Pantin,IBB,IBIS BUDGET,BOBIGNY,France,60 68 Av Henri Barbusse,93000,https://all.accor.com/hotel/A5H4/index.fr.shtml,catalog_api,france,IBIS BUDGET BOBIGNY PANTIN,BOBIGNY,,,,False,missing
B045,B045,ibis Styles Paris 16 Boulogne,IBS,IBIS STYLES,PARIS,France,19 Avenue Ferdinand Buisson,75016,https://all.accor.com/hotel/B045/index.fr.shtml,catalog_api,france,IBIS STYLES PARIS 16 BOULOGNE,PARIS,,,,False,missing
B9Q7,B9Q7,ibis Styles Paris Villejuif,IBS,IBIS STYLES,VILLEJUIF,France,11 Avenue Louis Aragon,94800,https://all.accor.com/hotel/B9Q7/index.fr.shtml,catalog_api,france,IBIS STYLES PARIS VILLEJUIF,VILLEJUIF,,,,False,missing
0747,747,Novotel Paris la Défense Esplanade,NOV,NOVOTEL,PARIS LA DEFENSE,France,"2 Boulevard de Neuilly, Paris La Défense Cedex",92081,https://all.accor.com/hotel/0747/index.fr.shtml,catalog_api,france,NOVOTEL PARIS LA DEFENSE ESPLANADE,PARIS LA DEFENSE,,,,False,missing
B879,B879,TRIBE Paris La Défense Esplanade,TRI,TRIBE,COURBEVOIE,France,11 rue de l'Abreuvoir,92400,https://all.accor.com/hotel/B879/index.fr.shtml,catalog_api,france,TRIBE PARIS LA DEFENSE ESPLANADE,COURBEVOIE,,,,False,missing
C1V8,C1V8,ibis Styles Paris Saint Denis Pleyel,IBS,IBIS STYLES,SAINT DENIS,France,2 QUAI DE ST OUEN,93200,https://all.accor.com/hotel/C1V8/index.fr.shtml,catalog_api,france,IBIS STYLES PARIS SAINT DENIS PLEYEL,SAINT DENIS,,,,False,missing
0771,771,ibis Paris La Défense Esplanade,IBH,IBIS,PARIS LA DEFENSE,France,"4 Boulevard de Neuilly, Paris La Défense Cedex",92081,https://all.accor.com/hotel/0771/index.fr.shtml,catalog_api,france,IBIS PARIS LA DEFENSE ESPLANADE,PARIS LA DEFENSE,,,,False,missing
B5K2,B5K2,Mama Shelter Paris La Défense,MSH,MAMA SHELTER,PUTEAUX,France,10 Rue Jean Jaures,92800,https://all.accor.com/hotel/B5K2/index.fr.shtml,catalog_api,france,MAMA SHELTER PARIS LA DEFENSE,PUTEAUX,,,,False,missing
A039,A039,ibis Styles Paris Boulogne Marcel Sembat,IBS,IBIS STYLES,BOULOGNE BILLANCOURT,France,92 Boulevard de la Republique,92100,https://all.accor.com/hotel/A039/index.fr.shtml,catalog_api,france,IBIS STYLES PARIS BOULOGNE MARCEL SEMBAT,BOULOGNE BILLANCOURT,,,,False,missing
B917,B917,greet Hotel Boulogne Billancourt Paris,GRE,GREET,BOULOGNE BILLANCOURT,France,210 Bis Boulevard Jean Jaures,92100,https://all.accor.com/hotel/B917/index.fr.shtml,catalog_api,france,GREET HOTEL BOULOGNE BILLANCOURT PARIS,BOULOGNE BILLANCOURT,,,,False,missing
0912,912,Nest Hotel Paris la Défense - MGallery Collection,MGA,MGALLERY,PARIS LA DEFENSE,France,"GPS : 33 Voie des Sculpteurs, 92800 Puteaux, POSTALE : 34 Cours Michelet",92060,https://all.accor.com/hotel/0912/index.fr.shtml,catalog_api,france,NEST HOTEL PARIS LA DEFENSE MGALLERY COLLECTION,PARIS LA DEFENSE,,,,False,missing
1546,1546,Hôtel Mercure Paris La Defense,MER,MERCURE,COURBEVOIE,France,18 - 30 rue Baudin,92400,https://all.accor.com/hotel/1546/index.fr.shtml,catalog_api,france,HOTEL MERCURE PARIS LA DEFENSE,COURBEVOIE,,,,False,missing
C191,C191,TRIBE Paris Suresnes (ouverture prochaine),TRI,TRIBE,SURESNES,France,33 Quai Gallieni,92150,https://all.accor.com/hotel/C191/index.fr.shtml,catalog_api,france,TRIBE PARIS SURESNES OUVERTURE PROCHAINE,SURESNES,,,,False,missing
C034,C034,ibis Styles Bourg La Reine,IBS,IBIS STYLES,BOURG LA REINE,France,82 av General Leclerc,92340,https://all.accor.com/hotel/C034/index.fr.shtml,catalog_api,france,IBIS STYLES BOURG LA REINE,BOURG LA REINE,,,,False,missing
B8K9,B8K9,Aparthotel Adagio Paris Boulogne,ADG,ADAGIO,BOULOGNE BILLANCOURT,France,770 Rue Yves Kermen,92100,https://all.accor.com/hotel/B8K9/index.fr.shtml,catalog_api,france,APARTHOTEL ADAGIO PARIS BOULOGNE,BOULOGNE BILLANCOURT,,,,False,missing
B2W4,B2W4,Aparthotel Adagio Paris Suresnes Longchamp,ADG,ADAGIO,SURESNES,France,11 Rue Benoit Malon,92150,https://all.accor.com/hotel/B2W4/index.fr.shtml,catalog_api,france,APARTHOTEL ADAGIO PARIS SURESNES LONGCHAMP,SURESNES,,,,False,missing
C3Y5,C3Y5,Hôtel Mercure Paris Boulogne Pont de Saint Cloud,MER,MERCURE,BOULOGNE BILLANCOURT,France,20-22 rue des Abondances,92100,https://all.accor.com/hotel/C3Y5/index.fr.shtml,catalog_api,france,HOTEL MERCURE PARIS BOULOGNE PONT DE SAINT CLOUD,BOULOGNE BILLANCOURT,,,,False,missing
B7A3,B7A3,ibis Styles Paris Hippodrome de Vincennes,IBS,IBIS STYLES,JOINVILLE LE PONT,France,1 Allee Edme Lheureux,94340,https://all.accor.com/hotel/B7A3/index.fr.shtml,catalog_api,france,IBIS STYLES PARIS HIPPODROME DE VINCENNES,JOINVILLE LE PONT,,,,False,missing
B5Z6,B5Z6,ibis Styles Paris Gennevilliers,IBS,IBIS STYLES,GENNEVILLIERS,France,6 Avenue Du General De Gaulle,92230,https://all.accor.com/hotel/B5Z6/index.fr.shtml,catalog_api,france,IBIS STYLES PARIS GENNEVILLIERS,GENNEVILLIERS,,,,False,missing
0716,716,ibis Paris Pont de Suresnes,IBH,IBIS,SURESNES,France,"6, rue des Bourets",92150,https://all.accor.com/hotel/0716/index.fr.shtml,catalog_api,france,IBIS PARIS PONT DE SURESNES,SURESNES,,,,False,missing
B5Z7,B5Z7,ibis Styles Bobigny Centre Préfecture,IBS,IBIS STYLES,BOBIGNY,France,302 Av Paul Vaillant Couturier,93000,https://all.accor.com/hotel/B5Z7/index.fr.shtml,catalog_api,france,IBIS STYLES BOBIGNY CENTRE PREFECTURE,BOBIGNY,,,,False,missing
B096,B096,Hôtel Mercure Paris Suresnes Longchamp,MER,MERCURE,SURESNES,France,30 Av General  Charles De Gaulle,92150,https://all.accor.com/hotel/B096/index.fr.shtml,catalog_api,france,HOTEL MERCURE PARIS SURESNES LONGCHAMP,SURESNES,,,,False,missing
A9I7,A9I7,ibis Styles Puteaux Paris La Défense,IBS,IBIS STYLES,PUTEAUX,France,97 Avenue du Général de Gaulle,92800,https://all.accor.com/hotel/A9I7/index.fr.shtml,catalog_api,france,IBIS STYLES PUTEAUX PARIS LA DEFENSE,PUTEAUX,,,,False,missing
B9N6,B9N6,greet Hotel Villeneuve La Garenne,GRE,GREET,VILLENEUVE LA GARENNE,France,"80 Boulevard Charles de Gaulle, Chemin du bûcher",92390,https://all.accor.com/hotel/B9N6/index.fr.shtml,catalog_api,france,GREET HOTEL VILLENEUVE LA GARENNE,VILLENEUVE LA GARENNE,,,,False,missing
B2X1,B2X1,ibis Styles Sceaux Paris Sud,IBS,IBIS STYLES,SCEAUX,France,20 Avenue De Camberwell,92330,https://all.accor.com/hotel/B2X1/index.fr.shtml,catalog_api,france,IBIS STYLES SCEAUX PARIS SUD,SCEAUX,,,,False,missing
B6S6,B6S6,Novotel Paris Val de Fontenay,NOV,NOVOTEL,FONTENAY SOUS BOIS,France,2 Avenue Val de Fontenay,94120,https://all.accor.com/hotel/B6S6/index.fr.shtml,catalog_api,france,NOVOTEL PARIS VAL DE FONTENAY,FONTENAY SOUS BOIS,,,,False,missing
A5T2,A5T2,Hôtel Mercure Paris Gennevilliers,MER,MERCURE,GENNEVILLIERS,France,"3, Avenue Des Louvresses, Zac Des Louvresses",92230,https://all.accor.com/hotel/A5T2/index.fr.shtml,catalog_api,france,HOTEL MERCURE PARIS GENNEVILLIERS,GENNEVILLIERS,,,,False,missing
A5T5,A5T5,ibis budget Paris Gennevilliers,IBB,IBIS BUDGET,GENNEVILLIERS,France,"5 Avenue Des Louvresses, Zac Des Louvresses",92230,https://all.accor.com/hotel/A5T5/index.fr.shtml,catalog_api,france,IBIS BUDGET PARIS GENNEVILLIERS,GENNEVILLIERS,,,,False,missing
B4A3,B4A3,Résidence Mercure Paris La Défense Grande Arche,MER,MERCURE,NANTERRE,France,20 Esplanade Charles De Gaulle,92000,https://all.accor.com/hotel/B4A3/index.fr.shtml,catalog_api,france,RESIDENCE MERCURE PARIS LA DEFENSE GRANDE ARCHE,NANTERRE,,,,False,missing
A027,A027,Hôtel Mercure Paris Saint Cloud Hippodrome,MER,MERCURE,SAINT CLOUD,France,43 Boulevard De La Republique,92210,https://all.accor.com/hotel/A027/index.fr.shtml,catalog_api,france,HOTEL MERCURE PARIS SAINT CLOUD HIPPODROME,SAINT CLOUD,,,,False,missing
B6T8,B6T8,Novotel Paris La Défense Nanterre,NOV,NOVOTEL,NANTERRE,France,14 rue des 3 Fontanot,92000,https://all.accor.com/hotel/B6T8/index.fr.shtml,catalog_api,france,NOVOTEL PARIS LA DEFENSE NANTERRE,NANTERRE,,,,False,missing
0382,382,Novotel Paris Créteil Le Lac,NOV,NOVOTEL,CRETEIL,France,"Rue Jean Gabin, RN 186",94000,https://all.accor.com/hotel/0382/index.fr.shtml,catalog_api,france,NOVOTEL PARIS CRETEIL LE LAC,CRETEIL,,,,False,missing
C3U4,C3U4,ibis Styles Colombes Paris Ouest,IBS,IBIS STYLES,COLOMBES,France,1 rue Albert Camus,92700,https://all.accor.com/hotel/C3U4/index.fr.shtml,catalog_api,france,IBIS STYLES COLOMBES PARIS OUEST,COLOMBES,,,,False,missing
B3A8,B3A8,ibis budget Fresnes,IBB,IBIS BUDGET,FRESNES,France,30 Avenue De La Division Leclerc,94260,https://all.accor.com/hotel/B3A8/index.fr.shtml,catalog_api,france,IBIS BUDGET FRESNES,FRESNES,,,,False,missing
1298,1298,Mercure Paris Orly Rungis Aéroport,MER,MERCURE,RUNGIS,France,20 avenue Charles Lindbergh,94656,https://all.accor.com/hotel/1298/index.fr.shtml,catalog_api,france,MERCURE PARIS ORLY RUNGIS AEROPORT,RUNGIS,,,,False,missing
0851,851,ibis Créteil,IBH,IBIS,CRETEIL,France,"14, rue  Basse Quinte, Carrefour Pompadour, Z.A. Grands Marais",94000,https://all.accor.com/hotel/0851/index.fr.shtml,catalog_api,france,IBIS CRETEIL,CRETEIL,,,,False,missing
C5M7,C5M7,Mercure Le Plessis Robinson (Ouverture Septembre 2026),MER,MERCURE,LE PLESSIS ROBINSON,France,10 Avenue Paul Langevin,92350,https://all.accor.com/hotel/C5M7/index.fr.shtml,catalog_api,france,MERCURE LE PLESSIS ROBINSON OUVERTURE SEPTEMBRE 2026,LE PLESSIS ROBINSON,,,,False,missing
0733,733,ibis Epinay sur seine Gennevilliers,IBH,IBIS,EPINAY SUR SEINE,France,1-3 Avenue du  18 Juin 1940,93800,https://all.accor.com/hotel/0733/index.fr.shtml,catalog_api,france,IBIS EPINAY SUR SEINE GENNEVILLIERS,EPINAY SUR SEINE,,,,False,missing
B7B5,B7B5,Ibis Clamart Paris Vélizy,IBH,IBIS,CLAMART,France,350 Avenue General De Gaulle,92140,https://all.accor.com/hotel/B7B5/index.fr.shtml,catalog_api,france,IBIS CLAMART PARIS VELIZY,CLAMART,,,,False,missing
C422,C422,Ibis Rungis Aéroport Paris Orly,IBH,IBIS,RUNGIS,France,4 avenue Charles Lindbergh,94150,https://all.accor.com/hotel/C422/index.fr.shtml,catalog_api,france,IBIS RUNGIS AEROPORT PARIS ORLY,RUNGIS,,,,False,missing
0948,948,ibis Paris Meudon Vélizy,IBH,IBIS,MEUDON LA FORET,France,"7, Route du Colonel Marcel, Moraine",92360,https://all.accor.com/hotel/0948/index.fr.shtml,catalog_api,france,IBIS PARIS MEUDON VELIZY,MEUDON LA FORET,,,,False,missing
B9Q3,B9Q3,ibis Styles Chatenay Malabry Paris Sud,IBS,IBIS STYLES,CHATENAY MALABRY,France,"418 Av, Division Leclerc",92290,https://all.accor.com/hotel/B9Q3/index.fr.shtml,catalog_api,france,IBIS STYLES CHATENAY MALABRY PARIS SUD,CHATENAY MALABRY,,,,False,missing
C033,C033,Mercure Paris Nanterre,MER,MERCURE,NANTERRE,France,2 avenue Benoit Frachon,92000,https://all.accor.com/hotel/C033/index.fr.shtml,catalog_api,france,MERCURE PARIS NANTERRE,NANTERRE,,,,False,missing
B0X8,B0X8,ibis Styles Bezons Paris La Défense,IBS,IBIS STYLES,BEZONS,France,"11 rue Ethel et Julius Rosenberg, .",95870,https://all.accor.com/hotel/B0X8/index.fr.shtml,catalog_api,france,IBIS STYLES BEZONS PARIS LA DEFENSE,BEZONS,,,,False,missing
C5J6,C5J6,Aparthotel Adagio Access Paris Nanterre La Défense,ADA,ADAGIO ACCESS,NANTERRE,France,110 Rue Henri Barbusse,92000,https://all.accor.com/hotel/C5J6/index.fr.shtml,catalog_api,france,APARTHOTEL ADAGIO ACCESS PARIS NANTERRE LA DEFENSE,NANTERRE,,,,False,missing
B0N0,B0N0,ibis Styles Paris Orly Airport,IBS,IBIS STYLES,PARAY VIEILLE POSTE,France,Avenue Jacqueline Auriol,91550,https://all.accor.com/hotel/B0N0/index.fr.shtml,catalog_api,france,IBIS STYLES PARIS ORLY AIRPORT,PARAY VIEILLE POSTE,,,,False,missing
1246,1246,Mercure Paris Orly Airport,MER,MERCURE,PARAY-VIEILLE-POSTE,France,"12 AVENUE JACQUELINE AURIOL, Orlytech",91550,https://all.accor.com/hotel/1246/index.fr.shtml,catalog_api,france,MERCURE PARIS ORLY AIRPORT,PARAY VIEILLE POSTE,,,,False,missing
0388,388,Hôtel Mercure Paris Le Bourget,MER,MERCURE,LE BLANC MESNIL,France,"2  Rue Jean Perrin, LE BLANC MESNIL CEDEX",93150,https://all.accor.com/hotel/0388/index.fr.shtml,catalog_api,france,HOTEL MERCURE PARIS LE BOURGET,LE BLANC MESNIL,,,,False,missing
2538,2538,ibis budget Marne-la-Vallée Bry-sur-Marne,IBB,IBIS BUDGET,BRY SUR MARNE,France,1 avenue de l'Europe,94360,https://all.accor.com/hotel/2538/index.fr.shtml,catalog_api,france,IBIS BUDGET MARNE LA VALLEE BRY SUR MARNE,BRY SUR MARNE,,,,False,missing
A087,A087,ibis Styles Antony Paris Sud,IBS,IBIS STYLES,ANTONY,France,1 Rue Alexis De Tocqueville,92160,https://all.accor.com/hotel/A087/index.fr.shtml,catalog_api,france,IBIS STYLES ANTONY PARIS SUD,ANTONY,,,,False,missing
0776,776,ibis Aulnay Paris Nord Expo,IBH,IBIS,AULNAY SOUS BOIS,France,"65 Rue Michel Ange, Carrefour de l'europe",93600,https://all.accor.com/hotel/0776/index.fr.shtml,catalog_api,france,IBIS AULNAY PARIS NORD EXPO,AULNAY SOUS BOIS,,,,False,missing
0387,387,Novotel Paris Nord Expo Aulnay,NOV,NOVOTEL,AULNAY SOUS BOIS,France,"65 Rue Michel ange, Carrefour de l' Europe, SEINE SAINT DENIS",93600,https://all.accor.com/hotel/0387/index.fr.shtml,catalog_api,france,NOVOTEL PARIS NORD EXPO AULNAY,AULNAY SOUS BOIS,,,,False,missing
B3A2,B3A2,ibis Styles Massy Opéra,IBS,IBIS STYLES,MASSY,France,6 Rue De L Opera,91300,https://all.accor.com/hotel/B3A2/index.fr.shtml,catalog_api,france,IBIS STYLES MASSY OPERA,MASSY,,,,False,missing
B1B8,B1B8,ibis budget Marne-la-Vallée Noisy-le-Grand,IBB,IBIS BUDGET,NOISY LE GRAND,France,9 rue de l'Université,93160,https://all.accor.com/hotel/B1B8/index.fr.shtml,catalog_api,france,IBIS BUDGET MARNE LA VALLEE NOISY LE GRAND,NOISY LE GRAND,,,,False,missing
B0X2,B0X2,ibis budget Gonesse Le Bourget,IBB,IBIS BUDGET,GONESSE,France,"2 Rue De Montservon, Zac des Tulipes",95500,https://all.accor.com/hotel/B0X2/index.fr.shtml,catalog_api,france,IBIS BUDGET GONESSE LE BOURGET,GONESSE,,,,False,missing
B0X3,B0X3,ibis Gonesse Le Bourget,IBH,IBIS,GONESSE,France,"2 Rue De Montservon, ZAC des Tulipes",95500,https://all.accor.com/hotel/B0X3/index.fr.shtml,catalog_api,france,IBIS GONESSE LE BOURGET,GONESSE,,,,False,missing
B3A3,B3A3,hotelF1 Igny Massy TGV Rénové,HOF,HOTELF1,IGNY,France,12 Rue Maryse Bastie,91430,https://all.accor.com/hotel/B3A3/index.fr.shtml,catalog_api,france,HOTELF1 IGNY MASSY TGV RENOVE,IGNY,,,,False,missing
0386,386,Novotel Massy Palaiseau,NOV,NOVOTEL,PALAISEAU,France,18. 20 Avenue Emile Baudot,91120,https://all.accor.com/hotel/0386/index.fr.shtml,catalog_api,france,NOVOTEL MASSY PALAISEAU,PALAISEAU,,,,False,missing
B3A4,B3A4,ibis budget Chilly-Mazarin Les Champarts,IBB,IBIS BUDGET,CHILLY MAZARIN,France,2 Route De Longjumeau,91380,https://all.accor.com/hotel/B3A4/index.fr.shtml,catalog_api,france,IBIS BUDGET CHILLY MAZARIN LES CHAMPARTS,CHILLY MAZARIN,,,,False,missing
C5J2,C5J2,Aparthotel Adagio Access Massy Palaiseau,ADA,ADAGIO ACCESS,PALAISEAU,France,21 Avenue Des Allies,91120,https://all.accor.com/hotel/C5J2/index.fr.shtml,catalog_api,france,APARTHOTEL ADAGIO ACCESS MASSY PALAISEAU,PALAISEAU,,,,False,missing
1909,1909,Hôtel Mercure Versailles Chateau,MER,MERCURE,VERSAILLES,France,"19 rue Philippe de Dangeau, Angle rue Montbauron",78000,https://all.accor.com/hotel/1909/index.fr.shtml,catalog_api,france,HOTEL MERCURE VERSAILLES CHATEAU,VERSAILLES,,,,False,missing
0976,976,ibis Villepinte Parc Expos,IBH,IBIS,ROISSY CDG CEDEX,France,"A104 Sortie no2 Visiteurs, Parc des expositions BP 64069",95972,https://all.accor.com/hotel/0976/index.fr.shtml,catalog_api,france,IBIS VILLEPINTE PARC EXPOS,ROISSY CDG CEDEX,,,,False,missing
0379,379,Mercure Versailles Paris Ouest,MER,MERCURE,LE CHESNAY,France,Rue de Marly le Roi,78150,https://all.accor.com/hotel/0379/index.fr.shtml,catalog_api,france,MERCURE VERSAILLES PARIS OUEST,LE CHESNAY,,,,False,missing
0392,392,Novotel Paris Saclay,NOV,NOVOTEL,SACLAY,France,Rue Charles Thomassin,91400,https://all.accor.com/hotel/0392/index.fr.shtml,catalog_api,france,NOVOTEL PARIS SACLAY,SACLAY,,,,False,missing
A0X3,A0X3,Aparthotel Adagio Access Palaiseau Saclay,ADA,ADAGIO ACCESS,PALAISEAU,France,6 Boulevard Gaspard Monge,91120,https://all.accor.com/hotel/A0X3/index.fr.shtml,catalog_api,france,APARTHOTEL ADAGIO ACCESS PALAISEAU SACLAY,PALAISEAU,,,,False,missing
A072,A072,Hôtel Mercure Paris Ouest Saint-Germain,MER,MERCURE,SAINT GERMAIN EN LAYE,France,11 Avenue Des Loges,78100,https://all.accor.com/hotel/A072/index.fr.shtml,catalog_api,france,HOTEL MERCURE PARIS OUEST SAINT GERMAIN,SAINT GERMAIN EN LAYE,,,,False,missing
A1R5,A1R5,ibis Saint-Germain-en-Laye Centre,IBH,IBIS,SAINT GERMAIN EN LAYE,France,10 Bis Rue Des Joueries,78100,https://all.accor.com/hotel/A1R5/index.fr.shtml,catalog_api,france,IBIS SAINT GERMAIN EN LAYE CENTRE,SAINT GERMAIN EN LAYE,,,,False,missing
C0P7,C0P7,ibis Styles Saint Germain en Laye (Ouverture septembre 2026),IBS,IBIS STYLES,SAINT GERMAIN EN LAYE,France,109 rue Léon Désoyer,78100,https://all.accor.com/hotel/C0P7/index.fr.shtml,catalog_api,france,IBIS STYLES SAINT GERMAIN EN LAYE OUVERTURE SEPTEMBRE 2026,SAINT GERMAIN EN LAYE,,,,False,missing
0815,815,ibis Styles Paris Roissy-CDG,IBS,IBIS STYLES,ROISSY EN FRANCE,France,2 AVENUE HEINZ GLOOR,95700,https://all.accor.com/hotel/0815/index.fr.shtml,catalog_api,france,IBIS STYLES PARIS ROISSY CDG,ROISSY EN FRANCE,,,,False,missing
2347,2347,ibis budget Santeny,IBB,IBIS BUDGET,SANTENY,France,"L'Orée du Val de Marne, rue du Noyer de Saint-Germain",94440,https://all.accor.com/hotel/2347/index.fr.shtml,catalog_api,france,IBIS BUDGET SANTENY,SANTENY,,,,False,missing
0577,577,Mercure Paris CDG Airport,MER,MERCURE,ROISSY CDG CEDEX,France,"Roissypôle Ouest, Route de la Commune, Cedex",95713,https://all.accor.com/hotel/0577/index.fr.shtml,catalog_api,france,MERCURE PARIS CDG AIRPORT,ROISSY CDG CEDEX,,,,False,missing
A548,A548,ibis Styles Versailles Guyancourt,IBS,IBIS STYLES,GUYANCOURT,France,Place Charlotte Perriand,78280,https://all.accor.com/hotel/A548/index.fr.shtml,catalog_api,france,IBIS STYLES VERSAILLES GUYANCOURT,GUYANCOURT,,,,False,missing
B9H9,B9H9,ibis Styles Versailles Saint Quentin en Yvelines,IBS,IBIS STYLES,SAINT CYR L'ECOLE,France,1 RUE DU PONT DE DREUX,78210,https://all.accor.com/hotel/B9H9/index.fr.shtml,catalog_api,france,IBIS STYLES VERSAILLES SAINT QUENTIN EN YVELINES,SAINT CYR L ECOLE,,,,False,missing
0376,376,Hôtel Mercure Paris Sud Les Ulis Courtaboeuf,MER,MERCURE,LES ULIS,France,"3 rue du Rio Salado, Courtaboeuf",91952,https://all.accor.com/hotel/0376/index.fr.shtml,catalog_api,france,HOTEL MERCURE PARIS SUD LES ULIS COURTABOEUF,LES ULIS,,,,False,missing
A048,A048,ibis budget Grigny Centre,IBB,IBIS BUDGET,GRIGNY,France,10 Avenue des Tuileries,91350,https://all.accor.com/hotel/A048/index.fr.shtml,catalog_api,france,IBIS BUDGET GRIGNY CENTRE,GRIGNY,,,,False,missing
C128,C128,ibis Acheres St Germain en Laye,IBH,IBIS,ACHERES,France,6 rue Camille Jenatzy,78260,https://all.accor.com/hotel/C128/index.fr.shtml,catalog_api,france,IBIS ACHERES ST GERMAIN EN LAYE,ACHERES,,,,False,missing
C127,C127,Mercure Achères St Germain en Laye,MER,MERCURE,ACHERES,France,6 rue Camille Jenatzy,78260,https://all.accor.com/hotel/C127/index.fr.shtml,catalog_api,france,MERCURE ACHERES ST GERMAIN EN LAYE,ACHERES,,,,False,missing
0385,385,Novotel Marne-la-Vallée Collégien,NOV,NOVOTEL,COLLEGIEN,France,"2 Allée des Portes de la Forêt, Z.A.E Les Portes de la Forêt, CS 50024",77090,https://all.accor.com/hotel/0385/index.fr.shtml,catalog_api,france,NOVOTEL MARNE LA VALLEE COLLEGIEN,COLLEGIEN,,,,False,missing
A345,A345,ibis Montlhéry Paris Sud,IBH,IBIS,MONTLHERY,France,64 Route D'Orléans,91310,https://all.accor.com/hotel/A345/index.fr.shtml,catalog_api,france,IBIS MONTLHERY PARIS SUD,MONTLHERY,,,,False,missing
B9I0,B9I0,greet  Hotel Versailles - Voisins Le Bretonneux,GRE,GREET,VOISINS LE BRETONNEUX,France,"7,9 RUE DES TILLEULS",78960,https://all.accor.com/hotel/B9I0/index.fr.shtml,catalog_api,france,GREET HOTEL VERSAILLES VOISINS LE BRETONNEUX,VOISINS LE BRETONNEUX,,,,False,missing
0383,383,Novotel Domaine De Maffliers - Demeures De Campagne,NOV,NOVOTEL,MAFFLIERS,France,"Allée des marronniers, Domaine de Maffliers",95560,https://all.accor.com/hotel/0383/index.fr.shtml,catalog_api,france,NOVOTEL DOMAINE DE MAFFLIERS DEMEURES DE CAMPAGNE,MAFFLIERS,,,,False,missing
A211,A211,Hôtel Mercure Marne-la-Vallée Bussy-Saint-Georges,MER,MERCURE,BUSSY SAINT GEORGES,France,44 Boulevard Antoine Giroust,77600,https://all.accor.com/hotel/A211/index.fr.shtml,catalog_api,france,HOTEL MERCURE MARNE LA VALLEE BUSSY SAINT GEORGES,BUSSY SAINT GEORGES,,,,False,missing
B392,B392,ibis budget Saint-Ouen-l'Aumône,IBB,IBIS BUDGET,SAINT OUEN L AUMONE,France,4 Allée des Trois Caravelles,95310,https://all.accor.com/hotel/B392/index.fr.shtml,catalog_api,france,IBIS BUDGET SAINT OUEN L AUMONE,SAINT OUEN L AUMONE,,,,False,missing
0752,752,Ibis Évry-Courcouronnes,IBH,IBIS,EVRY,France,"1 Avenue du lac, Parc Tertiaire du Bois Briard, Courcouronnes",91021,https://all.accor.com/hotel/0752/index.fr.shtml,catalog_api,france,IBIS EVRY COURCOURONNES,EVRY,,,,False,missing
0390,390,Novotel Poissy Orgeval,NOV,NOVOTEL,ORGEVAL,France,482 Route Des 40 Sous,78630,https://all.accor.com/hotel/0390/index.fr.shtml,catalog_api,france,NOVOTEL POISSY ORGEVAL,ORGEVAL,,,,False,missing
0389,389,Novotel Évry-Courcouronnes,NOV,NOVOTEL,COURCOURONNES,France,"3 Rue de la Mare Neuve, Lac de Courcouronnes",91080,https://all.accor.com/hotel/0389/index.fr.shtml,catalog_api,france,NOVOTEL EVRY COURCOURONNES,COURCOURONNES,,,,False,missing
0928,928,ibis Cergy-Pontoise Le Port,IBH,IBIS,CERGY PONTOISE,France,"28, avenue des Grouettes",95000,https://all.accor.com/hotel/0928/index.fr.shtml,catalog_api,france,IBIS CERGY PONTOISE LE PORT,CERGY PONTOISE,,,,False,missing
B3B4,B3B4,hotelF1 Cergy,HOF,HOTELF1,CERGY,France,3 Avenue Des Trois Fontaines,95000,https://all.accor.com/hotel/B3B4/index.fr.shtml,catalog_api,france,HOTELF1 CERGY,CERGY,,,,False,missing
0459,459,Novotel Roissy Saint-Witz,NOV,NOVOTEL,SAINT-WITZ,France,ROUTE DE SURVILLIERS,95470,https://all.accor.com/hotel/0459/index.fr.shtml,catalog_api,france,NOVOTEL ROISSY SAINT WITZ,SAINT WITZ,,,,False,missing
2278,2278,hotelF1 Saint-Witz A1 Paris Nord,HOF,HOTELF1,SAINT WITZ,France,8 Rue Jean Moulin,95470,https://all.accor.com/hotel/2278/index.fr.shtml,catalog_api,france,HOTELF1 SAINT WITZ A1 PARIS NORD,SAINT WITZ,,,,False,missing
B4D0,B4D0,Domaine des Vanneaux Golf & Spa - MGallery Collection,MGA,MGALLERY,PRESLES,France,1 Route du Golf des Vanneaux,95590,https://all.accor.com/hotel/B4D0/index.fr.shtml,catalog_api,france,DOMAINE DES VANNEAUX GOLF SPA MGALLERY COLLECTION,PRESLES,,,,False,missing
B2R7,B2R7,Aparthotel Adagio Serris - Val d'Europe,ADG,ADAGIO,SERRIS,France,18 Cours de l'Elbe,77000,https://all.accor.com/hotel/B2R7/index.fr.shtml,catalog_api,france,APARTHOTEL ADAGIO SERRIS VAL D EUROPE,SERRIS,,,,False,missing
B3B7,B3B7,hotelF1 Maurepas,HOF,HOTELF1,MAUREPAS,France,"Rue Evariste Galois, Rue Augustin Fresnel GPS",78310,https://all.accor.com/hotel/B3B7/index.fr.shtml,catalog_api,france,HOTELF1 MAUREPAS,MAUREPAS,,,,False,missing
0977,977,Mercure Parc du Coudray Demeures de Campagne,MER,MERCURE,LE COUDRAY MONTCEAUX,France,Route de Milly,91830,https://all.accor.com/hotel/0977/index.fr.shtml,catalog_api,france,MERCURE PARC DU COUDRAY DEMEURES DE CAMPAGNE,LE COUDRAY MONTCEAUX,,,,False,missing
C1R5,C1R5,"Abbaye des Vaux De Cernay, un hôtel Paris Society Collection",PSC,PSC,CERNAY-LA-VILLE,France,"Domaine de l'Abbaye, des Vaux de Cernay",78720,https://all.accor.com/hotel/C1R5/index.fr.shtml,catalog_api,france,ABBAYE DES VAUX DE CERNAY UN HOTEL PARIS SOCIETY COLLECTION,CERNAY LA VILLE,,,,False,missing
B4C3,B4C3,Hôtel Mercure Chantilly Resort & Conventions,MER,MERCURE,VINEUIL SAINT FIRMIN,France,Route D Apremont,60500,https://all.accor.com/hotel/B4C3/index.fr.shtml,catalog_api,france,HOTEL MERCURE CHANTILLY RESORT CONVENTIONS,VINEUIL SAINT FIRMIN,,,,False,missing
0620,620,ibis Melun,IBH,IBIS,MELUN,France,"81, avenue de Meaux",77000,https://all.accor.com/hotel/0620/index.fr.shtml,catalog_api,france,IBIS MELUN,MELUN,,,,False,missing
0709,709,ibis Senlis,IBH,IBIS,SENLIS,France,72 AVENUE DU GENERAL DE GAULLE,60300,https://all.accor.com/hotel/0709/index.fr.shtml,catalog_api,france,IBIS SENLIS,SENLIS,,,,False,missing
0687,687,ibis Rambouillet,IBH,IBIS,RAMBOUILLET,France,"2 Rue Pierre Métairie, GPS > RN 10, ZA Bel Air",78120,https://all.accor.com/hotel/0687/index.fr.shtml,catalog_api,france,IBIS RAMBOUILLET,RAMBOUILLET,,,,False,missing
B7Q1,B7Q1,Aigle Noir Fontainebleau - MGallery Collection,MGA,MGALLERY,FONTAINEBLEAU,France,27 place Napoleon Bonaparte,77300,https://all.accor.com/hotel/B7Q1/index.fr.shtml,catalog_api,france,AIGLE NOIR FONTAINEBLEAU MGALLERY COLLECTION,FONTAINEBLEAU,4.5,881,48.0,True,missing
0384,384,Novotel Fontainebleau Ury,NOV,NOVOTEL,URY,France,"Route Nationale 152, Chemin de Melun, Ile -de France",77760,https://all.accor.com/hotel/0384/index.fr.shtml,catalog_api,france,NOVOTEL FONTAINEBLEAU URY,URY,4.2,1119,46.0,True,missing
0350,350,ibis Styles Beauvais,IBS,IBIS STYLES,BEAUVAIS,France,"HOTEL IBIS STYLES, 21 AVENUE MONTAIGNE",60000,https://all.accor.com/hotel/0350/index.fr.shtml,catalog_api,france,IBIS STYLES BEAUVAIS,BEAUVAIS,,,,False,missing
C284,C284,Mercure Maintenon,MER,MERCURE,MAINTENON,France,1 Rue de la Ferté,28130,https://all.accor.com/hotel/C284/index.fr.shtml,catalog_api,france,MERCURE MAINTENON,MAINTENON,,,,False,missing
B0Y0,B0Y0,Hôtel Mercure Beauvais Centre Cathédrale,MER,MERCURE,BEAUVAIS,France,1 Cours Scellier,60000,https://all.accor.com/hotel/B0Y0/index.fr.shtml,catalog_api,france,HOTEL MERCURE BEAUVAIS CENTRE CATHEDRALE,BEAUVAIS,,,,False,missing
0691,691,ibis Compiègne,IBH,IBIS,COMPIEGNE,France,"18, rue Edouard Branly, ZAC de Mercières",60200,https://all.accor.com/hotel/0691/index.fr.shtml,catalog_api,france,IBIS COMPIEGNE,COMPIEGNE,,,,False,missing
B632,B632,ibis budget Beauvais Aeroport,IBB,IBIS BUDGET,TILLE,France,53 Rue Du Moulin,60000,https://all.accor.com/hotel/B632/index.fr.shtml,catalog_api,france,IBIS BUDGET BEAUVAIS AEROPORT,TILLE,,,,False,missing
B3A5,B3A5,hotelF1 Nemours,HOF,HOTELF1,NEMOURS,France,3 Place Des Moines,77140,https://all.accor.com/hotel/B3A5/index.fr.shtml,catalog_api,france,HOTELF1 NEMOURS,NEMOURS,3.3,218,44.0,True,missing
0628,628,ibis Nemours,IBH,IBIS,NEMOURS,France,"2, place des Moines, Seine et Marne",77140,https://all.accor.com/hotel/0628/index.fr.shtml,catalog_api,france,IBIS NEMOURS,NEMOURS,4.5,735,44.0,True,missing
B5E8,B5E8,ibis Styles Dreux Centre Gare,IBS,IBIS STYLES,DREUX,France,10 Rue Du Bois Des Fosses,28100,https://all.accor.com/hotel/B5E8/index.fr.shtml,catalog_api,france,IBIS STYLES DREUX CENTRE GARE,DREUX,,,,False,missing
C3P5,C3P5,Mercure Chartres Est,MER,MERCURE,CHARTRES,France,24 avenue Gustave Eiffel,28000,https://all.accor.com/hotel/C3P5/index.fr.shtml,catalog_api,france,MERCURE CHARTRES EST,CHARTRES,,,,False,missing
0413,413,Novotel Chartres,NOV,NOVOTEL,CHARTRES,France,5 Ter Avenue Marcel Proust,28000,https://all.accor.com/hotel/0413/index.fr.shtml,catalog_api,france,NOVOTEL CHARTRES,CHARTRES,,,,False,missing
C0V4,C0V4,greet Chartres Est,GRE,GREET,CHARTRES,France,3 avenue Marcel Proust,28000,https://all.accor.com/hotel/C0V4/index.fr.shtml,catalog_api,france,GREET CHARTRES EST,CHARTRES,,,,False,missing
0856,856,ibis Provins,IBH,IBIS,PROVINS,France,"77, Avenue du Général de Gaulle",77160,https://all.accor.com/hotel/0856/index.fr.shtml,catalog_api,france,IBIS PROVINS,PROVINS,,,,False,missing
B2N8,B2N8,ibis budget Château-Thierry,IBB,IBIS BUDGET,ESSOMES SUR MARNE,France,60 Av Du General De Gaulle,02400,https://all.accor.com/hotel/B2N8/index.fr.shtml,catalog_api,france,IBIS BUDGET CHATEAU THIERRY,ESSOMES SUR MARNE,,,,False,missing
0688,688,ibis Chartres Ouest Lucé,IBH,IBIS,LUCE,France,"2 Impasse du Périgord, Route Nationale 23, Carrefour de l' Europe",28110,https://all.accor.com/hotel/0688/index.fr.shtml,catalog_api,france,IBIS CHARTRES OUEST LUCE,LUCE,,,,False,missing
C2G9,C2G9,ibis Styles Chartres Sud Barjouville,IBS,IBIS STYLES,BARJOUVILLE,France,"39C rue des Pierres Missigault, ZA Barjouville les Orvilles",28630,https://all.accor.com/hotel/C2G9/index.fr.shtml,catalog_api,france,IBIS STYLES CHARTRES SUD BARJOUVILLE,BARJOUVILLE,,,,False,missing
A3N2,A3N2,ibis Styles Rouen Val-de-Reuil,IBS,IBIS STYLES,VAL DE REUIL,France,Ruelle du Coin des Saules,27100,https://all.accor.com/hotel/A3N2/index.fr.shtml,catalog_api,france,IBIS STYLES ROUEN VAL DE REUIL,VAL DE REUIL,,,,False,missing
B4A1,B4A1,ibis Styles Montargis Arboria,IBS,IBIS STYLES,PANNES,France,"Parc D Activites Arboria, 805 Avenue Des Platanes, 45700",45700,https://all.accor.com/hotel/B4A1/index.fr.shtml,catalog_api,france,IBIS STYLES MONTARGIS ARBORIA,PANNES,4.5,670,26.0,True,missing
0861,861,ibis Montargis,IBH,IBIS,MONTARGIS,France,"2,  Place Victor Hugo",45200,https://all.accor.com/hotel/0861/index.fr.shtml,catalog_api,france,IBIS MONTARGIS,MONTARGIS,4.5,776,26.0,True,missing
0862,862,ibis Orléans Centre Gare,IBH,IBIS,ORLEANS,France,17 Avenue de Paris,45000,https://all.accor.com/hotel/0862/index.fr.shtml,catalog_api,france,IBIS ORLEANS CENTRE GARE,ORLEANS,4.5,663,23.0,True,missing
B6T9,B6T9,Novotel Orléans Centre Gare,NOV,NOVOTEL,ORLEANS,France,83 bd Alexandre Martin,45000,https://all.accor.com/hotel/B6T9/index.fr.shtml,catalog_api,france,NOVOTEL ORLEANS CENTRE GARE,ORLEANS,4.6,892,22.0,True,missing
0432,432,Novotel Rouen Sud Zenith Parc Expo,NOV,NOVOTEL,SAINT ETIENNE DU ROUVRAY,France,"Angle Avenue de l'Université, Rue de la Mare Sansoure",76800,https://all.accor.com/hotel/0432/index.fr.shtml,catalog_api,france,NOVOTEL ROUEN SUD ZENITH PARC EXPO,SAINT ETIENNE DU ROUVRAY,,,,False,missing
0742,742,ibis Styles Rouen Parc expo zenith,IBS,IBIS STYLES,SAINT ETIENNE DU ROUVRAY,France,29 Avenue Maryse Bastié,76800,https://all.accor.com/hotel/0742/index.fr.shtml,catalog_api,france,IBIS STYLES ROUEN PARC EXPO ZENITH,SAINT ETIENNE DU ROUVRAY,,,,False,missing
5690,5690,ibis Rouen Centre Champ-de-Mars,IBH,IBIS,ROUEN,France,12 Avenue Aristide Briand,76000,https://all.accor.com/hotel/5690/index.fr.shtml,catalog_api,france,IBIS ROUEN CENTRE CHAMP DE MARS,ROUEN,,,,False,missing
0581,581,Hôtel Mercure Orléans Centre Bords de Loire,MER,MERCURE,ORLEANS,France,"44, quai Barentin",45000,https://all.accor.com/hotel/0581/index.fr.shtml,catalog_api,france,HOTEL MERCURE ORLEANS CENTRE BORDS DE LOIRE,ORLEANS,4.3,1079,22.0,True,missing
A0X8,A0X8,ibis Styles Rouen Centre Cathédrale,IBS,IBIS STYLES,ROUEN,France,9 Place De La Republique,76000,https://all.accor.com/hotel/A0X8/index.fr.shtml,catalog_api,france,IBIS STYLES ROUEN CENTRE CATHEDRALE,ROUEN,,,,False,missing
0396,396,Novotel Amiens Pôle Jules Verne,NOV,NOVOTEL,BOVES,France,7 rue des Indes Noires,80440,https://all.accor.com/hotel/0396/index.fr.shtml,catalog_api,france,NOVOTEL AMIENS POLE JULES VERNE,BOVES,,,,False,missing
B919,B919,Novotel Rouen Centre Cathédrale,NOV,NOVOTEL,ROUEN,France,10 Quai de la Bourse,76000,https://all.accor.com/hotel/B919/index.fr.shtml,catalog_api,france,NOVOTEL ROUEN CENTRE CATHEDRALE,ROUEN,,,,False,missing
B7M1,B7M1,Aparthotel Adagio Access Rouen Centre Cathédrale,ADA,ADAGIO ACCESS,ROUEN,France,2 Rue du Docteur Robert Rambert,76000,https://all.accor.com/hotel/B7M1/index.fr.shtml,catalog_api,france,APARTHOTEL ADAGIO ACCESS ROUEN CENTRE CATHEDRALE,ROUEN,,,,False,missing
B6G1,B6G1,ibis Styles Rouen Centre Rive Gauche,IBS,IBIS STYLES,ROUEN,France,55 Avenue De La Liberation,76100,https://all.accor.com/hotel/B6G1/index.fr.shtml,catalog_api,france,IBIS STYLES ROUEN CENTRE RIVE GAUCHE,ROUEN,,,,False,missing
B6G2,B6G2,ibis Budget Rouen Centre Rive Gauche,IBB,IBIS BUDGET,ROUEN,France,55 Avenue De La Liberation,76100,https://all.accor.com/hotel/B6G2/index.fr.shtml,catalog_api,france,IBIS BUDGET ROUEN CENTRE RIVE GAUCHE,ROUEN,,,,False,missing
C0I0,C0I0,Ibis Rouen Centre Rive Gauche Mermoz,IBH,IBIS,ROUEN,France,13 rue de la Motte,76100,https://all.accor.com/hotel/C0I0/index.fr.shtml,catalog_api,france,IBIS ROUEN CENTRE RIVE GAUCHE MERMOZ,ROUEN,,,,False,missing
B9K3,B9K3,ibis Rouen Centre Rive Droite Pasteur,IBH,IBIS,ROUEN,France,7 rue Montaigne,76000,https://all.accor.com/hotel/B9K3/index.fr.shtml,catalog_api,france,IBIS ROUEN CENTRE RIVE DROITE PASTEUR,ROUEN,,,,False,missing
C5H7,C5H7,ibis Styles Amiens Sud,IBS,IBIS STYLES,AMIENS,France,73 Av Valery Giscard d'Estaing,80000,https://all.accor.com/hotel/C5H7/index.fr.shtml,catalog_api,france,IBIS STYLES AMIENS SUD,AMIENS,,,,False,missing
C5P6,C5P6,You Hotel Amiens - Handwritten Collection,SOU,SOU,AMIENS,France,5 rue Marie Denizard,80000,https://all.accor.com/hotel/C5P6/index.fr.shtml,catalog_api,france,YOU HOTEL AMIENS HANDWRITTEN COLLECTION,AMIENS,,,,False,missing
B5R0,B5R0,ibis Styles Amiens Centre,IBS,IBIS STYLES,AMIENS,France,"5 Passage Auguste Perret, Parking  sur réservation, Parking : Rue Fatton",80000,https://all.accor.com/hotel/B5R0/index.fr.shtml,catalog_api,france,IBIS STYLES AMIENS CENTRE,AMIENS,,,,False,missing
A3P0,A3P0,ibis budget Amiens Centre Gare,IBB,IBIS BUDGET,AMIENS,France,15 Rue Dejean,80000,https://all.accor.com/hotel/A3P0/index.fr.shtml,catalog_api,france,IBIS BUDGET AMIENS CENTRE GARE,AMIENS,,,,False,missing
0852,852,ibis Épernay Centre-Ville,IBH,IBIS,EPERNAY,France,"19 rue Chocatelle, Place Bernard Stasi",51200,https://all.accor.com/hotel/0852/index.fr.shtml,catalog_api,france,IBIS EPERNAY CENTRE VILLE,EPERNAY,,,,False,missing
B1F0,B1F0,Hôtel Mercure Orléans Portes de Sologne,MER,MERCURE,ARDON ORLEANS,France,"200 Allée des Quatre Vents, Domaine de Limère",45160,https://all.accor.com/hotel/B1F0/index.fr.shtml,catalog_api,france,HOTEL MERCURE ORLEANS PORTES DE SOLOGNE,ARDON ORLEANS,4.4,1567,20.0,True,missing
0419,419,Novotel Orleans Chemins De Sologne Demeures De Campagne,NOV,NOVOTEL,ORLEANS,France,"2 rue Honoré de Balzac, ORLEANS Cedex",45071,https://all.accor.com/hotel/0419/index.fr.shtml,catalog_api,france,NOVOTEL ORLEANS CHEMINS DE SOLOGNE DEMEURES DE CAMPAGNE,ORLEANS,4.3,1002,20.0,True,missing
0703,703,ibis Styles Rouen Nord Barentin,IBS,IBIS STYLES,BARENTIN,France,"Route Nationale 15, Centre Commercial Le Mesnil Roux",76360,https://all.accor.com/hotel/0703/index.fr.shtml,catalog_api,france,IBIS STYLES ROUEN NORD BARENTIN,BARENTIN,,,,False,missing
B3B3,B3B3,Hôtel F1 Reims Tinqueux,HOF,HOTELF1,TINQUEUX,France,"2 Avenue André Bourvil, Zac du champs Paveau",51430,https://all.accor.com/hotel/B3B3/index.fr.shtml,catalog_api,france,HOTEL F1 REIMS TINQUEUX,TINQUEUX,,,,False,missing
C1U6,C1U6,greet Hotel Reims Tinqueux,GRE,GREET,TINQUEUX,France,15 Route de Soissons,51430,https://all.accor.com/hotel/C1U6/index.fr.shtml,catalog_api,france,GREET HOTEL REIMS TINQUEUX,TINQUEUX,,,,False,missing
0811,811,ibis Reims Tinqueux,IBH,IBIS,TINQUEUX,France,"50 Route des Soissons, Autoroute A4 A26, Boite Postale 100",51433,https://all.accor.com/hotel/0811/index.fr.shtml,catalog_api,france,IBIS REIMS TINQUEUX,TINQUEUX,,,,False,missing
0428,428,Novotel Reims Tinqueux,NOV,NOVOTEL,TINQUEUX,France,"Route de Soissons, TINQUEUX",51431,https://all.accor.com/hotel/0428/index.fr.shtml,catalog_api,france,NOVOTEL REIMS TINQUEUX,TINQUEUX,,,,False,missing
C079,C079,ibis Styles Saint-Quentin,IBS,IBIS STYLES,SAINT QUENTIN,France,"Avenue Archimede, ZA du bois de la Chocque",02100,https://all.accor.com/hotel/C079/index.fr.shtml,catalog_api,france,IBIS STYLES SAINT QUENTIN,SAINT QUENTIN,,,,False,missing
C1B6,C1B6,TRIBE Reims Centre (Ouverture automne 2026),TRI,TRIBE,REIMS,France,"41 boulevard Foch, BP 2024",51100,https://all.accor.com/hotel/C1B6/index.fr.shtml,catalog_api,france,TRIBE REIMS CENTRE OUVERTURE AUTOMNE 2026,REIMS,,,,False,missing
B678,B678,ibis budget Reims Parc Des Expositions,IBB,IBIS BUDGET,REIMS,France,2 Rue Gabriel Voisin,51100,https://all.accor.com/hotel/B678/index.fr.shtml,catalog_api,france,IBIS BUDGET REIMS PARC DES EXPOSITIONS,REIMS,,,,False,missing
0363,363,Hôtel Mercure Reims Parc des Expositions,MER,MERCURE,REIMS,France,"2 rue Gabriel Voisin, BP 308",51688,https://all.accor.com/hotel/0363/index.fr.shtml,catalog_api,france,HOTEL MERCURE REIMS PARC DES EXPOSITIONS,REIMS,,,,False,missing
B388,B388,La Licorne Hotel & Spa Troyes - MGallery Collection,MGA,MGALLERY,TROYES,France,20 BIS Quai Dampierre,10000,https://all.accor.com/hotel/B388/index.fr.shtml,catalog_api,france,LA LICORNE HOTEL SPA TROYES MGALLERY COLLECTION,TROYES,,,,False,missing
0348,348,Hôtel Mercure Auxerre Autoroute Du Soleil,MER,MERCURE,APPOIGNY,France,"Route nationale 6, lieu dit ""le chaumois""",89000,https://all.accor.com/hotel/0348/index.fr.shtml,catalog_api,france,HOTEL MERCURE AUXERRE AUTOROUTE DU SOLEIL,APPOIGNY,4.2,853,30.0,True,missing
0741,741,ibis Abbeville,IBH,IBIS,ABBEVILLE,France,"234, route d'Amiens",80100,https://all.accor.com/hotel/0741/index.fr.shtml,catalog_api,france,IBIS ABBEVILLE,ABBEVILLE,,,,False,missing
A068,A068,ibis budget Troyes Est,IBB,IBIS BUDGET,SAINT PARRES AUX TERTRES,France,1 Rue des Lilas,10410,https://all.accor.com/hotel/A068/index.fr.shtml,catalog_api,france,IBIS BUDGET TROYES EST,SAINT PARRES AUX TERTRES,,,,False,missing
A1B9,A1B9,ibis Styles Auxerre Nord,IBS,IBIS STYLES,AUXERRE,France,Carrefour De l Europe,89000,https://all.accor.com/hotel/A1B9/index.fr.shtml,catalog_api,france,IBIS STYLES AUXERRE NORD,AUXERRE,4.2,949,28.0,True,missing
C116,C116,ibis budget Auxerre Nord,IBB,IBIS BUDGET,AUXERRE,France,Carrefour de l'Europe,89000,https://all.accor.com/hotel/C116/index.fr.shtml,catalog_api,france,IBIS BUDGET AUXERRE NORD,AUXERRE,4.5,314,28.0,True,missing
A212,A212,ibis Styles Châlons-en-Champagne Centre,IBS,IBIS STYLES,CHALONS EN CHAMPAGNE,France,"26 Place de la République, Access parking: 19 Rue Lochet",51000,https://all.accor.com/hotel/A212/index.fr.shtml,catalog_api,france,IBIS STYLES CHALONS EN CHAMPAGNE CENTRE,CHALONS EN CHAMPAGNE,,,,False,missing
A1R3,A1R3,ibis budget Auxerre Centre,IBB,IBIS BUDGET,AUXERRE,France,Rue Etienne Dolet,89000,https://all.accor.com/hotel/A1R3/index.fr.shtml,catalog_api,france,IBIS BUDGET AUXERRE CENTRE,AUXERRE,4.6,1092,28.0,True,missing
0611,611,ibis Dieppe Val Druel,IBH,IBIS,DIEPPE,France,"Rue de la Vieille Grange, Le Val Druel",76200,https://all.accor.com/hotel/0611/index.fr.shtml,catalog_api,france,IBIS DIEPPE VAL DRUEL,DIEPPE,,,,False,missing
0699,699,ibis Châlons-en-Champagne,IBH,IBIS,CHALONS EN CHAMPAGNE,France,"ibis Châlons en Champagne, Complexe Agricole Mont Bernard, Route de Suippes D 977",51000,https://all.accor.com/hotel/0699/index.fr.shtml,catalog_api,france,IBIS CHALONS EN CHAMPAGNE,CHALONS EN CHAMPAGNE,,,,False,missing
A285,A285,ibis budget Dieppe Centre Port,IBB,IBIS BUDGET,DIEPPE,France,"8 Boulevard Du General, De Gaulle",76200,https://all.accor.com/hotel/A285/index.fr.shtml,catalog_api,france,IBIS BUDGET DIEPPE CENTRE PORT,DIEPPE,,,,False,missing
B6G5,B6G5,ibis Styles Le Treport Mers Les Bains,IBS,IBIS STYLES,MERS LES BAINS,France,"Parc Des Grands Marais, AVENUE PIERRE ET MARIE CURIE",80350,https://all.accor.com/hotel/B6G5/index.fr.shtml,catalog_api,france,IBIS STYLES LE TREPORT MERS LES BAINS,MERS LES BAINS,,,,False,missing
0700,700,ibis Cambrai,IBH,IBIS,FONTAINE-NOTRE-DAME,France,Route de Bapaume,59400,https://all.accor.com/hotel/0700/index.fr.shtml,catalog_api,france,IBIS CAMBRAI,FONTAINE NOTRE DAME,,,,False,missing
B2W9,B2W9,Novotel Blois Centre Val de Loire,NOV,NOVOTEL,BLOIS,France,26 Avenue Du Marechal Maunoury,41000,https://all.accor.com/hotel/B2W9/index.fr.shtml,catalog_api,france,NOVOTEL BLOIS CENTRE VAL DE LOIRE,BLOIS,4.4,656,16.0,True,missing
1621,1621,Hôtel Mercure Blois Centre,MER,MERCURE,BLOIS,France,28 quai Saint Jean,41000,https://all.accor.com/hotel/1621/index.fr.shtml,catalog_api,france,HOTEL MERCURE BLOIS CENTRE,BLOIS,4.5,2049,15.0,True,missing
0920,920,ibis Blois Centre Château,IBH,IBIS,BLOIS,France,"3, rue Porte Cote",41000,https://all.accor.com/hotel/0920/index.fr.shtml,catalog_api,france,IBIS BLOIS CENTRE CHATEAU,BLOIS,4.7,879,16.0,True,missing
B5E7,B5E7,ibis Styles Arras Centre,IBS,IBIS STYLES,ARRAS,France,22 Avenue Michonneau 62000 Arras,62000,https://all.accor.com/hotel/B5E7/index.fr.shtml,catalog_api,france,IBIS STYLES ARRAS CENTRE,ARRAS,,,,False,missing
2716,2716,ibis budget Honfleur Centre-Ville,IBB,IBIS BUDGET,HONFLEUR,France,"2, rue des vases",14600,https://all.accor.com/hotel/2716/index.fr.shtml,catalog_api,france,IBIS BUDGET HONFLEUR CENTRE VILLE,HONFLEUR,,,,False,missing
0986,986,Hôtel Mercure Honfleur,MER,MERCURE,HONFLEUR,France,4 rue des Vases,14600,https://all.accor.com/hotel/0986/index.fr.shtml,catalog_api,france,HOTEL MERCURE HONFLEUR,HONFLEUR,,,,False,missing
B8E1,B8E1,ibis Styles Contres Cheverny,IBS,IBIS STYLES,LE CONTROIS EN SOLOGNE,France,"3 impasse Vaurobert, CONTRES",41700,https://all.accor.com/hotel/B8E1/index.fr.shtml,catalog_api,france,IBIS STYLES CONTRES CHEVERNY,LE CONTROIS EN SOLOGNE,4.9,1722,11.0,True,missing
0951,951,ibis Le Havre Sud Harfleur,IBH,IBIS,HARFLEUR,France,Clos Labédoyère,76700,https://all.accor.com/hotel/0951/index.fr.shtml,catalog_api,france,IBIS LE HAVRE SUD HARFLEUR,HARFLEUR,,,,False,missing
0982,982,ibis Alençon,IBH,IBIS,ALENCON,France,"13, Pl Auguste Poulet Malassis",61000,https://all.accor.com/hotel/0982/index.fr.shtml,catalog_api,france,IBIS ALENCON,ALENCON,,,,False,missing
C1N9,C1N9,ibis Douai Dechy,IBH,IBIS,DECHY,France,"112 rue Barack OBAMA, Zac du Luc",59187,https://all.accor.com/hotel/C1N9/index.fr.shtml,catalog_api,france,IBIS DOUAI DECHY,DECHY,,,,False,missing
0795,795,ibis Deauville Centre,IBH,IBIS,DEAUVILLE,France,9 Quai de la Marine,14800,https://all.accor.com/hotel/0795/index.fr.shtml,catalog_api,france,IBIS DEAUVILLE CENTRE,DEAUVILLE,,,,False,missing
C4Z4,C4Z4,You Hotel Deauville - Handwritten Collection,SOU,SOU,DEAUVILLE,France,1 rue Desire le hoc,14800,https://all.accor.com/hotel/C4Z4/index.fr.shtml,catalog_api,france,YOU HOTEL DEAUVILLE HANDWRITTEN COLLECTION,DEAUVILLE,,,,False,missing
A0B4,A0B4,ibis Styles Deauville Centre,IBS,IBIS STYLES,DEAUVILLE,France,10 Rue Robert Fossorier,14800,https://all.accor.com/hotel/A0B4/index.fr.shtml,catalog_api,france,IBIS STYLES DEAUVILLE CENTRE,DEAUVILLE,,,,False,missing
B4Q8,B4Q8,Novotel Deauville Plage,NOV,NOVOTEL,DEAUVILLE,France,17 Boulevard Eugène Cornuché,14800,https://all.accor.com/hotel/B4Q8/index.fr.shtml,catalog_api,france,NOVOTEL DEAUVILLE PLAGE,DEAUVILLE,,,,False,missing
0956,956,ibis Douai Centre,IBH,IBIS,DOUAI,France,Place Saint Amé,59500,https://all.accor.com/hotel/0956/index.fr.shtml,catalog_api,france,IBIS DOUAI CENTRE,DOUAI,,,,False,missing
0341,341,Hôtel Mercure Le Havre Centre Bassin du Commerce,MER,MERCURE,LE HAVRE,France,Chaussée Georges Pompidou,76600,https://all.accor.com/hotel/0341/index.fr.shtml,catalog_api,france,HOTEL MERCURE LE HAVRE CENTRE BASSIN DU COMMERCE,LE HAVRE,,,,False,missing
B2J3,B2J3,ibis Styles Douai Gare Gayant Expo,IBS,IBIS STYLES,DOUAI,France,Boulevard Vauban,59500,https://all.accor.com/hotel/B2J3/index.fr.shtml,catalog_api,france,IBIS STYLES DOUAI GARE GAYANT EXPO,DOUAI,,,,False,missing
B8R0,B8R0,ibis Styles Lens Centre Gare,IBS,IBIS STYLES,LENS,France,14 Place du Général De Gaulle,62300,https://all.accor.com/hotel/B8R0/index.fr.shtml,catalog_api,france,IBIS STYLES LENS CENTRE GARE,LENS,,,,False,missing
0707,707,ibis Fourmies,IBH,IBIS,FOURMIES,France,Les Etangs des Moines,59610,https://all.accor.com/hotel/0707/index.fr.shtml,catalog_api,france,IBIS FOURMIES,FOURMIES,,,,False,missing
0426,426,Novotel Lens Noyelles,NOV,NOVOTEL,NOYELLES-GODAULT,France,Centre Commercial,62950,https://all.accor.com/hotel/0426/index.fr.shtml,catalog_api,france,NOVOTEL LENS NOYELLES,NOYELLES GODAULT,,,,False,missing
0456,456,Novotel Valenciennes,NOV,NOVOTEL,ROUVIGNIES,France,"340 Rue de Maugré, Parc d'activités l'Aérodrome Est",59220,https://all.accor.com/hotel/0456/index.fr.shtml,catalog_api,france,NOVOTEL VALENCIENNES,ROUVIGNIES,,,,False,missing
0440,440,Novotel Le Mans,NOV,NOVOTEL,LE MANS,France,"Bords de L'huisne, Boulevard Robert Schuman",72100,https://all.accor.com/hotel/0440/index.fr.shtml,catalog_api,france,NOVOTEL LE MANS,LE MANS,,,,False,missing
0704,704,ibis Le Mans Est Pontlieue,IBH,IBIS,LE MANS,France,3 rue Clement Marot,72100,https://all.accor.com/hotel/0704/index.fr.shtml,catalog_api,france,IBIS LE MANS EST PONTLIEUE,LE MANS,4.8,626,50.0,True,missing
A9P2,A9P2,Ibis le Mans Centre Gare Nord,IBH,IBIS,LE MANS,France,39 Boulevard Robert Jarry,72000,https://all.accor.com/hotel/A9P2/index.fr.shtml,catalog_api,france,IBIS LE MANS CENTRE GARE NORD,LE MANS,,,,False,missing
C1U8,C1U8,TRIBE Cabourg (Ouverture Mars 2027),TRI,TRIBE,CABOURG,France,22bis Rue Alfred Piat,14390,https://all.accor.com/hotel/C1U8/index.fr.shtml,catalog_api,france,TRIBE CABOURG OUVERTURE MARS 2027,CABOURG,,,,False,missing
B8Q0,B8Q0,ibis Bethune Centre Gare,IBH,IBIS,BETHUNE,France,309 Avenue De Lens,62400,https://all.accor.com/hotel/B8Q0/index.fr.shtml,catalog_api,france,IBIS BETHUNE CENTRE GARE,BETHUNE,,,,False,missing
0344,344,Mercure Le Mans Batignolles - Hôtel & Spa,MER,MERCURE,LE MANS,France,17 rue de la pointe,72100,https://all.accor.com/hotel/0344/index.fr.shtml,catalog_api,france,MERCURE LE MANS BATIGNOLLES HOTEL SPA,LE MANS,,,,False,missing
B3A0,B3A0,ibis budget Le Mans Université,IBB,IBIS BUDGET,LE MANS,France,Rue Heraclite,72000,https://all.accor.com/hotel/B3A0/index.fr.shtml,catalog_api,france,IBIS BUDGET LE MANS UNIVERSITE,LE MANS,,,,False,missing
B6A1,B6A1,ibis Styles Valenciennes Petite Forêt,IBS,IBIS STYLES,PETITE FORET,France,Rue Gay Lussac,59494,https://all.accor.com/hotel/B6A1/index.fr.shtml,catalog_api,france,IBIS STYLES VALENCIENNES PETITE FORET,PETITE FORET,,,,False,missing
A8Q1,A8Q1,ibis Styles Le Mans Sud Mulsanne,IBS,IBIS STYLES,MULSANNE,France,51 Rue Des Pins,72230,https://all.accor.com/hotel/A8Q1/index.fr.shtml,catalog_api,france,IBIS STYLES LE MANS SUD MULSANNE,MULSANNE,4.7,544,47.0,True,missing
0908,908,ibis Amboise,IBH,IBIS,AMBOISE,France,"Z.I. La Boitardière, Chemin du Roy, indiquer RUE ABEL GODY dans GPS",37400,https://all.accor.com/hotel/0908/index.fr.shtml,catalog_api,france,IBIS AMBOISE,AMBOISE,4.4,851,14.0,True,missing
0395,395,Novotel Amboise,NOV,NOVOTEL,AMBOISE,France,17 rue des Sablonnières,37400,https://all.accor.com/hotel/0395/index.fr.shtml,catalog_api,france,NOVOTEL AMBOISE,AMBOISE,4.6,1160,14.0,True,missing
B6E3,B6E3,Mercure Le Touquet,MER,MERCURE,LE TOUQUET,France,221 Allée du Nouveau Siècle,62520,https://all.accor.com/hotel/B6E3/index.fr.shtml,catalog_api,france,MERCURE LE TOUQUET,LE TOUQUET,,,,False,missing
B6E2,B6E2,ibis Styles Le Touquet,IBS,IBIS STYLES,LE TOUQUET,France,221 Allée du Nouveau Siècle,62520,https://all.accor.com/hotel/B6E2/index.fr.shtml,catalog_api,france,IBIS STYLES LE TOUQUET,LE TOUQUET,,,,False,missing
B8Z4,B8Z4,TRIBE  Le Touquet,TRI,TRIBE,LE TOUQUET,France,221 Allée du Nouveau Siècle,62520,https://all.accor.com/hotel/B8Z4/index.fr.shtml,catalog_api,france,TRIBE LE TOUQUET,LE TOUQUET,,,,False,missing
0668,668,ibis Le Touquet Thalassa,IBH,IBIS,LE TOUQUET,France,"Avenue Louison Bobet, Front de Mer, CS 40214",62520,https://all.accor.com/hotel/0668/index.fr.shtml,catalog_api,france,IBIS LE TOUQUET THALASSA,LE TOUQUET,,,,False,missing
0449,449,Novotel Thalassa Le Touquet,NOV,NOVOTEL,LE TOUQUET,France,"Front de Mer, Avenue Louison Bobet, CS 40214",62520,https://all.accor.com/hotel/0449/index.fr.shtml,catalog_api,france,NOVOTEL THALASSA LE TOUQUET,LE TOUQUET,,,,False,missing
0819,819,ibis Bourges,IBH,IBIS,BOURGES,France,"Rue VladimirJankelevitch, Quartier du Prado",18000,https://all.accor.com/hotel/0819/index.fr.shtml,catalog_api,france,IBIS BOURGES,BOURGES,4.6,1383,7.0,True,missing
0364,364,ibis Charleville-Mézières,IBH,IBIS,VILLERS-SEMEUSE,France,Rue Louise Michel,08000,https://all.accor.com/hotel/0364/index.fr.shtml,catalog_api,france,IBIS CHARLEVILLE MEZIERES,VILLERS SEMEUSE,,,,False,missing
0427,427,Novotel Lille Aéroport,NOV,NOVOTEL,LESQUIN,France,55 route de Douai,59810,https://all.accor.com/hotel/0427/index.fr.shtml,catalog_api,france,NOVOTEL LILLE AEROPORT,LESQUIN,,,,False,missing
1572,1572,Hôtel Mercure Tours Nord,MER,MERCURE,TOURS,France,11  rue de l'Aviation,37100,https://all.accor.com/hotel/1572/index.fr.shtml,catalog_api,france,HOTEL MERCURE TOURS NORD,TOURS,4.5,1235,20.0,True,missing
0605,605,ibis Caen Porte d'Angleterre,IBH,IBIS,HEROUVILLE SAINT CLAIR,France,6 BOULEVARD GRAND PARC,14200,https://all.accor.com/hotel/0605/index.fr.shtml,catalog_api,france,IBIS CAEN PORTE D ANGLETERRE,HEROUVILLE SAINT CLAIR,,,,False,missing
0684,684,ibis Tours Nord,IBH,IBIS,TOURS,France,"318 bis, avenue Maginot, CC La Petite Arche",37100,https://all.accor.com/hotel/0684/index.fr.shtml,catalog_api,france,IBIS TOURS NORD,TOURS,4.5,752,20.0,True,missing
0869,869,Hôtel Mercure Caen Centre Port de Plaisance,MER,MERCURE,CAEN,France,"1 rue de Courtonne, CS 43086, CAEN CEDEX 2",14000,https://all.accor.com/hotel/0869/index.fr.shtml,catalog_api,france,HOTEL MERCURE CAEN CENTRE PORT DE PLAISANCE,CAEN,,,,False,missing
B3A7,B3A7,hotelF1 Bourges Le Subdray,HOF,HOTELF1,LE SUBDRAY,France,"Rue d'Italie, Zac Le César",18570,https://all.accor.com/hotel/B3A7/index.fr.shtml,catalog_api,france,HOTELF1 BOURGES LE SUBDRAY,LE SUBDRAY,4.1,409,6.0,True,missing
0405,405,Novotel Caen Côte de Nacre,NOV,NOVOTEL,CAEN,France,155 Rue de la Délivrande,14000,https://all.accor.com/hotel/0405/index.fr.shtml,catalog_api,france,NOVOTEL CAEN COTE DE NACRE,CAEN,,,,False,missing
A0W9,A0W9,Aparthotel Adagio Lille Centre Grand Place,ADG,ADAGIO,LILLE,France,76 Rue De L Hopital Militaire,59800,https://all.accor.com/hotel/A0W9/index.fr.shtml,catalog_api,france,APARTHOTEL ADAGIO LILLE CENTRE GRAND PLACE,LILLE,,,,False,missing
0901,901,Hôtel Ibis Lille Centre Gares,IBH,IBIS,LILLE,France,"29, Av Charles St-Venant, Le Forum",59000,https://all.accor.com/hotel/0901/index.fr.shtml,catalog_api,france,HOTEL IBIS LILLE CENTRE GARES,LILLE,,,,False,missing
A312,A312,Novotel Tours Centre Gare,NOV,NOVOTEL,TOURS,France,15 Rue Edouard Vaillant,37000,https://all.accor.com/hotel/A312/index.fr.shtml,catalog_api,france,NOVOTEL TOURS CENTRE GARE,TOURS,4.3,1050,19.0,True,missing
0918,918,Novotel Lille Centre Grand-Place,NOV,NOVOTEL,LILLE,France,116 rue de l'Hopital Militaire,59000,https://all.accor.com/hotel/0918/index.fr.shtml,catalog_api,france,NOVOTEL LILLE CENTRE GRAND PLACE,LILLE,,,,False,missing
B943,B943,greet hotel Lille Gare Flandres,GRE,GREET,LILLE,France,14 Rue de Molinel,59800,https://all.accor.com/hotel/B943/index.fr.shtml,catalog_api,france,GREET HOTEL LILLE GARE FLANDRES,LILLE,,,,False,missing
0902,902,ibis Lille Centre Grand-Place,IBH,IBIS,LILLE,France,"21,rue Lepelletier",59000,https://all.accor.com/hotel/0902/index.fr.shtml,catalog_api,france,IBIS LILLE CENTRE GRAND PLACE,LILLE,,,,False,missing
0802,802,Hôtel Mercure Lille Centre Grand-Place,MER,MERCURE,LILLE,France,2 boulevard Carnot,59000,https://all.accor.com/hotel/0802/index.fr.shtml,catalog_api,france,HOTEL MERCURE LILLE CENTRE GRAND PLACE,LILLE,,,,False,missing
B1C1,B1C1,Mama Shelter Lille,MSH,MAMA SHELTER,LILLE,France,97 Place Saint Hubert,59800,https://all.accor.com/hotel/B1C1/index.fr.shtml,catalog_api,france,MAMA SHELTER LILLE,LILLE,,,,False,missing
B736,B736,ibis Tours Centre Giraudeau,IBH,IBIS,TOURS,France,247 Rue Giraudeau,37000,https://all.accor.com/hotel/B736/index.fr.shtml,catalog_api,france,IBIS TOURS CENTRE GIRAUDEAU,TOURS,4.4,633,20.0,True,missing
C2M8,C2M8,ibis Styles Lille Villeneuve d'Ascq,IBS,IBIS STYLES,VILLENEUVE D ASCQ,France,35 rue de la Cousinerie,59650,https://all.accor.com/hotel/C2M8/index.fr.shtml,catalog_api,france,IBIS STYLES LILLE VILLENEUVE D ASCQ,VILLENEUVE D ASCQ,,,,False,missing
0643,643,ibis Tours Sud,IBH,IBIS,CHAMBRAY LES TOURS,France,"10 rue Michael Faraday, Logo ROUGE, La Vrillonnerie",37170,https://all.accor.com/hotel/0643/index.fr.shtml,catalog_api,france,IBIS TOURS SUD,CHAMBRAY LES TOURS,4.5,798,17.0,True,missing
C0W0,C0W0,ibis budget Tours Sud,IBB,IBIS BUDGET,CHAMBRAY LES TOURS,France,"18 Rue Michael Faraday, la Vrillonnerie",37170,https://all.accor.com/hotel/C0W0/index.fr.shtml,catalog_api,france,IBIS BUDGET TOURS SUD,CHAMBRAY LES TOURS,4.5,1026,17.0,True,missing
0453,453,ibis Styles Tours Sud,IBS,IBIS STYLES,CHAMBRAY LES TOURS,France,"La Vrillonnerie RN10, 18 Rue Michaël Faraday",37170,https://all.accor.com/hotel/0453/index.fr.shtml,catalog_api,france,IBIS STYLES TOURS SUD,CHAMBRAY LES TOURS,4.6,1355,17.0,True,missing
A3N4,A3N4,ibis budget Lille Marcq-en-Baroeul,IBB,IBIS BUDGET,MARCQ EN BAROEUL,France,"340 Avenue De La Marne, Parc Europe",59700,https://all.accor.com/hotel/A3N4/index.fr.shtml,catalog_api,france,IBIS BUDGET LILLE MARCQ EN BAROEUL,MARCQ EN BAROEUL,,,,False,missing
C5J7,C5J7,Aparthotel Adagio Access Lille Villeneuve-d'Ascq,ADA,ADAGIO ACCESS,VILLENEUVE D ASCQ,France,161 avenue Le Notre,59491,https://all.accor.com/hotel/C5J7/index.fr.shtml,catalog_api,france,APARTHOTEL ADAGIO ACCESS LILLE VILLENEUVE D ASCQ,VILLENEUVE D ASCQ,,,,False,missing
1788,1788,Hôtel Mercure Tours Sud,MER,MERCURE,JOUE LES TOURS,France,"Allée Andre Malraux, Parc des Bretonnieres",37300,https://all.accor.com/hotel/1788/index.fr.shtml,catalog_api,france,HOTEL MERCURE TOURS SUD,JOUE LES TOURS,4.4,1406,19.0,True,missing
0723,723,ibis Saint-Omer Centre,IBH,IBIS,SAINT OMER,France,2-4 rue Henri Dupuis,62500,https://all.accor.com/hotel/0723/index.fr.shtml,catalog_api,france,IBIS SAINT OMER CENTRE,SAINT OMER,,,,False,missing
B561,B561,Mercure Saint-Omer Centre Gare,MER,MERCURE,SAINT OMER,France,2 Place Du Vainquai,62500,https://all.accor.com/hotel/B561/index.fr.shtml,catalog_api,france,MERCURE SAINT OMER CENTRE GARE,SAINT OMER,,,,False,missing
0947,947,ibis Nevers,IBH,IBIS,NEVERS,France,"Rue du Plateau de la Bonne Dame, RN7",58000,https://all.accor.com/hotel/0947/index.fr.shtml,catalog_api,france,IBIS NEVERS,NEVERS,4.4,564,8.0,True,missing
B8Q6,B8Q6,ibis Styles Lille Neuville en Ferrain,IBS,IBIS STYLES,NEUVILLE EN FERRAIN,France,4 Rue Du Vertuquet,59960,https://all.accor.com/hotel/B8Q6/index.fr.shtml,catalog_api,france,IBIS STYLES LILLE NEUVILLE EN FERRAIN,NEUVILLE EN FERRAIN,,,,False,missing
0964,964,Novotel Bayeux,NOV,NOVOTEL,BAYEUX,France,"117 Rue Saint Patrice, Rond Point de Vaucelles",14400,https://all.accor.com/hotel/0964/index.fr.shtml,catalog_api,france,NOVOTEL BAYEUX,BAYEUX,,,,False,missing
6865,6865,ibis Bayeux Port-en-Bessin,IBH,IBIS,PORT EN BESSIN,France,12 Quai Baron Gerard,14520,https://all.accor.com/hotel/6865/index.fr.shtml,catalog_api,france,IBIS BAYEUX PORT EN BESSIN,PORT EN BESSIN,,,,False,missing
1080,1080,ibis Châteauroux,IBH,IBIS,CHATEAUROUX,France,"16, rue Victor Hugo",36000,https://all.accor.com/hotel/1080/index.fr.shtml,catalog_api,france,IBIS CHATEAUROUX,CHATEAUROUX,4.4,578,1.0,True,missing
0715,715,ibis Calais Car Ferry,IBH,IBIS,CALAIS,France,"2, rue Greuze, Quartier Beau Marais",62100,https://all.accor.com/hotel/0715/index.fr.shtml,catalog_api,france,IBIS CALAIS CAR FERRY,CALAIS,,,,False,missing
B6X6,B6X6,Mercure Dunkerque Centre Gare,MER,MERCURE,DUNKERQUE,France,81 Rue Florence Arthaud,59140,https://all.accor.com/hotel/B6X6/index.fr.shtml,catalog_api,france,MERCURE DUNKERQUE CENTRE GARE,DUNKERQUE,,,,False,missing
0613,613,ibis Laval Le Relais d'Armor,IBH,IBIS,CHANGE,France,"Boulevard De Buffon, 91 Boulevard de Buffon",53810,https://all.accor.com/hotel/0613/index.fr.shtml,catalog_api,france,IBIS LAVAL LE RELAIS D ARMOR,CHANGE,,,,False,missing
B0L9,B0L9,ibis Styles Laval Centre Gare,IBS,IBIS STYLES,LAVAL,France,8 Avenue Robert Buron,53000,https://all.accor.com/hotel/B0L9/index.fr.shtml,catalog_api,france,IBIS STYLES LAVAL CENTRE GARE,LAVAL,,,,False,missing
B1B9,B1B9,ibis budget Langres,IBB,IBIS BUDGET,LANGRES,France,Place Bel Air,52200,https://all.accor.com/hotel/B1B9/index.fr.shtml,catalog_api,france,IBIS BUDGET LANGRES,LANGRES,,,,False,missing
0930,930,ibis Saint-Lô La Chevalerie,IBH,IBIS,SAINT LO,France,"594 rue Jules Vallès, PA La Chevalerie",50000,https://all.accor.com/hotel/0930/index.fr.shtml,catalog_api,france,IBIS SAINT LO LA CHEVALERIE,SAINT LO,,,,False,missing
B425,B425,hotelF1 Longwy,HOF,HOTELF1,LONGWY,France,3 Rue Du Pulventeux,54400,https://all.accor.com/hotel/B425/index.fr.shtml,catalog_api,france,HOTELF1 LONGWY,LONGWY,,,,False,missing
C1U5,C1U5,ibis Styles Dijon Nord Valmy,IBS,IBIS STYLES,DIJON,France,Impasse aux Charmes d'Asnieres,21000,https://all.accor.com/hotel/C1U5/index.fr.shtml,catalog_api,france,IBIS STYLES DIJON NORD VALMY,DIJON,,,,False,missing
C237,C237,greet Hotel Chatellerault,GRE,GREET,CHATELLERAULT,France,31 rue C Nungesser et F Coli,86100,https://all.accor.com/hotel/C237/index.fr.shtml,catalog_api,france,GREET HOTEL CHATELLERAULT,CHATELLERAULT,,,,False,missing
B8W6,B8W6,Mama Shelter Dijon,MSH,MAMA SHELTER,DIJON,France,8 rue Docteur Maret,21000,https://all.accor.com/hotel/B8W6/index.fr.shtml,catalog_api,france,MAMA SHELTER DIJON,DIJON,,,,False,missing
0654,654,ibis Styles Dijon Central,IBS,IBIS STYLES,DIJON,France,3 place Grangier,21000,https://all.accor.com/hotel/0654/index.fr.shtml,catalog_api,france,IBIS STYLES DIJON CENTRAL,DIJON,,,,False,missing
B1R3,B1R3,Ibis Budget Dijon Centre Clemenceau,IBB,IBIS BUDGET,DIJON,France,"Ibis Budget Centre Clemenceau, 2 Avenue De Marbotte",21000,https://all.accor.com/hotel/B1R3/index.fr.shtml,catalog_api,france,IBIS BUDGET DIJON CENTRE CLEMENCEAU,DIJON,,,,False,missing
0418,418,Novotel Dijon Sud,NOV,NOVOTEL,MARSANNAY LA COTE,France,11 route de Beaune,21160,https://all.accor.com/hotel/0418/index.fr.shtml,catalog_api,france,NOVOTEL DIJON SUD,MARSANNAY LA COTE,4.0,1176,48.0,True,missing
0540,540,Mercure Angers Centre De Congres,MER,MERCURE,ANGERS,France,1 place Mendes France,49100,https://all.accor.com/hotel/0540/index.fr.shtml,catalog_api,france,MERCURE ANGERS CENTRE DE CONGRES,ANGERS,,,,False,missing
0698,698,ibis Dijon Sud,IBH,IBIS,PERRIGNY LES DIJON,France,1 RUE BOLOTTE,21160,https://all.accor.com/hotel/0698/index.fr.shtml,catalog_api,france,IBIS DIJON SUD,PERRIGNY LES DIJON,4.1,1143,47.0,True,missing
A9F1,A9F1,Mercure Moulins Centre - Hôtel de Paris,MER,MERCURE,MOULINS,France,21 Rue De Paris,03000,https://all.accor.com/hotel/A9F1/index.fr.shtml,catalog_api,france,MERCURE MOULINS CENTRE HOTEL DE PARIS,MOULINS,4.6,787,7.0,True,missing
0848,848,Ibis Angers Centre Château,IBH,IBIS,ANGERS,France,Rue de la Poissonnerie,49100,https://all.accor.com/hotel/0848/index.fr.shtml,catalog_api,france,IBIS ANGERS CENTRE CHATEAU,ANGERS,,,,False,missing
A0B0,A0B0,ibis Styles Moulins Centre,IBS,IBIS STYLES,MOULINS,France,9 Place Jean Moulin,03000,https://all.accor.com/hotel/A0B0/index.fr.shtml,catalog_api,france,IBIS STYLES MOULINS CENTRE,MOULINS,4.5,993,6.0,True,missing
B816,B816,ibis Styles Fougères,IBS,IBIS STYLES,BEAUCE,France,26 Rue De Bretagne,35133,https://all.accor.com/hotel/B816/index.fr.shtml,catalog_api,france,IBIS STYLES FOUGERES,BEAUCE,,,,False,missing
B5Q6,B5Q6,Novotel Angers Centre Gare,NOV,NOVOTEL,ANGERS,France,1 Rue Auguste Gautier,49100,https://all.accor.com/hotel/B5Q6/index.fr.shtml,catalog_api,france,NOVOTEL ANGERS CENTRE GARE,ANGERS,,,,False,missing
0610,610,ibis Châtellerault,IBH,IBIS,CHATELLERAULT,France,"10 Avenue Camille Page, BP 323",86100,https://all.accor.com/hotel/0610/index.fr.shtml,catalog_api,france,IBIS CHATELLERAULT,CHATELLERAULT,,,,False,missing
B7R6,B7R6,ibis Styles Dijon Sud Domaine de Beauregard,IBS,IBIS STYLES,LONGVIC,France,9 Rue De Beauregard,21600,https://all.accor.com/hotel/B7R6/index.fr.shtml,catalog_api,france,IBIS STYLES DIJON SUD DOMAINE DE BEAUREGARD,LONGVIC,4.7,1869,49.0,True,missing
C0T5,C0T5,greet Hotel Dijon Sud Longvic,GRE,GREET,LONGVIC,France,7 rue de Beauregard,21600,https://all.accor.com/hotel/C0T5/index.fr.shtml,catalog_api,france,GREET HOTEL DIJON SUD LONGVIC,LONGVIC,4.5,335,49.0,True,missing
0625,625,ibis Moulins Sud,IBH,IBIS,MOULINS,France,"153 Route de Lyon, Route nationale 7",03000,https://all.accor.com/hotel/0625/index.fr.shtml,catalog_api,france,IBIS MOULINS SUD,MOULINS,4.5,1005,6.0,True,missing
0882,882,ibis Avranches Baie du Mont-Saint-Michel,IBH,IBIS,SAINT-QUENTIN-SUR-LE-HOMME,France,"47 rue des Estuaires, ZA CROMEL",50220,https://all.accor.com/hotel/0882/index.fr.shtml,catalog_api,france,IBIS AVRANCHES BAIE DU MONT SAINT MICHEL,SAINT QUENTIN SUR LE HOMME,,,,False,missing
0971,971,ibis Beaune - La Ferme aux Vins,IBH,IBIS,BEAUNE,France,"Rue Yves-Bertrand BURGALAT, BP 144",21200,https://all.accor.com/hotel/0971/index.fr.shtml,catalog_api,france,IBIS BEAUNE LA FERME AUX VINS,BEAUNE,4.5,2376,40.0,True,missing
B6J2,B6J2,ibis budget Nancy Laxou,IBB,IBIS BUDGET,LAXOU,France,1 rue du Vair,54520,https://all.accor.com/hotel/B6J2/index.fr.shtml,catalog_api,france,IBIS BUDGET NANCY LAXOU,LAXOU,,,,False,missing
0407,407,Novotel Nancy,NOV,NOVOTEL,LAXOU,France,2 Rue du Vair,54520,https://all.accor.com/hotel/0407/index.fr.shtml,catalog_api,france,NOVOTEL NANCY,LAXOU,,,,False,missing
B5V7,B5V7,greet Hotel Beaune,GRE,GREET,BEAUNE,France,58 Route de Verdun,21200,https://all.accor.com/hotel/B5V7/index.fr.shtml,catalog_api,france,GREET HOTEL BEAUNE,BEAUNE,4.7,1393,42.0,True,missing
B4Y4,B4Y4,Ibis Styles Nancy Ouest Laxou,IBS,IBIS STYLES,LAXOU,France,10 rue de la Saône,54520,https://all.accor.com/hotel/B4Y4/index.fr.shtml,catalog_api,france,IBIS STYLES NANCY OUEST LAXOU,LAXOU,,,,False,missing
C6G9,C6G9,greet Hotel Nancy Frouard (Ouverture septembre 2026),GRE,GREET,FROUARD,France,3 rue de Nerbevaux,54390,https://all.accor.com/hotel/C6G9/index.fr.shtml,catalog_api,france,GREET HOTEL NANCY FROUARD OUVERTURE SEPTEMBRE 2026,FROUARD,,,,False,missing
2320,2320,hotelF1 Metz Centre Devant les Ponts,HOF,HOTELF1,METZ,France,9 Rue Périgot,57050,https://all.accor.com/hotel/2320/index.fr.shtml,catalog_api,france,HOTELF1 METZ CENTRE DEVANT LES PONTS,METZ,,,,False,missing
B6Z0,B6Z0,Mercure Grand Hotel Metz Centre Cathédrale,MER,MERCURE,METZ,France,3 Rue Des Clercs,57000,https://all.accor.com/hotel/B6Z0/index.fr.shtml,catalog_api,france,MERCURE GRAND HOTEL METZ CENTRE CATHEDRALE,METZ,,,,False,missing
0756,756,ibis Metz Centre Gare,IBH,IBIS,METZ,France,3 bis rue Vauban,57000,https://all.accor.com/hotel/0756/index.fr.shtml,catalog_api,france,IBIS METZ CENTRE GARE,METZ,,,,False,missing
A038,A038,Hôtel Mercure Nancy Centre Gare,MER,MERCURE,NANCY,France,11 Rue Raymond Poincaré,54000,https://all.accor.com/hotel/A038/index.fr.shtml,catalog_api,france,HOTEL MERCURE NANCY CENTRE GARE,NANCY,,,,False,missing
0589,589,Novotel Metz Centre,NOV,NOVOTEL,METZ,France,"Place des paraiges, Centre Saint Jacques",57000,https://all.accor.com/hotel/0589/index.fr.shtml,catalog_api,france,NOVOTEL METZ CENTRE,METZ,,,,False,missing
0973,973,ibis Nancy Centre Gare et Congrès,IBH,IBIS,NANCY,France,"3, rue Crampel",54000,https://all.accor.com/hotel/0973/index.fr.shtml,catalog_api,france,IBIS NANCY CENTRE GARE ET CONGRES,NANCY,,,,False,missing
0621,621,ibis Metz Centre Cathédrale,IBH,IBIS,METZ,France,"47 rue Chambière, Quartier Pontiffroy",57000,https://all.accor.com/hotel/0621/index.fr.shtml,catalog_api,france,IBIS METZ CENTRE CATHEDRALE,METZ,,,,False,missing
C276,C276,ibis Styles Metz Centre,IBS,IBIS STYLES,METZ,France,22 Rue Haute Seille,57000,https://all.accor.com/hotel/C276/index.fr.shtml,catalog_api,france,IBIS STYLES METZ CENTRE,METZ,,,,False,missing
0354,354,ibis Metz Woippy,IBH,IBIS,WOIPPY,France,56 Rue du Fort Gambetta,57140,https://all.accor.com/hotel/0354/index.fr.shtml,catalog_api,france,IBIS METZ WOIPPY,WOIPPY,,,,False,missing
0446,446,Novotel Metz Amnéville,NOV,NOVOTEL,HAUCONCOURT,France,16 ROUTE DE MAIZIERES LES METZ,57280,https://all.accor.com/hotel/0446/index.fr.shtml,catalog_api,france,NOVOTEL METZ AMNEVILLE,HAUCONCOURT,,,,False,missing
B7B0,B7B0,greet Hotel Nancy Sud,GRE,GREET,HOUDEMONT,France,"2 Rue Des Egrez, Zac Des Egrez",54180,https://all.accor.com/hotel/B7B0/index.fr.shtml,catalog_api,france,GREET HOTEL NANCY SUD,HOUDEMONT,,,,False,missing
0408,408,ibis Styles Nancy Sud,IBS,IBIS STYLES,HOUDEMONT,France,"8 Allée de la  Genelière, RN 57",54180,https://all.accor.com/hotel/0408/index.fr.shtml,catalog_api,france,IBIS STYLES NANCY SUD,HOUDEMONT,,,,False,missing
5317,5317,ibis budget Granville,IBB,IBIS BUDGET,GRANVILLE,France,1167 Route de Villedieu,50400,https://all.accor.com/hotel/5317/index.fr.shtml,catalog_api,france,IBIS BUDGET GRANVILLE,GRANVILLE,,,,False,missing
B261,B261,ibis Pontorson Baie du Mont-Saint-Michel,IBH,IBIS,SAINT GEORGES DE GREHAIGNE,France,Za Le Point Du Jour,35610,https://all.accor.com/hotel/B261/index.fr.shtml,catalog_api,france,IBIS PONTORSON BAIE DU MONT SAINT MICHEL,SAINT GEORGES DE GREHAIGNE,,,,False,missing
C3U1,C3U1,ibis budget Pontorson Baie du Mont-Saint-Michel,IBB,IBIS BUDGET,SAINT GEORGES DE GREHAIGNE,France,Za Le Point Du Jour,35610,https://all.accor.com/hotel/C3U1/index.fr.shtml,catalog_api,france,IBIS BUDGET PONTORSON BAIE DU MONT SAINT MICHEL,SAINT GEORGES DE GREHAIGNE,,,,False,missing
B032,B032,ibis Styles Poitiers Nord,IBS,IBIS STYLES,POITIERS,France,215 Avenue De Paris,86000,https://all.accor.com/hotel/B032/index.fr.shtml,catalog_api,france,IBIS STYLES POITIERS NORD,POITIERS,4.6,733,12.0,True,missing
0695,695,IBIS POITIERS BEAULIEU,IBH,IBIS,POITIERS,France,"1, rue du Bois Dousset",86000,https://all.accor.com/hotel/0695/index.fr.shtml,catalog_api,france,IBIS POITIERS BEAULIEU,POITIERS,3.9,473,11.0,True,missing
0368,368,ibis Styles Chalon-sur-Saône,IBS,IBIS STYLES,CHALON SUR SAONE,France,Avenue de l'Europe,71100,https://all.accor.com/hotel/0368/index.fr.shtml,catalog_api,france,IBIS STYLES CHALON SUR SAONE,CHALON SUR SAONE,4.6,2057,35.0,True,missing
0608,608,ibis Chalon-sur-Saône Nord (Hôtel rénové),IBH,IBIS,CHALON SUR SAONE,France,Rue Paul Vachet,71100,https://all.accor.com/hotel/0608/index.fr.shtml,catalog_api,france,IBIS CHALON SUR SAONE NORD HOTEL RENOVE,CHALON SUR SAONE,4.6,807,36.0,True,missing
0659,659,ibis Poitiers Sud,IBH,IBIS,POITIERS,France,175 Avenue du 8 Mai 1945,86000,https://all.accor.com/hotel/0659/index.fr.shtml,catalog_api,france,IBIS POITIERS SUD,POITIERS,4.3,912,14.0,True,missing
C254,C254,ibis Styles Gueret,IBS,IBIS STYLES,GUERET,France,3 avenue René Cassin,23000,https://all.accor.com/hotel/C254/index.fr.shtml,catalog_api,france,IBIS STYLES GUERET,GUERET,4.8,551,1.0,True,missing
0471,471,ibis Rennes Cesson,IBH,IBIS,CESSON SEVIGNE,France,62 Rue de la Rigourdière,35510,https://all.accor.com/hotel/0471/index.fr.shtml,catalog_api,france,IBIS RENNES CESSON,CESSON SEVIGNE,,,,False,missing
0689,689,ibis Rennes Beaulieu,IBH,IBIS,CESSON SEVIGNE,France,"Rue du Taillis, Rue de Rennes",35510,https://all.accor.com/hotel/0689/index.fr.shtml,catalog_api,france,IBIS RENNES BEAULIEU,CESSON SEVIGNE,,,,False,missing
2340,2340,hotelF1 Dole Jura,HOF,HOTELF1,DOLE,France,"6 Rue Alexandre Vialatte, ZI des Epenottes",39100,https://all.accor.com/hotel/2340/index.fr.shtml,catalog_api,france,HOTELF1 DOLE JURA,DOLE,,,,False,missing
B7P3,B7P3,ibis Styles Rennes Cesson,IBS,IBIS STYLES,CESSON SEVIGNE,France,1 Ter Rue De Fougères,35510,https://all.accor.com/hotel/B7P3/index.fr.shtml,catalog_api,france,IBIS STYLES RENNES CESSON,CESSON SEVIGNE,,,,False,missing
1759,1759,ibis Dole Sud Choisey,IBH,IBIS,CHOISEY,France,"Peage A39 Sortie 6, 16 Rue Fourney, Espace Commerciale de Choisey",39100,https://all.accor.com/hotel/1759/index.fr.shtml,catalog_api,france,IBIS DOLE SUD CHOISEY,CHOISEY,,,,False,missing
0731,731,ibis Styles Rennes Centre Gare Nord,IBS,IBIS STYLES,RENNES,France,15 Place de la gare,35000,https://all.accor.com/hotel/0731/index.fr.shtml,catalog_api,france,IBIS STYLES RENNES CENTRE GARE NORD,RENNES,,,,False,missing
B9P3,B9P3,Mama Shelter Rennes,MSH,MAMA SHELTER,RENNES,France,3 Place de la Trinite,35000,https://all.accor.com/hotel/B9P3/index.fr.shtml,catalog_api,france,MAMA SHELTER RENNES,RENNES,,,,False,missing
0430,430,Novotel Rennes Alma,NOV,NOVOTEL,RENNES,France,48 Avenue du Canada,35200,https://all.accor.com/hotel/0430/index.fr.shtml,catalog_api,france,NOVOTEL RENNES ALMA,RENNES,,,,False,missing
B5Z9,B5Z9,ibis Styles Ancenis Centre,IBS,IBIS STYLES,ANCENIS,France,"119, Boulevard Du Docteur Moutel",44150,https://all.accor.com/hotel/B5Z9/index.fr.shtml,catalog_api,france,IBIS STYLES ANCENIS CENTRE,ANCENIS,,,,False,missing
C3P2,C3P2,Hôtel de L'Abbaye Le Tronchet - Handwritten Collection,SOU,SOU,LE TRONCHET- SAINT-MALO,France,7 rue de l'Abbatiale,35540,https://all.accor.com/hotel/C3P2/index.fr.shtml,catalog_api,france,HOTEL DE L ABBAYE LE TRONCHET HANDWRITTEN COLLECTION,LE TRONCHET SAINT MALO,,,,False,missing
0831,831,Hôtel Mercure Épinal Centre,MER,MERCURE,EPINAL,France,"13 place Emile Stein, BP 242",88007,https://all.accor.com/hotel/0831/index.fr.shtml,catalog_api,france,HOTEL MERCURE EPINAL CENTRE,EPINAL,,,,False,missing
0890,890,ibis Épinal Centre-Ville,IBH,IBIS,EPINAL,France,"21, Quai Marechal de Contades",88000,https://all.accor.com/hotel/0890/index.fr.shtml,catalog_api,france,IBIS EPINAL CENTRE VILLE,EPINAL,,,,False,missing
A331,A331,ibis budget Rennes Route de Lorient,IBB,IBIS BUDGET,RENNES,France,4 Rue Des Chevrons,35000,https://all.accor.com/hotel/A331/index.fr.shtml,catalog_api,france,IBIS BUDGET RENNES ROUTE DE LORIENT,RENNES,,,,False,missing
B7B2,B7B2,greet Hotel Rennes Pacé,GRE,GREET,PACE,France,"11 Avenue des touches, Za La Teillais",35740,https://all.accor.com/hotel/B7B2/index.fr.shtml,catalog_api,france,GREET HOTEL RENNES PACE,PACE,,,,False,missing
A6Q5,A6Q5,ibis Styles Vichy Centre,IBS,IBIS STYLES,VICHY,France,11 Avenue Pierre Coulon,03200,https://all.accor.com/hotel/A6Q5/index.fr.shtml,catalog_api,france,IBIS STYLES VICHY CENTRE,VICHY,3.9,738,6.0,True,missing
1514,1514,ibis Vichy,IBH,IBIS,VICHY,France,1 Avenue Victoria,03200,https://all.accor.com/hotel/1514/index.fr.shtml,catalog_api,france,IBIS VICHY,VICHY,4.6,1127,7.0,True,missing
0460,460,Hôtel Mercure Vichy,MER,MERCURE,VICHY,France,130 Boulevard des Etats Unis,03200,https://all.accor.com/hotel/0460/index.fr.shtml,catalog_api,france,HOTEL MERCURE VICHY,VICHY,4.4,295,7.0,True,missing
0728,728,ibis Saint-Malo La Madeleine,IBH,IBIS,SAINT MALO,France,"AVENUE DU GENERAL DE GAULLE, IMPASSE DE LA PEUPLERAIE",35400,https://all.accor.com/hotel/0728/index.fr.shtml,catalog_api,france,IBIS SAINT MALO LA MADELEINE,SAINT MALO,,,,False,missing
0433,433,Novotel Saint-Avold,NOV,NOVOTEL,SAINT AVOLD,France,"Avenue de Fayetteville, RN 33",57500,https://all.accor.com/hotel/0433/index.fr.shtml,catalog_api,france,NOVOTEL SAINT AVOLD,SAINT AVOLD,,,,False,missing
A1B8,A1B8,Mercure Saint Malo Balmoral,MER,MERCURE,SAINT MALO,France,24 Rue Theodore Monod,35400,https://all.accor.com/hotel/A1B8/index.fr.shtml,catalog_api,france,MERCURE SAINT MALO BALMORAL,SAINT MALO,,,,False,missing
A011,A011,Hôtel Mercure Dinan Port Le Jerzual,MER,MERCURE,LANVALLAY,France,26 rue du Quai du Talard,22100,https://all.accor.com/hotel/A011/index.fr.shtml,catalog_api,france,HOTEL MERCURE DINAN PORT LE JERZUAL,LANVALLAY,,,,False,missing
2266,2266,hotelF1 Besançon Micropolis,HOF,HOTELF1,BESANCON,France,1 rue Pierre-Rubens,25000,https://all.accor.com/hotel/2266/index.fr.shtml,catalog_api,france,HOTELF1 BESANCON MICROPOLIS,BESANCON,,,,False,missing
0400,400,ibis Styles Besançon,IBS,IBIS STYLES,BESANCON,France,22 bis Rue de Trey,25000,https://all.accor.com/hotel/0400/index.fr.shtml,catalog_api,france,IBIS STYLES BESANCON,BESANCON,,,,False,missing
0410,410,Novotel Nantes Carquefou,NOV,NOVOTEL,CARQUEFOU,France,"4 Allee des sapins, PA Antarès Belle Etoile",44470,https://all.accor.com/hotel/0410/index.fr.shtml,catalog_api,france,NOVOTEL NANTES CARQUEFOU,CARQUEFOU,,,,False,missing
0438,438,Novotel Mâcon Nord - Porte de Bourgogne,NOV,NOVOTEL,SENNECE-LES-MACON,France,420 Route de saint-Martin,71000,https://all.accor.com/hotel/0438/index.fr.shtml,catalog_api,france,NOVOTEL MACON NORD PORTE DE BOURGOGNE,SENNECE LES MACON,4.2,1302,27.0,True,missing
B9Q6,B9Q6,ibis budget Forbach Centre,IBB,IBIS BUDGET,FORBACH,France,30 Avenue de Spicheren,57600,https://all.accor.com/hotel/B9Q6/index.fr.shtml,catalog_api,france,IBIS BUDGET FORBACH CENTRE,FORBACH,,,,False,missing
0855,855,ibis Nantes La Beaujoire Parc Expo,IBH,IBIS,NANTES,France,5 Rue Du Moulin De La Halveque,44300,https://all.accor.com/hotel/0855/index.fr.shtml,catalog_api,france,IBIS NANTES LA BEAUJOIRE PARC EXPO,NANTES,,,,False,missing
C343,C343,greet hotel Limoges Nord,GRE,GREET,LIMOGES,France,42 rue Frederic Bastiat,87280,https://all.accor.com/hotel/C343/index.fr.shtml,catalog_api,france,GREET HOTEL LIMOGES NORD,LIMOGES,4.6,627,1.0,True,missing
A475,A475,ibis budget Limoges Nord,IBB,IBIS BUDGET,LIMOGES,France,110 Avenue de Brachaud,87280,https://all.accor.com/hotel/A475/index.fr.shtml,catalog_api,france,IBIS BUDGET LIMOGES NORD,LIMOGES,4.5,976,2.0,True,missing
B9P1,B9P1,ibis budget Nantes Nord Treillières,IBB,IBIS BUDGET,TREILLIERES,France,"1 Rue Lavoisier, Route de la Chapelle sur Erdre",44119,https://all.accor.com/hotel/B9P1/index.fr.shtml,catalog_api,france,IBIS BUDGET NANTES NORD TREILLIERES,TREILLIERES,,,,False,missing
B2G8,B2G8,ibis budget Mâcon Crêches,IBB,IBIS BUDGET,CHAINTRE - CRECHES SUR SAONE,France,"60 Rue du Tour de France, Parc hôtelier les Bouchardes",71570,https://all.accor.com/hotel/B2G8/index.fr.shtml,catalog_api,france,IBIS BUDGET MACON CRECHES,CHAINTRE CRECHES SUR SAONE,4.6,1290,25.0,True,missing
A8V4,A8V4,ibis Styles Nantes Centre Gare,IBS,IBIS STYLES,NANTES,France,8 Allee Du Commandant Charcot,44000,https://all.accor.com/hotel/A8V4/index.fr.shtml,catalog_api,france,IBIS STYLES NANTES CENTRE GARE,NANTES,,,,False,missing
0431,431,Novotel Limoges Le Lac,NOV,NOVOTEL,LIMOGES,France,"2 Avenue d'Uzurat, Parc d'Activités Nord Jaune",87280,https://all.accor.com/hotel/0431/index.fr.shtml,catalog_api,france,NOVOTEL LIMOGES LE LAC,LIMOGES,4.4,1368,2.0,True,missing
0670,670,ibis Mâcon Sud Crêches,IBH,IBIS,CHAINTRE - CRECHES SUR SAONE,France,"371 Rue du Mâconnais, Parc hôtelier les Bouchardes",71570,https://all.accor.com/hotel/0670/index.fr.shtml,catalog_api,france,IBIS MACON SUD CRECHES,CHAINTRE CRECHES SUR SAONE,4.6,1653,25.0,True,missing
0892,892,ibis Nantes Centre Gare Sud,IBH,IBIS,NANTES,France,3 Allee Baco,44000,https://all.accor.com/hotel/0892/index.fr.shtml,catalog_api,france,IBIS NANTES CENTRE GARE SUD,NANTES,,,,False,missing
0708,708,ibis Roanne,IBH,IBIS,LE COTEAU,France,53 boulevard Charles De Gaulle,42120,https://all.accor.com/hotel/0708/index.fr.shtml,catalog_api,france,IBIS ROANNE,LE COTEAU,4.4,489,11.0,True,missing
B094,B094,Hôtel Mercure Nantes Centre Passage Pommeraye,MER,MERCURE,NANTES,France,2 Rue Boileau,44000,https://all.accor.com/hotel/B094/index.fr.shtml,catalog_api,france,HOTEL MERCURE NANTES CENTRE PASSAGE POMMERAYE,NANTES,,,,False,missing
0929,929,ibis Clermont-Ferrand Montferrand,IBH,IBIS,CLERMONT FERRAND,France,3 Boulevard  Ambroise Brugiere,63100,https://all.accor.com/hotel/0929/index.fr.shtml,catalog_api,france,IBIS CLERMONT FERRAND MONTFERRAND,CLERMONT FERRAND,4.6,85,3.0,True,missing
B2L8,B2L8,ibis Styles Clermont-Ferrand République,IBS,IBIS STYLES,CLERMONT FERRAND,France,97 Avenue De La Republique,63100,https://all.accor.com/hotel/B2L8/index.fr.shtml,catalog_api,france,IBIS STYLES CLERMONT FERRAND REPUBLIQUE,CLERMONT FERRAND,4.5,1265,2.0,True,missing
C4X7,C4X7,ibis Clermont Ferrand Centre Stade,IBH,IBIS,CLERMONT-FERRAND,France,120 avenue de la République,63100,https://all.accor.com/hotel/C4X7/index.fr.shtml,catalog_api,france,IBIS CLERMONT FERRAND CENTRE STADE,CLERMONT FERRAND,4.3,39,2.0,True,missing
0881,881,ibis Limoges Centre,IBH,IBIS,LIMOGES,France,6 Boulevard Victor Hugo,87000,https://all.accor.com/hotel/0881/index.fr.shtml,catalog_api,france,IBIS LIMOGES CENTRE,LIMOGES,,,,False,missing
A0Y2,A0Y2,ibis budget Sarrebourg Buhl,IBB,IBIS BUDGET,BUHL LORRAINE,France,"16 Rue Columbia, Zone  Ariane Plus, Zone d'Activités Ariane Plus",57400,https://all.accor.com/hotel/A0Y2/index.fr.shtml,catalog_api,france,IBIS BUDGET SARREBOURG BUHL,BUHL LORRAINE,,,,False,missing
B262,B262,Hôtel Mercure Zénith Nantes Saint-Herblain,MER,MERCURE,SAINT HERBLAIN,France,"Esplanade Ella Fitzgerald, ZAC Ar Mor",44800,https://all.accor.com/hotel/B262/index.fr.shtml,catalog_api,france,HOTEL MERCURE ZENITH NANTES SAINT HERBLAIN,SAINT HERBLAIN,,,,False,missing
B2W8,B2W8,ibis Styles Clermont-Ferrand Gare,IBS,IBIS STYLES,CLERMONT FERRAND,France,53 Av De L Union Sovietique,63000,https://all.accor.com/hotel/B2W8/index.fr.shtml,catalog_api,france,IBIS STYLES CLERMONT FERRAND GARE,CLERMONT FERRAND,4.5,430,3.0,True,missing
B5Y1,B5Y1,ibis Styles Limoges Centre,IBS,IBIS STYLES,LIMOGES,France,43 Avenue De La Revolution,87000,https://all.accor.com/hotel/B5Y1/index.fr.shtml,catalog_api,france,IBIS STYLES LIMOGES CENTRE,LIMOGES,,,,False,missing
C3U3,C3U3,ibis Styles Nantes Saint Herblain,IBS,IBIS STYLES,SAINT-HERBLAIN,France,29 Bis Rue Bobby Sands,44800,https://all.accor.com/hotel/C3U3/index.fr.shtml,catalog_api,france,IBIS STYLES NANTES SAINT HERBLAIN,SAINT HERBLAIN,,,,False,missing
C5Z8,C5Z8,ibis Styles Clermont Ferrand Sud La Pardieu,IBS,IBIS STYLES,CLERMONT FERRAND,France,9 rue de l'Eminée,63000,https://all.accor.com/hotel/C5Z8/index.fr.shtml,catalog_api,france,IBIS STYLES CLERMONT FERRAND SUD LA PARDIEU,CLERMONT FERRAND,4.4,41,5.0,True,missing
C1I0,C1I0,greet Hotel Belleville en Beaujolais A6,GRE,GREET,BELLEVILLE EN BEAUJOLAIS,France,Rue des Prés de la Cloche,69220,https://all.accor.com/hotel/C1I0/index.fr.shtml,catalog_api,france,GREET HOTEL BELLEVILLE EN BEAUJOLAIS A6,BELLEVILLE EN BEAUJOLAIS,4.5,427,24.0,True,missing
B825,B825,Mercure Belfort Centre,MER,MERCURE,BELFORT,France,2A Avenue Jean Moulin,90000,https://all.accor.com/hotel/B825/index.fr.shtml,catalog_api,france,MERCURE BELFORT CENTRE,BELFORT,,,,False,missing
0355,355,ibis Belfort Danjoutin,IBH,IBIS,DANJOUTIN,France,13 rue du Docteur Jacquot,90400,https://all.accor.com/hotel/0355/index.fr.shtml,catalog_api,france,IBIS BELFORT DANJOUTIN,DANJOUTIN,,,,False,missing
C0I5,C0I5,greet Hotel Montbeliard,GRE,GREET,MONTBELIARD,France,"ZAC Pied des Gouttes, 6 Rue des Frères Deckherr",25200,https://all.accor.com/hotel/C0I5/index.fr.shtml,catalog_api,france,GREET HOTEL MONTBELIARD,MONTBELIARD,,,,False,missing
0622,622,ibis Montbéliard,IBH,IBIS,MONTBELIARD,France,"Rue du Jura, Le Pied des Gouttes",25200,https://all.accor.com/hotel/0622/index.fr.shtml,catalog_api,france,IBIS MONTBELIARD,MONTBELIARD,,,,False,missing
6765,6765,ibis budget Bourg-en-Bresse,IBB,IBIS BUDGET,BOURG EN BRESSE,France,"409,  Avenue de Parme, ZAC des Belouses, 409",01000,https://all.accor.com/hotel/6765/index.fr.shtml,catalog_api,france,IBIS BUDGET BOURG EN BRESSE,BOURG EN BRESSE,4.5,960,45.0,True,missing
0603,603,ibis Bourg-en-Bresse,IBH,IBIS,BOURG EN BRESSE,France,6 Rue du Moulin de Brou,01000,https://all.accor.com/hotel/0603/index.fr.shtml,catalog_api,france,IBIS BOURG EN BRESSE,BOURG EN BRESSE,4.2,746,45.0,True,missing
0646,646,ibis Lyon Villefranche-sur-Saône,IBH,IBIS,LIMAS,France,94 Allée de Riottier,69400,https://all.accor.com/hotel/0646/index.fr.shtml,catalog_api,france,IBIS LYON VILLEFRANCHE SUR SAONE,LIMAS,4.6,1704,25.0,True,missing
7418,7418,ibis budget Pontarlier,IBB,IBIS BUDGET,PONTARLIER,France,29 rue Denis Papin,25300,https://all.accor.com/hotel/7418/index.fr.shtml,catalog_api,france,IBIS BUDGET PONTARLIER,PONTARLIER,,,,False,missing
B815,B815,ibis Styles La Roche-sur-Yon,IBS,IBIS STYLES,MOUILLERON LE CAPTIF,France,140 rue du Clair Bocage,85000,https://all.accor.com/hotel/B815/index.fr.shtml,catalog_api,france,IBIS STYLES LA ROCHE SUR YON,MOUILLERON LE CAPTIF,,,,False,missing
5686,5686,ibis budget Saint-Brieuc Yffiniac,IBB,IBIS BUDGET,YFFINIAC,France,"36, rue Julien Quintin, BP 13",22120,https://all.accor.com/hotel/5686/index.fr.shtml,catalog_api,france,IBIS BUDGET SAINT BRIEUC YFFINIAC,YFFINIAC,,,,False,missing
B9N0,B9N0,Greet Hotel Bourg-en-Bresse Sud Montagnat,GRE,GREET,MONTAGNAT,France,Route de Certines,01250,https://all.accor.com/hotel/B9N0/index.fr.shtml,catalog_api,france,GREET HOTEL BOURG EN BRESSE SUD MONTAGNAT,MONTAGNAT,4.5,747,46.0,True,missing
C1B8,C1B8,Square Lodge Hotel La Roche sur Yon - Handwritten Collection,SOU,SOU,LA ROCHE SUR YON,France,25 PLACE NAPOLEON,85000,https://all.accor.com/hotel/C1B8/index.fr.shtml,catalog_api,france,SQUARE LODGE HOTEL LA ROCHE SUR YON HANDWRITTEN COLLECTION,LA ROCHE SUR YON,,,,False,missing
B939,B939,greet hotel Cernay Mulhouse,GRE,GREET,CERNAY,France,Place des Etoiles 7,68700,https://all.accor.com/hotel/B939/index.fr.shtml,catalog_api,france,GREET HOTEL CERNAY MULHOUSE,CERNAY,,,,False,missing
B6W5,B6W5,ibis Styles Saint Brieuc Plerin,IBS,IBIS STYLES,PLERIN,France,33 Rue Des Chenes,22190,https://all.accor.com/hotel/B6W5/index.fr.shtml,catalog_api,france,IBIS STYLES SAINT BRIEUC PLERIN,PLERIN,,,,False,missing
B3B8,B3B8,hotelF1 Massieux,HOF,HOTELF1,MASSIEUX,France,"Parc D Activites Zi Lyon Nord, 129 Avenue Lavoisier",1600,https://all.accor.com/hotel/B3B8/index.fr.shtml,catalog_api,france,HOTELF1 MASSIEUX,MASSIEUX,3.8,322,28.0,True,missing
C275,C275,greet Hotel Massieux Lyon Nord,GRE,GREET,MASSIEUX,France,142 AVENUE LAVOISIER,01600,https://all.accor.com/hotel/C275/index.fr.shtml,catalog_api,france,GREET HOTEL MASSIEUX LYON NORD,MASSIEUX,4.2,338,29.0,True,missing
B0L8,B0L8,Novotel Saint Brieuc Centre Gare,NOV,NOVOTEL,SAINT BRIEUC,France,7 Esplanade Georges Pompidou,22000,https://all.accor.com/hotel/B0L8/index.fr.shtml,catalog_api,france,NOVOTEL SAINT BRIEUC CENTRE GARE,SAINT BRIEUC,,,,False,missing
C6G0,C6G0,greet hôtel Saint-Brieuc - Trégueux (Ouverture 09/2026),GRE,GREET,TREGUEUX,France,3 Avenue Pierres Mendes,22950,https://all.accor.com/hotel/C6G0/index.fr.shtml,catalog_api,france,GREET HOTEL SAINT BRIEUC TREGUEUX OUVERTURE 09 2026,TREGUEUX,,,,False,missing
A7F3,A7F3,5 Terres Hôtel & Spa - MGallery Collection,MGA,MGALLERY,BARR,France,11 Place De L Hotel De Ville,67140,https://all.accor.com/hotel/A7F3/index.fr.shtml,catalog_api,france,5 TERRES HOTEL SPA MGALLERY COLLECTION,BARR,,,,False,missing
0416,416,ibis Styles Colmar Nord,IBS,IBIS STYLES,COLMAR,France,49 avenue de la Foire aux Vins,68000,https://all.accor.com/hotel/0416/index.fr.shtml,catalog_api,france,IBIS STYLES COLMAR NORD,COLMAR,,,,False,missing
B7T4,B7T4,L'Esquisse Hotel and Spa Colmar - MGallery,MGA,MGALLERY,COLMAR,France,2 Avenue de la Marne,68000,https://all.accor.com/hotel/B7T4/index.fr.shtml,catalog_api,france,L ESQUISSE HOTEL AND SPA COLMAR MGALLERY,COLMAR,,,,False,missing
0978,978,Hôtel Mercure Colmar Centre Unterlinden,MER,MERCURE,COLMAR,France,15 rue Golbery,68000,https://all.accor.com/hotel/0978/index.fr.shtml,catalog_api,france,HOTEL MERCURE COLMAR CENTRE UNTERLINDEN,COLMAR,,,,False,missing
A9P3,A9P3,Novotel Suites Colmar Centre,SUI,NOVOTEL SUITES,COLMAR,France,27 Rue Bartholdi,68000,https://all.accor.com/hotel/A9P3/index.fr.shtml,catalog_api,france,NOVOTEL SUITES COLMAR CENTRE,COLMAR,,,,False,missing
B9Z7,B9Z7,greet Hotel Colmar,GRE,GREET,COLMAR,France,83 Route de Bâle,68000,https://all.accor.com/hotel/B9Z7/index.fr.shtml,catalog_api,france,GREET HOTEL COLMAR,COLMAR,,,,False,missing
0858,858,ibis Saint-Nazaire Trignac,IBH,IBIS,TRIGNAC,France,"5, rue de la Fontaine Au Brun",44570,https://all.accor.com/hotel/0858/index.fr.shtml,catalog_api,france,IBIS SAINT NAZAIRE TRIGNAC,TRIGNAC,,,,False,missing
C342,C342,greet hotel Saint Nazaire Trignac,GRE,GREET,TRIGNAC,France,6 rue du Morta,44570,https://all.accor.com/hotel/C342/index.fr.shtml,catalog_api,france,GREET HOTEL SAINT NAZAIRE TRIGNAC,TRIGNAC,,,,False,missing
B8A5,B8A5,ibis budget Saint Nazaire Centre Gare,IBB,IBIS BUDGET,SAINT NAZAIRE,France,2 Boulevard de l'Atlantique,44600,https://all.accor.com/hotel/B8A5/index.fr.shtml,catalog_api,france,IBIS BUDGET SAINT NAZAIRE CENTRE GARE,SAINT NAZAIRE,,,,False,missing
B899,B899,ibis Styles Saint Nazaire Centre Gare,IBS,IBIS STYLES,SAINT NAZAIRE,France,2 Boulevard de l'Atlantique,44600,https://all.accor.com/hotel/B899/index.fr.shtml,catalog_api,france,IBIS STYLES SAINT NAZAIRE CENTRE GARE,SAINT NAZAIRE,,,,False,missing
C098,C098,ibis budget Loudéac Vélodrome,IBB,IBIS BUDGET,LOUDEAC,France,"3 rue Honoré Michard, Parc Triskell",22600,https://all.accor.com/hotel/C098/index.fr.shtml,catalog_api,france,IBIS BUDGET LOUDEAC VELODROME,LOUDEAC,,,,False,missing
0816,816,ibis Égletons,IBH,IBIS,EGLETONS,France,39 ROUTE DU LAC,19300,https://all.accor.com/hotel/0816/index.fr.shtml,catalog_api,france,IBIS EGLETONS,EGLETONS,4.7,1054,5.0,True,missing
0779,779,ibis Lyon Nord,IBH,IBIS,DARDILLY,France,"5 allée du Camping International, Porte de Lyon",69570,https://all.accor.com/hotel/0779/index.fr.shtml,catalog_api,france,IBIS LYON NORD,DARDILLY,4.3,889,27.0,True,missing
0345,345,Hôtel Mercure Lyon Charbonnières,MER,MERCURE,CHARBONNIERES LES BAINS,France,"78  bis route de Paris, Route nationale 7",69260,https://all.accor.com/hotel/0345/index.fr.shtml,catalog_api,france,HOTEL MERCURE LYON CHARBONNIERES,CHARBONNIERES LES BAINS,4.6,946,27.0,True,missing
B8P6,B8P6,Aparthotel Adagio Access Saint-Nazaire,ADA,ADAGIO ACCESS,SAINT NAZAIRE,France,35 Rue de l'Étoile du Matin,44600,https://all.accor.com/hotel/B8P6/index.fr.shtml,catalog_api,france,APARTHOTEL ADAGIO ACCESS SAINT NAZAIRE,SAINT NAZAIRE,,,,False,missing
0397,397,ibis Styles Angoulême Nord,IBS,IBIS STYLES,CHAMPNIERS,France,"122 Rue des Meneaux, Rue de l'aretier",16430,https://all.accor.com/hotel/0397/index.fr.shtml,catalog_api,france,IBIS STYLES ANGOULEME NORD,CHAMPNIERS,4.6,673,16.0,True,missing
A069,A069,ibis Styles Mulhouse Centre Gare,IBS,IBIS STYLES,MULHOUSE,France,44 Avenue Du General Leclerc,68100,https://all.accor.com/hotel/A069/index.fr.shtml,catalog_api,france,IBIS STYLES MULHOUSE CENTRE GARE,MULHOUSE,,,,False,missing
A063,A063,ibis budget Mulhouse Centre Gare,IBB,IBIS BUDGET,MULHOUSE,France,42 Avenue Du General Leclerc,68100,https://all.accor.com/hotel/A063/index.fr.shtml,catalog_api,france,IBIS BUDGET MULHOUSE CENTRE GARE,MULHOUSE,,,,False,missing
B9R3,B9R3,TRIBE Lyon Croix Rousse,TRI,TRIBE,CALUIRE ET CUIRE,France,16 rue de Margnolles,69300,https://all.accor.com/hotel/B9R3/index.fr.shtml,catalog_api,france,TRIBE LYON CROIX ROUSSE,CALUIRE ET CUIRE,4.7,1204,31.0,True,missing
B3A6,B3A6,ibis Styles Lyon Croix Rousse,IBS,IBIS STYLES,LYON,France,"48 Rue Jacques Louis Hénon, Croix Rousse",69004,https://all.accor.com/hotel/B3A6/index.fr.shtml,catalog_api,france,IBIS STYLES LYON CROIX ROUSSE,LYON,4.2,916,30.0,True,missing
C3P7,C3P7,ibis Styles Lyon Gorge de Loup Saphir,IBS,IBIS STYLES,LYON,France,18 Rue Louis Loucheur,69009,https://all.accor.com/hotel/C3P7/index.fr.shtml,catalog_api,france,IBIS STYLES LYON GORGE DE LOUP SAPHIR,LYON,4.5,51,29.0,True,missing
C1U0,C1U0,Hôtel Fort St Laurent Lyon - Handwritten Collection,SOU,SOU,LYON,France,"1 rue Bodin, Place Bellevue",69001,https://all.accor.com/hotel/C1U0/index.fr.shtml,catalog_api,france,HOTEL FORT ST LAURENT LYON HANDWRITTEN COLLECTION,LYON,4.7,1002,31.0,True,missing
0627,627,ibis Mulhouse Île Napoléon,IBH,IBIS,SAUSHEIM,France,"Rue des Cevennes, Île Napoléon",68390,https://all.accor.com/hotel/0627/index.fr.shtml,catalog_api,france,IBIS MULHOUSE ILE NAPOLEON,SAUSHEIM,,,,False,missing
0452,452,Novotel Mulhouse Bâle Fribourg,NOV,NOVOTEL,SAUSHEIM,France,rue des Cévennes,68390,https://all.accor.com/hotel/0452/index.fr.shtml,catalog_api,france,NOVOTEL MULHOUSE BALE FRIBOURG,SAUSHEIM,,,,False,missing
0740,740,ibis Lyon Est Beynost A42,IBH,IBIS,BEYNOST,France,"Allee Pre Caillat, Centre Commercial, Autoroute A42 Sortie 5",01700,https://all.accor.com/hotel/0740/index.fr.shtml,catalog_api,france,IBIS LYON EST BEYNOST A42,BEYNOST,4.5,471,42.0,True,missing
B523,B523,ibis budget Lyon Est Beynost,IBB,IBIS BUDGET,BEYNOST,France,Allee Pre Caillat,01700,https://all.accor.com/hotel/B523/index.fr.shtml,catalog_api,france,IBIS BUDGET LYON EST BEYNOST,BEYNOST,4.4,419,41.0,True,missing
0553,553,Sofitel Lyon Bellecour,SOF,SOFITEL,LYON,France,"20, quai Gailleton",69002,https://all.accor.com/hotel/0553/index.fr.shtml,catalog_api,france,SOFITEL LYON BELLECOUR,LYON,4.4,2855,33.0,True,missing
C3P0,C3P0,ibis Styles Angoulême Centre,IBS,IBIS STYLES,ANGOULEME,France,13 Rue Amiral Renaudin,16000,https://all.accor.com/hotel/C3P0/index.fr.shtml,catalog_api,france,IBIS STYLES ANGOULEME CENTRE,ANGOULEME,,,18.0,True,missing
B918,B918,greet hôtel Angoulême Ouest,GRE,GREET,SAINT YRIEIX SUR CHARENTE,France,114 Rue de Royan,16710,https://all.accor.com/hotel/B918/index.fr.shtml,catalog_api,france,GREET HOTEL ANGOULEME OUEST,SAINT YRIEIX SUR CHARENTE,4.4,1283,19.0,True,missing
C177,C177,Pullman Lyon,PUL,PULLMAN,LYON,France,14 place Charles Beraudier,69003,https://all.accor.com/hotel/C177/index.fr.shtml,catalog_api,france,PULLMAN LYON,LYON,4.8,3649,37.0,True,missing
B6G4,B6G4,greet hotel Lyon Confluence,GRE,GREET,LYON,France,26 cours De Verdun Perrache,69002,https://all.accor.com/hotel/B6G4/index.fr.shtml,catalog_api,france,GREET HOTEL LYON CONFLUENCE,LYON,4.5,1146,32.0,True,missing
B903,B903,Aparthotel Adagio Lyon Patio Confluence,ADG,ADAGIO,LYON,France,50 Cours Charlemagne,69002,https://all.accor.com/hotel/B903/index.fr.shtml,catalog_api,france,APARTHOTEL ADAGIO LYON PATIO CONFLUENCE,LYON,4.7,674,31.0,True,missing
0618,618,ibis Lyon Gare La Part-Dieu,IBH,IBIS,LYON,France,"10, Place Pierre Renaudel",69003,https://all.accor.com/hotel/0618/index.fr.shtml,catalog_api,france,IBIS LYON GARE LA PART DIEU,LYON,4.4,1100,37.0,True,missing
C176,C176,Aparthotel Adagio Access Lyon Centre Université,ADA,ADAGIO ACCESS,LYON,France,31 RUE CHEVREUL LYON FRANCE,69007,https://all.accor.com/hotel/C176/index.fr.shtml,catalog_api,france,APARTHOTEL ADAGIO ACCESS LYON CENTRE UNIVERSITE,LYON,4.4,719,34.0,True,missing
C5L3,C5L3,Keystone Hotel & Spa Lyon - Handwritten Collection,SOU,SOU,LYON,France,"17 rue Casimir Périer, Confluence",69002,https://all.accor.com/hotel/C5L3/index.fr.shtml,catalog_api,france,KEYSTONE HOTEL SPA LYON HANDWRITTEN COLLECTION,LYON,,,,False,missing
0786,786,ibis Lyon Centre,IBH,IBIS,LYON,France,"51, rue de l'université",69007,https://all.accor.com/hotel/0786/index.fr.shtml,catalog_api,france,IBIS LYON CENTRE,LYON,4.4,586,34.0,True,missing
B3B2,B3B2,hotelF1 Strasbourg La Vigie,HOF,HOTELF1,OSTWALD,France,12 Rue Ferdinand Braun,67540,https://all.accor.com/hotel/B3B2/index.fr.shtml,catalog_api,france,HOTELF1 STRASBOURG LA VIGIE,OSTWALD,,,,False,missing
0778,778,ibis Styles Lyon Gerland,IBS,IBIS STYLES,LYON,France,"68 Avenue Leclerc, Les Berges du Rhone",69007,https://all.accor.com/hotel/0778/index.fr.shtml,catalog_api,france,IBIS STYLES LYON GERLAND,LYON,4.4,1033,32.0,True,missing
0736,736,Novotel Lyon Gerland Musée des Confluences,NOV,NOVOTEL,LYON,France,"70 avenue Leclerc, LYON CEDEX 07",69363,https://all.accor.com/hotel/0736/index.fr.shtml,catalog_api,france,NOVOTEL LYON GERLAND MUSEE DES CONFLUENCES,LYON,4.2,2331,33.0,True,missing
0369,369,Hôtel Mercure Strasbourg Aéroport,MER,MERCURE,OSTWALD,France,"26, rue du 23 Novembre",67540,https://all.accor.com/hotel/0369/index.fr.shtml,catalog_api,france,HOTEL MERCURE STRASBOURG AEROPORT,OSTWALD,,,,False,missing
0477,477,ibis Lyon Gerland Rue Mérieux,IBH,IBIS,LYON,France,"246, rue Marcel Merieux",69007,https://all.accor.com/hotel/0477/index.fr.shtml,catalog_api,france,IBIS LYON GERLAND RUE MERIEUX,LYON,4.5,799,34.0,True,missing
A0D8,A0D8,ibis Lyon Carré de Soie,IBH,IBIS,VAULX EN VELIN,France,"20 Avenue Des Canuts, CS 10081",69120,https://all.accor.com/hotel/A0D8/index.fr.shtml,catalog_api,france,IBIS LYON CARRE DE SOIE,VAULX EN VELIN,4.5,1088,39.0,True,missing
C175,C175,ibis budget La Rochelle Puilboreau,IBB,IBIS BUDGET,PUILBOREAU,France,62 Rue du 18 Juin,17138,https://all.accor.com/hotel/C175/index.fr.shtml,catalog_api,france,IBIS BUDGET LA ROCHELLE PUILBOREAU,PUILBOREAU,,,,False,missing
0617,617,ibis Lyon Est Bron,IBH,IBIS,BRON,France,36 avenue du Doyen Jean Lepine,69500,https://all.accor.com/hotel/0617/index.fr.shtml,catalog_api,france,IBIS LYON EST BRON,BRON,4.2,408,39.0,True,missing
B940,B940,ibis Lyon Sud Oullins,IBH,IBIS,OULLINS,France,2 Place Kellermann,69600,https://all.accor.com/hotel/B940/index.fr.shtml,catalog_api,france,IBIS LYON SUD OULLINS,OULLINS,4.5,986,33.0,True,missing
2255,2255,hotelF1 Lyon Sud Oullins,HOF,HOTELF1,OULLINS,France,10/12 rue Elisée Reclus,69600,https://all.accor.com/hotel/2255/index.fr.shtml,catalog_api,france,HOTELF1 LYON SUD OULLINS,OULLINS,3.5,436,34.0,True,missing
0943,943,ibis Strasbourg Centre Petite France,IBH,IBIS,STRASBOURG,France,"18, Rue du Faubourg National",67000,https://all.accor.com/hotel/0943/index.fr.shtml,catalog_api,france,IBIS STRASBOURG CENTRE PETITE FRANCE,STRASBOURG,,,,False,missing
1813,1813,Hôtel Mercure Strasbourg Centre Petite France,MER,MERCURE,STRASBOURG,France,"3, rue du Maire Kuss",67000,https://all.accor.com/hotel/1813/index.fr.shtml,catalog_api,france,HOTEL MERCURE STRASBOURG CENTRE PETITE FRANCE,STRASBOURG,,,,False,missing
B440,B440,ibis Styles Lyon Meyzieu Arena Stadium,IBS,IBIS STYLES,MEYZIEU,France,2 Bis rue Du 24 Avril 1915,69330,https://all.accor.com/hotel/B440/index.fr.shtml,catalog_api,france,IBIS STYLES LYON MEYZIEU ARENA STADIUM,MEYZIEU,4.2,835,42.0,True,missing
0439,439,Novotel Strasbourg Centre Halles,NOV,NOVOTEL,STRASBOURG,France,4 Quai Kleber,67000,https://all.accor.com/hotel/0439/index.fr.shtml,catalog_api,france,NOVOTEL STRASBOURG CENTRE HALLES,STRASBOURG,,,,False,missing
0640,640,ibis Strasbourg Centre Halles,IBH,IBIS,STRASBOURG,France,1 Rue  Sebastopol,67000,https://all.accor.com/hotel/0640/index.fr.shtml,catalog_api,france,IBIS STRASBOURG CENTRE HALLES,STRASBOURG,,,,False,missing
0568,568,Sofitel Strasbourg Grande Île,SOF,SOFITEL,STRASBOURG,France,4  place Saint Pierre le Jeune,67000,https://all.accor.com/hotel/0568/index.fr.shtml,catalog_api,france,SOFITEL STRASBOURG GRANDE ILE,STRASBOURG,,,,False,missing
C0H9,C0H9,ibis Styles Strasbourg Centre République,IBS,IBIS STYLES,STRASBOURG,France,6 rue de Bitche,67000,https://all.accor.com/hotel/C0H9/index.fr.shtml,catalog_api,france,IBIS STYLES STRASBOURG CENTRE REPUBLIQUE,STRASBOURG,,,,False,missing
B6A3,B6A3,ibis budget Strasbourg Centre Republique,IBB,IBIS BUDGET,STRASBOURG,France,23A Rue Oberlin,67000,https://all.accor.com/hotel/B6A3/index.fr.shtml,catalog_api,france,IBIS BUDGET STRASBOURG CENTRE REPUBLIQUE,STRASBOURG,,,,False,missing
C0F8,C0F8,ibis Styles Strasbourg Nord Palais des Congrès,IBS,IBIS STYLES,SCHILTIGHEIM,France,6 Avenue Pierre Mendes France,67300,https://all.accor.com/hotel/C0F8/index.fr.shtml,catalog_api,france,IBIS STYLES STRASBOURG NORD PALAIS DES CONGRES,SCHILTIGHEIM,,,,False,missing
C5L4,C5L4,ibis Styles Lyon Sud Brignais,IBS,IBIS STYLES,BRIGNAIS,France,14 route de Lyon,69530,https://all.accor.com/hotel/C5L4/index.fr.shtml,catalog_api,france,IBIS STYLES LYON SUD BRIGNAIS,BRIGNAIS,4.8,49,30.0,True,missing
C078,C078,ibis Lyon Est Meyzieu,IBH,IBIS,JONAGE,France,22 Avenue Lionel Terray,69330,https://all.accor.com/hotel/C078/index.fr.shtml,catalog_api,france,IBIS LYON EST MEYZIEU,JONAGE,4.3,691,43.0,True,missing
B8C7,B8C7,ibis Styles La Rochelle Centre Gare,IBS,IBIS STYLES,LA ROCHELLE,France,"27 Rue de Périgny, Accès par la rue Flora Tristan.",17000,https://all.accor.com/hotel/B8C7/index.fr.shtml,catalog_api,france,IBIS STYLES LA ROCHELLE CENTRE GARE,LA ROCHELLE,,,,False,missing
B8C4,B8C4,ibis budget La Rochelle Centre Gare,IBB,IBIS BUDGET,LA ROCHELLE,France,"27 Rue de Périgny, Accès par la rue FLORA TRISTAN",17000,https://all.accor.com/hotel/B8C4/index.fr.shtml,catalog_api,france,IBIS BUDGET LA ROCHELLE CENTRE GARE,LA ROCHELLE,,,,False,missing
C1U7,C1U7,Domaine du Liziec Vannes - MGallery Collection,MGA,MGALLERY,VANNES,France,20 Route de Rennes,56000,https://all.accor.com/hotel/C1U7/index.fr.shtml,catalog_api,france,DOMAINE DU LIZIEC VANNES MGALLERY COLLECTION,VANNES,,,,False,missing
B2R0,B2R0,ibis Styles Lyon Bron Eurexpo,IBS,IBIS STYLES,BRON,France,260 Avenue Jean Monnet,69500,https://all.accor.com/hotel/B2R0/index.fr.shtml,catalog_api,france,IBIS STYLES LYON BRON EUREXPO,BRON,4.3,634,39.0,True,missing
0436,436,Novotel Lyon Bron Meeting & Events,NOV,NOVOTEL,BRON,France,260 Avenue Jean Monnet,69500,https://all.accor.com/hotel/0436/index.fr.shtml,catalog_api,france,NOVOTEL LYON BRON MEETING EVENTS,BRON,4.2,1002,40.0,True,missing
0638,638,Ibis La Rochelle Centre Vieux Port,IBH,IBIS,LA ROCHELLE,France,Place du Cdt de La Motte Rouge,17000,https://all.accor.com/hotel/0638/index.fr.shtml,catalog_api,france,IBIS LA ROCHELLE CENTRE VIEUX PORT,LA ROCHELLE,,,,False,missing
0965,965,Novotel La Rochelle Centre,NOV,NOVOTEL,LA ROCHELLE,France,Avenue de la Porte Neuve,17000,https://all.accor.com/hotel/0965/index.fr.shtml,catalog_api,france,NOVOTEL LA ROCHELLE CENTRE,LA ROCHELLE,,,,False,missing
0914,914,Ibis Styles La Rochelle Centre Vieux Port,IBS,IBIS STYLES,LA ROCHELLE,France,"4 rue Léonce Vieljeux, ACCES EN VOITURE:, 9 RUE CHEF DE VILLE via Verdun",17000,https://all.accor.com/hotel/0914/index.fr.shtml,catalog_api,france,IBIS STYLES LA ROCHELLE CENTRE VIEUX PORT,LA ROCHELLE,,,,False,missing
0569,569,Hôtel Mercure La Rochelle Vieux-Port,MER,MERCURE,LA ROCHELLE,France,Quai Louis Prunier,17000,https://all.accor.com/hotel/0569/index.fr.shtml,catalog_api,france,HOTEL MERCURE LA ROCHELLE VIEUX PORT,LA ROCHELLE,,,,False,missing
C4F8,C4F8,ibis budget La Rochelle Centre les Minimes,IBB,IBIS BUDGET,LA ROCHELLE,France,32 Rue de la scierie,17033,https://all.accor.com/hotel/C4F8/index.fr.shtml,catalog_api,france,IBIS BUDGET LA ROCHELLE CENTRE LES MINIMES,LA ROCHELLE,,,,False,missing
C3X3,C3X3,ibis Styles La Rochelle Centre les Minimes,IBS,IBIS STYLES,LA ROCHELLE,France,"34 Rue de la Scierie, BP 23120",17033,https://all.accor.com/hotel/C3X3/index.fr.shtml,catalog_api,france,IBIS STYLES LA ROCHELLE CENTRE LES MINIMES,LA ROCHELLE,,,,False,missing
2248,2248,hotelF1 Strasbourg Pont de l'Europe,HOF,HOTELF1,STRASBOURG,France,"55 route du Rhin, RN 4",67000,https://all.accor.com/hotel/2248/index.fr.shtml,catalog_api,france,HOTELF1 STRASBOURG PONT DE L EUROPE,STRASBOURG,,,,False,missing
B0M9,B0M9,Hôtel Mercure Lyon Genas Eurexpo,MER,MERCURE,GENAS,France,36 Rue Antoine Pinay,69740,https://all.accor.com/hotel/B0M9/index.fr.shtml,catalog_api,france,HOTEL MERCURE LYON GENAS EUREXPO,GENAS,4.5,927,43.0,True,missing
A9U8,A9U8,ibis budget Saint-Genis-Pouilly Genève,IBB,IBIS BUDGET,SAINT GENIS POUILLY,France,"40 Rue Henri De France, Technoparc Du Pays De Gex",01630,https://all.accor.com/hotel/A9U8/index.fr.shtml,catalog_api,france,IBIS BUDGET SAINT GENIS POUILLY GENEVE,SAINT GENIS POUILLY,,,,False,missing
0650,650,ibis Vannes,IBH,IBIS,VANNES,France,"31 Rue Henri Matisse, Quartier De Menimur",56000,https://all.accor.com/hotel/0650/index.fr.shtml,catalog_api,france,IBIS VANNES,VANNES,,,,False,missing
C565,C565,ibis Styles Vannes Porte du Golfe,IBS,IBIS STYLES,VANNES,France,36 rue des Grandes Murailles,56000,https://all.accor.com/hotel/C565/index.fr.shtml,catalog_api,france,IBIS STYLES VANNES PORTE DU GOLFE,VANNES,,,,False,missing
C2F6,C2F6,greet Hôtel Prévessin Genève Aéroport,GRE,GREET,PREVESSIN-GENEVE,France,"350 Route du Nant, ZAC Du Clos Magny",01280,https://all.accor.com/hotel/C2F6/index.fr.shtml,catalog_api,france,GREET HOTEL PREVESSIN GENEVE AEROPORT,PREVESSIN GENEVE,,,,False,missing
C2F5,C2F5,ibis Styles Prévessin Genève Aéroport,IBS,IBIS STYLES,PREVESSIN-MOENS,France,"350 Route du Nant, ZAC Du Clos Magny",01280,https://all.accor.com/hotel/C2F5/index.fr.shtml,catalog_api,france,IBIS STYLES PREVESSIN GENEVE AEROPORT,PREVESSIN MOENS,,,,False,missing
B795,B795,Aparthotel Adagio & Spa Vannes,ADG,ADAGIO,PLESCOP,France,5 Rue Marie Curie,56890,https://all.accor.com/hotel/B795/index.fr.shtml,catalog_api,france,APARTHOTEL ADAGIO SPA VANNES,PLESCOP,,,,False,missing
C421,C421,ibis Budget Guingamp - Coeur de Bretagne (Septembre 2026),IBB,IBIS BUDGET,PLOUMAGOAR,France,6 rue de la Chesnaye,22970,https://all.accor.com/hotel/C421/index.fr.shtml,catalog_api,france,IBIS BUDGET GUINGAMP COEUR DE BRETAGNE SEPTEMBRE 2026,PLOUMAGOAR,,,,False,missing
B428,B428,ibis Budget Cognac,IBB,IBIS BUDGET,COGNAC CHATEAUBERNARD,France,84 avenue d'Angoulême,16100,https://all.accor.com/hotel/B428/index.fr.shtml,catalog_api,france,IBIS BUDGET COGNAC,COGNAC CHATEAUBERNARD,4.8,802,28.0,True,missing
B524,B524,ibis Styles Bâle-Mulhouse Aéroport,IBS,IBIS STYLES,BLOTZHEIM,France,Rue Du 19 Novembre,68730,https://all.accor.com/hotel/B524/index.fr.shtml,catalog_api,france,IBIS STYLES BALE MULHOUSE AEROPORT,BLOTZHEIM,,,,False,missing
B7A8,B7A8,Mercure Bale Mulhouse Aeroport,MER,MERCURE,BLOTZHEIM,France,3 Rue De L'Industrie,68730,https://all.accor.com/hotel/B7A8/index.fr.shtml,catalog_api,france,MERCURE BALE MULHOUSE AEROPORT,BLOTZHEIM,,,,False,missing
B7M5,B7M5,Aparthotel Adagio Bâle Mulhouse Aéroport,ADG,ADAGIO,BLOTZHEIM,France,3 rue de l'industrie,68730,https://all.accor.com/hotel/B7M5/index.fr.shtml,catalog_api,france,APARTHOTEL ADAGIO BALE MULHOUSE AEROPORT,BLOTZHEIM,,,,False,missing
1108,1108,ibis Cognac Centre,IBH,IBIS,COGNAC,France,"24, Rue Elisee-Mousnier",16100,https://all.accor.com/hotel/1108/index.fr.shtml,catalog_api,france,IBIS COGNAC CENTRE,COGNAC,4.7,483,29.0,True,missing
0801,801,ibis Saint-Étienne - La Terrasse,IBH,IBIS,SAINT ETIENNE,France,"35, Place Massenet",42000,https://all.accor.com/hotel/0801/index.fr.shtml,catalog_api,france,IBIS SAINT ETIENNE LA TERRASSE,SAINT ETIENNE,4.3,561,22.0,True,missing
B2Q7,B2Q7,Mercure Rochefort La Corderie Royale,MER,MERCURE,ROCHEFORT,France,10 QUAI JOSEPH BELLOT,17300,https://all.accor.com/hotel/B2Q7/index.fr.shtml,catalog_api,france,MERCURE ROCHEFORT LA CORDERIE ROYALE,ROCHEFORT,4.8,1344,50.0,True,missing
0349,349,ibis Styles Lyon Sud Vienne,IBS,IBIS STYLES,CHASSE SUR RHONE,France,1363 Avenue Frédéric Mistral,38670,https://all.accor.com/hotel/0349/index.fr.shtml,catalog_api,france,IBIS STYLES LYON SUD VIENNE,CHASSE SUR RHONE,4.4,1652,39.0,True,missing
B2Q4,B2Q4,Novotel Saint-Étienne Centre Gare Châteaucreux,NOV,NOVOTEL,SAINT ETIENNE,France,5 Cours Antoine Guichard,42000,https://all.accor.com/hotel/B2Q4/index.fr.shtml,catalog_api,france,NOVOTEL SAINT ETIENNE CENTRE GARE CHATEAUCREUX,SAINT ETIENNE,4.6,702,24.0,True,missing
B2Q6,B2Q6,ibis budget Saint-Étienne Centre Gare Châteaucreux,IBB,IBIS BUDGET,SAINT ETIENNE,France,4 Rue Du Plateau Des Glieres,42000,https://all.accor.com/hotel/B2Q6/index.fr.shtml,catalog_api,france,IBIS BUDGET SAINT ETIENNE CENTRE GARE CHATEAUCREUX,SAINT ETIENNE,4.5,675,24.0,True,missing
0750,750,ibis Saintes,IBH,IBIS,SAINTES,France,"1, rue de la Côte de Beauté",17100,https://all.accor.com/hotel/0750/index.fr.shtml,catalog_api,france,IBIS SAINTES,SAINTES,4.6,1287,43.0,True,missing
7269,7269,ibis budget Lyon Est Saint Quentin Fallavier,IBB,IBIS BUDGET,SAINT QUENTIN FALLAVIER,France,"2, Avenue Artois, Zac de Chesnes-la-Noirée",38070,https://all.accor.com/hotel/7269/index.fr.shtml,catalog_api,france,IBIS BUDGET LYON EST SAINT QUENTIN FALLAVIER,SAINT QUENTIN FALLAVIER,4.4,486,46.0,True,missing
0927,927,ibis Thonon Centre,IBH,IBIS,THONON LES BAINS,France,"2, Ter Avenue d'Evian",74200,https://all.accor.com/hotel/0927/index.fr.shtml,catalog_api,france,IBIS THONON CENTRE,THONON LES BAINS,,,,False,missing
B5X9,B5X9,ibis Styles Thonon Les Bains,IBS,IBIS STYLES,THONON LES BAINS,France,16 Ter avenue De La Grangette,74200,https://all.accor.com/hotel/B5X9/index.fr.shtml,catalog_api,france,IBIS STYLES THONON LES BAINS,THONON LES BAINS,,,,False,missing
6232,6232,ibis Annemasse,IBH,IBIS,AMBILLY,France,38 Rue de Genève,74100,https://all.accor.com/hotel/6232/index.fr.shtml,catalog_api,france,IBIS ANNEMASSE,AMBILLY,,,,False,missing
B442,B442,Novotel Annemasse Centre - Porte de Genève,NOV,NOVOTEL,ANNEMASSE,France,"6 Esplanade François Mitterrand, Place de la gare",74100,https://all.accor.com/hotel/B442/index.fr.shtml,catalog_api,france,NOVOTEL ANNEMASSE CENTRE PORTE DE GENEVE,ANNEMASSE,,,,False,missing
0814,814,ibis Brive Centre,IBH,IBIS,BRIVE,France,32 rue Marcelin Roche,19100,https://all.accor.com/hotel/0814/index.fr.shtml,catalog_api,france,IBIS BRIVE CENTRE,BRIVE,4.3,738,9.0,True,missing
0358,358,Hôtel Mercure Brive,MER,MERCURE,USSAC,France,Le Griffolet,19270,https://all.accor.com/hotel/0358/index.fr.shtml,catalog_api,france,HOTEL MERCURE BRIVE,USSAC,4.3,940,9.0,True,missing
0343,343,Hôtel Mercure Annemasse Porte de Genève,MER,MERCURE,GAILLARD,France,9 rue des jardins,74240,https://all.accor.com/hotel/0343/index.fr.shtml,catalog_api,france,HOTEL MERCURE ANNEMASSE PORTE DE GENEVE,GAILLARD,,,,False,missing
B3A9,B3A9,hotelF1 Lyon Bourgoin-Jallieu,HOF,HOTELF1,LISLE D ABEAU,France,"Quartier Du Lombard, 3 Impasse Du Temple",38080,https://all.accor.com/hotel/B3A9/index.fr.shtml,catalog_api,france,HOTELF1 LYON BOURGOIN JALLIEU,LISLE D ABEAU,3.5,220,48.0,True,missing
B742,B742,ibis Bourgoin Jallieu Medipole,IBH,IBIS,BOURGOIN JALLIEU,France,4 avenue du Médipôle,38300,https://all.accor.com/hotel/B742/index.fr.shtml,catalog_api,france,IBIS BOURGOIN JALLIEU MEDIPOLE,BOURGOIN JALLIEU,4.8,769,48.0,True,missing
B7N0,B7N0,ibis budget Nangy Annemasse,IBB,IBIS BUDGET,NANGY,France,168 Route D Annecy,74380,https://all.accor.com/hotel/B7N0/index.fr.shtml,catalog_api,france,IBIS BUDGET NANGY ANNEMASSE,NANGY,,,,False,missing
B3B5,B3B5,ibis budget Bourgoin Jallieu Centre,IBB,IBIS BUDGET,BOURGOIN JALLIEU,France,21 Avenue D Italie,38300,https://all.accor.com/hotel/B3B5/index.fr.shtml,catalog_api,france,IBIS BUDGET BOURGOIN JALLIEU CENTRE,BOURGOIN JALLIEU,,,,False,missing
B668,B668,Ibis Budget Perigueux Boulazac,IBB,IBIS BUDGET,BOULAZAC,France,"2 rue d'Arezzo, Avenue Marcel Paul",24750,https://all.accor.com/hotel/B668/index.fr.shtml,catalog_api,france,IBIS BUDGET PERIGUEUX BOULAZAC,BOULAZAC,4.2,589,15.0,True,missing
0636,636,ibis Périgueux Centre,IBH,IBIS,PERIGUEUX,France,"8, boulevard Georges Saumande",24000,https://all.accor.com/hotel/0636/index.fr.shtml,catalog_api,france,IBIS PERIGUEUX CENTRE,PERIGUEUX,4.5,1286,15.0,True,missing
B1H7,B1H7,ibis budget Annecy Poisy,IBB,IBIS BUDGET,POISY,France,159 Route De Closon,74330,https://all.accor.com/hotel/B1H7/index.fr.shtml,catalog_api,france,IBIS BUDGET ANNECY POISY,POISY,,,,False,missing
C3J4,C3J4,Bel Hôtel Oléron Thalasso & Spa - MGallery Collection,MGA,MGALLERY,SAINT TROJAN LES BAINS,France,"Plage de Gatseau, 31 Avenue du Débarquement",17370,https://all.accor.com/hotel/C3J4/index.fr.shtml,catalog_api,france,BEL HOTEL OLERON THALASSO SPA MGALLERY COLLECTION,SAINT TROJAN LES BAINS,,,,False,missing
0909,909,Mercure Quiberon Hotel and Spa,MER,MERCURE,QUIBERON,France,"Avenue des Marronniers, Pointe du Goulvars",56170,https://all.accor.com/hotel/0909/index.fr.shtml,catalog_api,france,MERCURE QUIBERON HOTEL AND SPA,QUIBERON,,,,False,missing
0557,557,Sofitel Quiberon Thalassa sea & spa,SOF,SOFITEL,QUIBERON,France,Boulevard Louison Bobet,56170,https://all.accor.com/hotel/0557/index.fr.shtml,catalog_api,france,SOFITEL QUIBERON THALASSA SEA SPA,QUIBERON,,,,False,missing
B6I9,B6I9,ibis Annecy Cran Gevrier,IBH,IBIS,ANNECY,France,"38 Avenue De La Republique, Cran Gevrier",74960,https://all.accor.com/hotel/B6I9/index.fr.shtml,catalog_api,france,IBIS ANNECY CRAN GEVRIER,ANNECY,,,,False,missing
C4Q9,C4Q9,ibis Styles Annecy Le Vieux,IBS,IBIS STYLES,ANNECY,France,69 Avenue de France,74000,https://all.accor.com/hotel/C4Q9/index.fr.shtml,catalog_api,france,IBIS STYLES ANNECY LE VIEUX,ANNECY,,,,False,missing
0538,538,ibis Annecy Centre Vieille Ville,IBH,IBIS,ANNECY,France,"12, rue de la Gare, Ilôt de la Manufacture",74000,https://all.accor.com/hotel/0538/index.fr.shtml,catalog_api,france,IBIS ANNECY CENTRE VIEILLE VILLE,ANNECY,,,,False,missing
C013,C013,Le Splendid Hotel Lac d'Annecy - Handwritten Collection,SOU,SOU,ANNECY,France,4 quai Eustache Chappuis,74000,https://all.accor.com/hotel/C013/index.fr.shtml,catalog_api,france,LE SPLENDID HOTEL LAC D ANNECY HANDWRITTEN COLLECTION,ANNECY,,,,False,missing
0340,340,Hôtel Mercure Annecy Sud,MER,MERCURE,SEYNOD,France,"76 Avenue D'Aix les Bains, SEYNOD, BP 62",74600,https://all.accor.com/hotel/0340/index.fr.shtml,catalog_api,france,HOTEL MERCURE ANNECY SUD,SEYNOD,,,,False,missing
0434,434,ibis Styles Lorient Caudan,IBS,IBIS STYLES,CAUDAN,France,"758 rue Pierre Landais, Ctre hotelier Kerpont Bellevue",56850,https://all.accor.com/hotel/0434/index.fr.shtml,catalog_api,france,IBIS STYLES LORIENT CAUDAN,CAUDAN,,,,False,missing
0616,616,Ibis Lorient-Caudan,IBH,IBIS,CAUDAN,France,"758 rue Pierre Landais, Centre Hotelier de Bellevue",56850,https://all.accor.com/hotel/0616/index.fr.shtml,catalog_api,france,IBIS LORIENT CAUDAN,CAUDAN,,,,False,missing
0972,972,ibis Le Puy-en-Velay Centre,IBH,IBIS,LE PUY EN VELAY,France,"1, avenue  d'Aiguilhe",43000,https://all.accor.com/hotel/0972/index.fr.shtml,catalog_api,france,IBIS LE PUY EN VELAY CENTRE,LE PUY EN VELAY,4.6,642,21.0,True,missing
0873,873,Hôtel Mercure Lorient Centre,MER,MERCURE,LORIENT,France,"31, place Jules Ferry",56100,https://all.accor.com/hotel/0873/index.fr.shtml,catalog_api,france,HOTEL MERCURE LORIENT CENTRE,LORIENT,,,,False,missing
0725,725,ibis Lyon Sud Saint-Rambert-d'Albon,IBH,IBIS,SAINT RAMBERT D ALBON,France,"RN 7, Quartier Les Champagnières",26140,https://all.accor.com/hotel/0725/index.fr.shtml,catalog_api,france,IBIS LYON SUD SAINT RAMBERT D ALBON,SAINT RAMBERT D ALBON,4.2,369,43.0,True,missing
C518,C518,Domaine des Grands Sables île Groix - Handwritten Collection,SOU,SOU,GROIX,France,"Route des Grands Sables, Lieu dit Mez Stanal",56590,https://all.accor.com/hotel/C518/index.fr.shtml,catalog_api,france,DOMAINE DES GRANDS SABLES ILE GROIX HANDWRITTEN COLLECTION,GROIX,,,,False,missing
0609,609,ibis Chambéry,IBH,IBIS,CHAMBERY,France,"100, rue Eugène Ducretet",73000,https://all.accor.com/hotel/0609/index.fr.shtml,catalog_api,france,IBIS CHAMBERY,CHAMBERY,,,,False,missing
B5Y0,B5Y0,ibis Styles Morlaix,IBS,IBIS STYLES,MORLAIX,France,400 rue Caroline Aigle,29600,https://all.accor.com/hotel/B5Y0/index.fr.shtml,catalog_api,france,IBIS STYLES MORLAIX,MORLAIX,,,,False,missing
C0M6,C0M6,ibis budget Morlaix,IBB,IBIS BUDGET,MORLAIX,France,400 rue Caroline Aigle,29600,https://all.accor.com/hotel/C0M6/index.fr.shtml,catalog_api,france,IBIS BUDGET MORLAIX,MORLAIX,,,,False,missing
B2Q5,B2Q5,ibis Styles Sallanches Pays du Mont-Blanc,IBS,IBIS STYLES,SALLANCHES,France,2055 Avenue de Genève,74700,https://all.accor.com/hotel/B2Q5/index.fr.shtml,catalog_api,france,IBIS STYLES SALLANCHES PAYS DU MONT BLANC,SALLANCHES,,,,False,missing
0639,639,ibis Sallanches Porte du Mont-Blanc,IBH,IBIS,SALLANCHES,France,1643  avenue de Geneve,74700,https://all.accor.com/hotel/0639/index.fr.shtml,catalog_api,france,IBIS SALLANCHES PORTE DU MONT BLANC,SALLANCHES,,,,False,missing
B5I0,B5I0,Novotel Megève Mont-Blanc,NOV,NOVOTEL,MEGEVE,France,"1306, Route Nationale, Le Domaine De Meztiva",74120,https://all.accor.com/hotel/B5I0/index.fr.shtml,catalog_api,france,NOVOTEL MEGEVE MONT BLANC,MEGEVE,,,,False,missing
B535,B535,Hôtel Mercure Roscoff Bord de Mer,MER,MERCURE,ROSCOFF,France,27 Place Lacaze Duthiers,29680,https://all.accor.com/hotel/B535/index.fr.shtml,catalog_api,france,HOTEL MERCURE ROSCOFF BORD DE MER,ROSCOFF,,,,False,missing
B9F3,B9F3,Le Saint Gervais Hotel & Spa - Handwritten Collection,SOU,SOU,SAINT GERVAIS LES BAINS,France,680 Rue du Mont Lachat,74170,https://all.accor.com/hotel/B9F3/index.fr.shtml,catalog_api,france,LE SAINT GERVAIS HOTEL SPA HANDWRITTEN COLLECTION,SAINT GERVAIS LES BAINS,,,,False,missing
B808,B808,ibis Styles Albertville,IBS,IBIS STYLES,ALBERTVILLE,France,23 Avenue Des Chasseurs Alpins,73200,https://all.accor.com/hotel/B808/index.fr.shtml,catalog_api,france,IBIS STYLES ALBERTVILLE,ALBERTVILLE,,,,False,missing
0423,423,Novotel Grenoble Nord Voreppe,NOV,NOVOTEL,VOREPPE,France,1625 Route de Veurey,38340,https://all.accor.com/hotel/0423/index.fr.shtml,catalog_api,france,NOVOTEL GRENOBLE NORD VOREPPE,VOREPPE,,,,False,missing
B9P8,B9P8,ibis Styles Les Houches Chamonix,IBS,IBIS STYLES,LES HOUCHES,France,333 Rue de l'Essert,74310,https://all.accor.com/hotel/B9P8/index.fr.shtml,catalog_api,france,IBIS STYLES LES HOUCHES CHAMONIX,LES HOUCHES,,,,False,missing
5695,5695,ibis budget Bergerac,IBB,IBIS BUDGET,BERGERAC,France,"Route de Bordeaux, C. Commercial la Cavaille",24100,https://all.accor.com/hotel/5695/index.fr.shtml,catalog_api,france,IBIS BUDGET BERGERAC,BERGERAC,4.3,629,30.0,True,missing
B5V9,B5V9,Hôtel Mercure Figeac Viguier du Roy,MER,MERCURE,FIGEAC,France,52 Rue Emile Zola,46100,https://all.accor.com/hotel/B5V9/index.fr.shtml,catalog_api,france,HOTEL MERCURE FIGEAC VIGUIER DU ROY,FIGEAC,4.8,992,21.0,True,missing
C4X8,C4X8,ibis budget Valence Nord Plateau des Couleures,IBB,IBIS BUDGET,SAINT MARCEL LES VALENCE,France,60 Rue du Pas du Buis,26320,https://all.accor.com/hotel/C4X8/index.fr.shtml,catalog_api,france,IBIS BUDGET VALENCE NORD PLATEAU DES COULEURES,SAINT MARCEL LES VALENCE,,,,False,missing
C5P7,C5P7,You Hotel de France Valence - Handwritten Collection,SOU,SOU,VALENCE,France,16 Blvd du Général de Gaulle,26000,https://all.accor.com/hotel/C5P7/index.fr.shtml,catalog_api,france,YOU HOTEL DE FRANCE VALENCE HANDWRITTEN COLLECTION,VALENCE,,,,False,missing
0455,455,Novotel Valence Sud,NOV,NOVOTEL,VALENCE,France,217 Avenue de Provence,26000,https://all.accor.com/hotel/0455/index.fr.shtml,catalog_api,france,NOVOTEL VALENCE SUD,VALENCE,,,,False,missing
0644,644,ibis Valence Sud,IBH,IBIS,VALENCE,France,355  avenue de Provence,26000,https://all.accor.com/hotel/0644/index.fr.shtml,catalog_api,france,IBIS VALENCE SUD,VALENCE,,,,False,missing
C3J5,C3J5,ibis Styles Valence (Ouverture automne 2026),IBS,IBIS STYLES,VALENCE,France,475 Avenue Victor Hugo,26000,https://all.accor.com/hotel/C3J5/index.fr.shtml,catalog_api,france,IBIS STYLES VALENCE OUVERTURE AUTOMNE 2026,VALENCE,,,,False,missing
B1N0,B1N0,ibis Styles Crolles Grenoble A41,IBS,IBIS STYLES,CROLLES,France,755 Avenue Ambroise Croizat,38920,https://all.accor.com/hotel/B1N0/index.fr.shtml,catalog_api,france,IBIS STYLES CROLLES GRENOBLE A41,CROLLES,,,,False,missing
B2R8,B2R8,Aparthotel Adagio Grenoble Centre,ADG,ADAGIO,GRENOBLE,France,6 Rue Auguste Genin,38000,https://all.accor.com/hotel/B2R8/index.fr.shtml,catalog_api,france,APARTHOTEL ADAGIO GRENOBLE CENTRE,GRENOBLE,,,,False,missing
C066,C066,greet hotel Grenoble Centre Gare,GRE,GREET,GRENOBLE,France,45 Avenue Felix Viallet,38000,https://all.accor.com/hotel/C066/index.fr.shtml,catalog_api,france,GREET HOTEL GRENOBLE CENTRE GARE,GRENOBLE,,,,False,missing
0612,612,ibis Grenoble Centre Bastille,IBH,IBIS,GRENOBLE,France,"5, rue de Miribel, Les Trois Dauphins, Place Félix Poulat",38000,https://all.accor.com/hotel/0612/index.fr.shtml,catalog_api,france,IBIS GRENOBLE CENTRE BASTILLE,GRENOBLE,,,,False,missing
0652,652,Hôtel Mercure Grenoble Centre Alpotel,MER,MERCURE,GRENOBLE,France,12 Boulevard Marechal Joffre,38000,https://all.accor.com/hotel/0652/index.fr.shtml,catalog_api,france,HOTEL MERCURE GRENOBLE CENTRE ALPOTEL,GRENOBLE,,,,False,missing
C5J4,C5J4,Adagio Access Grenoble Université,ADA,ADAGIO ACCESS,SAINT-MARTIN-D'HERES,France,46 avenue Gabriel Peri,38400,https://all.accor.com/hotel/C5J4/index.fr.shtml,catalog_api,france,ADAGIO ACCESS GRENOBLE UNIVERSITE,SAINT MARTIN D HERES,,,,False,missing
C138,C138,Mercure Quimper Kerlic,MER,MERCURE,QUIMPER,France,3 chemin du Keridoret,29000,https://all.accor.com/hotel/C138/index.fr.shtml,catalog_api,france,MERCURE QUIMPER KERLIC,QUIMPER,,,,False,missing
0637,637,ibis Quimper,IBH,IBIS,QUIMPER,France,"rue Gustave Eiffel, Quartier de l'Hippodrome",29000,https://all.accor.com/hotel/0637/index.fr.shtml,catalog_api,france,IBIS QUIMPER,QUIMPER,,,,False,missing
C2N0,C2N0,ibis Bordeaux Nord Carbon Blanc,IBH,IBIS,CARBON BLANC,France,42 Rue des freres lumiere,33560,https://all.accor.com/hotel/C2N0/index.fr.shtml,catalog_api,france,IBIS BORDEAUX NORD CARBON BLANC,CARBON BLANC,,,,False,missing
B1H6,B1H6,ibis budget Bordeaux Lormont,IBB,IBIS BUDGET,LORMONT,France,43 Allee De L Oiseau De France,33310,https://all.accor.com/hotel/B1H6/index.fr.shtml,catalog_api,france,IBIS BUDGET BORDEAUX LORMONT,LORMONT,,,,False,missing
B2C9,B2C9,ibis budget Cahors,IBB,IBIS BUDGET,CAHORS,France,936 Cote Des Ormeaux,46000,https://all.accor.com/hotel/B2C9/index.fr.shtml,catalog_api,france,IBIS BUDGET CAHORS,CAHORS,4.4,904,29.0,True,missing
B2C7,B2C7,ibis Cahors,IBH,IBIS,CAHORS,France,936 Cote Des Ormeaux,46000,https://all.accor.com/hotel/B2C7/index.fr.shtml,catalog_api,france,IBIS CAHORS,CAHORS,4.6,710,29.0,True,missing
C3U7,C3U7,ibis Styles Bordeaux Lormont,IBS,IBIS STYLES,LORMONT,France,"4 rue Marcel Fourbet, Rocade sortie 26",33310,https://all.accor.com/hotel/C3U7/index.fr.shtml,catalog_api,france,IBIS STYLES BORDEAUX LORMONT,LORMONT,,,,False,missing
0403,403,Novotel Bordeaux Lac,NOV,NOVOTEL,BORDEAUX,France,Avenue Jean Gabriel Domergue,33300,https://all.accor.com/hotel/0403/index.fr.shtml,catalog_api,france,NOVOTEL BORDEAUX LAC,BORDEAUX,,,,False,missing
0551,551,Hôtel Mercure Bordeaux Lac,MER,MERCURE,BORDEAUX,France,"Rue du grand Barail, Quartier du lac",33300,https://all.accor.com/hotel/0551/index.fr.shtml,catalog_api,france,HOTEL MERCURE BORDEAUX LAC,BORDEAUX,,,,False,missing
0356,356,ibis Bordeaux Lac,IBH,IBIS,BORDEAUX,France,"Rue du Petit Barail, Quartier du Lac",33300,https://all.accor.com/hotel/0356/index.fr.shtml,catalog_api,france,IBIS BORDEAUX LAC,BORDEAUX,,,,False,missing
0669,669,Pullman Bordeaux Lac,PUL,PULLMAN,BORDEAUX LE LAC,France,Avenue Jean Gabriel Domergue,33300,https://all.accor.com/hotel/0669/index.fr.shtml,catalog_api,france,PULLMAN BORDEAUX LAC,BORDEAUX LE LAC,,,,False,missing
C513,C513,ibis Styles Bordeaux Lac Bruges,IBS,IBIS STYLES,BRUGES,France,1 Avenue de Chavailles,33520,https://all.accor.com/hotel/C513/index.fr.shtml,catalog_api,france,IBIS STYLES BORDEAUX LAC BRUGES,BRUGES,,,,False,missing
B7G5,B7G5,Mondrian Bordeaux Les Carmes,MOD,MOD,BORDEAUX,France,81 cours du Medoc,33300,https://all.accor.com/hotel/B7G5/index.fr.shtml,catalog_api,france,MONDRIAN BORDEAUX LES CARMES,BORDEAUX,,,,False,missing
B9F2,B9F2,greet Hotel Bordeaux Floirac Arena,GRE,GREET,FLOIRAC,France,2 Allee De La Gabarre,33270,https://all.accor.com/hotel/B9F2/index.fr.shtml,catalog_api,france,GREET HOTEL BORDEAUX FLOIRAC ARENA,FLOIRAC,,,,False,missing
1561,1561,ibis Bordeaux Centre Gare Saint-Jean,IBH,IBIS,BORDEAUX,France,19 Quai de Paludate,33800,https://all.accor.com/hotel/1561/index.fr.shtml,catalog_api,france,IBIS BORDEAUX CENTRE GARE SAINT JEAN,BORDEAUX,,,,False,missing
C6L0,C6L0,Hôtel 56 Bordeaux - Handwritten Collection (Septembre 2026),SOU,SOU,BORDEAUX,France,56 Quai de Paludate,33800,https://all.accor.com/hotel/C6L0/index.fr.shtml,catalog_api,france,HOTEL 56 BORDEAUX HANDWRITTEN COLLECTION SEPTEMBRE 2026,BORDEAUX,,,,False,missing
C1R6,C1R6,ibis Styles Bordeaux Centre Gare,IBS,IBIS STYLES,BORDEAUX,France,6 8 rue Charles Domercq,33800,https://all.accor.com/hotel/C1R6/index.fr.shtml,catalog_api,france,IBIS STYLES BORDEAUX CENTRE GARE,BORDEAUX,,,,False,missing
0950,950,ibis Bordeaux Centre Mériadeck,IBH,IBIS,BORDEAUX,France,35 cours du Maréchal Juin,33000,https://all.accor.com/hotel/0950/index.fr.shtml,catalog_api,france,IBIS BORDEAUX CENTRE MERIADECK,BORDEAUX,,,,False,missing
A547,A547,ibis Bordeaux Centre Gare Saint-Jean Euratlantique,IBH,IBIS,BORDEAUX,France,28 Rue Charles Domercq,33800,https://all.accor.com/hotel/A547/index.fr.shtml,catalog_api,france,IBIS BORDEAUX CENTRE GARE SAINT JEAN EURATLANTIQUE,BORDEAUX,,,,False,missing
B3F7,B3F7,Mercure Bordeaux Centre Gare Atlantic,MER,MERCURE,BORDEAUX,France,69 Rue Eugene Le Roy,33800,https://all.accor.com/hotel/B3F7/index.fr.shtml,catalog_api,france,MERCURE BORDEAUX CENTRE GARE ATLANTIC,BORDEAUX,,,,False,missing
B9L1,B9L1,ibis Styles Bordeaux Beglès Arena,IBS,IBIS STYLES,BEGLES,France,3 Rue Marcel Sembat,33130,https://all.accor.com/hotel/B9L1/index.fr.shtml,catalog_api,france,IBIS STYLES BORDEAUX BEGLES ARENA,BEGLES,,,,False,missing
0623,623,Hôtel ibis Montélimar Nord,IBH,IBIS,SAULCE-SUR-RHONE,France,"Route nationale 7, Zone du pavé",26270,https://all.accor.com/hotel/0623/index.fr.shtml,catalog_api,france,HOTEL IBIS MONTELIMAR NORD,SAULCE SUR RHONE,,,,False,missing
C0C7,C0C7,greet Hotel Brest Aéroport,GRE,GREET,GUIPAVAS,France,33 Boulevard de coataudon,29490,https://all.accor.com/hotel/C0C7/index.fr.shtml,catalog_api,france,GREET HOTEL BREST AEROPORT,GUIPAVAS,,,,False,missing
0402,402,Novotel Bordeaux Merignac,NOV,NOVOTEL,MERIGNAC,France,80 Avenue J F Kennedy,33700,https://all.accor.com/hotel/0402/index.fr.shtml,catalog_api,france,NOVOTEL BORDEAUX MERIGNAC,MERIGNAC,,,,False,missing
B7B1,B7B1,greet Hotel Bordeaux Aéroport,GRE,GREET,MERIGNAC,France,99 Avenue Jf Kennedy,33700,https://all.accor.com/hotel/B7B1/index.fr.shtml,catalog_api,france,GREET HOTEL BORDEAUX AEROPORT,MERIGNAC,,,,False,missing
B8E4,B8E4,Mercure Brest Centre Port,MER,MERCURE,BREST,France,45 Rue Jean Marie Le Bris,29200,https://all.accor.com/hotel/B8E4/index.fr.shtml,catalog_api,france,MERCURE BREST CENTRE PORT,BREST,,,,False,missing
A4A5,A4A5,Hôtel Mercure Brest Centre Les Voyageurs,MER,MERCURE,BREST,France,2 Rue Yves Collet,29200,https://all.accor.com/hotel/A4A5/index.fr.shtml,catalog_api,france,HOTEL MERCURE BREST CENTRE LES VOYAGEURS,BREST,,,,False,missing
C5E0,C5E0,Aparthotel Adagio Access Bordeaux Sud Pessac,ADA,ADAGIO ACCESS,PESSAC,France,95 Avenue du Haut Leveque,33600,https://all.accor.com/hotel/C5E0/index.fr.shtml,catalog_api,france,APARTHOTEL ADAGIO ACCESS BORDEAUX SUD PESSAC,PESSAC,,,,False,missing
0850,850,ibis Bordeaux Pessac Route des Vins,IBH,IBIS,PESSAC,France,"8, avenue Antoine Becquerel",33600,https://all.accor.com/hotel/0850/index.fr.shtml,catalog_api,france,IBIS BORDEAUX PESSAC ROUTE DES VINS,PESSAC,,,,False,missing
A6Q0,A6Q0,Hôtel Mercure Villeneuve-sur-Lot - Le Moulin de Madame,MER,MERCURE,VILLENEUVE SUR LOT,France,Route De Casseneuil,47300,https://all.accor.com/hotel/A6Q0/index.fr.shtml,catalog_api,france,HOTEL MERCURE VILLENEUVE SUR LOT LE MOULIN DE MADAME,VILLENEUVE SUR LOT,4.7,528,45.0,True,missing
B1K8,B1K8,Sainte-Barbe Hotel & Spa Le Conquet - MGallery Collection,MGA,MGALLERY,LE CONQUET,France,Pointe Sainte Barbe,29217,https://all.accor.com/hotel/B1K8/index.fr.shtml,catalog_api,france,SAINTE BARBE HOTEL SPA LE CONQUET MGALLERY COLLECTION,LE CONQUET,,,,False,missing
B9F4,B9F4,ibis budget Millau Viaduc,IBB,IBIS BUDGET,MILLAU,France,"88 Boulevard Cardinal, Francois Marty",12100,https://all.accor.com/hotel/B9F4/index.fr.shtml,catalog_api,france,IBIS BUDGET MILLAU VIADUC,MILLAU,4.7,1347,48.0,True,missing
C091,C091,ibis Saint Paul Trois Chateaux,IBH,IBIS,SAINT PAUL TROIS CHATEAUX,France,"46 Impasse du Bouquet, Parc d'activité, Drome Sud Provence",26130,https://all.accor.com/hotel/C091/index.fr.shtml,catalog_api,france,IBIS SAINT PAUL TROIS CHATEAUX,SAINT PAUL TROIS CHATEAUX,,,,False,missing
B9G2,B9G2,Mercure Agen Centre,MER,MERCURE,AGEN,France,1350 Avenue Du Midi,47000,https://all.accor.com/hotel/B9G2/index.fr.shtml,catalog_api,france,MERCURE AGEN CENTRE,AGEN,,,,False,missing
C517,C517,greet hôtel Le Teich Bassin d'Arcachon,GRE,GREET,LE TEICH,France,7 rue Copernic,33470,https://all.accor.com/hotel/C517/index.fr.shtml,catalog_api,france,GREET HOTEL LE TEICH BASSIN D ARCACHON,LE TEICH,,,,False,missing
B9J0,B9J0,greet hotel La Teste Bassin d' Arcachon,GRE,GREET,LA TESTE DE BUCH,France,75 avenue du général Leclerc,33260,https://all.accor.com/hotel/B9J0/index.fr.shtml,catalog_api,france,GREET HOTEL LA TESTE BASSIN D ARCACHON,LA TESTE DE BUCH,,,,False,missing
A9V5,A9V5,ibis Styles Arcachon Gujan-Mestras,IBS,IBIS STYLES,GUJAN MESTRAS,France,"3 Avenue Des Loisirs, Route des Bénévoles, Bassin des loisirs",33470,https://all.accor.com/hotel/A9V5/index.fr.shtml,catalog_api,france,IBIS STYLES ARCACHON GUJAN MESTRAS,GUJAN MESTRAS,,,,False,missing
B9J1,B9J1,ibis Budget La Teste Bassin d'Arcachon,IBB,IBIS BUDGET,LA TESTE DE BUCH,France,7 avenue de Binghamton,33260,https://all.accor.com/hotel/B9J1/index.fr.shtml,catalog_api,france,IBIS BUDGET LA TESTE BASSIN D ARCACHON,LA TESTE DE BUCH,,,,False,missing
C4P7,C4P7,ibis Styles Alès Centre Cévennes,IBS,IBIS STYLES,ALES,France,Quai boissier de sauvages,30100,https://all.accor.com/hotel/C4P7/index.fr.shtml,catalog_api,france,IBIS STYLES ALES CENTRE CEVENNES,ALES,,,,False,missing
0338,338,ibis Alès Centre-Ville,IBH,IBIS,ALES,France,"18, rue Edgar Quinet",30100,https://all.accor.com/hotel/0338/index.fr.shtml,catalog_api,france,IBIS ALES CENTRE VILLE,ALES,,,,False,missing
B8Y9,B8Y9,ibis Styles Montauban,IBS,IBIS STYLES,MONTAUBAN,France,"50, Route de saint martial",82000,https://all.accor.com/hotel/B8Y9/index.fr.shtml,catalog_api,france,IBIS STYLES MONTAUBAN,MONTAUBAN,,,,False,missing
0925,925,ibis Orange Centre Échangeur A7 A9,IBH,IBIS,ORANGE,France,"32, rue Agis Rigord, Route de Caderousse, Avenue Charles De GAULLE",84100,https://all.accor.com/hotel/0925/index.fr.shtml,catalog_api,france,IBIS ORANGE CENTRE ECHANGEUR A7 A9,ORANGE,,,,False,missing
B814,B814,ibis Styles Pont du Gard Route d'Avignon,IBS,IBIS STYLES,ESTEZARGUES,France,247 chemin de la fenouillère,30390,https://all.accor.com/hotel/B814/index.fr.shtml,catalog_api,france,IBIS STYLES PONT DU GARD ROUTE D AVIGNON,ESTEZARGUES,,,,False,missing
C5U4,C5U4,Château de Mazan - Handwritten Collection,SOU,SOU,MAZAN,France,8 place Napoleon,84380,https://all.accor.com/hotel/C5U4/index.fr.shtml,catalog_api,france,CHATEAU DE MAZAN HANDWRITTEN COLLECTION,MAZAN,,,,False,missing
0550,550,Novotel Avignon Nord,NOV,NOVOTEL,SORGUES,France,"135 Avenue Louis Pasteur, ., .",84700,https://all.accor.com/hotel/0550/index.fr.shtml,catalog_api,france,NOVOTEL AVIGNON NORD,SORGUES,,,,False,missing
0549,549,Hôtel Mercure Pont d'Avignon Centre,MER,MERCURE,AVIGNON,France,"2, rue Ferruce, Gps parking: Parking Palais des, Papes  Boulevard de la ligne",84000,https://all.accor.com/hotel/0549/index.fr.shtml,catalog_api,france,HOTEL MERCURE PONT D AVIGNON CENTRE,AVIGNON,,,,False,missing
0944,944,ibis Avignon Centre Gare,IBH,IBIS,AVIGNON,France,42 Boulevard Saint-Roch,84000,https://all.accor.com/hotel/0944/index.fr.shtml,catalog_api,france,IBIS AVIGNON CENTRE GARE,AVIGNON,,,,False,missing
B6F6,B6F6,Mercure Avignon TGV Hotel et Spa,MER,MERCURE,AVIGNON,France,2 rue Mère Térésa,84000,https://all.accor.com/hotel/B6F6/index.fr.shtml,catalog_api,france,MERCURE AVIGNON TGV HOTEL ET SPA,AVIGNON,,,,False,missing
0985,985,Novotel Atria Nîmes Centre,NOV,NOVOTEL,NIMES,France,5 Boulevard de Prague,30000,https://all.accor.com/hotel/0985/index.fr.shtml,catalog_api,france,NOVOTEL ATRIA NIMES CENTRE,NIMES,,,,False,missing
C6J9,C6J9,Mercure Nîmes Centre Arènes,MER,MERCURE,NIMES,France,10 Rue de la Republique,30000,https://all.accor.com/hotel/C6J9/index.fr.shtml,catalog_api,france,MERCURE NIMES CENTRE ARENES,NIMES,,,,False,missing
0399,399,ibis Styles Avignon Sud,IBS,IBIS STYLES,AVIGNON,France,2968 avenue de l'Amandier,84000,https://all.accor.com/hotel/0399/index.fr.shtml,catalog_api,france,IBIS STYLES AVIGNON SUD,AVIGNON,,,,False,missing
0686,686,ibis Avignon Sud,IBH,IBIS,AVIGNON,France,"71 chemin de la Cristole, 84140 Avignon",84140,https://all.accor.com/hotel/0686/index.fr.shtml,catalog_api,france,IBIS AVIGNON SUD,AVIGNON,,,,False,missing
0629,629,ibis Nîmes Ouest,IBH,IBIS,NIMES,France,"268, Rue de L'hostellerie, PARC HOTELIER, Ville Active",30900,https://all.accor.com/hotel/0629/index.fr.shtml,catalog_api,france,IBIS NIMES OUEST,NIMES,,,,False,missing
1199,1199,Hôtel ibis Sisteron,IBH,IBIS,SISTERON,France,"1 allée des tilleuls, Parc d'activités Sisteron Nord",04200,https://all.accor.com/hotel/1199/index.fr.shtml,catalog_api,france,HOTEL IBIS SISTERON,SISTERON,,,,False,missing
A314,A314,ibis Styles Toulouse Nord Sesquières,IBS,IBIS STYLES,TOULOUSE,France,49 Rue Jean Zay,31200,https://all.accor.com/hotel/A314/index.fr.shtml,catalog_api,france,IBIS STYLES TOULOUSE NORD SESQUIERES,TOULOUSE,,,,False,missing
A4C2,A4C2,Hôtel Mercure Castres L'Occitan,MER,MERCURE,CASTRES,France,201 Avenue Charles De Gaulle,81100,https://all.accor.com/hotel/A4C2/index.fr.shtml,catalog_api,france,HOTEL MERCURE CASTRES L OCCITAN,CASTRES,,,,False,missing
A5I1,A5I1,ibis Styles Toulouse-Blagnac Aéroport,IBS,IBIS STYLES,BLAGNAC,France,45 Rue de Bordebasse,31700,https://all.accor.com/hotel/A5I1/index.fr.shtml,catalog_api,france,IBIS STYLES TOULOUSE BLAGNAC AEROPORT,BLAGNAC,,,,False,missing
A4C1,A4C1,ibis Styles Castres,IBS,IBIS STYLES,CASTRES,France,"29 Rue Jean Souterene, Le Siala",81100,https://all.accor.com/hotel/A4C1/index.fr.shtml,catalog_api,france,IBIS STYLES CASTRES,CASTRES,,,,False,missing
B9J4,B9J4,Mercure Toulouse Aéroport Blagnac,MER,MERCURE,BLAGNAC,France,4 rue Dieudonné Costes,31700,https://all.accor.com/hotel/B9J4/index.fr.shtml,catalog_api,france,MERCURE TOULOUSE AEROPORT BLAGNAC,BLAGNAC,,,,False,missing
B8D8,B8D8,greet Hotel Castres Saix,GRE,GREET,SAIX,France,2 Bis Route De Semalens,81710,https://all.accor.com/hotel/B8D8/index.fr.shtml,catalog_api,france,GREET HOTEL CASTRES SAIX,SAIX,,,,False,missing
0798,798,ibis Toulouse Blagnac Aéroport,IBH,IBIS,BLAGNAC,France,"80 Avenue du Parc, Rond-Point Maurice Bellonte",31700,https://all.accor.com/hotel/0798/index.fr.shtml,catalog_api,france,IBIS TOULOUSE BLAGNAC AEROPORT,BLAGNAC,,,,False,missing
0565,565,Pullman Toulouse Airport,PUL,PULLMAN,BLAGNAC,France,"2, avenue Didier Daurat",31700,https://all.accor.com/hotel/0565/index.fr.shtml,catalog_api,france,PULLMAN TOULOUSE AIRPORT,BLAGNAC,,,,False,missing
B853,B853,L'Isle de Leos Hotel & Spa - MGallery Collection,MGA,MGALLERY,L'ISLE SUR LA SORGUE,France,1 Porte de Bouigas,84800,https://all.accor.com/hotel/B853/index.fr.shtml,catalog_api,france,L ISLE DE LEOS HOTEL SPA MGALLERY COLLECTION,L ISLE SUR LA SORGUE,,,,False,missing
0906,906,Novotel Toulouse Centre Compans Caffarelli,NOV,NOVOTEL,TOULOUSE,France,5  place Alfonse Jourdain,31000,https://all.accor.com/hotel/0906/index.fr.shtml,catalog_api,france,NOVOTEL TOULOUSE CENTRE COMPANS CAFFARELLI,TOULOUSE,,,,False,missing
A9V4,A9V4,ibis Toulouse Purpan,IBH,IBIS,TOULOUSE,France,1 Rue Jean Viollis,31300,https://all.accor.com/hotel/A9V4/index.fr.shtml,catalog_api,france,IBIS TOULOUSE PURPAN,TOULOUSE,,,,False,missing
C139,C139,Hotel Les Capitouls Toulouse Centre - Handwritten Collection,SOU,SOU,TOULOUSE,France,29 Allées Jean Jaurès,31000,https://all.accor.com/hotel/C139/index.fr.shtml,catalog_api,france,HOTEL LES CAPITOULS TOULOUSE CENTRE HANDWRITTEN COLLECTION,TOULOUSE,,,,False,missing
B395,B395,Mama Shelter Toulouse,MSH,MAMA SHELTER,TOULOUSE,France,54 56 Boulevard Lazare Carnot,31000,https://all.accor.com/hotel/B395/index.fr.shtml,catalog_api,france,MAMA SHELTER TOULOUSE,TOULOUSE,,,,False,missing
0370,370,Hôtel Mercure Toulouse Centre Saint-Georges,MER,MERCURE,TOULOUSE,France,"rue saint Jérome, Pour GPS : 1 rue Paul Mériel",31000,https://all.accor.com/hotel/0370/index.fr.shtml,catalog_api,france,HOTEL MERCURE TOULOUSE CENTRE SAINT GEORGES,TOULOUSE,,,,False,missing
B3A1,B3A1,ibis Styles Toulouse Centre Canal du Midi,IBS,IBIS STYLES,TOULOUSE,France,05 Boulevard De La Gare,31500,https://all.accor.com/hotel/B3A1/index.fr.shtml,catalog_api,france,IBIS STYLES TOULOUSE CENTRE CANAL DU MIDI,TOULOUSE,,,,False,missing
0445,445,Novotel Toulouse Purpan Aéroport,NOV,NOVOTEL,TOULOUSE,France,23 Impasse de Maubec,31300,https://all.accor.com/hotel/0445/index.fr.shtml,catalog_api,france,NOVOTEL TOULOUSE PURPAN AEROPORT,TOULOUSE,,,,False,missing
A086,A086,La Cour des Consuls Hotel & Spa Toulouse - MGallery Collection,MGA,MGALLERY,TOULOUSE,France,46 rue des Couteliers,31000,https://all.accor.com/hotel/A086/index.fr.shtml,catalog_api,france,LA COUR DES CONSULS HOTEL SPA TOULOUSE MGALLERY COLLECTION,TOULOUSE,,,,False,missing
B6Z1,B6Z1,Aparthotel Adagio Toulouse Centre La Grave,ADG,ADAGIO,TOULOUSE,France,24 Rue du Pont Saint Pierre,31300,https://all.accor.com/hotel/B6Z1/index.fr.shtml,catalog_api,france,APARTHOTEL ADAGIO TOULOUSE CENTRE LA GRAVE,TOULOUSE,,,,False,missing
C0T6,C0T6,ibis budget Lunel Porte de Camargue,IBB,IBIS BUDGET,AIMARGUES,France,"114 Avenue de la petite Camargue, ZA la Peyre",30470,https://all.accor.com/hotel/C0T6/index.fr.shtml,catalog_api,france,IBIS BUDGET LUNEL PORTE DE CAMARGUE,AIMARGUES,,,,False,missing
B743,B743,Ibis Lunel Petite Camargue,IBH,IBIS,LUNEL,France,200 rue ZAC Petite Camargue,34400,https://all.accor.com/hotel/B743/index.fr.shtml,catalog_api,france,IBIS LUNEL PETITE CAMARGUE,LUNEL,,,,False,missing
B2J6,B2J6,ibis budget Montpellier Nord,IBB,IBIS BUDGET,MONTPELLIER,France,58 Rue Georges Denizot,34090,https://all.accor.com/hotel/B2J6/index.fr.shtml,catalog_api,france,IBIS BUDGET MONTPELLIER NORD,MONTPELLIER,,,,False,missing
B718,B718,ibis budget Mont de Marsan,IBB,IBIS BUDGET,MONT DE MARSAN,France,1765 avenue du Maréchal Juin,40000,https://all.accor.com/hotel/B718/index.fr.shtml,catalog_api,france,IBIS BUDGET MONT DE MARSAN,MONT DE MARSAN,,,,False,missing
B9I1,B9I1,ibis budget Toulouse Labège,IBB,IBIS BUDGET,LABEGE,France,120 rue Garance,31670,https://all.accor.com/hotel/B9I1/index.fr.shtml,catalog_api,france,IBIS BUDGET TOULOUSE LABEGE,LABEGE,,,,False,missing
A0A2,A0A2,ibis Styles Toulouse Labège,IBS,IBIS STYLES,LABEGE,France,120 Rue Garance,31677,https://all.accor.com/hotel/A0A2/index.fr.shtml,catalog_api,france,IBIS STYLES TOULOUSE LABEGE,LABEGE,,,,False,missing
B1R5,B1R5,Hôtel Mercure Toulouse Sud,MER,MERCURE,TOULOUSE,France,3 Avenue Irène Joliot Curie,31100,https://all.accor.com/hotel/B1R5/index.fr.shtml,catalog_api,france,HOTEL MERCURE TOULOUSE SUD,TOULOUSE,,,,False,missing
0592,592,ibis Montpellier Centre Comédie,IBH,IBIS,MONTPELLIER,France,"Allée Jules Milhau, Immeuble Le Triangle, Rue du Jeu de Ballon (GPS)",34000,https://all.accor.com/hotel/0592/index.fr.shtml,catalog_api,france,IBIS MONTPELLIER CENTRE COMEDIE,MONTPELLIER,,,,False,missing
C0S9,C0S9,Aparthotel Adagio Montpellier Centre Comedie,ADG,ADAGIO,MONTPELLIER,France,"6 rue Baudin Montpellier France, Parking : 17 rue Alfred Bruyas",34000,https://all.accor.com/hotel/C0S9/index.fr.shtml,catalog_api,france,APARTHOTEL ADAGIO MONTPELLIER CENTRE COMEDIE,MONTPELLIER,,,,False,missing
A0X2,A0X2,Aparthotel Adagio Access Montpellier Centre,ADA,ADAGIO ACCESS,MONTPELLIER,France,40 Avenue Du Petit Train,34000,https://all.accor.com/hotel/A0X2/index.fr.shtml,catalog_api,france,APARTHOTEL ADAGIO ACCESS MONTPELLIER CENTRE,MONTPELLIER,,,,False,missing
C179,C179,TRIBE Montpellier Gare Sud de France (Ouverture prochaine),TRI,TRIBE,MONTPELLIER,France,10 parvis Melvin Jones,34070,https://all.accor.com/hotel/C179/index.fr.shtml,catalog_api,france,TRIBE MONTPELLIER GARE SUD DE FRANCE OUVERTURE PROCHAINE,MONTPELLIER,,,,False,missing
0624,624,ibis Montpellier Sud,IBH,IBIS,MONTPELLIER,France,"164, avenue de Palavas",34070,https://all.accor.com/hotel/0624/index.fr.shtml,catalog_api,france,IBIS MONTPELLIER SUD,MONTPELLIER,,,,False,missing
0450,450,Novotel Montpellier,NOV,NOVOTEL,MONTPELLIER,France,125 bis Avenue de Palavas,34070,https://all.accor.com/hotel/0450/index.fr.shtml,catalog_api,france,NOVOTEL MONTPELLIER,MONTPELLIER,,,,False,missing
B9N4,B9N4,greet hotel Montpellier Aéroport Parc des Expos,GRE,GREET,MAUGUIO,France,"1225 rue Hélène Boucher, Zac Du Mas de Figuieres",34130,https://all.accor.com/hotel/B9N4/index.fr.shtml,catalog_api,france,GREET HOTEL MONTPELLIER AEROPORT PARC DES EXPOS,MAUGUIO,,,,False,missing
B4T2,B4T2,ibis Styles Montpellier Aeroport Parc Des Expos,IBS,IBIS STYLES,MAUGUIO,France,"121 Avenue Jacqueline Auriol, Zone Aeroportuaire, Montpellier Mediterranee",34130,https://all.accor.com/hotel/B4T2/index.fr.shtml,catalog_api,france,IBIS STYLES MONTPELLIER AEROPORT PARC DES EXPOS,MAUGUIO,,,,False,missing
B4T1,B4T1,ibis budget Montpellier Aéroport Parc Des Expos,IBB,IBIS BUDGET,MAUGUIO,France,"121 Avenue Jacqueline Auriol, Zone Aeroportuaire, Montpellier Mediterranee",34130,https://all.accor.com/hotel/B4T1/index.fr.shtml,catalog_api,france,IBIS BUDGET MONTPELLIER AEROPORT PARC DES EXPOS,MAUGUIO,,,,False,missing
C3P3,C3P3,Mercure Arles Centre Arènes,MER,MERCURE,ARLES,France,1 rue Emile Fassin,13200,https://all.accor.com/hotel/C3P3/index.fr.shtml,catalog_api,france,MERCURE ARLES CENTRE ARENES,ARLES,,,,False,missing
0692,692,ibis Arles,IBH,IBIS,ARLES,France,"Rue Gerard GADIOT, CENTRE COMMERCIAL FOURCHON",13200,https://all.accor.com/hotel/0692/index.fr.shtml,catalog_api,france,IBIS ARLES,ARLES,,,,False,missing
B7M4,B7M4,Aparthotel Adagio Access Porte de Camargue,ADA,ADAGIO ACCESS,SAINT-MARTIN-DE-CRAU,France,"ZONE ECOPOLE, 6 AVENUE MARCELLIN BERTHELOT",13310,https://all.accor.com/hotel/B7M4/index.fr.shtml,catalog_api,france,APARTHOTEL ADAGIO ACCESS PORTE DE CAMARGUE,SAINT MARTIN DE CRAU,,,,False,missing
B744,B744,greet hotel Castets Coeur des Landes,GRE,GREET,CASTETS,France,"90 IMPASSE DU BASILE, ZAC DE GAZALIEU",40260,https://all.accor.com/hotel/B744/index.fr.shtml,catalog_api,france,GREET HOTEL CASTETS COEUR DES LANDES,CASTETS,,,,False,missing
A0J3,A0J3,Ibis Budget Béziers Est La Giniesse,IBB,IBIS BUDGET,BEZIERS,France,2 Impasse de la Giniesse,34500,https://all.accor.com/hotel/A0J3/index.fr.shtml,catalog_api,france,IBIS BUDGET BEZIERS EST LA GINIESSE,BEZIERS,,,,False,missing
0683,683,ibis Béziers Est Méditerranée,IBH,IBIS,BEZIERS,France,"ECHANGEUR CABRIALS, AVENUE DU VIGUIER",34500,https://all.accor.com/hotel/0683/index.fr.shtml,catalog_api,france,IBIS BEZIERS EST MEDITERRANEE,BEZIERS,,,,False,missing
0797,797,ibis Salon-de-Provence Sud,IBH,IBIS,SALON DE PROVENCE,France,"752, Avenue du 18 Juin 1940",13300,https://all.accor.com/hotel/0797/index.fr.shtml,catalog_api,france,IBIS SALON DE PROVENCE SUD,SALON DE PROVENCE,,,,False,missing
B6X3,B6X3,ibis Styles Salon de Provence,IBS,IBIS STYLES,SALON DE PROVENCE,France,728 Avenue du 18 juin 1940,13300,https://all.accor.com/hotel/B6X3/index.fr.shtml,catalog_api,france,IBIS STYLES SALON DE PROVENCE,SALON DE PROVENCE,,,,False,missing
B6J1,B6J1,ibis Styles Castelnaudary,IBS,IBIS STYLES,CASTELNAUDARY,France,100 Avenue Gerard Rouviere,11400,https://all.accor.com/hotel/B6J1/index.fr.shtml,catalog_api,france,IBIS STYLES CASTELNAUDARY,CASTELNAUDARY,,,,False,missing
C0D8,C0D8,ibis Styles Miramas - Provence,IBS,IBIS STYLES,MIRAMAS,France,Rue de la Lavande,13140,https://all.accor.com/hotel/C0D8/index.fr.shtml,catalog_api,france,IBIS STYLES MIRAMAS PROVENCE,MIRAMAS,,,,False,missing
B897,B897,TRIBE Carcassonne,TRI,TRIBE,CARCASSONNE,France,2 Rue Des Trois Couronnes,11000,https://all.accor.com/hotel/B897/index.fr.shtml,catalog_api,france,TRIBE CARCASSONNE,CARCASSONNE,,,,False,missing
0607,607,ibis Carcassonne Est La Cité,IBH,IBIS,CARCASSONNE,France,Rue Camille Flammarion,11000,https://all.accor.com/hotel/0607/index.fr.shtml,catalog_api,france,IBIS CARCASSONNE EST LA CITE,CARCASSONNE,,,,False,missing
A480,A480,ibis Styles Carcassonne La Cité,IBS,IBIS STYLES,CARCASSONNE,France,2 Rue Darius Milhaud,11000,https://all.accor.com/hotel/A480/index.fr.shtml,catalog_api,france,IBIS STYLES CARCASSONNE LA CITE,CARCASSONNE,,,,False,missing
0412,412,Novotel Narbonne Sud,NOV,NOVOTEL,NARBONNE,France,"130 RUE DE L'HOTELLERIE, QUARTIER PLAISANCE",11100,https://all.accor.com/hotel/0412/index.fr.shtml,catalog_api,france,NOVOTEL NARBONNE SUD,NARBONNE,,,,False,missing
0671,671,ibis Narbonne,IBH,IBIS,NARBONNE,France,"159 Rue de L' Hotellerie, Quartier Plaisance - RN9",11100,https://all.accor.com/hotel/0671/index.fr.shtml,catalog_api,france,IBIS NARBONNE,NARBONNE,,,,False,missing
C5I0,C5I0,ibis Styles Aix-en-Provence Université,IBS,IBIS STYLES,AIX EN PROVENCE,France,1 avenue Robert Schuman,13090,https://all.accor.com/hotel/C5I0/index.fr.shtml,catalog_api,france,IBIS STYLES AIX EN PROVENCE UNIVERSITE,AIX EN PROVENCE,,,,False,missing
C5J5,C5J5,Aparthotel Adagio Access Aix-en-Provence Université,ADA,ADAGIO ACCESS,AIX EN PROVENCE,France,1 avenue Robert Schuman,13100,https://all.accor.com/hotel/C5J5/index.fr.shtml,catalog_api,france,APARTHOTEL ADAGIO ACCESS AIX EN PROVENCE UNIVERSITE,AIX EN PROVENCE,,,,False,missing
C133,C133,Mercure Aix-en-Provence La Duranne Gare TGV,MER,MERCURE,AIX-EN-PROVENCE,France,"97 rue du Dr Albert Aynaud, Parc de la Duranne",13100,https://all.accor.com/hotel/C133/index.fr.shtml,catalog_api,france,MERCURE AIX EN PROVENCE LA DURANNE GARE TGV,AIX EN PROVENCE,,,,False,missing
0394,394,Novotel Aix-en-Provence Pont-de-l'Arc Fenouillères,NOV,NOVOTEL,AIX EN PROVENCE,France,Avenue Arc de Meyran,13100,https://all.accor.com/hotel/0394/index.fr.shtml,catalog_api,france,NOVOTEL AIX EN PROVENCE PONT DE L ARC FENOUILLERES,AIX EN PROVENCE,,,,False,missing
0393,393,Mercure Aix en Provence Beaumanoir,MER,MERCURE,AIX EN PROVENCE,France,"Rue Marcel Arnaud, Résidence Beaumanoir",13100,https://all.accor.com/hotel/0393/index.fr.shtml,catalog_api,france,MERCURE AIX EN PROVENCE BEAUMANOIR,AIX EN PROVENCE,,,,False,missing
0714,714,ibis Aix-en-Provence,IBH,IBIS,AIX EN PROVENCE,France,Chemin des Infirmeries,13100,https://all.accor.com/hotel/0714/index.fr.shtml,catalog_api,france,IBIS AIX EN PROVENCE,AIX EN PROVENCE,,,,False,missing
B6G0,B6G0,greet Hotel Marseille Provence Aéroport,GRE,GREET,VITROLLES,France,"Zi De Couperigne, Rue Blaise Pascal",13127,https://all.accor.com/hotel/B6G0/index.fr.shtml,catalog_api,france,GREET HOTEL MARSEILLE PROVENCE AEROPORT,VITROLLES,,,,False,missing
C238,C238,ibis Styles Cabriès Aix-en-Provence TGV,IBS,IBIS STYLES,CABRIES,France,"900, ALLEE DU GOLF, Golf de la Cabre d'Or",13480,https://all.accor.com/hotel/C238/index.fr.shtml,catalog_api,france,IBIS STYLES CABRIES AIX EN PROVENCE TGV,CABRIES,,,,False,missing
0442,442,ibis Styles Marseille Provence Aéroport,IBS,IBIS STYLES,VITROLLES,France,"24 Rue de Madrid, ZI Les  Estroublans",13127,https://all.accor.com/hotel/0442/index.fr.shtml,catalog_api,france,IBIS STYLES MARSEILLE PROVENCE AEROPORT,VITROLLES,,,,False,missing
B8B1,B8B1,Ibis Marseille Marignane Technopole,IBH,IBIS,MARIGNANE,France,"Zac de la Palun, Technoparc des Florides",13700,https://all.accor.com/hotel/B8B1/index.fr.shtml,catalog_api,france,IBIS MARSEILLE MARIGNANE TECHNOPOLE,MARIGNANE,,,,False,missing
B8C5,B8C5,greet hotel Orthez Bearn,GRE,GREET,BIRON,France,"1430 Avenue Marcel Paul, Allée Paul Piquemal",64300,https://all.accor.com/hotel/B8C5/index.fr.shtml,catalog_api,france,GREET HOTEL ORTHEZ BEARN,BIRON,,,,False,missing
B2C6,B2C6,ibis Styles Marseille Plan de Campagne,IBS,IBIS STYLES,LES PENNES-MIRABEAU,France,"58 Chemin de velaux, Plan de Campagne, 58 Chemin de velaux",13170,https://all.accor.com/hotel/B2C6/index.fr.shtml,catalog_api,france,IBIS STYLES MARSEILLE PLAN DE CAMPAGNE,LES PENNES MIRABEAU,,,,False,missing
B0R3,B0R3,JO&JOE Hossegor,JOE,JO&JOE,HOSSEGOR,France,458 avenue de Gaujacq,40150,https://all.accor.com/hotel/B0R3/index.fr.shtml,catalog_api,france,JO JOE HOSSEGOR,HOSSEGOR,,,,False,missing
0952,952,Hôtel Mercure Pau Palais des Sports,MER,MERCURE,PAU,France,106 Avenue de l Europe,64000,https://all.accor.com/hotel/0952/index.fr.shtml,catalog_api,france,HOTEL MERCURE PAU PALAIS DES SPORTS,PAU,,,,False,missing
0421,421,Novotel Pau Pyrénées,NOV,NOVOTEL,LESCAR,France,"Avenue André-Marie Ampère, Route de Bayonne",64230,https://all.accor.com/hotel/0421/index.fr.shtml,catalog_api,france,NOVOTEL PAU PYRENEES,LESCAR,,,,False,missing
C461,C461,Novotel Marseille Centre Gare,NOV,NOVOTEL,MARSEILLE,France,15 Boulevard Maurice Bourdet,13001,https://all.accor.com/hotel/C461/index.fr.shtml,catalog_api,france,NOVOTEL MARSEILLE CENTRE GARE,MARSEILLE,,,,False,missing
A1J8,A1J8,ibis Styles Marseille Gare Saint-Charles,IBS,IBIS STYLES,MARSEILLE,France,28 Boulevard D Athenes,13001,https://all.accor.com/hotel/A1J8/index.fr.shtml,catalog_api,france,IBIS STYLES MARSEILLE GARE SAINT CHARLES,MARSEILLE,,,,False,missing
B675,B675,greet Hotel Marseille Centre Saint Charles,GRE,GREET,MARSEILLE,France,"4, Allee Leon Gambetta",13001,https://all.accor.com/hotel/B675/index.fr.shtml,catalog_api,france,GREET HOTEL MARSEILLE CENTRE SAINT CHARLES,MARSEILLE,,,,False,missing
0911,911,Novotel Marseille Vieux-Port,NOV,NOVOTEL,MARSEILLE,France,36 Boulevard Charles Livon,13007,https://all.accor.com/hotel/0911/index.fr.shtml,catalog_api,france,NOVOTEL MARSEILLE VIEUX PORT,MARSEILLE,,,,False,missing
0542,542,Sofitel Marseille Vieux Port,SOF,SOFITEL,MARSEILLE,France,36 boulevard Charles Livon,13007,https://all.accor.com/hotel/0542/index.fr.shtml,catalog_api,france,SOFITEL MARSEILLE VIEUX PORT,MARSEILLE,,,,False,missing
A0D3,A0D3,Hôtel Mercure Marseille Canebière Vieux-Port,MER,MERCURE,MARSEILLE,France,48 La Canebiere,13001,https://all.accor.com/hotel/A0D3/index.fr.shtml,catalog_api,france,HOTEL MERCURE MARSEILLE CANEBIERE VIEUX PORT,MARSEILLE,,,,False,missing
A0X9,A0X9,ibis Styles Marseille Vieux Port,IBS,IBIS STYLES,MARSEILLE,France,7 Cours Saint Louis,13001,https://all.accor.com/hotel/A0X9/index.fr.shtml,catalog_api,france,IBIS STYLES MARSEILLE VIEUX PORT,MARSEILLE,,,,False,missing
B3B1,B3B1,Ibis Marseille Centre Prefecture,IBH,IBIS,MARSEILLE,France,13 Rue Lafon,13006,https://all.accor.com/hotel/B3B1/index.fr.shtml,catalog_api,france,IBIS MARSEILLE CENTRE PREFECTURE,MARSEILLE,,,,False,missing
B5Z5,B5Z5,Mercure Marseille Centre Bompard La Corniche,MER,MERCURE,MARSEILLE,France,2 Rue Des Flots Bleus,13007,https://all.accor.com/hotel/B5Z5/index.fr.shtml,catalog_api,france,MERCURE MARSEILLE CENTRE BOMPARD LA CORNICHE,MARSEILLE,,,,False,missing
B2R9,B2R9,Aparthotel Adagio Marseille Timone,ADG,ADAGIO,MARSEILLE,France,21 Chemin De L Armee D Afrique,13005,https://all.accor.com/hotel/B2R9/index.fr.shtml,catalog_api,france,APARTHOTEL ADAGIO MARSEILLE TIMONE,MARSEILLE,,,,False,missing
C3C7,C3C7,ibis Styles Marseille Palais des Congrès Vélodrome,IBS,IBIS STYLES,MARSEILLE,France,162 Boulevard Rabatau,13010,https://all.accor.com/hotel/C3C7/index.fr.shtml,catalog_api,france,IBIS STYLES MARSEILLE PALAIS DES CONGRES VELODROME,MARSEILLE,,,,False,missing
C032,C032,greet hotel Marseille Parc Chanot Vélodrome by Accor,GRE,GREET,MARSEILLE,France,23 Boulevard Rabatau,13008,https://all.accor.com/hotel/C032/index.fr.shtml,catalog_api,france,GREET HOTEL MARSEILLE PARC CHANOT VELODROME BY ACCOR,MARSEILLE,,,,False,missing
A0Y1,A0Y1,Mercure Bayonne Centre - Le Grand Hôtel,MER,MERCURE,BAYONNE,France,21 Rue Thiers,64100,https://all.accor.com/hotel/A0Y1/index.fr.shtml,catalog_api,france,MERCURE BAYONNE CENTRE LE GRAND HOTEL,BAYONNE,,,,False,missing
0444,444,Novotel Marseille Est Porte d'Aubagne,NOV,NOVOTEL,MARSEILLE,France,184 Avenue de Saint Menet,13011,https://all.accor.com/hotel/0444/index.fr.shtml,catalog_api,france,NOVOTEL MARSEILLE EST PORTE D AUBAGNE,MARSEILLE,,,,False,missing
C5X6,C5X6,Hotel Saint Georges Lourdes Pyrenees,SAM,SAM,LOURDES,France,34 avenue Peyramale,65100,https://all.accor.com/hotel/C5X6/index.fr.shtml,catalog_api,france,HOTEL SAINT GEORGES LOURDES PYRENEES,LOURDES,,,,False,missing
C5X5,C5X5,greet hotel Lourdes Centre Pyrénées,GRE,GREET,LOURDES,France,36 Avenue Peyramale,65100,https://all.accor.com/hotel/C5X5/index.fr.shtml,catalog_api,france,GREET HOTEL LOURDES CENTRE PYRENEES,LOURDES,,,,False,missing
0822,822,ibis Biarritz-Anglet Aéroport,IBH,IBIS,ANGLET,France,"64, avenue d'Espagne",64600,https://all.accor.com/hotel/0822/index.fr.shtml,catalog_api,france,IBIS BIARRITZ ANGLET AEROPORT,ANGLET,,,,False,missing
0994,994,Novotel Resort & Spa Biarritz Anglet,NOV,NOVOTEL,ANGLET,France,68 avenue d'Espagne,64600,https://all.accor.com/hotel/0994/index.fr.shtml,catalog_api,france,NOVOTEL RESORT SPA BIARRITZ ANGLET,ANGLET,,,,False,missing
C4X9,C4X9,ibis Styles Aubagne Gemenos,IBS,IBIS STYLES,GEMENOS,France,250 avenue du Château de Jouques,13420,https://all.accor.com/hotel/C4X9/index.fr.shtml,catalog_api,france,IBIS STYLES AUBAGNE GEMENOS,GEMENOS,,,,False,missing
C2U9,C2U9,Le Talaia Hotel & Spa Biarritz - MGallery Collection,MGA,MGALLERY,BIARRITZ,France,1 CARREFOUR HELIANTHE,64200,https://all.accor.com/hotel/C2U9/index.fr.shtml,catalog_api,france,LE TALAIA HOTEL SPA BIARRITZ MGALLERY COLLECTION,BIARRITZ,,,,False,missing
C2Q0,C2Q0,ibis Styles Biarritz Plage,IBS,IBIS STYLES,BIARRITZ,France,30 Avenue de la Milady,64200,https://all.accor.com/hotel/C2Q0/index.fr.shtml,catalog_api,france,IBIS STYLES BIARRITZ PLAGE,BIARRITZ,,,,False,missing
0424,424,Novotel Perpignan Rivesaltes,NOV,NOVOTEL,RIVESALTES,France,"Rn 9 Km 9, Route de Narbonne",66600,https://all.accor.com/hotel/0424/index.fr.shtml,catalog_api,france,NOVOTEL PERPIGNAN RIVESALTES,RIVESALTES,,,,False,missing
C2I9,C2I9,ibis Styles Saint Jean de Luz Donibane,IBS,IBIS STYLES,SAINT JEAN DE LUZ,France,4 avenue de Layatz,64500,https://all.accor.com/hotel/C2I9/index.fr.shtml,catalog_api,france,IBIS STYLES SAINT JEAN DE LUZ DONIBANE,SAINT JEAN DE LUZ,,,,False,missing
C3Y8,C3Y8,MADISON Saint Jean de Luz - Handwritten Collection,SOU,SOU,SAINT-JEAN-DE-LUZ,France,25 boulevard Thiers,64500,https://all.accor.com/hotel/C3Y8/index.fr.shtml,catalog_api,france,MADISON SAINT JEAN DE LUZ HANDWRITTEN COLLECTION,SAINT JEAN DE LUZ,,,,False,missing
C0V2,C0V2,Mercure Ax Les Thermes,MER,MERCURE,AX LES THERMES,France,6 rue de la Condamine,09110,https://all.accor.com/hotel/C0V2/index.fr.shtml,catalog_api,france,MERCURE AX LES THERMES,AX LES THERMES,,,,False,missing
1122,1122,Hôtel Mercure Antibes Sophia Antipolis,MER,MERCURE,VALBONNE,France,Rue Albert Caquot,06560,https://all.accor.com/hotel/1122/index.fr.shtml,catalog_api,france,HOTEL MERCURE ANTIBES SOPHIA ANTIPOLIS,VALBONNE,,,,False,missing
0711,711,ibis Antibes Sophia Antipolis,IBH,IBIS,VALBONNE,France,"502, rue Albert Caquot",06560,https://all.accor.com/hotel/0711/index.fr.shtml,catalog_api,france,IBIS ANTIBES SOPHIA ANTIPOLIS,VALBONNE,,,,False,missing
0398,398,Novotel Antibes Sophia Antipolis,NOV,NOVOTEL,VALBONNE,France,"290 rue Fedor Dostoievski, Les Lucioles 1",06560,https://all.accor.com/hotel/0398/index.fr.shtml,catalog_api,france,NOVOTEL ANTIBES SOPHIA ANTIPOLIS,VALBONNE,,,,False,missing
B0X6,B0X6,ibis Styles Perpignan Canet-en-Roussillon,IBS,IBIS STYLES,CANET EN ROUSSILLON,France,"141 Avenue, Des Hauts De Canet",66140,https://all.accor.com/hotel/B0X6/index.fr.shtml,catalog_api,france,IBIS STYLES PERPIGNAN CANET EN ROUSSILLON,CANET EN ROUSSILLON,,,,False,missing
B2H8,B2H8,Aparthotel Adagio Nice Centre,ADG,ADAGIO,NICE,France,22 Bd Du General Louis Delfino,06300,https://all.accor.com/hotel/B2H8/index.fr.shtml,catalog_api,france,APARTHOTEL ADAGIO NICE CENTRE,NICE,,,,False,missing
0360,360,Hôtel Mercure Nice Promenade des Anglais,MER,MERCURE,NICE,France,2 rue Halevy,06000,https://all.accor.com/hotel/0360/index.fr.shtml,catalog_api,france,HOTEL MERCURE NICE PROMENADE DES ANGLAIS,NICE,,,,False,missing
B950,B950,Mama Shelter Nice,MSH,MAMA SHELTER,NICE,France,21 boulevard de Riquier,06300,https://all.accor.com/hotel/B950/index.fr.shtml,catalog_api,france,MAMA SHELTER NICE,NICE,,,,False,missing
A9A2,A9A2,Hôtel Mercure Villeneuve-Loubet Plage,MER,MERCURE,VILLENEUVE-LOUBET,France,215 Boulevard Éric Tabarly,06270,https://all.accor.com/hotel/A9A2/index.fr.shtml,catalog_api,france,HOTEL MERCURE VILLENEUVE LOUBET PLAGE,VILLENEUVE LOUBET,,,,False,missing
0962,962,Hôtel Mercure Nice Marché aux Fleurs,MER,MERCURE,NICE,France,"91 Quai des Etats Unis, Promenade des Anglais",06300,https://all.accor.com/hotel/0962/index.fr.shtml,catalog_api,france,HOTEL MERCURE NICE MARCHE AUX FLEURS,NICE,,,,False,missing
0414,414,Novotel Nice Aéroport Cap 3000,NOV,NOVOTEL,SAINT LAURENT DU VAR,France,40 Avenue de Verdun,06700,https://all.accor.com/hotel/0414/index.fr.shtml,catalog_api,france,NOVOTEL NICE AEROPORT CAP 3000,SAINT LAURENT DU VAR,,,,False,missing
0478,478,Novotel Nice Arénas Aéroport,NOV,NOVOTEL,NICE CEDEX 03,France,455 Promenade des Anglais,06299,https://all.accor.com/hotel/0478/index.fr.shtml,catalog_api,france,NOVOTEL NICE ARENAS AEROPORT,NICE CEDEX 03,,,,False,missing
0749,749,ibis Nice Aéroport Promenade des Anglais,IBH,IBIS,NICE,France,359 promenade des anglais,06200,https://all.accor.com/hotel/0749/index.fr.shtml,catalog_api,france,IBIS NICE AEROPORT PROMENADE DES ANGLAIS,NICE,,,,False,missing
C229,C229,greet Hotel Nice Aéroport Promenade des Anglais,GRE,GREET,NICE,France,385 Promenade des Anglais,6200,https://all.accor.com/hotel/C229/index.fr.shtml,catalog_api,france,GREET HOTEL NICE AEROPORT PROMENADE DES ANGLAIS,NICE,,,,False,missing
1170,1170,ibis Cannes Plage La Bocca,IBH,IBIS,CANNES,France,"23, avenue Francis Tonner, CANNES LA BOCCA",06150,https://all.accor.com/hotel/1170/index.fr.shtml,catalog_api,france,IBIS CANNES PLAGE LA BOCCA,CANNES,,,,False,missing
C2F4,C2F4,Ibis Roquebrune Cap Martin Menton,IBH,IBIS,ROQUEBRUNE CAP MARTIN,France,173 Avenue de la Plage,06190,https://all.accor.com/hotel/C2F4/index.fr.shtml,catalog_api,france,IBIS ROQUEBRUNE CAP MARTIN MENTON,ROQUEBRUNE CAP MARTIN,,,,False,missing
B803,B803,Mercure Peyragudes Loudenvielle Pyrenees,MER,MERCURE,LOUDENVIELLE,France,Chemin Du Rioutor,65510,https://all.accor.com/hotel/B803/index.fr.shtml,catalog_api,france,MERCURE PEYRAGUDES LOUDENVIELLE PYRENEES,LOUDENVIELLE,,,,False,missing
B6V5,B6V5,Mondrian Cannes,MOD,MOD,CANNES,France,45 Boulevard De La Croisette,06400,https://all.accor.com/hotel/B6V5/index.fr.shtml,catalog_api,france,MONDRIAN CANNES,CANNES,,,,False,missing
B2C8,B2C8,ibis Styles Fréjus Saint-Raphaël,IBS,IBIS STYLES,FREJUS,France,990 Avenue Du 8 Mai 1945,83600,https://all.accor.com/hotel/B2C8/index.fr.shtml,catalog_api,france,IBIS STYLES FREJUS SAINT RAPHAEL,FREJUS,,,,False,missing
3185,3185,ibis budget Fréjus Saint-Raphaël Centre et Plage,IBB,IBIS BUDGET,FREJUS,France,"1074 ave de Lattre de Tassigny, Centre Le Ligure",83600,https://all.accor.com/hotel/3185/index.fr.shtml,catalog_api,france,IBIS BUDGET FREJUS SAINT RAPHAEL CENTRE ET PLAGE,FREJUS,,,,False,missing
0828,828,ibis Toulon La-Seyne,IBH,IBIS,LA SEYNE SUR MER,France,"80 Chemin de la Capellane, Six-Fours-Les-Plages, (adresse GPS)",83500,https://all.accor.com/hotel/0828/index.fr.shtml,catalog_api,france,IBIS TOULON LA SEYNE,LA SEYNE SUR MER,,,,False,missing
0443,443,ibis Styles Toulon La Seyne-sur-Mer,IBS,IBIS STYLES,LA SEYNE SUR MER,France,"80 chemin de la Capellane, Adresse GPS :, Six Fours les plages",83500,https://all.accor.com/hotel/0443/index.fr.shtml,catalog_api,france,IBIS STYLES TOULON LA SEYNE SUR MER,LA SEYNE SUR MER,,,,False,missing
B9Q4,B9Q4,The 1932 Hotel & spa Cap d'Antibes - MGallery Collection,MGA,MGALLERY,ANTIBES,France,5 Avenue Saramartel,06160,https://all.accor.com/hotel/B9Q4/index.fr.shtml,catalog_api,france,THE 1932 HOTEL SPA CAP D ANTIBES MGALLERY COLLECTION,ANTIBES,,,,False,missing
C1F8,C1F8,Mercure Saint Raphael Centre Plage,MER,MERCURE,SAINT RAPHAEL,France,101 Promenade René Coty,83700,https://all.accor.com/hotel/C1F8/index.fr.shtml,catalog_api,france,MERCURE SAINT RAPHAEL CENTRE PLAGE,SAINT RAPHAEL,,,,False,missing
B3F9,B3F9,Hôtel Mercure Toulon La Seyne-Sur-Mer,MER,MERCURE,LA SEYNE SUR MER,France,1 Quai Du 19 Mars 1962,83500,https://all.accor.com/hotel/B3F9/index.fr.shtml,catalog_api,france,HOTEL MERCURE TOULON LA SEYNE SUR MER,LA SEYNE SUR MER,,,,False,missing
A0A9,A0A9,Ibis Styles Hyères Rooftop & Spa,IBS,IBIS STYLES,HYERES,France,45 Avenue Edith Cavell,83400,https://all.accor.com/hotel/A0A9/index.fr.shtml,catalog_api,france,IBIS STYLES HYERES ROOFTOP SPA,HYERES,,,,False,missing
C6L1,C6L1,Grand Hôtel l'Ermitage Font-Romeu - Handwritten Collection,SOU,SOU,FONT-ROMEU,France,7 route de l'Ermitage,66120,https://all.accor.com/hotel/C6L1/index.fr.shtml,catalog_api,france,GRAND HOTEL L ERMITAGE FONT ROMEU HANDWRITTEN COLLECTION,FONT ROMEU,,,,False,missing
A0D4,A0D4,ibis Styles Collioure Port-Vendres,IBS,IBIS STYLES,PORT-VENDRES,France,9004 Route de Collioure,66660,https://all.accor.com/hotel/A0D4/index.fr.shtml,catalog_api,france,IBIS STYLES COLLIOURE PORT VENDRES,PORT VENDRES,,,,False,missing
C1V2,C1V2,Hôtel & Spa Kasano Calvi - Handwritten Collection,SOU,SOU,CALVI,France,Avenue de l´Uruguay,20260,https://all.accor.com/hotel/C1V2/index.fr.shtml,catalog_api,france,HOTEL SPA KASANO CALVI HANDWRITTEN COLLECTION,CALVI,,,,False,missing
0587,587,Sofitel Golfe d'Ajaccio Thalassa sea & spa,SOF,SOFITEL,PORTICCIO,France,"Domaine de la Pointe, Golfe d'Ajaccio",20166,https://all.accor.com/hotel/0587/index.fr.shtml,catalog_api,france,SOFITEL GOLFE D AJACCIO THALASSA SEA SPA,PORTICCIO,,,,False,missing
B7M0,B7M0,ibis Styles Porto Vecchio,IBS,IBIS STYLES,PORTO VECCHIO,France,"Avenue de Bastia, Lieu dit Poretta du Lavonieddu, A côté de la boutique Mango",20137,https://all.accor.com/hotel/B7M0/index.fr.shtml,catalog_api,france,IBIS STYLES PORTO VECCHIO,PORTO VECCHIO,,,,False,missing
