hotel_code_accor,hotel_code_norm,hotel_name,hotel_brand_code,hotel_brand,hotel_city,hotel_country,hotel_adresse,hotel_code_postal,url_hotel,source,source_query,hotel_name_norm,city_norm,country_slug,country_label,region,match_type
1648,1648,ibis Erfurt Altstadt,IBH,IBIS,ERFURT,Allemagne,"NAV: Marstallstraße, Barfuesserstrasse 9",99084,https://all.accor.com/hotel/1648/index.fr.shtml,catalog_api,germany,IBIS ERFURT ALTSTADT,ERFURT,germany,Allemagne,europe,missing
B7N7,B7N7,Congress Hotel Weimar by Mercure,BME,BME,WEIMAR,Allemagne,Kastanienallee 1,99428,https://all.accor.com/hotel/B7N7/index.fr.shtml,catalog_api,germany,CONGRESS HOTEL WEIMAR BY MERCURE,WEIMAR,germany,Allemagne,europe,missing
C745,C745,MAXX Hotel Jena - Ouverture prochaine,MAX,MAX,JENA,Allemagne,Stauffenbergstrasse 59,07747,https://all.accor.com/hotel/C745/index.fr.shtml,catalog_api,germany,MAXX HOTEL JENA OUVERTURE PROCHAINE,JENA,germany,Allemagne,europe,missing
B4C6,B4C6,ibis Styles Coburg,IBS,IBIS STYLES,COBURG,Allemagne,Sonntagsanger 17,96450,https://all.accor.com/hotel/B4C6/index.fr.shtml,catalog_api,germany,IBIS STYLES COBURG,COBURG,germany,Allemagne,europe,missing
C5N0,C5N0,Palais am Schlossgarten Merseburg - Handwritten Collection,SOU,SOU,MERSEBURG,Allemagne,Oberaltenburg 4,06217,https://all.accor.com/hotel/C5N0/index.fr.shtml,catalog_api,germany,PALAIS AM SCHLOSSGARTEN MERSEBURG HANDWRITTEN COLLECTION,MERSEBURG,germany,Allemagne,europe,missing
B8T4,B8T4,Hôtel Mercure Gera City,MER,MERCURE,VILLE DE GERA,Allemagne,Gutenbergstrasse 2a,07548,https://all.accor.com/hotel/B8T4/index.fr.shtml,catalog_api,germany,HOTEL MERCURE GERA CITY,VILLE DE GERA,germany,Allemagne,europe,missing
C714,C714,IntercityHotel Braunschweig - Ouverture prochaine,ITC,ITC,BRAUNSCHWEIG,Allemagne,Willy-Brandt-Platz 3,38102,https://all.accor.com/hotel/C714/index.fr.shtml,catalog_api,germany,INTERCITYHOTEL BRAUNSCHWEIG OUVERTURE PROCHAINE,BRAUNSCHWEIG,germany,Allemagne,europe,missing
C6Z7,C6Z7,Steigenberger Parkhotel Braunschweig - À venir,STB,STB,BRAUNSCHWEIG,Allemagne,Nimes-Strasse 2,38100,https://all.accor.com/hotel/C6Z7/index.fr.shtml,catalog_api,germany,STEIGENBERGER PARKHOTEL BRAUNSCHWEIG A VENIR,BRAUNSCHWEIG,germany,Allemagne,europe,missing
A8M4,A8M4,Mercure Hotel Schweinfurt Maininsel,MER,MERCURE,SCHWEINFURT,Allemagne,Maininsel 10 - 12,97424,https://all.accor.com/hotel/A8M4/index.fr.shtml,catalog_api,germany,MERCURE HOTEL SCHWEINFURT MAININSEL,SCHWEINFURT,germany,Allemagne,europe,missing
B279,B279,Mercure Hotel Plaza Magdeburg,MER,MERCURE,MAGDEBOURG,Allemagne,Halberstaedter Strasse 146 150,39112,https://all.accor.com/hotel/B279/index.fr.shtml,catalog_api,germany,MERCURE HOTEL PLAZA MAGDEBURG,MAGDEBOURG,germany,Allemagne,europe,missing
C767,C767,IntercityHotel Paderborn - Ouverture prochaine,ITC,ITC,PADERBORN,Allemagne,Bahnhofstrasse 29,33102,https://all.accor.com/hotel/C767/index.fr.shtml,catalog_api,germany,INTERCITYHOTEL PADERBORN OUVERTURE PROCHAINE,PADERBORN,germany,Allemagne,europe,missing
B280,B280,Ibis Styles Magdeburg,IBS,IBIS STYLES,MAGDEBOURG,Allemagne,Julius Bremer Strasse 15,39104,https://all.accor.com/hotel/B280/index.fr.shtml,catalog_api,germany,IBIS STYLES MAGDEBURG,MAGDEBOURG,germany,Allemagne,europe,missing
C754,C754,Steigenberger Icon Grandhotel Handelshof - Ouverture prochaine,STI,STI,LEIPZIG,Allemagne,Salzgasschen 6,04109,https://all.accor.com/hotel/C754/index.fr.shtml,catalog_api,germany,STEIGENBERGER ICON GRANDHOTEL HANDELSHOF OUVERTURE PROCHAINE,LEIPZIG,germany,Allemagne,europe,missing
C755,C755,IntercityHotel Leipzig - Ouverture prochaine,ITC,ITC,LEIPZIG,Allemagne,Troendlinring 2,04105,https://all.accor.com/hotel/C755/index.fr.shtml,catalog_api,germany,INTERCITYHOTEL LEIPZIG OUVERTURE PROCHAINE,LEIPZIG,germany,Allemagne,europe,missing
1016,1016,Mercure Hotel Hannover City,MER,MERCURE,HANNOVER,Allemagne,Willy Brandt-Allee 3,30169,https://all.accor.com/hotel/1016/index.fr.shtml,catalog_api,germany,MERCURE HOTEL HANNOVER CITY,HANNOVER,germany,Allemagne,europe,missing
C785,C785,IntercityHotel Hannover - Ouverture prochaine,ITC,ITC,HANNOVER,Allemagne,Rosenstrasse 1,30159,https://all.accor.com/hotel/C785/index.fr.shtml,catalog_api,germany,INTERCITYHOTEL HANNOVER OUVERTURE PROCHAINE,HANNOVER,germany,Allemagne,europe,missing
5391,5391,Mercure Hotel Hannover Mitte,MER,MERCURE,HANNOVER,Allemagne,"Postkamp 10, Niedersachsen",30159,https://all.accor.com/hotel/5391/index.fr.shtml,catalog_api,germany,MERCURE HOTEL HANNOVER MITTE,HANNOVER,germany,Allemagne,europe,missing
A736,A736,Hôtel ibis Styles Bamberg,IBS,IBIS STYLES,BAMBERG,Allemagne,Lange Strasse 29,96047,https://all.accor.com/hotel/A736/index.fr.shtml,catalog_api,germany,HOTEL IBIS STYLES BAMBERG,BAMBERG,germany,Allemagne,europe,missing
A008,A008,Mercure Hotel Hannover Oldenburger Allee,MER,MERCURE,HANNOVER,Allemagne,Oldenburger Allee 1,30659,https://all.accor.com/hotel/A008/index.fr.shtml,catalog_api,germany,MERCURE HOTEL HANNOVER OLDENBURGER ALLEE,HANNOVER,germany,Allemagne,europe,missing
C025,C025,Fora Hotel Hannover by Mercure,BME,BME,HANOVRE,Allemagne,Grosser Kolonnenweg 19,30163,https://all.accor.com/hotel/C025/index.fr.shtml,catalog_api,germany,FORA HOTEL HANNOVER BY MERCURE,HANOVRE,germany,Allemagne,europe,missing
2129,2129,Mercure Hotel Am Entenfang Hannover,MER,MERCURE,HANNOVER,Allemagne,Eichsfelder Str. 4,30419,https://all.accor.com/hotel/2129/index.fr.shtml,catalog_api,germany,MERCURE HOTEL AM ENTENFANG HANNOVER,HANNOVER,germany,Allemagne,europe,missing
B3F5,B3F5,ibis budget Bayreuth,IBB,IBIS BUDGET,BAYREUTH,Allemagne,Buergerreuther Strasse 6,95444,https://all.accor.com/hotel/B3F5/index.fr.shtml,catalog_api,germany,IBIS BUDGET BAYREUTH,BAYREUTH,germany,Allemagne,europe,missing
B3F6,B3F6,Ibis Styles Bayreuth,IBS,IBIS STYLES,BAYREUTH,Allemagne,Buergerreuther Strasse 6,95444,https://all.accor.com/hotel/B3F6/index.fr.shtml,catalog_api,germany,IBIS STYLES BAYREUTH,BAYREUTH,germany,Allemagne,europe,missing
A9V7,A9V7,ibis Styles Aschaffenburg,IBS,IBIS STYLES,ASCHAFFENBURG,Allemagne,Elisenstrasse 21,63739,https://all.accor.com/hotel/A9V7/index.fr.shtml,catalog_api,germany,IBIS STYLES ASCHAFFENBURG,ASCHAFFENBURG,germany,Allemagne,europe,missing
C786,C786,IntercityHotel Herford - Ouverture prochaine,ITC,ITC,HERFORD,Allemagne,Luisenstr. 6,32052,https://all.accor.com/hotel/C786/index.fr.shtml,catalog_api,germany,INTERCITYHOTEL HERFORD OUVERTURE PROCHAINE,HERFORD,germany,Allemagne,europe,missing
2091,2091,Mercure Hotel Bad Oeynhausen City,MER,MERCURE,BAD OEYNHAUSEN,Allemagne,Koenigstrasse 3-7,32545,https://all.accor.com/hotel/2091/index.fr.shtml,catalog_api,germany,MERCURE HOTEL BAD OEYNHAUSEN CITY,BAD OEYNHAUSEN,germany,Allemagne,europe,missing
B8G6,B8G6,ibis Styles Bielefeld,IBS,IBIS STYLES,BIELEFELD,Allemagne,Niederwall 31-35,33602,https://all.accor.com/hotel/B8G6/index.fr.shtml,catalog_api,germany,IBIS STYLES BIELEFELD,BIELEFELD,germany,Allemagne,europe,missing
C725,C725,Steigenberger Hotel Bielefeld - Bientôt disponible,STB,STB,BIELEFELD,Allemagne,Am Bahnhof 3,33602,https://all.accor.com/hotel/C725/index.fr.shtml,catalog_api,germany,STEIGENBERGER HOTEL BIELEFELD BIENTOT DISPONIBLE,BIELEFELD,germany,Allemagne,europe,missing
C719,C719,IntercityHotel Celle - Ouverture prochaine,ITC,ITC,CELLE,Allemagne,Nordwall 22,29221,https://all.accor.com/hotel/C719/index.fr.shtml,catalog_api,germany,INTERCITYHOTEL CELLE OUVERTURE PROCHAINE,CELLE,germany,Allemagne,europe,missing
C7A0,C7A0,Steigenberger Hotel Bad Homburg - Ouverture prochaine,STB,STB,BAD HOMBURG,Allemagne,Kaiser-Friedrich-Promenade 69,61348,https://all.accor.com/hotel/C7A0/index.fr.shtml,catalog_api,germany,STEIGENBERGER HOTEL BAD HOMBURG OUVERTURE PROCHAINE,BAD HOMBURG,germany,Allemagne,europe,missing
C6S2,C6S2,Mercure Frankfurt-Offenbach Ost,MER,MERCURE,OFFENBACH,Allemagne,Lammerspieler Weg 85,63075,https://all.accor.com/hotel/C6S2/index.fr.shtml,catalog_api,germany,MERCURE FRANKFURT OFFENBACH OST,OFFENBACH,germany,Allemagne,europe,missing
B141,B141,25hours Hotel Frankfurt The Goldman,TWF,25HOURS,FRANCFORT-SUR-LE-MAIN,Allemagne,Hanauer Landstrasse 127,60314,https://all.accor.com/hotel/B141/index.fr.shtml,catalog_api,germany,25HOURS HOTEL FRANKFURT THE GOLDMAN,FRANCFORT SUR LE MAIN,germany,Allemagne,europe,missing
C781,C781,Steigenberger Icon Frankfurter Hof - Ouverture prochaine,STI,STI,FRANCFORT,Allemagne,Am Kaiserplatz,60311,https://all.accor.com/hotel/C781/index.fr.shtml,catalog_api,germany,STEIGENBERGER ICON FRANKFURTER HOF OUVERTURE PROCHAINE,FRANCFORT,germany,Allemagne,europe,missing
B142,B142,25hours Hotel Frankfurt The Trip,TWF,25HOURS,FRANCFORT,Allemagne,Niddastrasse 58,60329,https://all.accor.com/hotel/B142/index.fr.shtml,catalog_api,germany,25HOURS HOTEL FRANKFURT THE TRIP,FRANCFORT,germany,Allemagne,europe,missing
1589,1589,ibis Frankfurt Messe Ouest,IBH,IBIS,FRANKFURT,Allemagne,"Breitenbachstrasse 7, Hessen",60487,https://all.accor.com/hotel/1589/index.fr.shtml,catalog_api,germany,IBIS FRANKFURT MESSE OUEST,FRANKFURT,germany,Allemagne,europe,missing
C729,C729,IntercityHotel Frankfurt Hauptbahnhof South Ouverture prochaine,ITC,ITC,FRANKFURT,Allemagne,Mannheimer Strasse 21,60329,https://all.accor.com/hotel/C729/index.fr.shtml,catalog_api,germany,INTERCITYHOTEL FRANKFURT HAUPTBAHNHOF SOUTH OUVERTURE PROCHAINE,FRANKFURT,germany,Allemagne,europe,missing
5376,5376,Novotel Erlangen,NOV,NOVOTEL,ERLANGEN,Allemagne,Hofmannstrasse 34,91052,https://all.accor.com/hotel/5376/index.fr.shtml,catalog_api,germany,NOVOTEL ERLANGEN,ERLANGEN,germany,Allemagne,europe,missing
C727,C727,Steigenberger Airport Hotel Frankfurt - Bientôt disponible,STB,STB,FRANCFORT,Allemagne,Unterschweinstiege 16,60549,https://all.accor.com/hotel/C727/index.fr.shtml,catalog_api,germany,STEIGENBERGER AIRPORT HOTEL FRANKFURT BIENTOT DISPONIBLE,FRANCFORT,germany,Allemagne,europe,missing
B4G0,B4G0,Mercure Hotel Frankfurt Airport Langen,MER,MERCURE,LANGEN,Allemagne,Robert Bosch Strasse 26,63225,https://all.accor.com/hotel/B4G0/index.fr.shtml,catalog_api,germany,MERCURE HOTEL FRANKFURT AIRPORT LANGEN,LANGEN,germany,Allemagne,europe,missing
C728,C728,IntercityHotel Frankfurt Airport - Ouverture prochaine,ITC,ITC,FRANKFURT,Allemagne,"Am Luftbrückendenkmal 1, Cargo City Süd",60549,https://all.accor.com/hotel/C728/index.fr.shtml,catalog_api,germany,INTERCITYHOTEL FRANKFURT AIRPORT OUVERTURE PROCHAINE,FRANKFURT,germany,Allemagne,europe,missing
C747,C747,Zleep Frankfurt Airport Kelsterbach - À venir,ZLP,ZLP,KELSTERBACH,Allemagne,Fujiallee 11,65451,https://all.accor.com/hotel/C747/index.fr.shtml,catalog_api,germany,ZLEEP FRANKFURT AIRPORT KELSTERBACH A VENIR,KELSTERBACH,germany,Allemagne,europe,missing
B4I0,B4I0,Mövenpick Nuremberg Airport,MOV,MÖVENPICK,NUREMBERG,Allemagne,Flughafenstrasse 100,90411,https://all.accor.com/hotel/B4I0/index.fr.shtml,catalog_api,germany,MOVENPICK NUREMBERG AIRPORT,NUREMBERG,germany,Allemagne,europe,missing
C713,C713,IntercityHotel Darmstadt - Ouverture prochaine,ITC,ITC,DARMSTADT,Allemagne,Poststrasse 12,64293,https://all.accor.com/hotel/C713/index.fr.shtml,catalog_api,germany,INTERCITYHOTEL DARMSTADT OUVERTURE PROCHAINE,DARMSTADT,germany,Allemagne,europe,missing
B6J0,B6J0,ibis Styles Darmstadt,IBS,IBIS STYLES,DARMSTADT,Allemagne,Hilpertstrasse 27,64295,https://all.accor.com/hotel/B6J0/index.fr.shtml,catalog_api,germany,IBIS STYLES DARMSTADT,DARMSTADT,germany,Allemagne,europe,missing
C779,C779,IntercityHotel Wiesbaden - Ouverture prochaine,ITC,ITC,WIESBADEN,Allemagne,Klingholzstrasse 6,65189,https://all.accor.com/hotel/C779/index.fr.shtml,catalog_api,germany,INTERCITYHOTEL WIESBADEN OUVERTURE PROCHAINE,WIESBADEN,germany,Allemagne,europe,missing
A005,A005,Mercure Hotel Kamen Unna,MER,MERCURE,KAMEN,Allemagne,Kamen Karree 2,59174,https://all.accor.com/hotel/A005/index.fr.shtml,catalog_api,germany,MERCURE HOTEL KAMEN UNNA,KAMEN,germany,Allemagne,europe,missing
B829,B829,Mercure Hotel Mainz City Center,MER,MERCURE,MAINZ,Allemagne,Kaiserstrasse 7,55116,https://all.accor.com/hotel/B829/index.fr.shtml,catalog_api,germany,MERCURE HOTEL MAINZ CITY CENTER,MAINZ,germany,Allemagne,europe,missing
C761,C761,IntercityHotel Mainz - Ouverture prochaine,ITC,ITC,MAINZ,Allemagne,Binger Strasse 21,55131,https://all.accor.com/hotel/C761/index.fr.shtml,catalog_api,germany,INTERCITYHOTEL MAINZ OUVERTURE PROCHAINE,MAINZ,germany,Allemagne,europe,missing
A006,A006,Mercure Hotel Dortmund Centrum,MER,MERCURE,DORTMUND,Allemagne,Olpe 2,44135,https://all.accor.com/hotel/A006/index.fr.shtml,catalog_api,germany,MERCURE HOTEL DORTMUND CENTRUM,DORTMUND,germany,Allemagne,europe,missing
C715,C715,IntercityHotel Dortmund - Ouverture prochaine,ITC,ITC,DORTMUND,Allemagne,"Katharinenstraße 9, 44137 Dortmund, 44137 Dortmund",44137,https://all.accor.com/hotel/C715/index.fr.shtml,catalog_api,germany,INTERCITYHOTEL DORTMUND OUVERTURE PROCHAINE,DORTMUND,germany,Allemagne,europe,missing
C721,C721,Steigenberger Hotel Dortmund - Bientôt disponible,STB,STB,DORTMUND,Allemagne,Berswordtstrasse 2,44139,https://all.accor.com/hotel/C721/index.fr.shtml,catalog_api,germany,STEIGENBERGER HOTEL DORTMUND BIENTOT DISPONIBLE,DORTMUND,germany,Allemagne,europe,missing
A219,A219,Novotel Münster City,NOV,NOVOTEL,MUENSTER,Allemagne,DEPUIS STEUBEN STR. 4 A 6,48143,https://all.accor.com/hotel/A219/index.fr.shtml,catalog_api,germany,NOVOTEL MUNSTER CITY,MUENSTER,germany,Allemagne,europe,missing
A220,A220,Ibis budget Muenster City,IBB,IBIS BUDGET,MUENSTER,Allemagne,Herwarthstrasse 8,48143,https://all.accor.com/hotel/A220/index.fr.shtml,catalog_api,germany,IBIS BUDGET MUENSTER CITY,MUENSTER,germany,Allemagne,europe,missing
B4H6,B4H6,Mövenpick Hotel Münster,MOV,MÖVENPICK,MUENSTER,Allemagne,Kardinal Von GalenRing 65,48149,https://all.accor.com/hotel/B4H6/index.fr.shtml,catalog_api,germany,MOVENPICK HOTEL MUNSTER,MUENSTER,germany,Allemagne,europe,missing
C525,C525,greet Hotel Potsdam am Park Sanssouci,GRE,GREET,POTSDAM,Allemagne,Forststrasse 80,14471,https://all.accor.com/hotel/C525/index.fr.shtml,catalog_api,germany,GREET HOTEL POTSDAM AM PARK SANSSOUCI,POTSDAM,germany,Allemagne,europe,missing
C768,C768,MAXX Hotel Potsdam - Ouverture prochaine,MAX,MAX,POTSDAM,Allemagne,Allee nach Sanssouci 1,14471,https://all.accor.com/hotel/C768/index.fr.shtml,catalog_api,germany,MAXX HOTEL POTSDAM OUVERTURE PROCHAINE,POTSDAM,germany,Allemagne,europe,missing
A007,A007,Mercure Hotel Bochum City,MER,MERCURE,BOCHUM,Allemagne,Massenbergstrasse 19 21,44787,https://all.accor.com/hotel/A007/index.fr.shtml,catalog_api,germany,MERCURE HOTEL BOCHUM CITY,BOCHUM,germany,Allemagne,europe,missing
B0V1,B0V1,Ibis Styles Vechta,IBS,IBIS STYLES,VECHTA,Allemagne,At the ridges 37,49377,https://all.accor.com/hotel/B0V1/index.fr.shtml,catalog_api,germany,IBIS STYLES VECHTA,VECHTA,germany,Allemagne,europe,missing
C705,C705,IntercityHotel Dresden - Ouverture prochaine,ITC,ITC,DRESDEN,Allemagne,Wiener Platz 8,1069,https://all.accor.com/hotel/C705/index.fr.shtml,catalog_api,germany,INTERCITYHOTEL DRESDEN OUVERTURE PROCHAINE,DRESDEN,germany,Allemagne,europe,missing
B6I6,B6I6,ibis styles Dresden Neustadt,IBS,IBIS STYLES,DRESDE,Allemagne,Fritz Reuter Strasse 21,01097,https://all.accor.com/hotel/B6I6/index.fr.shtml,catalog_api,germany,IBIS STYLES DRESDEN NEUSTADT,DRESDE,germany,Allemagne,europe,missing
C701,C701,Steigenberger Hotel De Saxe - Bientôt disponible,STB,STB,DRESDE,Allemagne,Neumarkt 9,01067,https://all.accor.com/hotel/C701/index.fr.shtml,catalog_api,germany,STEIGENBERGER HOTEL DE SAXE BIENTOT DISPONIBLE,DRESDE,germany,Allemagne,europe,missing
C738,C738,IntercityHotel Heidelberg - Ouverture prochaine,ITC,ITC,HEIDELBERG,Allemagne,Kurfursten-Anlage 81,69115,https://all.accor.com/hotel/C738/index.fr.shtml,catalog_api,germany,INTERCITYHOTEL HEIDELBERG OUVERTURE PROCHAINE,HEIDELBERG,germany,Allemagne,europe,missing
B4S9,B4S9,Aparthotel Adagio Heidelberg,ADG,ADAGIO,HEIDELBERG,Allemagne,Kurfürsten Anlage 83,69115,https://all.accor.com/hotel/B4S9/index.fr.shtml,catalog_api,germany,APARTHOTEL ADAGIO HEIDELBERG,HEIDELBERG,germany,Allemagne,europe,missing
B0R0,B0R0,Mercure Mannheim Am Friedensplatz,MER,MERCURE,MANNHEIM,Allemagne,Am Friedensplatz 1,68165,https://all.accor.com/hotel/B0R0/index.fr.shtml,catalog_api,germany,MERCURE MANNHEIM AM FRIEDENSPLATZ,MANNHEIM,germany,Allemagne,europe,missing
C7A5,C7A5,Steigenberger Icon Grandhotel & Spa Petersberg - À venir,STI,STI,PETERSBERG,Allemagne,"Petersberg, 53639 Königswinter",53639,https://all.accor.com/hotel/C7A5/index.fr.shtml,catalog_api,germany,STEIGENBERGER ICON GRANDHOTEL SPA PETERSBERG A VENIR,PETERSBERG,germany,Allemagne,europe,missing
C762,C762,IntercityHotel Mannheim - Ouverture prochaine,ITC,ITC,MANNHEIM,Allemagne,Schlossgartenstrasse 1,68161,https://all.accor.com/hotel/C762/index.fr.shtml,catalog_api,germany,INTERCITYHOTEL MANNHEIM OUVERTURE PROCHAINE,MANNHEIM,germany,Allemagne,europe,missing
B2S6,B2S6,ibis Styles Gelsenkirchen,IBS,IBIS STYLES,GELSENKIRCHEN,Allemagne,Ringstrasse 1 3,45879,https://all.accor.com/hotel/B2S6/index.fr.shtml,catalog_api,germany,IBIS STYLES GELSENKIRCHEN,GELSENKIRCHEN,germany,Allemagne,europe,missing
C5N1,C5N1,ibis Styles Cologne Airport Troisdorf,IBS,IBIS STYLES,TROISDORF,Allemagne,Larstrasse 1,53844,https://all.accor.com/hotel/C5N1/index.fr.shtml,catalog_api,germany,IBIS STYLES COLOGNE AIRPORT TROISDORF,TROISDORF,germany,Allemagne,europe,missing
C2V3,C2V3,ibis Styles Neckarsulm,IBS,IBIS STYLES,NECKARSULM,Allemagne,Sulmstrasse 2,74172,https://all.accor.com/hotel/C2V3/index.fr.shtml,catalog_api,germany,IBIS STYLES NECKARSULM,NECKARSULM,germany,Allemagne,europe,missing
C662,C662,Webers Hotel im Ruhrturm Essen by Accor,SAM,SAM,ESSEN,Allemagne,Huttropstrasse 60,45138,https://all.accor.com/hotel/C662/index.fr.shtml,catalog_api,germany,WEBERS HOTEL IM RUHRTURM ESSEN BY ACCOR,ESSEN,germany,Allemagne,europe,missing
C702,C702,IntercityHotel Bonn - Ouverture prochaine,ITC,ITC,BONN,Allemagne,Quantiusstrasse 22,53115,https://all.accor.com/hotel/C702/index.fr.shtml,catalog_api,germany,INTERCITYHOTEL BONN OUVERTURE PROCHAINE,BONN,germany,Allemagne,europe,missing
A052,A052,Ibis budget Bremen city center,IBB,IBIS BUDGET,BRÊME,Allemagne,Bahnhofsplatz 41b,28195,https://all.accor.com/hotel/A052/index.fr.shtml,catalog_api,germany,IBIS BUDGET BREMEN CITY CENTER,BREME,germany,Allemagne,europe,missing
A054,A054,Aparthotel Adagio Brême,ADG,ADAGIO,BREME,Allemagne,Bahnhofsplatz 41,28195,https://all.accor.com/hotel/A054/index.fr.shtml,catalog_api,germany,APARTHOTEL ADAGIO BREME,BREME,germany,Allemagne,europe,missing
C708,C708,Steigenberger Hotel Bremen - Bientôt disponible,STB,STB,BREMEN,Allemagne,Am Weser-Terminal 6,28217,https://all.accor.com/hotel/C708/index.fr.shtml,catalog_api,germany,STEIGENBERGER HOTEL BREMEN BIENTOT DISPONIBLE,BREMEN,germany,Allemagne,europe,missing
C7A1,C7A1,Steigenberger Hotel Bad Neuenahr - Bientôt disponible,STB,STB,BAD NEUENAHR,Allemagne,"Kurgartenstraße 1, 53474 Bad Neuenahr, Germany",53474,https://all.accor.com/hotel/C7A1/index.fr.shtml,catalog_api,germany,STEIGENBERGER HOTEL BAD NEUENAHR BIENTOT DISPONIBLE,BAD NEUENAHR,germany,Allemagne,europe,missing
A004,A004,Mercure Hotel Koeln Belfortstrasse,MER,MERCURE,KOELN,Allemagne,Belfortstrasse 9,50668,https://all.accor.com/hotel/A004/index.fr.shtml,catalog_api,germany,MERCURE HOTEL KOELN BELFORTSTRASSE,KOELN,germany,Allemagne,europe,missing
B0C9,B0C9,25hours Hotel Koeln The Circle,TWF,25HOURS,COLOGNE,Allemagne,Im Klapperhof 22 to 24,50670,https://all.accor.com/hotel/B0C9/index.fr.shtml,catalog_api,germany,25HOURS HOTEL KOELN THE CIRCLE,COLOGNE,germany,Allemagne,europe,missing
C750,C750,Steigenberger Hôtel Koeln - Bientôt disponible,STB,STB,COLOGNE,Allemagne,Habsburgerring 9-13,50674,https://all.accor.com/hotel/C750/index.fr.shtml,catalog_api,germany,STEIGENBERGER HOTEL KOELN BIENTOT DISPONIBLE,COLOGNE,germany,Allemagne,europe,missing
B9D1,B9D1,"The Hoxton, Berlin",HOX,HOX,BERLIN,Allemagne,Meinekestrasse 18-19,10719,https://all.accor.com/hotel/B9D1/index.fr.shtml,catalog_api,germany,THE HOXTON BERLIN,BERLIN,germany,Allemagne,europe,missing
B143,B143,25hours Hotel Bikini Berlin,TWF,25HOURS,BERLIN,Allemagne,Budapester Strasse 40,10787,https://all.accor.com/hotel/B143/index.fr.shtml,catalog_api,germany,25HOURS HOTEL BIKINI BERLIN,BERLIN,germany,Allemagne,europe,missing
B1Y6,B1Y6,SO/ Berlin Das Stue,SO,SO/,BERLIN,Allemagne,Drakestrasse 1,10787,https://all.accor.com/hotel/B1Y6/index.fr.shtml,catalog_api,germany,SO BERLIN DAS STUE,BERLIN,germany,Allemagne,europe,missing
C710,C710,Steigenberger Airport Hotel Berlin - Bientôt disponible,STB,STB,BERLIN,Allemagne,Willy-Brandt-Platz 3,12529,https://all.accor.com/hotel/C710/index.fr.shtml,catalog_api,germany,STEIGENBERGER AIRPORT HOTEL BERLIN BIENTOT DISPONIBLE,BERLIN,germany,Allemagne,europe,missing
C6U5,C6U5,IntercityHotel Berlin Airport Terminal 1+2,ITC,ITC,BERLIN,Allemagne,"Willy-Brandt-Platz 5, 12529 Schönefeld",12529,https://all.accor.com/hotel/C6U5/index.fr.shtml,catalog_api,germany,INTERCITYHOTEL BERLIN AIRPORT TERMINAL 1 2,BERLIN,germany,Allemagne,europe,missing
C718,C718,IntercityHotel Berlin Hauptbahnhof - Ouverture prochaine,ITC,ITC,BERLIN,Allemagne,Am Seegraben 2,12529,https://all.accor.com/hotel/C718/index.fr.shtml,catalog_api,germany,INTERCITYHOTEL BERLIN HAUPTBAHNHOF OUVERTURE PROCHAINE,BERLIN,germany,Allemagne,europe,missing
C711,C711,Steigenberger Hotel Am Kanzleram - Bientôt disponible,STB,STB,BERLIN,Allemagne,Ella-Trebe-Strasse 5,10557,https://all.accor.com/hotel/C711/index.fr.shtml,catalog_api,germany,STEIGENBERGER HOTEL AM KANZLERAM BIENTOT DISPONIBLE,BERLIN,germany,Allemagne,europe,missing
C704,C704,IntercityHotel Berlin Airport Area North - Ouverture prochaine,ITC,ITC,BERLIN,Allemagne,"Am Seegraben 2, Schönefeld",12529,https://all.accor.com/hotel/C704/index.fr.shtml,catalog_api,germany,INTERCITYHOTEL BERLIN AIRPORT AREA NORTH OUVERTURE PROCHAINE,BERLIN,germany,Allemagne,europe,missing
B907,B907,ibis budget Berlin Airport,IBB,IBIS BUDGET,BERLIN,Allemagne,Schwalbenweg 47,12526,https://all.accor.com/hotel/B907/index.fr.shtml,catalog_api,germany,IBIS BUDGET BERLIN AIRPORT,BERLIN,germany,Allemagne,europe,missing
B913,B913,ibis Berlin Airport,IBH,IBIS,BERLIN,Allemagne,Schwalbenweg 47,12526,https://all.accor.com/hotel/B913/index.fr.shtml,catalog_api,germany,IBIS BERLIN AIRPORT,BERLIN,germany,Allemagne,europe,missing
C716,C716,IntercityHotel Berlin Ostbahnhof - Ouverture prochaine,ITC,ITC,BERLIN,Allemagne,Am Ostbahnhof 5,10243,https://all.accor.com/hotel/C716/index.fr.shtml,catalog_api,germany,INTERCITYHOTEL BERLIN OSTBAHNHOF OUVERTURE PROCHAINE,BERLIN,germany,Allemagne,europe,missing
B0C7,B0C7,25hours Hotel Duesseldorf Das Tour,TWF,25HOURS,DUSSELDORF,Allemagne,Louis-Pasteur-Platz 1,40211,https://all.accor.com/hotel/B0C7/index.fr.shtml,catalog_api,germany,25HOURS HOTEL DUESSELDORF DAS TOUR,DUSSELDORF,germany,Allemagne,europe,missing
B626,B626,ibis Styles Berlin Treptow,IBS,IBIS STYLES,BERLIN,Allemagne,Spreestrasse 14,12439,https://all.accor.com/hotel/B626/index.fr.shtml,catalog_api,germany,IBIS STYLES BERLIN TREPTOW,BERLIN,germany,Allemagne,europe,missing
C1T5,C1T5,TRIBE Düsseldorf,TRI,TRIBE,DÜSSELDORF,Allemagne,Graf Adolf Strasse 81 à 87,40215,https://all.accor.com/hotel/C1T5/index.fr.shtml,catalog_api,germany,TRIBE DUSSELDORF,DUSSELDORF,germany,Allemagne,europe,missing
C365,C365,MUZE Hotel Düsseldorf - Handwritten Collection,SOU,SOU,DUSSELDORF,Allemagne,"126, rue Prince Georg",40479,https://all.accor.com/hotel/C365/index.fr.shtml,catalog_api,germany,MUZE HOTEL DUSSELDORF HANDWRITTEN COLLECTION,DUSSELDORF,germany,Allemagne,europe,missing
B219,B219,Ibis Dusseldorf Airport,IBH,IBIS,DUESSELDORF,Allemagne,Wanheimer Strasse 80,40468,https://all.accor.com/hotel/B219/index.fr.shtml,catalog_api,germany,IBIS DUSSELDORF AIRPORT,DUESSELDORF,germany,Allemagne,europe,missing
B218,B218,Novotel Dusseldorf Airport,NOV,NOVOTEL,DÜSSELDORF,Allemagne,Wanheimerstrasse 78,40468,https://all.accor.com/hotel/B218/index.fr.shtml,catalog_api,germany,NOVOTEL DUSSELDORF AIRPORT,DUSSELDORF,germany,Allemagne,europe,missing
C7A6,C7A6,Steigenberger Icon Parkhotel Due - À venir,STI,STI,DUSSELDORF,Allemagne,Königsallee 1a,40212,https://all.accor.com/hotel/C7A6/index.fr.shtml,catalog_api,germany,STEIGENBERGER ICON PARKHOTEL DUE A VENIR,DUSSELDORF,germany,Allemagne,europe,missing
C720,C720,IntercityHotel Duisburg - Ouverture prochaine,ITC,ITC,DUISBURG,Allemagne,Mercatorstrasse 57,47051,https://all.accor.com/hotel/C720/index.fr.shtml,catalog_api,germany,INTERCITYHOTEL DUISBURG OUVERTURE PROCHAINE,DUISBURG,germany,Allemagne,europe,missing
C2M4,C2M4,ibis Styles Aalen,IBS,IBIS STYLES,AALEN,Allemagne,Friedrichstrasse 7,73430,https://all.accor.com/hotel/C2M4/index.fr.shtml,catalog_api,germany,IBIS STYLES AALEN,AALEN,germany,Allemagne,europe,missing
A003,A003,Mercure Hotel Duesseldorf Kaarst,MER,MERCURE,KAARST,Allemagne,Koenigsberger Strasse 20,41564,https://all.accor.com/hotel/A003/index.fr.shtml,catalog_api,germany,MERCURE HOTEL DUESSELDORF KAARST,KAARST,germany,Allemagne,europe,missing
B127,B127,ibis Styles Hamburg HafenCity (ouverture T4/2026),IBS,IBIS STYLES,HAMBURG,Allemagne,"San Francisco Strasse 7, Quartier d'Ubersee",20457,https://all.accor.com/hotel/B127/index.fr.shtml,catalog_api,germany,IBIS STYLES HAMBURG HAFENCITY OUVERTURE T4 2026,HAMBURG,germany,Allemagne,europe,missing
B129,B129,Novotel Hamburg HafenCity (Ouverture Q1/2027),NOV,NOVOTEL,HAMBOURG,Allemagne,"San Francisco Strasse 10, Ueberseequartier",20457,https://all.accor.com/hotel/B129/index.fr.shtml,catalog_api,germany,NOVOTEL HAMBURG HAFENCITY OUVERTURE Q1 2027,HAMBOURG,germany,Allemagne,europe,missing
B138,B138,25hours Hotel Hamburg HafenCity,TWF,25HOURS,HAMBOURG,Allemagne,Ueberseeallee 5,20457,https://all.accor.com/hotel/B138/index.fr.shtml,catalog_api,germany,25HOURS HOTEL HAMBURG HAFENCITY,HAMBOURG,germany,Allemagne,europe,missing
B140,B140,25hours Hotel Hamburg Altes Hafenamt,TWF,25HOURS,HAMBOURG,Allemagne,Osakaallee 12,20457,https://all.accor.com/hotel/B140/index.fr.shtml,catalog_api,germany,25HOURS HOTEL HAMBURG ALTES HAFENAMT,HAMBOURG,germany,Allemagne,europe,missing
B4C5,B4C5,Novotel Hamburg Central Station,NOV,NOVOTEL,HAMBOURG,Allemagne,Steinstrasse 1,20095,https://all.accor.com/hotel/B4C5/index.fr.shtml,catalog_api,germany,NOVOTEL HAMBURG CENTRAL STATION,HAMBOURG,germany,Allemagne,europe,missing
C780,C780,Steigenberger Hotel Hamburg - Ouverture prochaine,STB,STB,HAMBOURG,Allemagne,Heiligengeistbrücke 4,20459,https://all.accor.com/hotel/C780/index.fr.shtml,catalog_api,germany,STEIGENBERGER HOTEL HAMBURG OUVERTURE PROCHAINE,HAMBOURG,germany,Allemagne,europe,missing
A227,A227,ibis Regensburg Zentrum,IBH,IBIS,REGENSBURG,Allemagne,Weissenburgstrasse 30,93055,https://all.accor.com/hotel/A227/index.fr.shtml,catalog_api,germany,IBIS REGENSBURG ZENTRUM,REGENSBURG,germany,Allemagne,europe,missing
A228,A228,Novotel Regensburg Zentrum,NOV,NOVOTEL,REGENSBURG,Allemagne,Landshuterstrasse 27,93047,https://all.accor.com/hotel/A228/index.fr.shtml,catalog_api,germany,NOVOTEL REGENSBURG ZENTRUM,REGENSBURG,germany,Allemagne,europe,missing
C732,C732,IntercityHotel Hamburg-Hbf - Ouverture prochaine,ITC,ITC,HAMBOURG,Allemagne,Glockengiesserwall 14-15,20095,https://all.accor.com/hotel/C732/index.fr.shtml,catalog_api,germany,INTERCITYHOTEL HAMBURG HBF OUVERTURE PROCHAINE,HAMBOURG,germany,Allemagne,europe,missing
A595,A595,Fairmont Hotel Vier Jahreszeiten,FAI,FAIRMONT,HAMBOURG,Allemagne,Neuer Jungfernstieg 9 14,20354,https://all.accor.com/hotel/A595/index.fr.shtml,catalog_api,germany,FAIRMONT HOTEL VIER JAHRESZEITEN,HAMBOURG,germany,Allemagne,europe,missing
C731,C731,IntercityHotel Hamburg-Altona - Ouverture prochaine,ITC,ITC,HAMBURG,Allemagne,Paul Nevermann Platz 17,22765,https://all.accor.com/hotel/C731/index.fr.shtml,catalog_api,germany,INTERCITYHOTEL HAMBURG ALTONA OUVERTURE PROCHAINE,HAMBURG,germany,Allemagne,europe,missing
B655,B655,Aparthotel Adagio Access Hamburg,ADA,ADAGIO ACCESS,HAMBOURG,Allemagne,"Muehlendamm 66a, Porte d'entrée à Muehlendamm 62",22087,https://all.accor.com/hotel/B655/index.fr.shtml,catalog_api,germany,APARTHOTEL ADAGIO ACCESS HAMBURG,HAMBOURG,germany,Allemagne,europe,missing
C733,C733,IntercityHotel Hamburg Dammtor - Ouverture prochaine,ITC,ITC,HAMBURG,Allemagne,St.Petersburger Strasse 1,20355,https://all.accor.com/hotel/C733/index.fr.shtml,catalog_api,germany,INTERCITYHOTEL HAMBURG DAMMTOR OUVERTURE PROCHAINE,HAMBURG,germany,Allemagne,europe,missing
B4I2,B4I2,Mövenpick Hambourg,MOV,MÖVENPICK,HAMBOURG,Allemagne,Sternschanze 6,20357,https://all.accor.com/hotel/B4I2/index.fr.shtml,catalog_api,germany,MOVENPICK HAMBOURG,HAMBOURG,germany,Allemagne,europe,missing
B2A2,B2A2,ibis Styles Hamburg-Barmbek,IBS,IBIS STYLES,HAMBOURG,Allemagne,Fuhlsbüttler Strasse 32,22305,https://all.accor.com/hotel/B2A2/index.fr.shtml,catalog_api,germany,IBIS STYLES HAMBURG BARMBEK,HAMBOURG,germany,Allemagne,europe,missing
1659,1659,Mercure Hotel Hamburg am Volkspark,MER,MERCURE,HAMBURG,Allemagne,Albert Einstein Ring 2,22761,https://all.accor.com/hotel/1659/index.fr.shtml,catalog_api,germany,MERCURE HOTEL HAMBURG AM VOLKSPARK,HAMBURG,germany,Allemagne,europe,missing
C734,C734,IntercityHotel Hamburg Barmbek - Ouverture prochaine,ITC,ITC,HAMBURG,Allemagne,Fuhlsbüttler Strasse 101,22305,https://all.accor.com/hotel/C734/index.fr.shtml,catalog_api,germany,INTERCITYHOTEL HAMBURG BARMBEK OUVERTURE PROCHAINE,HAMBURG,germany,Allemagne,europe,missing
C736,C736,Zleep Hamburg Volkspark - Ouverture prochaine,ZLP,ZLP,HAMBURG,Allemagne,Farnhornstieg 8,22525,https://all.accor.com/hotel/C736/index.fr.shtml,catalog_api,germany,ZLEEP HAMBURG VOLKSPARK OUVERTURE PROCHAINE,HAMBURG,germany,Allemagne,europe,missing
A7M5,A7M5,Hôtel Mercure Stuttgart Zuffenhausen,MER,MERCURE,STUTTGART,Allemagne,Schuetzenbuehlstrasse 16,70435,https://all.accor.com/hotel/A7M5/index.fr.shtml,catalog_api,germany,HOTEL MERCURE STUTTGART ZUFFENHAUSEN,STUTTGART,germany,Allemagne,europe,missing
B842,B842,L'aparthotel Adagio Stuttgart Neckarpark,ADG,ADAGIO,STUTTGART,Allemagne,Lenore-Volz Street 15,70372,https://all.accor.com/hotel/B842/index.fr.shtml,catalog_api,germany,L APARTHOTEL ADAGIO STUTTGART NECKARPARK,STUTTGART,germany,Allemagne,europe,missing
C744,C744,IntercityHotel Ingolstadt - Ouverture prochaine,ITC,ITC,INGOLSTADT,Allemagne,Bahnhofstr. 6,85051,https://all.accor.com/hotel/C744/index.fr.shtml,catalog_api,germany,INTERCITYHOTEL INGOLSTADT OUVERTURE PROCHAINE,INGOLSTADT,germany,Allemagne,europe,missing
C776,C776,Jaz In The City Stuttgart - Ouverture prochaine,JAZ,JAZ,STUTTGART,Allemagne,Wolframstrasse 41,70191,https://all.accor.com/hotel/C776/index.fr.shtml,catalog_api,germany,JAZ IN THE CITY STUTTGART OUVERTURE PROCHAINE,STUTTGART,germany,Allemagne,europe,missing
C735,C735,Steigenberger Hotel Treudelberg - Bientôt disponible,STB,STB,HAMBOURG,Allemagne,Lemsahler Landstrasse 45,22397,https://all.accor.com/hotel/C735/index.fr.shtml,catalog_api,germany,STEIGENBERGER HOTEL TREUDELBERG BIENTOT DISPONIBLE,HAMBOURG,germany,Allemagne,europe,missing
B852,B852,Mercure Parkhotel Mönchengladbach,MER,MERCURE,MOENCHENGLADBACH,Allemagne,Hohenzollernstrasse 5,41061,https://all.accor.com/hotel/B852/index.fr.shtml,catalog_api,germany,MERCURE PARKHOTEL MONCHENGLADBACH,MOENCHENGLADBACH,germany,Allemagne,europe,missing
C775,C775,Steigenberger Hotel Graf Zeppelin Stuttgart - Bientôt disponible,STB,STB,STUTTGART,Allemagne,Arnulf-Klett-Platz 7,70173,https://all.accor.com/hotel/C775/index.fr.shtml,catalog_api,germany,STEIGENBERGER HOTEL GRAF ZEPPELIN STUTTGART BIENTOT DISPONIBLE,STUTTGART,germany,Allemagne,europe,missing
C772,C772,IntercityHotel Schwerin - Ouverture prochaine,ITC,ITC,SCHWERIN,Allemagne,Grunthalplatz 5-7,19053,https://all.accor.com/hotel/C772/index.fr.shtml,catalog_api,germany,INTERCITYHOTEL SCHWERIN OUVERTURE PROCHAINE,SCHWERIN,germany,Allemagne,europe,missing
C487,C487,Mercure Hotel Pforzheim,MER,MERCURE,PFORZHEIM,Allemagne,Stuttgarter street 55,75179,https://all.accor.com/hotel/C487/index.fr.shtml,catalog_api,germany,MERCURE HOTEL PFORZHEIM,PFORZHEIM,germany,Allemagne,europe,missing
3284,3284,ibis Stuttgart Centrum,IBH,IBIS,STUTTGART,Allemagne,Marienplatz 8-10,70178,https://all.accor.com/hotel/3284/index.fr.shtml,catalog_api,germany,IBIS STUTTGART CENTRUM,STUTTGART,germany,Allemagne,europe,missing
C746,C746,IntercityHotel Karlsruhe - Ouverture prochaine,ITC,ITC,KARLSRUHE,Allemagne,Victor-Gollancz-Strasse 1,76137,https://all.accor.com/hotel/C746/index.fr.shtml,catalog_api,germany,INTERCITYHOTEL KARLSRUHE OUVERTURE PROCHAINE,KARLSRUHE,germany,Allemagne,europe,missing
A9F7,A9F7,ibis Styles Pforzheim,IBS,IBIS STYLES,PFORZHEIM,Allemagne,Bleichstrasse 17,75173,https://all.accor.com/hotel/A9F7/index.fr.shtml,catalog_api,germany,IBIS STYLES PFORZHEIM,PFORZHEIM,germany,Allemagne,europe,missing
A6Q4,A6Q4,Ibis Styles Stuttgart Vaihingen,IBS,IBIS STYLES,STUTTGART,Allemagne,Ruppmannstrasse 20,70565,https://all.accor.com/hotel/A6Q4/index.fr.shtml,catalog_api,germany,IBIS STYLES STUTTGART VAIHINGEN,STUTTGART,germany,Allemagne,europe,missing
B3H4,B3H4,Aparthotel Adagio Access Stuttgart Airport Messe,ADA,ADAGIO ACCESS,LEINFELDEN-ECHTERDINGEN,Allemagne,Bertha Benz Platz 5,70771,https://all.accor.com/hotel/B3H4/index.fr.shtml,catalog_api,germany,APARTHOTEL ADAGIO ACCESS STUTTGART AIRPORT MESSE,LEINFELDEN ECHTERDINGEN,germany,Allemagne,europe,missing
B4T0,B4T0,Mövenpick Stuttgart Messe & Congress,MOV,MÖVENPICK,STUTTGART,Allemagne,Flughafenstrasse 43,70629,https://all.accor.com/hotel/B4T0/index.fr.shtml,catalog_api,germany,MOVENPICK STUTTGART MESSE CONGRESS,STUTTGART,germany,Allemagne,europe,missing
B4I4,B4I4,Hôtel Mövenpick Aéroport de Stuttgart,MOV,MÖVENPICK,STUTTGART,Allemagne,Flughafenstrasse 50,70629,https://all.accor.com/hotel/B4I4/index.fr.shtml,catalog_api,germany,HOTEL MOVENPICK AEROPORT DE STUTTGART,STUTTGART,germany,Allemagne,europe,missing
C5S6,C5S6,ibis Styles Lübeck (Ouverture avril 2027),IBS,IBIS STYLES,LUEBECK,Allemagne,Dr Luise Klinsmann Strasse 1-3,23558,https://all.accor.com/hotel/C5S6/index.fr.shtml,catalog_api,germany,IBIS STYLES LUBECK OUVERTURE AVRIL 2027,LUEBECK,germany,Allemagne,europe,missing
B740,B740,Hôtel Mercure Luebeck City Center,MER,MERCURE,LUBECK,Allemagne,Hansestrasse 3,23558,https://all.accor.com/hotel/B740/index.fr.shtml,catalog_api,germany,HOTEL MERCURE LUEBECK CITY CENTER,LUBECK,germany,Allemagne,europe,missing
C756,C756,IntercityHotel Luebeck - Ouverture prochaine,ITC,ITC,LUBECK,Allemagne,Konrad-Adenauer Strasse 1a,23558,https://all.accor.com/hotel/C756/index.fr.shtml,catalog_api,germany,INTERCITYHOTEL LUEBECK OUVERTURE PROCHAINE,LUBECK,germany,Allemagne,europe,missing
B7A9,B7A9,TRIBE Baden-Baden,TRI,TRIBE,BADE-BADEN,Allemagne,Rotenbachtalstrasse 1,76530,https://all.accor.com/hotel/B7A9/index.fr.shtml,catalog_api,germany,TRIBE BADEN BADEN,BADE BADEN,germany,Allemagne,europe,missing
C7A4,C7A4,Steigenberger Icon Europaeischer H Baden-Baden - À venir,STI,STI,BADEN BADEN,Allemagne,Kaiserallee 2,76530,https://all.accor.com/hotel/C7A4/index.fr.shtml,catalog_api,germany,STEIGENBERGER ICON EUROPAEISCHER H BADEN BADEN A VENIR,BADEN BADEN,germany,Allemagne,europe,missing
B1T8,B1T8,Hôtel ibis Landshut City,IBH,IBIS,LANDSHUT,Allemagne,Bahnhofplatz 2,84032,https://all.accor.com/hotel/B1T8/index.fr.shtml,catalog_api,germany,HOTEL IBIS LANDSHUT CITY,LANDSHUT,germany,Allemagne,europe,missing
A0Q8,A0Q8,Mercure Hotel Munich Airport Freising,MER,MERCURE,FREISING,Allemagne,Dr-von-Daller-Str 1-3,85356,https://all.accor.com/hotel/A0Q8/index.fr.shtml,catalog_api,germany,MERCURE HOTEL MUNICH AIRPORT FREISING,FREISING,germany,Allemagne,europe,missing
B1M9,B1M9,ibis Styles Munich Airport - récemment ouvert,IBS,IBIS STYLES,MUNICH,Allemagne,Nordallee 31,85356,https://all.accor.com/hotel/B1M9/index.fr.shtml,catalog_api,germany,IBIS STYLES MUNICH AIRPORT RECEMMENT OUVERT,MUNICH,germany,Allemagne,europe,missing
C790,C790,IntercityHotel Saarbruecken - A venir,ITC,ITC,SAARBRUCKEN,Allemagne,Hafenstrasse 25,66111,https://all.accor.com/hotel/C790/index.fr.shtml,catalog_api,germany,INTERCITYHOTEL SAARBRUECKEN A VENIR,SAARBRUCKEN,germany,Allemagne,europe,missing
A061,A061,Ibis München Airport Süd,IBH,IBIS,HALLBERGMOOS,Allemagne,Ludwigstrasse 42,85399,https://all.accor.com/hotel/A061/index.fr.shtml,catalog_api,germany,IBIS MUNCHEN AIRPORT SUD,HALLBERGMOOS,germany,Allemagne,europe,missing
B4H9,B4H9,Mövenpick Munich Aéroport,MOV,MÖVENPICK,HALLBERGMOOS,Allemagne,Ludwigstrasse 43,85399,https://all.accor.com/hotel/B4H9/index.fr.shtml,catalog_api,germany,MOVENPICK MUNICH AEROPORT,HALLBERGMOOS,germany,Allemagne,europe,missing
C1H0,C1H0,Atomis Hotel Munich Airport by Mercure,BME,BME,OBERDING,Allemagne,Freisinger Strasse 80,85445,https://all.accor.com/hotel/C1H0/index.fr.shtml,catalog_api,germany,ATOMIS HOTEL MUNICH AIRPORT BY MERCURE,OBERDING,germany,Allemagne,europe,missing
C765,C765,Steigenberger Hotel Muenchen - Ouverture prochaine,STB,STB,MUNCHEN,Allemagne,Berliner Strasse 85,80805,https://all.accor.com/hotel/C765/index.fr.shtml,catalog_api,germany,STEIGENBERGER HOTEL MUENCHEN OUVERTURE PROCHAINE,MUNCHEN,germany,Allemagne,europe,missing
C769,C769,IntercityHotel Rostock - Ouverture prochaine,ITC,ITC,ROSTOCK,Allemagne,Herweghstrasse 51,18055,https://all.accor.com/hotel/C769/index.fr.shtml,catalog_api,germany,INTERCITYHOTEL ROSTOCK OUVERTURE PROCHAINE,ROSTOCK,germany,Allemagne,europe,missing
1450,1450,ibis Muenchen City,IBH,IBIS,MUNICH,Allemagne,Dachauer Strasse 21,80335,https://all.accor.com/hotel/1450/index.fr.shtml,catalog_api,germany,IBIS MUENCHEN CITY,MUNICH,germany,Allemagne,europe,missing
B0C8,B0C8,25hours Hotel Munich The Royal Bavarian,TWF,25HOURS,MUNICH,Allemagne,Bahnhofplatz 1,80335,https://all.accor.com/hotel/B0C8/index.fr.shtml,catalog_api,germany,25HOURS HOTEL MUNICH THE ROYAL BAVARIAN,MUNICH,germany,Allemagne,europe,missing
C749,C749,IntercityHotel Kiel - Ouverture prochaine,ITC,ITC,KIEL,Allemagne,Kaistrasse 54-56,24114,https://all.accor.com/hotel/C749/index.fr.shtml,catalog_api,germany,INTERCITYHOTEL KIEL OUVERTURE PROCHAINE,KIEL,germany,Allemagne,europe,missing
B547,B547,ibis Styles Munich Perlach,IBS,IBIS STYLES,MUNICH,Allemagne,Thomas Dehler Rue 13,81737,https://all.accor.com/hotel/B547/index.fr.shtml,catalog_api,germany,IBIS STYLES MUNICH PERLACH,MUNICH,germany,Allemagne,europe,missing
C748,C748,Steigenberger Hôtel Conti Hansa Kiel - Bientôt disponible,STB,STB,KIEL,Allemagne,Schlossgarten 7,24103,https://all.accor.com/hotel/C748/index.fr.shtml,catalog_api,germany,STEIGENBERGER HOTEL CONTI HANSA KIEL BIENTOT DISPONIBLE,KIEL,germany,Allemagne,europe,missing
C524,C524,ibis Styles Rosenheim,IBS,IBIS STYLES,ROSENHEIM,Allemagne,3 Brixstrasse,83022,https://all.accor.com/hotel/C524/index.fr.shtml,catalog_api,germany,IBIS STYLES ROSENHEIM,ROSENHEIM,germany,Allemagne,europe,missing
B7U6,B7U6,Ibis Styles Friedrichshafen,IBS,IBIS STYLES,FRIEDRICHSHAFEN,Allemagne,"Fallenbrunnen 15,1",88045,https://all.accor.com/hotel/B7U6/index.fr.shtml,catalog_api,germany,IBIS STYLES FRIEDRICHSHAFEN,FRIEDRICHSHAFEN,germany,Allemagne,europe,missing
B8L8,B8L8,ibis Budget Singen,IBB,IBIS BUDGET,SINGEN,Allemagne,Maggistrasse 11,78244,https://all.accor.com/hotel/B8L8/index.fr.shtml,catalog_api,germany,IBIS BUDGET SINGEN,SINGEN,germany,Allemagne,europe,missing
B8L6,B8L6,ibis Styles Singen,IBS,IBIS STYLES,SINGEN,Allemagne,Maggistrasse 9 - 11,78224,https://all.accor.com/hotel/B8L6/index.fr.shtml,catalog_api,germany,IBIS STYLES SINGEN,SINGEN,germany,Allemagne,europe,missing
B1A2,B1A2,Aparthotel Adagio Access Freiburg,ADA,ADAGIO ACCESS,FRIBOURG,Allemagne,Eugen Martin Strasse 1,79106,https://all.accor.com/hotel/B1A2/index.fr.shtml,catalog_api,germany,APARTHOTEL ADAGIO ACCESS FREIBURG,FRIBOURG,germany,Allemagne,europe,missing
C739,C739,Steigenberger Grandhotel et Spa Heringsdorf - Bientôt disponible,STB,STB,HERINGSDORF,Allemagne,Liehrstrasse 11,17424,https://all.accor.com/hotel/C739/index.fr.shtml,catalog_api,germany,STEIGENBERGER GRANDHOTEL ET SPA HERINGSDORF BIENTOT DISPONIBLE,HERINGSDORF,germany,Allemagne,europe,missing
C751,C751,Steigenberger Inselhotel Konstanz - Ouverture prochaine,STB,STB,KONSTANZ,Allemagne,Auf der Insel 1,78462,https://all.accor.com/hotel/C751/index.fr.shtml,catalog_api,germany,STEIGENBERGER INSELHOTEL KONSTANZ OUVERTURE PROCHAINE,KONSTANZ,germany,Allemagne,europe,missing
B3X9,B3X9,Ibis Styles Bad Reichenhall,IBS,IBIS STYLES,BAD REICHENHALL,Allemagne,Ludwigstrasse 35,83435,https://all.accor.com/hotel/B3X9/index.fr.shtml,catalog_api,germany,IBIS STYLES BAD REICHENHALL,BAD REICHENHALL,germany,Allemagne,europe,missing
B9D8,B9D8,"The Hoxton, Edimbourg",HOX,HOX,EDIMBOURG,Royaume-Uni,"5, 21 RUE GROSVENOR",EH12 5EF,https://all.accor.com/hotel/B9D8/index.fr.shtml,catalog_api,united kingdom,THE HOXTON EDIMBOURG,EDIMBOURG,united-kingdom,Royaume-Uni,europe,missing
B472,B472,Aparthotel Adagio Glasgow Central,ADG,ADAGIO,GLASGOW,Royaume-Uni,5 DIXON STREET,G14AL,https://all.accor.com/hotel/B472/index.fr.shtml,catalog_api,united kingdom,APARTHOTEL ADAGIO GLASGOW CENTRAL,GLASGOW,united-kingdom,Royaume-Uni,europe,missing
B1C4,B1C4,ibis Styles Glasgow Central,IBS,IBIS STYLES,GLASGOW,Royaume-Uni,"Douglas House, 116 Waterloo Street",G2 7DN,https://all.accor.com/hotel/B1C4/index.fr.shtml,catalog_api,united kingdom,IBIS STYLES GLASGOW CENTRAL,GLASGOW,united-kingdom,Royaume-Uni,europe,missing
A5A5,A5A5,Fairmont St Andrews,FAI,FAIRMONT,ST ANDREWS,Royaume-Uni,ST ANDREWS,KY16 8PN,https://all.accor.com/hotel/A5A5/index.fr.shtml,catalog_api,united kingdom,FAIRMONT ST ANDREWS,ST ANDREWS,united-kingdom,Royaume-Uni,europe,missing
1118,1118,Novotel Newcastle Airport,NOV,NOVOTEL,NEWCASTLE,Royaume-Uni,"Ponteland Road Kenton, NEWCASTLE UPON TYNE",NE3 3HZ,https://all.accor.com/hotel/1118/index.fr.shtml,catalog_api,united kingdom,NOVOTEL NEWCASTLE AIRPORT,NEWCASTLE,united-kingdom,Royaume-Uni,europe,missing
C1D0,C1D0,ibis Coleraine Riverside,IBH,IBIS,COLERAINE,Royaume-Uni,"3 Riverside Park North, Coleraine",BT51 3GE,https://all.accor.com/hotel/C1D0/index.fr.shtml,catalog_api,united kingdom,IBIS COLERAINE RIVERSIDE,COLERAINE,united-kingdom,Royaume-Uni,europe,missing
A0H8,A0H8,Mercure Aberdeen Caledonian Hotel,MER,MERCURE,ABERDEEN,Royaume-Uni,10 14 Union Terrace,AB101WE,https://all.accor.com/hotel/A0H8/index.fr.shtml,catalog_api,united kingdom,MERCURE ABERDEEN CALEDONIAN HOTEL,ABERDEEN,united-kingdom,Royaume-Uni,europe,missing
A0H4,A0H4,Mercure Haydock Hotel,MER,MERCURE,HAYDOCK,Royaume-Uni,"Penny, LANE",WA119SG,https://all.accor.com/hotel/A0H4/index.fr.shtml,catalog_api,united kingdom,MERCURE HAYDOCK HOTEL,HAYDOCK,united-kingdom,Royaume-Uni,europe,missing
B4Z1,B4Z1,Mercure St Helens,MER,MERCURE,ST HELENS,Royaume-Uni,"Linkway West, St Helens, Merseyside",WA101NG,https://all.accor.com/hotel/B4Z1/index.fr.shtml,catalog_api,united kingdom,MERCURE ST HELENS,ST HELENS,united-kingdom,Royaume-Uni,europe,missing
B9E8,B9E8,The Municipal Hotel & Spa Liverpool - MGallery Collection,MGA,MGALLERY,LIVERPOOL,Royaume-Uni,"Bâtiment municipal, Dale Street",L2 2DH,https://all.accor.com/hotel/B9E8/index.fr.shtml,catalog_api,united kingdom,THE MUNICIPAL HOTEL SPA LIVERPOOL MGALLERY COLLECTION,LIVERPOOL,united-kingdom,Royaume-Uni,europe,missing
B737,B737,Novotel Liverpool Paddington Village,NOV,NOVOTEL,LIVERPOOL,Royaume-Uni,"3 Paddington Village, Off Grove Street",L7 3FA,https://all.accor.com/hotel/B737/index.fr.shtml,catalog_api,united kingdom,NOVOTEL LIVERPOOL PADDINGTON VILLAGE,LIVERPOOL,united-kingdom,Royaume-Uni,europe,missing
B671,B671,ibis Wakefield East-Castleford,IBH,IBIS,WAKEFIELD,Royaume-Uni,"Pioneer Way, Castleford",WF105TG,https://all.accor.com/hotel/B671/index.fr.shtml,catalog_api,united kingdom,IBIS WAKEFIELD EAST CASTLEFORD,WAKEFIELD,united-kingdom,Royaume-Uni,europe,missing
B2V5,B2V5,ibis Budget Manchester Airport,IBB,IBIS BUDGET,AÉROPORT DE MANCHESTER,Royaume-Uni,"3 Palma Avenue, Manchester Airport",M90 4ZY,https://all.accor.com/hotel/B2V5/index.fr.shtml,catalog_api,united kingdom,IBIS BUDGET MANCHESTER AIRPORT,AEROPORT DE MANCHESTER,united-kingdom,Royaume-Uni,europe,missing
B731,B731,TRIBE Manchester Airport,TRI,TRIBE,MANCHESTER,Royaume-Uni,"Chicago Avenue, Manchester Airport",M90 3AH,https://all.accor.com/hotel/B731/index.fr.shtml,catalog_api,united kingdom,TRIBE MANCHESTER AIRPORT,MANCHESTER,united-kingdom,Royaume-Uni,europe,missing
C169,C169,Fairmont Cheshire The Mere,FAI,FAIRMONT,KNUTSFORD,Royaume-Uni,"Chester Road, Mere",WA16 6LJ,https://all.accor.com/hotel/C169/index.fr.shtml,catalog_api,united kingdom,FAIRMONT CHESHIRE THE MERE,KNUTSFORD,united-kingdom,Royaume-Uni,europe,missing
B4Y6,B4Y6,Mercure Barnsley Tankersley Manor Hotel,MER,MERCURE,BARNSLEY,Royaume-Uni,"Church Lane, Tankerlsey",S753DQ,https://all.accor.com/hotel/B4Y6/index.fr.shtml,catalog_api,united kingdom,MERCURE BARNSLEY TANKERSLEY MANOR HOTEL,BARNSLEY,united-kingdom,Royaume-Uni,europe,missing
C6S1,C6S1,The Queen at Chester Hotel - Handwritten Collection,SOU,SOU,CHESTER,Royaume-Uni,52 City Road,CH1 3AH,https://all.accor.com/hotel/C6S1/index.fr.shtml,catalog_api,united kingdom,THE QUEEN AT CHESTER HOTEL HANDWRITTEN COLLECTION,CHESTER,united-kingdom,Royaume-Uni,europe,missing
A099,A099,Hôtel Mercure Doncaster Centre Danum,MER,MERCURE,DONCASTER,Royaume-Uni,High Street,DN11DN,https://all.accor.com/hotel/A099/index.fr.shtml,catalog_api,united kingdom,HOTEL MERCURE DONCASTER CENTRE DANUM,DONCASTER,united-kingdom,Royaume-Uni,europe,missing
B4D2,B4D2,ibis Budget Sheffield Centre St Marys Gate,IBB,IBIS BUDGET,SHEFFIELD,Royaume-Uni,"Velocity Tower, 10A St Marys Gate",S1 4LR,https://all.accor.com/hotel/B4D2/index.fr.shtml,catalog_api,united kingdom,IBIS BUDGET SHEFFIELD CENTRE ST MARYS GATE,SHEFFIELD,united-kingdom,Royaume-Uni,europe,missing
B4D3,B4D3,Mercure Sheffield Kenwood Hall & Spa,MER,MERCURE,SHEFFIELD,Royaume-Uni,"Kenwood Hall Hotel & SPa, Kenwood Road",S7 1NQ,https://all.accor.com/hotel/B4D3/index.fr.shtml,catalog_api,united kingdom,MERCURE SHEFFIELD KENWOOD HALL SPA,SHEFFIELD,united-kingdom,Royaume-Uni,europe,missing
B540,B540,Mercure Nottingham Sherwood Hotel,MER,MERCURE,NOTTINGHAM,Royaume-Uni,296 Mansfield Road,NG52BT,https://all.accor.com/hotel/B540/index.fr.shtml,catalog_api,united kingdom,MERCURE NOTTINGHAM SHERWOOD HOTEL,NOTTINGHAM,united-kingdom,Royaume-Uni,europe,missing
B537,B537,Hôtel Mercure Telford Centre,MER,MERCURE,TELFORD,Royaume-Uni,"Forge Gate, Telford Centre",TF3 4NA,https://all.accor.com/hotel/B537/index.fr.shtml,catalog_api,united kingdom,HOTEL MERCURE TELFORD CENTRE,TELFORD,united-kingdom,Royaume-Uni,europe,missing
B9J6,B9J6,ibis Styles Burton Upon Trent - Hôtel & Suites,IBS,IBIS STYLES,BURTON ON TRENT,Royaume-Uni,"Centrum 100, Second Avenue",DE14 2WF,https://all.accor.com/hotel/B9J6/index.fr.shtml,catalog_api,united kingdom,IBIS STYLES BURTON UPON TRENT HOTEL SUITES,BURTON ON TRENT,united-kingdom,Royaume-Uni,europe,missing
B538,B538,Mercure Birmingham West Hotel,MER,MERCURE,WEST BROMWICH,Royaume-Uni,Birmingham Road,B70 6TU,https://all.accor.com/hotel/B538/index.fr.shtml,catalog_api,united kingdom,MERCURE BIRMINGHAM WEST HOTEL,WEST BROMWICH,united-kingdom,Royaume-Uni,europe,missing
5678,5678,ibis budget Birmingham Centre,IBB,IBIS BUDGET,BIRMINGHAM,Royaume-Uni,1 Great Colmore Street,B15 2AP,https://all.accor.com/hotel/5678/index.fr.shtml,catalog_api,united kingdom,IBIS BUDGET BIRMINGHAM CENTRE,BIRMINGHAM,united-kingdom,Royaume-Uni,europe,missing
A9P4,A9P4,Novotel Leicester,NOV,NOVOTEL,LEICESTER,Royaume-Uni,2 Great Central Square,LE1 4JS,https://all.accor.com/hotel/A9P4/index.fr.shtml,catalog_api,united kingdom,NOVOTEL LEICESTER,LEICESTER,united-kingdom,Royaume-Uni,europe,missing
2094,2094,ibis Coventry South,IBH,IBIS,COVENTRY,Royaume-Uni,"Whitley Buisness Park, Whitley Business park, Abbey road (off leaf lane)",CV3 4LF,https://all.accor.com/hotel/2094/index.fr.shtml,catalog_api,united kingdom,IBIS COVENTRY SOUTH,COVENTRY,united-kingdom,Royaume-Uni,europe,missing
A0I0,A0I0,Mercure Daventry Court Hotel,MER,MERCURE,DAVENTRY,Royaume-Uni,Sedgemoor Way,NN110SG,https://all.accor.com/hotel/A0I0/index.fr.shtml,catalog_api,united kingdom,MERCURE DAVENTRY COURT HOTEL,DAVENTRY,united-kingdom,Royaume-Uni,europe,missing
C0W3,C0W3,Mercure Northampton,MER,MERCURE,NORTHAMPTON,Royaume-Uni,Silver street,NN1 2TA,https://all.accor.com/hotel/C0W3/index.fr.shtml,catalog_api,united kingdom,MERCURE NORTHAMPTON,NORTHAMPTON,united-kingdom,Royaume-Uni,europe,missing
3272,3272,Novotel Milton Keynes,NOV,NOVOTEL,MILTON KEYNES,Royaume-Uni,"Saxon Street, Layburn Court, Heelands, Milton Keynes",MK13 7RA,https://all.accor.com/hotel/3272/index.fr.shtml,catalog_api,united kingdom,NOVOTEL MILTON KEYNES,MILTON KEYNES,united-kingdom,Royaume-Uni,europe,missing
B541,B541,Hôtel Mercure Bedford Centre,MER,MERCURE,BEDFORD,Royaume-Uni,2 St Marys Street,MK42 0AR,https://all.accor.com/hotel/B541/index.fr.shtml,catalog_api,united kingdom,HOTEL MERCURE BEDFORD CENTRE,BEDFORD,united-kingdom,Royaume-Uni,europe,missing
B3G0,B3G0,Mercure Newport,MER,MERCURE,NEWPORT,Royaume-Uni,"Chartist Tower, Upper Dock Street",NP201DW,https://all.accor.com/hotel/B3G0/index.fr.shtml,catalog_api,united kingdom,MERCURE NEWPORT,NEWPORT,united-kingdom,Royaume-Uni,europe,missing
B2Z3,B2Z3,Novotel Cambridge North,NOV,NOVOTEL,CAMBRIDGE,Royaume-Uni,"2, Cambridge Square",CB4 0AE,https://all.accor.com/hotel/B2Z3/index.fr.shtml,catalog_api,united kingdom,NOVOTEL CAMBRIDGE NORTH,CAMBRIDGE,united-kingdom,Royaume-Uni,europe,missing
B6P4,B6P4,Mercure Oxford Hawkwell House Hotel,MER,MERCURE,OXFORD,Royaume-Uni,"Church Way, Iffley Village",OX4 4DZ,https://all.accor.com/hotel/B6P4/index.fr.shtml,catalog_api,united kingdom,MERCURE OXFORD HAWKWELL HOUSE HOTEL,OXFORD,united-kingdom,Royaume-Uni,europe,missing
B539,B539,Mercure Cardiff,MER,MERCURE,CARDIFF,Royaume-Uni,"Circle Way East, Llanedeyrn",CF239XF,https://all.accor.com/hotel/B539/index.fr.shtml,catalog_api,united kingdom,MERCURE CARDIFF,CARDIFF,united-kingdom,Royaume-Uni,europe,missing
A7X0,A7X0,ibis budget Swindon Centre-ville,IBB,IBIS BUDGET,SWINDON,Royaume-Uni,1 Henry Street,SN1 5BX,https://all.accor.com/hotel/A7X0/index.fr.shtml,catalog_api,united kingdom,IBIS BUDGET SWINDON CENTRE VILLE,SWINDON,united-kingdom,Royaume-Uni,europe,missing
A7X1,A7X1,Mercure Thame Lambert Hotel,MER,MERCURE,WATLINGTON,Royaume-Uni,"London Road, Aston Rowant, Watlington",OX49 5SQ,https://all.accor.com/hotel/A7X1/index.fr.shtml,catalog_api,united kingdom,MERCURE THAME LAMBERT HOTEL,WATLINGTON,united-kingdom,Royaume-Uni,europe,missing
C4R2,C4R2,"Lucknam Park, Emblems Collection",EMB,EMB,CHIPPENHAM,Royaume-Uni,"Lucknam Park, Colerne",SN14 8AZ,https://all.accor.com/hotel/C4R2/index.fr.shtml,catalog_api,united kingdom,LUCKNAM PARK EMBLEMS COLLECTION,CHIPPENHAM,united-kingdom,Royaume-Uni,europe,missing
B0N4,B0N4,Novotel London Stansted Airport,NOV,NOVOTEL,STANSTED,Royaume-Uni,Round Coppice Road,CM24 1SF,https://all.accor.com/hotel/B0N4/index.fr.shtml,catalog_api,united kingdom,NOVOTEL LONDON STANSTED AIRPORT,STANSTED,united-kingdom,Royaume-Uni,europe,missing
6186,6186,ibis Londres Elstree Borehamwood,IBH,IBIS,LONDRES,Royaume-Uni,"Elstree Way, Borehamwood",WD6 1JY,https://all.accor.com/hotel/6186/index.fr.shtml,catalog_api,united kingdom,IBIS LONDRES ELSTREE BOREHAMWOOD,LONDRES,united-kingdom,Royaume-Uni,europe,missing
B3X3,B3X3,Mercure Newbury West Grange Hotel,MER,MERCURE,BERKSHIRE,Royaume-Uni,"Coxs Lane, Bath Road, Midgham",RG75UP,https://all.accor.com/hotel/B3X3/index.fr.shtml,catalog_api,united kingdom,MERCURE NEWBURY WEST GRANGE HOTEL,BERKSHIRE,united-kingdom,Royaume-Uni,europe,missing
B542,B542,The Harlow Hotel By Accor,SAM,SAM,HARLOW,Royaume-Uni,Southern Way,CM18 7BA,https://all.accor.com/hotel/B542/index.fr.shtml,catalog_api,united kingdom,THE HARLOW HOTEL BY ACCOR,HARLOW,united-kingdom,Royaume-Uni,europe,missing
B670,B670,ibis Bridgwater,IBH,IBIS,BRIDGWATER,Royaume-Uni,"Woodlands Court Business Park, Bristol Road",TA64FJ,https://all.accor.com/hotel/B670/index.fr.shtml,catalog_api,united kingdom,IBIS BRIDGWATER,BRIDGWATER,united-kingdom,Royaume-Uni,europe,missing
B773,B773,Fairmont Windsor Park,FAI,FAIRMONT,ENGLEFIELD GREEN,Royaume-Uni,Bishopsgate Road,TW20 0YL,https://all.accor.com/hotel/B773/index.fr.shtml,catalog_api,united kingdom,FAIRMONT WINDSOR PARK,ENGLEFIELD GREEN,united-kingdom,Royaume-Uni,europe,missing
B987,B987,ibis budget London Heathrow Central,IBB,IBIS BUDGET,HOUNSLOW,Royaume-Uni,"700 Bath Road, Hertz House, Cranford",TW5 9TW,https://all.accor.com/hotel/B987/index.fr.shtml,catalog_api,united kingdom,IBIS BUDGET LONDON HEATHROW CENTRAL,HOUNSLOW,united-kingdom,Royaume-Uni,europe,missing
A697,A697,Aparthotel Adagio London Brentford,ADG,ADAGIO,LONDRES,Royaume-Uni,"Tour Key Eye, Ealing Road, Brentford",TW8 0FL,https://all.accor.com/hotel/A697/index.fr.shtml,catalog_api,united kingdom,APARTHOTEL ADAGIO LONDON BRENTFORD,LONDRES,united-kingdom,Royaume-Uni,europe,missing
A002,A002,Mercure London Hyde Park Hotel,MER,MERCURE,LONDRES,Royaume-Uni,"8-14 Talbot Square, Paddington",W2 1TS,https://all.accor.com/hotel/A002/index.fr.shtml,catalog_api,united kingdom,MERCURE LONDON HYDE PARK HOTEL,LONDRES,united-kingdom,Royaume-Uni,europe,missing
B5D4,B5D4,"Sanderson London, un hôtel Morgans Originals",TOR,TOR,LONDRES,Royaume-Uni,50 Berners Street,W1T 3NG,https://all.accor.com/hotel/B5D4/index.fr.shtml,catalog_api,united kingdom,SANDERSON LONDON UN HOTEL MORGANS ORIGINALS,LONDRES,united-kingdom,Royaume-Uni,europe,missing
B1C5,B1C5,ibis Styles London Gloucester Road,IBS,IBIS STYLES,LONDRES,Royaume-Uni,110 Cromwell Road,SW74ES,https://all.accor.com/hotel/B1C5/index.fr.shtml,catalog_api,united kingdom,IBIS STYLES LONDON GLOUCESTER ROAD,LONDRES,united-kingdom,Royaume-Uni,europe,missing
B5D3,B5D3,"St Martins Lane London, un hôtel Morgans Originals",TOR,TOR,LONDRES,Royaume-Uni,45 St. Martins Lane,WC2N 4HX,https://all.accor.com/hotel/B5D3/index.fr.shtml,catalog_api,united kingdom,ST MARTINS LANE LONDON UN HOTEL MORGANS ORIGINALS,LONDRES,united-kingdom,Royaume-Uni,europe,missing
B938,B938,Hyde London City,HYD,HYDE,LONDRES,Royaume-Uni,15 Old Bailey,EC4M 7EF,https://all.accor.com/hotel/B938/index.fr.shtml,catalog_api,united kingdom,HYDE LONDON CITY,LONDRES,united-kingdom,Royaume-Uni,europe,missing
A597,A597,The Savoy - A Fairmont Hotel,FAI,FAIRMONT,LONDRES,Royaume-Uni,Strand,WC2R 0EZ,https://all.accor.com/hotel/A597/index.fr.shtml,catalog_api,united kingdom,THE SAVOY A FAIRMONT HOTEL,LONDRES,united-kingdom,Royaume-Uni,europe,missing
C0V5,C0V5,Mercure London Earls Court,MER,MERCURE,LONDRES,Royaume-Uni,47 Lillie Rue,SW6 1UD,https://all.accor.com/hotel/C0V5/index.fr.shtml,catalog_api,united kingdom,MERCURE LONDON EARLS COURT,LONDRES,united-kingdom,Royaume-Uni,europe,missing
B1C0,B1C0,Raffles London at The OWO,RAF,RAFFLES,LONDRES,Royaume-Uni,57 Whitehall,SW1A 2BX,https://all.accor.com/hotel/B1C0/index.fr.shtml,catalog_api,united kingdom,RAFFLES LONDON AT THE OWO,LONDRES,united-kingdom,Royaume-Uni,europe,missing
B0I5,B0I5,Aparthotel Adagio Londres City East,ADG,ADAGIO,LONDRES,Royaume-Uni,100 WHITECHAPEL ROAD,E11JG,https://all.accor.com/hotel/B0I5/index.fr.shtml,catalog_api,united kingdom,APARTHOTEL ADAGIO LONDRES CITY EAST,LONDRES,united-kingdom,Royaume-Uni,europe,missing
3188,3188,ibis budget Londres Barking,IBB,IBIS BUDGET,BARKING,Royaume-Uni,"Highbridge Road, Essex",IG11 7BA,https://all.accor.com/hotel/3188/index.fr.shtml,catalog_api,united kingdom,IBIS BUDGET LONDRES BARKING,BARKING,united-kingdom,Royaume-Uni,europe,missing
A070,A070,ibis London Canning Town,IBH,IBIS,LONDRES,Royaume-Uni,8 Silvertown Way,E16 1ED,https://all.accor.com/hotel/A070/index.fr.shtml,catalog_api,united kingdom,IBIS LONDON CANNING TOWN,LONDRES,united-kingdom,Royaume-Uni,europe,missing
C007,C007,TRIBE London Canary Wharf,TRI,TRIBE,LONDRES,Royaume-Uni,15 Water Street,E14 5GX,https://all.accor.com/hotel/C007/index.fr.shtml,catalog_api,united kingdom,TRIBE LONDON CANARY WHARF,LONDRES,united-kingdom,Royaume-Uni,europe,missing
B5V6,B5V6,Aparthotel Adagio London Sutton Point,ADG,ADAGIO,LONDRES,Royaume-Uni,"8 Sutton Plaza, Sutton",SM14FS,https://all.accor.com/hotel/B5V6/index.fr.shtml,catalog_api,united kingdom,APARTHOTEL ADAGIO LONDON SUTTON POINT,LONDRES,united-kingdom,Royaume-Uni,europe,missing
B5J1,B5J1,ibis London Sutton Point,IBH,IBIS,LONDON,Royaume-Uni,"8 Sutton Plaza, Sutton Ct Road, Sutton",SM1 4FS,https://all.accor.com/hotel/B5J1/index.fr.shtml,catalog_api,united kingdom,IBIS LONDON SUTTON POINT,LONDON,united-kingdom,Royaume-Uni,europe,missing
C0W4,C0W4,Mercure Thurrock Stifford Hall,MER,MERCURE,GRAYS,Royaume-Uni,"High Road, North Stifford",RM16 5UE,https://all.accor.com/hotel/C0W4/index.fr.shtml,catalog_api,united kingdom,MERCURE THURROCK STIFFORD HALL,GRAYS,united-kingdom,Royaume-Uni,europe,missing
C5Z1,C5Z1,Old Thorns Golf Resort and Spa Hampshire by Accor,SAM,SAM,LIPHOOK,Royaume-Uni,"Longmoor Road, Griggs Green",GU30 7PE,https://all.accor.com/hotel/C5Z1/index.fr.shtml,catalog_api,united kingdom,OLD THORNS GOLF RESORT AND SPA HAMPSHIRE BY ACCOR,LIPHOOK,united-kingdom,Royaume-Uni,europe,missing
A0I7,A0I7,Mercure Dartford Brands Hatch Hotel & Spa,MER,MERCURE,DARTFORD,Royaume-Uni,Brands Hatch,DA3 8PE,https://all.accor.com/hotel/A0I7/index.fr.shtml,catalog_api,united kingdom,MERCURE DARTFORD BRANDS HATCH HOTEL SPA,DARTFORD,united-kingdom,Royaume-Uni,europe,missing
1889,1889,ibis Styles London Gatwick Airport,IBS,IBIS STYLES,GATWICK,Royaume-Uni,"London Road, County Oak",RH10 9GY,https://all.accor.com/hotel/1889/index.fr.shtml,catalog_api,united kingdom,IBIS STYLES LONDON GATWICK AIRPORT,GATWICK,united-kingdom,Royaume-Uni,europe,missing
B8Q3,B8Q3,ibis Styles Bournemouth,IBS,IBIS STYLES,BOURNEMOUTH,Royaume-Uni,16 Gervis Road,BH13EQ,https://all.accor.com/hotel/B8Q3/index.fr.shtml,catalog_api,united kingdom,IBIS STYLES BOURNEMOUTH,BOURNEMOUTH,united-kingdom,Royaume-Uni,europe,missing
B9E9,B9E9,Hôtel Mercure Paignton,MER,MERCURE,PAIGNTON,Royaume-Uni,22 25 Esplanade Road,TQ4 6BQ,https://all.accor.com/hotel/B9E9/index.fr.shtml,catalog_api,united kingdom,HOTEL MERCURE PAIGNTON,PAIGNTON,united-kingdom,Royaume-Uni,europe,missing
B9G3,B9G3,Ibis Styles Paignton,IBS,IBIS STYLES,PAIGNTON,Royaume-Uni,26 Esplanade Road,TQ4 6BQ,https://all.accor.com/hotel/B9G3/index.fr.shtml,catalog_api,united kingdom,IBIS STYLES PAIGNTON,PAIGNTON,united-kingdom,Royaume-Uni,europe,missing
B1F4,B1F4,Mercure Fátima,MER,MERCURE,FATIMA,Portugal,Rua Conego Manuel N Formigao 4,2495417,https://all.accor.com/hotel/B1F4/index.fr.shtml,catalog_api,portugal,MERCURE FATIMA,FATIMA,portugal,Portugal,europe,missing
B9Q0,B9Q0,ibis Styles Lisboa Aeroporto,IBS,IBIS STYLES,LISBONNE,Portugal,"Avenida José Fonseca Carvalho, Prior Velho, RNET 12258",2685-869,https://all.accor.com/hotel/B9Q0/index.fr.shtml,catalog_api,portugal,IBIS STYLES LISBOA AEROPORTO,LISBONNE,portugal,Portugal,europe,missing
A146,A146,ibis Styles Lisboa Centro Liberdade NE,IBS,IBIS STYLES,LISBOA,Portugal,Avenida Duque de Loule 73,1050088,https://all.accor.com/hotel/A146/index.fr.shtml,catalog_api,portugal,IBIS STYLES LISBOA CENTRO LIBERDADE NE,LISBOA,portugal,Portugal,europe,missing
A9R8,A9R8,ibis Styles Lisboa Centro Marquês de Pombal,IBS,IBIS STYLES,LISBONNE,Portugal,"Avenida Fontes Pereira De Melo, No 5, RNT : 277",1069114,https://all.accor.com/hotel/A9R8/index.fr.shtml,catalog_api,portugal,IBIS STYLES LISBOA CENTRO MARQUES DE POMBAL,LISBONNE,portugal,Portugal,europe,missing
B5L3,B5L3,Mama Shelter Lisbonne,MSH,MAMA SHELTER,LISBOA,Portugal,"Rua do Vale de Pereiro 19, RNET 10236",1250-270,https://all.accor.com/hotel/B5L3/index.fr.shtml,catalog_api,portugal,MAMA SHELTER LISBONNE,LISBOA,portugal,Portugal,europe,missing
A040,A040,Mercure Lisboa Almada,MER,MERCURE,ALMADA,Portugal,"Rua Abel Salazar, 9, PRAGAL",2805-313,https://all.accor.com/hotel/A040/index.fr.shtml,catalog_api,portugal,MERCURE LISBOA ALMADA,ALMADA,portugal,Portugal,europe,missing
B2L7,B2L7,Mercure Porto Centro Aliados,MER,MERCURE,PORTO,Portugal,"Rua Do Bonjardim 95, RNET 9382",4000-124,https://all.accor.com/hotel/B2L7/index.fr.shtml,catalog_api,portugal,MERCURE PORTO CENTRO ALIADOS,PORTO,portugal,Portugal,europe,missing
5106,5106,ibis budget Porto Gaia,IBB,IBIS BUDGET,VILA NOVA DE GAIA,Portugal,"Rua Martir S. Sebastiao, 390, Afurada",4400-499,https://all.accor.com/hotel/5106/index.fr.shtml,catalog_api,portugal,IBIS BUDGET PORTO GAIA,VILA NOVA DE GAIA,portugal,Portugal,europe,missing
A7J9,A7J9,Ibis Porto Centro Mercado Do Bolhao.,IBH,IBIS,PORTO,Portugal,"Rua Sá da Bandeira 567, RNET 9272",4000-437,https://all.accor.com/hotel/A7J9/index.fr.shtml,catalog_api,portugal,IBIS PORTO CENTRO MERCADO DO BOLHAO,PORTO,portugal,Portugal,europe,missing
C4M8,C4M8,"Victoria Golf Resort & Spa, Managed by Accor",SAM,SAM,VILAMOURA,Portugal,Avenida dos Descobrimentos,8125-309,https://all.accor.com/hotel/C4M8/index.fr.shtml,catalog_api,portugal,VICTORIA GOLF RESORT SPA MANAGED BY ACCOR,VILAMOURA,portugal,Portugal,europe,missing
A6H6,A6H6,ibis Styles Chaves,IBS,IBIS STYLES,CHAVES,Portugal,"Rua 25 de Abril, nº 25, En une seule inscription : 8683",5400-015,https://all.accor.com/hotel/A6H6/index.fr.shtml,catalog_api,portugal,IBIS STYLES CHAVES,CHAVES,portugal,Portugal,europe,missing
B366,B366,Mercure Ponta Delgada Azores,MER,MERCURE,PONTA DELGADA,Portugal,Rua Machado dos Santos 82,9500-083,https://all.accor.com/hotel/B366/index.fr.shtml,catalog_api,portugal,MERCURE PONTA DELGADA AZORES,PONTA DELGADA,portugal,Portugal,europe,missing
B9S6,B9S6,ibis Styles Charleroi Airport Aero 44,IBS,IBIS STYLES,GOSSELIES,Belgique,Rue Louis Blériot 4,6041,https://all.accor.com/hotel/B9S6/index.fr.shtml,catalog_api,belgium,IBIS STYLES CHARLEROI AIRPORT AERO 44,GOSSELIES,belgium,Belgique,europe,missing
2195,2195,ibis Charleroi Airport Brussels South,IBH,IBIS,FLEURUS,Belgique,"590, chaussée de Charleroi",6220,https://all.accor.com/hotel/2195/index.fr.shtml,catalog_api,belgium,IBIS CHARLEROI AIRPORT BRUSSELS SOUTH,FLEURUS,belgium,Belgique,europe,missing
B134,B134,Novotel Charleroi Centre,NOV,NOVOTEL,CHARLEROI,Belgique,"Place Verte 17, Parking Rive Gauche Bd J Tirou34",6000,https://all.accor.com/hotel/B134/index.fr.shtml,catalog_api,belgium,NOVOTEL CHARLEROI CENTRE,CHARLEROI,belgium,Belgique,europe,missing
A8G3,A8G3,ibis Styles La Louvière,IBS,IBIS STYLES,LA LOUVIERE,Belgique,Rue De Wavrin 3,7110,https://all.accor.com/hotel/A8G3/index.fr.shtml,catalog_api,belgium,IBIS STYLES LA LOUVIERE,LA LOUVIERE,belgium,Belgique,europe,missing
B6A4,B6A4,ibis Styles Namur,IBS,IBIS STYLES,NAMUR,Belgique,Avenue D Ecolys 2,5020,https://all.accor.com/hotel/B6A4/index.fr.shtml,catalog_api,belgium,IBIS STYLES NAMUR,NAMUR,belgium,Belgique,europe,missing
B2N6,B2N6,Novotel Wavre Brussels East,NOV,NOVOTEL,WAVRE,Belgique,Rue De La Wastinne 45,1301,https://all.accor.com/hotel/B2N6/index.fr.shtml,catalog_api,belgium,NOVOTEL WAVRE BRUSSELS EAST,WAVRE,belgium,Belgique,europe,missing
B2T4,B2T4,Mercure Namur,MER,MERCURE,NAMUR,Belgique,Avenue Baron de Moreau 1,5000,https://all.accor.com/hotel/B2T4/index.fr.shtml,catalog_api,belgium,MERCURE NAMUR,NAMUR,belgium,Belgique,europe,missing
3151,3151,ibis Namur Centre,IBH,IBIS,NAMUR,Belgique,Rue du Premier Lanciers  10,5000,https://all.accor.com/hotel/3151/index.fr.shtml,catalog_api,belgium,IBIS NAMUR CENTRE,NAMUR,belgium,Belgique,europe,missing
B5M6,B5M6,Aparthotel Adagio Access Brussels Delta,ADA,ADAGIO ACCESS,BRUXELLES,Belgique,"Boulevard Du Triomphe 207, Opposite the CHIREC entrance",1160,https://all.accor.com/hotel/B5M6/index.fr.shtml,catalog_api,belgium,APARTHOTEL ADAGIO ACCESS BRUSSELS DELTA,BRUXELLES,belgium,Belgique,europe,missing
B638,B638,Ibis Brussels Centre Châtelain,IBH,IBIS,BRUSSELS,Belgique,Chaussee De Vleurgat 191,1050,https://all.accor.com/hotel/B638/index.fr.shtml,catalog_api,belgium,IBIS BRUSSELS CENTRE CHATELAIN,BRUSSELS,belgium,Belgique,europe,missing
A990,A990,ibis Brussels Erasmus,IBH,IBIS,BRUXELLES,Belgique,"Route De Lennik 790, Anderlecht",1070,https://all.accor.com/hotel/A990/index.fr.shtml,catalog_api,belgium,IBIS BRUSSELS ERASMUS,BRUXELLES,belgium,Belgique,europe,missing
C7A7,C7A7,Steigenberger Icon Wiltcher's Bruxelles - Ouverture prochaine,STI,STI,BRUXELLES,Belgique,Avenue Louise 71,1050,https://all.accor.com/hotel/C7A7/index.fr.shtml,catalog_api,belgium,STEIGENBERGER ICON WILTCHER S BRUXELLES OUVERTURE PROCHAINE,BRUXELLES,belgium,Belgique,europe,missing
1454,1454,ibis Brussels City Centre,IBH,IBIS,BRUXELLES,Belgique,rue Joseph Plateau N°2,1000,https://all.accor.com/hotel/1454/index.fr.shtml,catalog_api,belgium,IBIS BRUSSELS CITY CENTRE,BRUXELLES,belgium,Belgique,europe,missing
B9D2,B9D2,The Hoxton Brussels,HOX,HOX,BRUSSELS,Belgique,Square Victoria Regina 1,1210,https://all.accor.com/hotel/B9D2/index.fr.shtml,catalog_api,belgium,THE HOXTON BRUSSELS,BRUSSELS,belgium,Belgique,europe,missing
C3B7,C3B7,ibis Styles Brussels Centre Rogier,IBS,IBIS STYLES,BRUXELLES,Belgique,"Rue des Croisades 2, Saint Josse Ten Noode",1210,https://all.accor.com/hotel/C3B7/index.fr.shtml,catalog_api,belgium,IBIS STYLES BRUSSELS CENTRE ROGIER,BRUXELLES,belgium,Belgique,europe,missing
C3B9,C3B9,Mercure Bruxelles Centre Rogier,MER,MERCURE,BRUXELLES,Belgique,"Rue du Progres 9, Saint Josse Ten Noode",1210,https://all.accor.com/hotel/C3B9/index.fr.shtml,catalog_api,belgium,MERCURE BRUXELLES CENTRE ROGIER,BRUXELLES,belgium,Belgique,europe,missing
B8H4,B8H4,greet Brussels Airport Zaventem,GRE,GREET,ZAVENTEM,Belgique,Excelsiorlaan 2,1930,https://all.accor.com/hotel/B8H4/index.fr.shtml,catalog_api,belgium,GREET BRUSSELS AIRPORT ZAVENTEM,ZAVENTEM,belgium,Belgique,europe,missing
3150,3150,ibis Dinant Centre,IBH,IBIS,DINANT,Belgique,Rempart d'albeau 16,5500,https://all.accor.com/hotel/3150/index.fr.shtml,catalog_api,belgium,IBIS DINANT CENTRE,DINANT,belgium,Belgique,europe,missing
1090,1090,ibis Brussels Airport,IBH,IBIS,DIEGEM,Belgique,Bessenveldstraat 17b,1831,https://all.accor.com/hotel/1090/index.fr.shtml,catalog_api,belgium,IBIS BRUSSELS AIRPORT,DIEGEM,belgium,Belgique,europe,missing
B893,B893,Mövenpick hotel Brussels Airport,MOV,MÖVENPICK,ZAVENTEM,Belgique,Excelsiorlaan 18,1930,https://all.accor.com/hotel/B893/index.fr.shtml,catalog_api,belgium,MOVENPICK HOTEL BRUSSELS AIRPORT,ZAVENTEM,belgium,Belgique,europe,missing
B7M2,B7M2,Aparthotel Adagio Access Brussels Airport,ADA,ADAGIO ACCESS,MACHELEN,Belgique,Berkenlaan 6b,1831,https://all.accor.com/hotel/B7M2/index.fr.shtml,catalog_api,belgium,APARTHOTEL ADAGIO ACCESS BRUSSELS AIRPORT,MACHELEN,belgium,Belgique,europe,missing
A241,A241,ibis Brussels Groot Bijgaarden,IBH,IBIS,GROOT BIJGAARDEN,Belgique,E40 RICHTING GENT,1702,https://all.accor.com/hotel/A241/index.fr.shtml,catalog_api,belgium,IBIS BRUSSELS GROOT BIJGAARDEN,GROOT BIJGAARDEN,belgium,Belgique,europe,missing
B7R5,B7R5,Mercure Han sur Lesse,MER,MERCURE,HAN SUR LESSE,Belgique,"Rue Joseph Lamotte 16, Rochefort",5580,https://all.accor.com/hotel/B7R5/index.fr.shtml,catalog_api,belgium,MERCURE HAN SUR LESSE,HAN SUR LESSE,belgium,Belgique,europe,missing
B664,B664,Mercure Antwerp City South,MER,MERCURE,ANVERS,Belgique,Desguinlei 94,2018,https://all.accor.com/hotel/B664/index.fr.shtml,catalog_api,belgium,MERCURE ANTWERP CITY SOUTH,ANVERS,belgium,Belgique,europe,missing
C440,C440,ibis Styles Hasselt City Centre,IBS,IBIS STYLES,HASSELT,Belgique,Thonissenlaan 52,3500,https://all.accor.com/hotel/C440/index.fr.shtml,catalog_api,belgium,IBIS STYLES HASSELT CITY CENTRE,HASSELT,belgium,Belgique,europe,missing
B6D9,B6D9,ibis Styles Liège Guillemins,IBS,IBIS STYLES,LIÈGE,Belgique,Rue Des Guillemins 135,4000,https://all.accor.com/hotel/B6D9/index.fr.shtml,catalog_api,belgium,IBIS STYLES LIEGE GUILLEMINS,LIEGE,belgium,Belgique,europe,missing
B7M3,B7M3,Aparthotel Adagio Antwerp City Center,ADG,ADAGIO,ANVERS,Belgique,101 Plantin en Moretuslei,2018,https://all.accor.com/hotel/B7M3/index.fr.shtml,catalog_api,belgium,APARTHOTEL ADAGIO ANTWERP CITY CENTER,ANVERS,belgium,Belgique,europe,missing
B661,B661,Maek Hotel Antwerp Central - Handwritten Collection,SOU,SOU,ANVERS,Belgique,Quinten Matsijslei 25,2018,https://all.accor.com/hotel/B661/index.fr.shtml,catalog_api,belgium,MAEK HOTEL ANTWERP CENTRAL HANDWRITTEN COLLECTION,ANVERS,belgium,Belgique,europe,missing
B857,B857,Aparthotel Adagio Access Gent Centrum Dampoort,ADA,ADAGIO ACCESS,GENT,Belgique,Koopvaardijlaan 29,9000,https://all.accor.com/hotel/B857/index.fr.shtml,catalog_api,belgium,APARTHOTEL ADAGIO ACCESS GENT CENTRUM DAMPOORT,GENT,belgium,Belgique,europe,missing
A243,A243,ibis budget Gent Centrum Dampoort,IBB,IBIS BUDGET,GAND,Belgique,Koopvaardijlaan 29,9000,https://all.accor.com/hotel/A243/index.fr.shtml,catalog_api,belgium,IBIS BUDGET GENT CENTRUM DAMPOORT,GAND,belgium,Belgique,europe,missing
B665,B665,Blooma Hotel Liège Centre - Handwritten Collection,SOU,SOU,LIÈGE,Belgique,Quai Saint Léonard 36,4000,https://all.accor.com/hotel/B665/index.fr.shtml,catalog_api,belgium,BLOOMA HOTEL LIEGE CENTRE HANDWRITTEN COLLECTION,LIEGE,belgium,Belgique,europe,missing
A240,A240,ibis Styles Kortrijk Expo,IBS,IBIS STYLES,KORTRIJK,Belgique,President Kennedypark 1,8500,https://all.accor.com/hotel/A240/index.fr.shtml,catalog_api,belgium,IBIS STYLES KORTRIJK EXPO,KORTRIJK,belgium,Belgique,europe,missing
6322,6322,ibis budget Aachen Raeren Grenze,IBB,IBIS BUDGET,RAEREN,Belgique,"Aire de repos de Lichtenbusch, Autoroute E40 n°4",4731,https://all.accor.com/hotel/6322/index.fr.shtml,catalog_api,belgium,IBIS BUDGET AACHEN RAEREN GRENZE,RAEREN,belgium,Belgique,europe,missing
A231,A231,ibis budget Brugge Jabbeke,IBB,IBIS BUDGET,JABBEKE,Belgique,Varsenareweg 35,8490,https://all.accor.com/hotel/A231/index.fr.shtml,catalog_api,belgium,IBIS BUDGET BRUGGE JABBEKE,JABBEKE,belgium,Belgique,europe,missing
A009,A009,ibis budget Knokke,IBB,IBIS BUDGET,KNOKKE-HEIST,Belgique,Kalvekeetdijk 276,8300,https://all.accor.com/hotel/A009/index.fr.shtml,catalog_api,belgium,IBIS BUDGET KNOKKE,KNOKKE HEIST,belgium,Belgique,europe,missing
B7B3,B7B3,ibis budget Arlon Porte du Luxembourg,IBB,IBIS BUDGET,ARLON,Belgique,Drève de l'arc en ciel 100,6700,https://all.accor.com/hotel/B7B3/index.fr.shtml,catalog_api,belgium,IBIS BUDGET ARLON PORTE DU LUXEMBOURG,ARLON,belgium,Belgique,europe,missing
B6Z2,B6Z2,ibis Styles Arlon Porte du Luxembourg,IBS,IBIS STYLES,ARLON,Belgique,Dreve De L Arc En Ciel 100,6700,https://all.accor.com/hotel/B6Z2/index.fr.shtml,catalog_api,belgium,IBIS STYLES ARLON PORTE DU LUXEMBOURG,ARLON,belgium,Belgique,europe,missing
B7Q2,B7Q2,ibis Styles Bredene,IBS,IBIS STYLES,BREDENE,Belgique,Koningin Astridlaan 62,8450,https://all.accor.com/hotel/B7Q2/index.fr.shtml,catalog_api,belgium,IBIS STYLES BREDENE,BREDENE,belgium,Belgique,europe,missing
A159,A159,Hôtel Mercure Oostende,MER,MERCURE,OSTENDE,Belgique,Leopold II laan 20,8400,https://all.accor.com/hotel/A159/index.fr.shtml,catalog_api,belgium,HOTEL MERCURE OOSTENDE,OSTENDE,belgium,Belgique,europe,missing
B674,B674,ibis Styles Almere,IBS,IBIS STYLES,ALMERE,Pays-Bas,"Televisieweg 2, The Netherlands",1322AC,https://all.accor.com/hotel/B674/index.fr.shtml,catalog_api,netherlands,IBIS STYLES ALMERE,ALMERE,netherlands,Pays-Bas,europe,missing
C703,C703,Jaz In The City Amsterdam - Ouverture prochaine,JAZ,JAZ,AMSTERDAM,Pays-Bas,"De Passage 88, Zuidoost",1101 AX,https://all.accor.com/hotel/C703/index.fr.shtml,catalog_api,netherlands,JAZ IN THE CITY AMSTERDAM OUVERTURE PROCHAINE,AMSTERDAM,netherlands,Pays-Bas,europe,missing
A3P2,A3P2,ibis budget Amsterdam City South,IBB,IBIS BUDGET,AMSTELVEEN,Pays-Bas,Prof J H Bavincklaan 1,1183 AT,https://all.accor.com/hotel/A3P2/index.fr.shtml,catalog_api,netherlands,IBIS BUDGET AMSTERDAM CITY SOUTH,AMSTELVEEN,netherlands,Pays-Bas,europe,missing
B355,B355,Aparthotel Adagio Amsterdam City South,ADG,ADAGIO,AMSTELVEEN,Pays-Bas,Professor J.H. Bavincklaan 5,1183 AT,https://all.accor.com/hotel/B355/index.fr.shtml,catalog_api,netherlands,APARTHOTEL ADAGIO AMSTERDAM CITY SOUTH,AMSTELVEEN,netherlands,Pays-Bas,europe,missing
B9D4,B9D4,"The Hoxton, Amsterdam Lloyd",HOX,HOX,AMSTERDAM,Pays-Bas,Oostelijke Handelskade 34,1019 BN,https://all.accor.com/hotel/B9D4/index.fr.shtml,catalog_api,netherlands,THE HOXTON AMSTERDAM LLOYD,AMSTERDAM,netherlands,Pays-Bas,europe,missing
B4I7,B4I7,Mövenpick Hotel Amsterdam City Centre,MOV,MÖVENPICK,AMSTERDAM,Pays-Bas,Piet Heinkade 11,1019 BR,https://all.accor.com/hotel/B4I7/index.fr.shtml,catalog_api,netherlands,MOVENPICK HOTEL AMSTERDAM CITY CENTRE,AMSTERDAM,netherlands,Pays-Bas,europe,missing
A599,A599,Swissôtel Amsterdam,SWI,SWISSÔTEL,AMSTERDAM,Pays-Bas,Damrak 96,1012 LP,https://all.accor.com/hotel/A599/index.fr.shtml,catalog_api,netherlands,SWISSOTEL AMSTERDAM,AMSTERDAM,netherlands,Pays-Bas,europe,missing
C717,C717,Steigenberger Airport Hotel Amsterdam - Bientôt disponible,STB,STB,AMSTERDAM,Pays-Bas,Stationplein ZW 951,1117 CE,https://all.accor.com/hotel/C717/index.fr.shtml,catalog_api,netherlands,STEIGENBERGER AIRPORT HOTEL AMSTERDAM BIENTOT DISPONIBLE,AMSTERDAM,netherlands,Pays-Bas,europe,missing
B480,B480,ibis Styles Amsterdam Airport,IBS,IBIS STYLES,SCHIPHOL,Pays-Bas,Piet Guilonardweg 3,1117 EE,https://all.accor.com/hotel/B480/index.fr.shtml,catalog_api,netherlands,IBIS STYLES AMSTERDAM AIRPORT,SCHIPHOL,netherlands,Pays-Bas,europe,missing
B7R7,B7R7,Mercure Amsterdam North Station,MER,MERCURE,AMSTERDAM,Pays-Bas,Termini 11,1022LB,https://all.accor.com/hotel/B7R7/index.fr.shtml,catalog_api,netherlands,MERCURE AMSTERDAM NORTH STATION,AMSTERDAM,netherlands,Pays-Bas,europe,missing
B7W1,B7W1,TRIBE Amsterdam City,TRI,TRIBE,AMSTERDAM,Pays-Bas,Termini 9,1022LB,https://all.accor.com/hotel/B7W1/index.fr.shtml,catalog_api,netherlands,TRIBE AMSTERDAM CITY,AMSTERDAM,netherlands,Pays-Bas,europe,missing
C771,C771,IntercityHotel Amsterdam Schiphol - Ouverture prochaine,ITC,ITC,HOOFDDORP,Pays-Bas,Spark Avenue 1,2133 LC,https://all.accor.com/hotel/C771/index.fr.shtml,catalog_api,netherlands,INTERCITYHOTEL AMSTERDAM SCHIPHOL OUVERTURE PROCHAINE,HOOFDDORP,netherlands,Pays-Bas,europe,missing
B3G1,B3G1,Ibis Styles Arnhem Centre,IBS,IBIS STYLES,ARNHEM,Pays-Bas,Willemsplein 25,6811KB,https://all.accor.com/hotel/B3G1/index.fr.shtml,catalog_api,netherlands,IBIS STYLES ARNHEM CENTRE,ARNHEM,netherlands,Pays-Bas,europe,missing
B0M8,B0M8,ibis Styles Haarlem City,IBS,IBIS STYLES,HAARLEM,Pays-Bas,A.W.F. Idenburglaan 2,2024 AX,https://all.accor.com/hotel/B0M8/index.fr.shtml,catalog_api,netherlands,IBIS STYLES HAARLEM CITY,HAARLEM,netherlands,Pays-Bas,europe,missing
C753,C753,IntercityHotel Leiden - Ouverture prochaine,ITC,ITC,LEIDEN,Pays-Bas,Ballonstraat 6,2312 LJ,https://all.accor.com/hotel/C753/index.fr.shtml,catalog_api,netherlands,INTERCITYHOTEL LEIDEN OUVERTURE PROCHAINE,LEIDEN,netherlands,Pays-Bas,europe,missing
1134,1134,Novotel Rotterdam Brainpark,NOV,NOVOTEL,ROTTERDAM,Pays-Bas,K.P. Van Der Mandelelaan 150,3062 MB,https://all.accor.com/hotel/1134/index.fr.shtml,catalog_api,netherlands,NOVOTEL ROTTERDAM BRAINPARK,ROTTERDAM,netherlands,Pays-Bas,europe,missing
B9R9,B9R9,ibis Styles Rotterdam Ahoy,IBS,IBIS STYLES,ROTTERDAM,Pays-Bas,80 Jacob Kleiboerweg,3084 BG,https://all.accor.com/hotel/B9R9/index.fr.shtml,catalog_api,netherlands,IBIS STYLES ROTTERDAM AHOY,ROTTERDAM,netherlands,Pays-Bas,europe,missing
C3N9,C3N9,Le Marin Hotel Rotterdam City - Handwritten Collection,SOU,SOU,ROTTERDAM,Pays-Bas,Henegouwerplein 58,3021 PN,https://all.accor.com/hotel/C3N9/index.fr.shtml,catalog_api,netherlands,LE MARIN HOTEL ROTTERDAM CITY HANDWRITTEN COLLECTION,ROTTERDAM,netherlands,Pays-Bas,europe,missing
A347,A347,ibis budget Rotterdam The Hague Airport,IBB,IBIS BUDGET,ROTTERDAM,Pays-Bas,Rotterdam Airportplein 70,3045 AP,https://all.accor.com/hotel/A347/index.fr.shtml,catalog_api,netherlands,IBIS BUDGET ROTTERDAM THE HAGUE AIRPORT,ROTTERDAM,netherlands,Pays-Bas,europe,missing
B5M3,B5M3,ibis Styles Delft City Centre,IBS,IBIS STYLES,DELFT,Pays-Bas,Van Leeuwenhoekpark 2,2611DW,https://all.accor.com/hotel/B5M3/index.fr.shtml,catalog_api,netherlands,IBIS STYLES DELFT CITY CENTRE,DELFT,netherlands,Pays-Bas,europe,missing
1239,1239,Mercure Hotel Tilburg Centrum,MER,MERCURE,TILBOURG,Pays-Bas,Heuvel 37,5038 CP,https://all.accor.com/hotel/1239/index.fr.shtml,catalog_api,netherlands,MERCURE HOTEL TILBURG CENTRUM,TILBOURG,netherlands,Pays-Bas,europe,missing
B4T5,B4T5,Mövenpick Hotel The Hague,MOV,MÖVENPICK,LA HAYE,Pays-Bas,Paleisstraat 5,2514JA,https://all.accor.com/hotel/B4T5/index.fr.shtml,catalog_api,netherlands,MOVENPICK HOTEL THE HAGUE,LA HAYE,netherlands,Pays-Bas,europe,missing
5389,5389,Novotel Den Haag World Forum,NOV,NOVOTEL,DEN HAAG,Pays-Bas,Johan de Wittlaan 42-44,2517 JR,https://all.accor.com/hotel/5389/index.fr.shtml,catalog_api,netherlands,NOVOTEL DEN HAAG WORLD FORUM,DEN HAAG,netherlands,Pays-Bas,europe,missing
C6Z8,C6Z8,IntercityHotel Breda - Ouverture prochaine,ITC,ITC,BREDA,Pays-Bas,Stationslaan 416,4815 GW,https://all.accor.com/hotel/C6Z8/index.fr.shtml,catalog_api,netherlands,INTERCITYHOTEL BREDA OUVERTURE PROCHAINE,BREDA,netherlands,Pays-Bas,europe,missing
C6Z9,C6Z9,IntercityHotel Enschede - Ouverture prochaine,ITC,ITC,ENSCHEDE,Pays-Bas,Willem Wilminkplein 5,7511 PG,https://all.accor.com/hotel/C6Z9/index.fr.shtml,catalog_api,netherlands,INTERCITYHOTEL ENSCHEDE OUVERTURE PROCHAINE,ENSCHEDE,netherlands,Pays-Bas,europe,missing
C323,C323,Hotel Ter Zand - Handwritten Collection,SOU,SOU,BURGH-HAAMSTEDE,Pays-Bas,Hogeweg 59,4328PB,https://all.accor.com/hotel/C323/index.fr.shtml,catalog_api,netherlands,HOTEL TER ZAND HANDWRITTEN COLLECTION,BURGH HAAMSTEDE,netherlands,Pays-Bas,europe,missing
C3V9,C3V9,Hotel Maison Maastricht Centrum - Handwritten Collection,SOU,SOU,MAASTRICHT,Pays-Bas,Boschstraat 76,6211AX,https://all.accor.com/hotel/C3V9/index.fr.shtml,catalog_api,netherlands,HOTEL MAISON MAASTRICHT CENTRUM HANDWRITTEN COLLECTION,MAASTRICHT,netherlands,Pays-Bas,europe,missing
B9E3,B9E3,Hôtel Valkenburg by Mercure,BME,BME,VALKENBURG,Pays-Bas,De Leeuwhof 10,6301KZ,https://all.accor.com/hotel/B9E3/index.fr.shtml,catalog_api,netherlands,HOTEL VALKENBURG BY MERCURE,VALKENBURG,netherlands,Pays-Bas,europe,missing
1241,1241,Mercure Hotel Groningen Martiniplaza,MER,MERCURE,GRONINGEN,Pays-Bas,Expositielaan 7,9727 KA,https://all.accor.com/hotel/1241/index.fr.shtml,catalog_api,netherlands,MERCURE HOTEL GRONINGEN MARTINIPLAZA,GRONINGEN,netherlands,Pays-Bas,europe,missing
C6L3,C6L3,Hotel Aeschi Interlaken - Handwritten Collection (été 2026),SOU,SOU,INTERLAKEN,Suisse,"Dorfstrasse 8, Aeschi bei Spiez",3703,https://all.accor.com/hotel/C6L3/index.fr.shtml,catalog_api,switzerland,HOTEL AESCHI INTERLAKEN HANDWRITTEN COLLECTION ETE 2026,INTERLAKEN,switzerland,Suisse,europe,missing
1989,1989,ibis Zurich Adliswil,IBH,IBIS,ZURICH,Suisse,"Zurichstrasse 105, ZURICH-ADLISWIL",8134,https://all.accor.com/hotel/1989/index.fr.shtml,catalog_api,switzerland,IBIS ZURICH ADLISWIL,ZURICH,switzerland,Suisse,europe,missing
B4S4,B4S4,Swissôtel Kursaal Berne,SWI,SWISSÔTEL,BERNE,Suisse,Kornhausstrasse 3,3013,https://all.accor.com/hotel/B4S4/index.fr.shtml,catalog_api,switzerland,SWISSOTEL KURSAAL BERNE,BERNE,switzerland,Suisse,europe,missing
A614,A614,Mercure Lenzburg Krone,MER,MERCURE,LENZBOURG,Suisse,Kronenplatz 20,5600,https://all.accor.com/hotel/A614/index.fr.shtml,catalog_api,switzerland,MERCURE LENZBURG KRONE,LENZBOURG,switzerland,Suisse,europe,missing
B4H1,B4H1,Mövenpick Hotel Egerkingen,MOV,MÖVENPICK,EGERKINGEN,Suisse,Höhenstrasse 12,4622,https://all.accor.com/hotel/B4H1/index.fr.shtml,catalog_api,switzerland,MOVENPICK HOTEL EGERKINGEN,EGERKINGEN,switzerland,Suisse,europe,missing
B144,B144,25hours Hotel Zurich Langstrasse,TWF,25HOURS,ZURICH,Suisse,Langstrasse 150,8004,https://all.accor.com/hotel/B144/index.fr.shtml,catalog_api,switzerland,25HOURS HOTEL ZURICH LANGSTRASSE,ZURICH,switzerland,Suisse,europe,missing
C260,C260,Mercure Zurich City,MER,MERCURE,ZURICH,Suisse,Vulkanstrasse 108b,8048,https://all.accor.com/hotel/C260/index.fr.shtml,catalog_api,switzerland,MERCURE ZURICH CITY,ZURICH,switzerland,Suisse,europe,missing
B5J7,B5J7,ibis Styles Zurich City Center,IBS,IBIS STYLES,ZURICH,Suisse,Stampfenbachstrasse 60,8006,https://all.accor.com/hotel/B5J7/index.fr.shtml,catalog_api,switzerland,IBIS STYLES ZURICH CITY CENTER,ZURICH,switzerland,Suisse,europe,missing
B5J8,B5J8,Aparthotel Adagio Zurich City Center,ADG,ADAGIO,ZURICH,Suisse,Stampfenbachstrasse 60,8006,https://all.accor.com/hotel/B5J8/index.fr.shtml,catalog_api,switzerland,APARTHOTEL ADAGIO ZURICH CITY CENTER,ZURICH,switzerland,Suisse,europe,missing
B145,B145,25hours Hotel Zurich West,TWF,25HOURS,ZURICH,Suisse,Pfingstweidstrasse 102,8005,https://all.accor.com/hotel/B145/index.fr.shtml,catalog_api,switzerland,25HOURS HOTEL ZURICH WEST,ZURICH,switzerland,Suisse,europe,missing
B9X1,B9X1,Mama Shelter Zurich,MSH,MAMA SHELTER,ZURICH,Suisse,Schulstrasse 44,8050,https://all.accor.com/hotel/B9X1/index.fr.shtml,catalog_api,switzerland,MAMA SHELTER ZURICH,ZURICH,switzerland,Suisse,europe,missing
B4H0,B4H0,Mövenpick Zurich Regensdorf,MOV,MÖVENPICK,ZURICH REGENSDORF,Suisse,Im Zentrum 2,8105,https://all.accor.com/hotel/B4H0/index.fr.shtml,catalog_api,switzerland,MOVENPICK ZURICH REGENSDORF,ZURICH REGENSDORF,switzerland,Suisse,europe,missing
A9A0,A9A0,Ibis Baden Neuenhof,IBH,IBIS,NEUENHOF,Suisse,Alte Zurcherstrasse 53,5432,https://all.accor.com/hotel/A9A0/index.fr.shtml,catalog_api,switzerland,IBIS BADEN NEUENHOF,NEUENHOF,switzerland,Suisse,europe,missing
B4H3,B4H3,Mövenpick Zurich Airport,MOV,MÖVENPICK,ZÜRICH-GLATTBRUGG,Suisse,Mittelholzerstrasse 8,8152,https://all.accor.com/hotel/B4H3/index.fr.shtml,catalog_api,switzerland,MOVENPICK ZURICH AIRPORT,ZURICH GLATTBRUGG,switzerland,Suisse,europe,missing
C792,C792,IntercityHotel Zurich Aéroport - Ouverture prochaine,ITC,ITC,ZURICH,Suisse,"Flughofstrasse 63, Rümlang",8153,https://all.accor.com/hotel/C792/index.fr.shtml,catalog_api,switzerland,INTERCITYHOTEL ZURICH AEROPORT OUVERTURE PROCHAINE,ZURICH,switzerland,Suisse,europe,missing
B971,B971,Mercure Fribourg Centre Remparts,MER,MERCURE,FRIBOURG,Suisse,Chemin Montrevers 1,1700,https://all.accor.com/hotel/B971/index.fr.shtml,catalog_api,switzerland,MERCURE FRIBOURG CENTRE REMPARTS,FRIBOURG,switzerland,Suisse,europe,missing
C008,C008,Mercure Hotel Delémont,MER,MERCURE,DELEMONT,Suisse,Place de la Poste 10,2800,https://all.accor.com/hotel/C008/index.fr.shtml,catalog_api,switzerland,MERCURE HOTEL DELEMONT,DELEMONT,switzerland,Suisse,europe,missing
B4T3,B4T3,Movenpick Hôtel Bâle,MOV,MÖVENPICK,BASEL,Suisse,Aeschengraben 25,4051,https://all.accor.com/hotel/B4T3/index.fr.shtml,catalog_api,switzerland,MOVENPICK HOTEL BALE,BASEL,switzerland,Suisse,europe,missing
B7Z9,B7Z9,Mercure Chur City West,MER,MERCURE,CHUR,Suisse,Comercialstrasse 32,7000,https://all.accor.com/hotel/B7Z9/index.fr.shtml,catalog_api,switzerland,MERCURE CHUR CITY WEST,CHUR,switzerland,Suisse,europe,missing
A5A4,A5A4,Fairmont Le Montreux Palace,FAI,FAIRMONT,MONTREUX,Suisse,"2, avenue Claude Nobs",1820,https://all.accor.com/hotel/A5A4/index.fr.shtml,catalog_api,switzerland,FAIRMONT LE MONTREUX PALACE,MONTREUX,switzerland,Suisse,europe,missing
C712,C712,Steigenberger Belvedere Davos - Bientôt disponible,STI,STI,DAVOS,Suisse,Promenade 89,7270,https://all.accor.com/hotel/C712/index.fr.shtml,catalog_api,switzerland,STEIGENBERGER BELVEDERE DAVOS BIENTOT DISPONIBLE,DAVOS,switzerland,Suisse,europe,missing
B370,B370,ibis Styles Lausanne Center Mad House,IBS,IBIS STYLES,LAUSANNE,Suisse,Place De l Europe 6,1003,https://all.accor.com/hotel/B370/index.fr.shtml,catalog_api,switzerland,IBIS STYLES LAUSANNE CENTER MAD HOUSE,LAUSANNE,switzerland,Suisse,europe,missing
B4H5,B4H5,Mövenpick Lausanne,MOV,MÖVENPICK,LAUSANNE,Suisse,"Avenue de Rhodanie 4, Lausanne",1007,https://all.accor.com/hotel/B4H5/index.fr.shtml,catalog_api,switzerland,MOVENPICK LAUSANNE,LAUSANNE,switzerland,Suisse,europe,missing
B5W6,B5W6,ibis Styles St Margrethen Bodensee,IBS,IBIS STYLES,ST MARGRETHEN,Suisse,Walzenhauser str. 1,9430,https://all.accor.com/hotel/B5W6/index.fr.shtml,catalog_api,switzerland,IBIS STYLES ST MARGRETHEN BODENSEE,ST MARGRETHEN,switzerland,Suisse,europe,missing
C752,C752,Zleep Lausanne-Chavannes - Bientôt disponible,ZLP,ZLP,LAUSANNE,Suisse,"Rue Centrale 39, Chavannes Pres Renens",1022,https://all.accor.com/hotel/C752/index.fr.shtml,catalog_api,switzerland,ZLEEP LAUSANNE CHAVANNES BIENTOT DISPONIBLE,LAUSANNE,switzerland,Suisse,europe,missing
2154,2154,ibis Genève Centre Gare,IBH,IBIS,GENEVA,Suisse,"10, rue Voltaire",1201,https://all.accor.com/hotel/2154/index.fr.shtml,catalog_api,switzerland,IBIS GENEVE CENTRE GARE,GENEVA,switzerland,Suisse,europe,missing
A8F3,A8F3,ibis budget Genève Palexpo Aéroport,IBB,IBIS BUDGET,LE GRAND-SACONNEX,Suisse,Route Francois Peyrot 28,1218,https://all.accor.com/hotel/A8F3/index.fr.shtml,catalog_api,switzerland,IBIS BUDGET GENEVE PALEXPO AEROPORT,LE GRAND SACONNEX,switzerland,Suisse,europe,missing
A8F2,A8F2,ibis Styles Genève Palexpo Aéroport,IBS,IBIS STYLES,LE GRAND-SACONNEX,Suisse,Route François Peyrot 28,1218,https://all.accor.com/hotel/A8F2/index.fr.shtml,catalog_api,switzerland,IBIS STYLES GENEVE PALEXPO AEROPORT,LE GRAND SACONNEX,switzerland,Suisse,europe,missing
B4G7,B4G7,Hôtel Mövenpick Genève,MOV,MÖVENPICK,GENEVE,Suisse,Route De Pre Bois 20,1215,https://all.accor.com/hotel/B4G7/index.fr.shtml,catalog_api,switzerland,HOTEL MOVENPICK GENEVE,GENEVE,switzerland,Suisse,europe,missing
7291,7291,ibis budget Genève Petit Lancy,IBB,IBIS BUDGET,GENEVA,Suisse,"Chemin des Olliquettes 6, PETIT LANCY",1213,https://all.accor.com/hotel/7291/index.fr.shtml,catalog_api,switzerland,IBIS BUDGET GENEVE PETIT LANCY,GENEVA,switzerland,Suisse,europe,missing
B9F1,B9F1,Mercure Geneva Airport,MER,MERCURE,MEYRIN,Suisse,"3 Rue De La Bergere, Meyrin",1217,https://all.accor.com/hotel/B9F1/index.fr.shtml,catalog_api,switzerland,MERCURE GENEVA AIRPORT,MEYRIN,switzerland,Suisse,europe,missing
B3Y0,B3Y0,ibis Wels,IBH,IBIS,WELS,Autriche,Maria Theresia Strasse 44,4600,https://all.accor.com/hotel/B3Y0/index.fr.shtml,catalog_api,austria,IBIS WELS,WELS,austria,Autriche,europe,missing
C730,C730,IntercityHotel Graz - Ouverture prochaine,ITC,ITC,GRAZ,Autriche,Finkengasse 2,8020,https://all.accor.com/hotel/C730/index.fr.shtml,catalog_api,austria,INTERCITYHOTEL GRAZ OUVERTURE PROCHAINE,GRAZ,austria,Autriche,europe,missing
5742,5742,Hotel Mercure Graz City,MER,MERCURE,GRAZ,Autriche,Lendplatz 36- 37,8020,https://all.accor.com/hotel/5742/index.fr.shtml,catalog_api,austria,HOTEL MERCURE GRAZ CITY,GRAZ,austria,Autriche,europe,missing
B9U3,B9U3,ibis Styles Graz Messe,IBS,IBIS STYLES,GRAZ,Autriche,Waltendorfer Guertel 8,8010,https://all.accor.com/hotel/B9U3/index.fr.shtml,catalog_api,austria,IBIS STYLES GRAZ MESSE,GRAZ,austria,Autriche,europe,missing
B3Y1,B3Y1,ibis styles Klagenfurt am Woerthersee,IBS,IBIS STYLES,KLAGENFURT,Autriche,Viktringer Ring 28,9020,https://all.accor.com/hotel/B3Y1/index.fr.shtml,catalog_api,austria,IBIS STYLES KLAGENFURT AM WOERTHERSEE,KLAGENFURT,austria,Autriche,europe,missing
C799,C799,Steigenberger Hôtel & Spa Krems - Ouverture prochaine,STB,STB,KREMS,Autriche,Am Goldberg 2,3500,https://all.accor.com/hotel/C799/index.fr.shtml,catalog_api,austria,STEIGENBERGER HOTEL SPA KREMS OUVERTURE PROCHAINE,KREMS,austria,Autriche,europe,missing
C794,C794,MAXX Hotel Vienna - Ouverture prochaine,MAX,MAX,VIENNE,Autriche,Margaretengurtel 142,1050,https://all.accor.com/hotel/C794/index.fr.shtml,catalog_api,austria,MAXX HOTEL VIENNA OUVERTURE PROCHAINE,VIENNE,austria,Autriche,europe,missing
B677,B677,JO&JOE Vienna,JOE,JO&JOE,VIENNE,Autriche,Europaplatz 1 6,1150,https://all.accor.com/hotel/B677/index.fr.shtml,catalog_api,austria,JO JOE VIENNA,VIENNE,austria,Autriche,europe,missing
C791,C791,IntercityHotel Vienne - Ouverture prochaine,ITC,ITC,VIENNE,Autriche,Mariahilfer Strasse 122,1070,https://all.accor.com/hotel/C791/index.fr.shtml,catalog_api,austria,INTERCITYHOTEL VIENNE OUVERTURE PROCHAINE,VIENNE,austria,Autriche,europe,missing
C793,C793,Jaz In The City Vienna - Ouverture prochaine,JAZ,JAZ,VIENNE,Autriche,Windmuhlgasse 28,1060,https://all.accor.com/hotel/C793/index.fr.shtml,catalog_api,austria,JAZ IN THE CITY VIENNA OUVERTURE PROCHAINE,VIENNE,austria,Autriche,europe,missing
B146,B146,25hours Hotel Vienna at MuseumsQuartier,TWF,25HOURS,VIENNE,Autriche,Lerchenfelder Strasse 1-3,1070,https://all.accor.com/hotel/B146/index.fr.shtml,catalog_api,austria,25HOURS HOTEL VIENNA AT MUSEUMSQUARTIER,VIENNE,austria,Autriche,europe,missing
C3S6,C3S6,Hotel Rathauspark Vienna - Handwritten Collection,SOU,SOU,VIENNE,Autriche,Rathausstrasse 17,1010,https://all.accor.com/hotel/C3S6/index.fr.shtml,catalog_api,austria,HOTEL RATHAUSPARK VIENNA HANDWRITTEN COLLECTION,VIENNE,austria,Autriche,europe,missing
C7A3,C7A3,Steigenberger Hotel Herrenhof Vienne - Bientôt disponible,STB,STB,VIENNE,Autriche,Herrengasse 10,1010,https://all.accor.com/hotel/C7A3/index.fr.shtml,catalog_api,austria,STEIGENBERGER HOTEL HERRENHOF VIENNE BIENTOT DISPONIBLE,VIENNE,austria,Autriche,europe,missing
B9D3,B9D3,"The Hoxton, Vienna",HOX,HOX,VIENNE,Autriche,Rudolf-Sallinger-Platz 1,1030,https://all.accor.com/hotel/B9D3/index.fr.shtml,catalog_api,austria,THE HOXTON VIENNA,VIENNE,austria,Autriche,europe,missing
B1C2,B1C2,ibis Styles Wien Messe Prater,IBS,IBIS STYLES,VIENNE,Autriche,"Franzensbrückenstrasse 26, Leopoldstadt",1020,https://all.accor.com/hotel/B1C2/index.fr.shtml,catalog_api,austria,IBIS STYLES WIEN MESSE PRATER,VIENNE,austria,Autriche,europe,missing
B8I6,B8I6,greet Vienna City North,GRE,GREET,WIEN,Autriche,Bruenner Strasse 67 a,1210,https://all.accor.com/hotel/B8I6/index.fr.shtml,catalog_api,austria,GREET VIENNA CITY NORTH,WIEN,austria,Autriche,europe,missing
B426,B426,ibis Styles Parndorf Neusiedler,IBS,IBIS STYLES,PARNDORF,Autriche,Gewerbestrasse 11,7111,https://all.accor.com/hotel/B426/index.fr.shtml,catalog_api,austria,IBIS STYLES PARNDORF NEUSIEDLER,PARNDORF,austria,Autriche,europe,missing
A358,A358,ibis Styles Warszawa West,IBS,IBIS STYLES,MORY,Pologne,Poznanska 33,05850,https://all.accor.com/hotel/A358/index.fr.shtml,catalog_api,poland,IBIS STYLES WARSZAWA WEST,MORY,poland,Pologne,europe,missing
A351,A351,Mercure Warszawa Ursus Station,MER,MERCURE,VARSOVIE,Pologne,Cykady 2,02401,https://all.accor.com/hotel/A351/index.fr.shtml,catalog_api,poland,MERCURE WARSZAWA URSUS STATION,VARSOVIE,poland,Pologne,europe,missing
A0Y3,A0Y3,ibis Styles Gniezno Stare Miasto,IBS,IBIS STYLES,GNIEZNO,Pologne,Chrobrego 20,62 200,https://all.accor.com/hotel/A0Y3/index.fr.shtml,catalog_api,poland,IBIS STYLES GNIEZNO STARE MIASTO,GNIEZNO,poland,Pologne,europe,missing
C131,C131,ibis Styles Warszawa Airport,IBS,IBIS STYLES,VARSOVIE,Pologne,31 Poleczki,02-822,https://all.accor.com/hotel/C131/index.fr.shtml,catalog_api,poland,IBIS STYLES WARSZAWA AIRPORT,VARSOVIE,poland,Pologne,europe,missing
B0R2,B0R2,ibis Styles Warszawa City,IBS,IBIS STYLES,VARSOVIE,Pologne,Ul Grzybowska 43,00855,https://all.accor.com/hotel/B0R2/index.fr.shtml,catalog_api,poland,IBIS STYLES WARSZAWA CITY,VARSOVIE,poland,Pologne,europe,missing
3385,3385,Mercure Warszawa Centrum,MER,MERCURE,VARSOVIE,Pologne,ul. Złota 48/54,00-120,https://all.accor.com/hotel/3385/index.fr.shtml,catalog_api,poland,MERCURE WARSZAWA CENTRUM,VARSOVIE,poland,Pologne,europe,missing
3384,3384,Hotel Mercure Warszawa Grand,MER,MERCURE,WARSAW,Pologne,28 Krucza Street,00-522,https://all.accor.com/hotel/3384/index.fr.shtml,catalog_api,poland,HOTEL MERCURE WARSZAWA GRAND,WARSAW,poland,Pologne,europe,missing
A7W6,A7W6,Raffles Europejski Warsaw,RAF,RAFFLES,VARSOVIE,Pologne,Krakowskie Przedmiescie 13,00-071,https://all.accor.com/hotel/A7W6/index.fr.shtml,catalog_api,poland,RAFFLES EUROPEJSKI WARSAW,VARSOVIE,poland,Pologne,europe,missing
A1J0,A1J0,ibis Styles Warszawa Centrum,IBS,IBIS STYLES,VARSOVIE,Pologne,ul. Zagórna 1a,00441,https://all.accor.com/hotel/A1J0/index.fr.shtml,catalog_api,poland,IBIS STYLES WARSZAWA CENTRUM,VARSOVIE,poland,Pologne,europe,missing
B895,B895,Mercure Wiązowna Brant,MER,MERCURE,MAJDAN WIAZOWNA,Pologne,Równa 20 Majdan,05462,https://all.accor.com/hotel/B895/index.fr.shtml,catalog_api,poland,MERCURE WIAZOWNA BRANT,MAJDAN WIAZOWNA,poland,Pologne,europe,missing
A9U9,A9U9,ibis Poznan Centrum,IBH,IBIS,POZNAN,Pologne,Plac Andersa 1,61-894,https://all.accor.com/hotel/A9U9/index.fr.shtml,catalog_api,poland,IBIS POZNAN CENTRUM,POZNAN,poland,Pologne,europe,missing
C2N1,C2N1,ibis Styles Katowice Airport,IBS,IBIS STYLES,PYRZOWICE,Pologne,Rownolegla 2A,42-625,https://all.accor.com/hotel/C2N1/index.fr.shtml,catalog_api,poland,IBIS STYLES KATOWICE AIRPORT,PYRZOWICE,poland,Pologne,europe,missing
3405,3405,Hotel Mercure Opole,MER,MERCURE,OPOLE,Pologne,Ul. Krakowska 57/59,45-018,https://all.accor.com/hotel/3405/index.fr.shtml,catalog_api,poland,HOTEL MERCURE OPOLE,OPOLE,poland,Pologne,europe,missing
B1Z1,B1Z1,The Bridge Wroclaw - MGallery Collection,MGA,MGALLERY,WROCLAW,Pologne,Plac Katedralny 8,50329,https://all.accor.com/hotel/B1Z1/index.fr.shtml,catalog_api,poland,THE BRIDGE WROCLAW MGALLERY COLLECTION,WROCLAW,poland,Pologne,europe,missing
B8W2,B8W2,Mövenpick Grand Hotel Wroclaw,MOV,MÖVENPICK,WROCLAW,Pologne,100 102 Marszalka Pilsudskiego,50-014,https://all.accor.com/hotel/B8W2/index.fr.shtml,catalog_api,poland,MOVENPICK GRAND HOTEL WROCLAW,WROCLAW,poland,Pologne,europe,missing
A074,A074,ibis Wroclaw Centrum,IBH,IBIS,WROCLAW,Pologne,Powstancow Slaskich 7b,53332,https://all.accor.com/hotel/A074/index.fr.shtml,catalog_api,poland,IBIS WROCLAW CENTRUM,WROCLAW,poland,Pologne,europe,missing
A073,A073,Novotel Wroclaw Centrum,NOV,NOVOTEL,WROCLAW,Pologne,Powstancow Slaskich 7,53-332,https://all.accor.com/hotel/A073/index.fr.shtml,catalog_api,poland,NOVOTEL WROCLAW CENTRUM,WROCLAW,poland,Pologne,europe,missing
6606,6606,ibis budget Wroclaw Stadion,IBB,IBIS BUDGET,WROCLAW,Pologne,ul. Lotnicza 151,54132,https://all.accor.com/hotel/6606/index.fr.shtml,catalog_api,poland,IBIS BUDGET WROCLAW STADION,WROCLAW,poland,Pologne,europe,missing
B580,B580,Mercure Katowice Centrum,MER,MERCURE,KATOWICE,Pologne,Mlynska 6,40-098,https://all.accor.com/hotel/B580/index.fr.shtml,catalog_api,poland,MERCURE KATOWICE CENTRUM,KATOWICE,poland,Pologne,europe,missing
C160,C160,The Crown Krakow - Handwritten Collection,SOU,SOU,CRACOVIE,Pologne,6 Krolewska,30-045,https://all.accor.com/hotel/C160/index.fr.shtml,catalog_api,poland,THE CROWN KRAKOW HANDWRITTEN COLLECTION,CRACOVIE,poland,Pologne,europe,missing
C2P1,C2P1,TRIBE Krakow Old Town,TRI,TRIBE,CRACOVIE,Pologne,Worcella 8,31154,https://all.accor.com/hotel/C2P1/index.fr.shtml,catalog_api,poland,TRIBE KRAKOW OLD TOWN,CRACOVIE,poland,Pologne,europe,missing
B3L6,B3L6,ibis Styles Krakow East,IBS,IBIS STYLES,CRACOVIE,Pologne,Ul Bulwarowa 35a,31-751,https://all.accor.com/hotel/B3L6/index.fr.shtml,catalog_api,poland,IBIS STYLES KRAKOW EAST,CRACOVIE,poland,Pologne,europe,missing
B579,B579,ibis Styles Krakow Centrum,IBS,IBIS STYLES,CRACOW,Pologne,Mogilska 53,31-545,https://all.accor.com/hotel/B579/index.fr.shtml,catalog_api,poland,IBIS STYLES KRAKOW CENTRUM,CRACOW,poland,Pologne,europe,missing
B4U7,B4U7,Bachleda Luxury Hotel Kraków - MGallery Collection,MGA,MGALLERY,CRACOVIE,Pologne,Plac Kossaka 6,31106,https://all.accor.com/hotel/B4U7/index.fr.shtml,catalog_api,poland,BACHLEDA LUXURY HOTEL KRAKOW MGALLERY COLLECTION,CRACOVIE,poland,Pologne,europe,missing
B6A5,B6A5,Mercure Krakow Fabryczna City,MER,MERCURE,CRACOVIE,Pologne,Fabryczna 13,31-553,https://all.accor.com/hotel/B6A5/index.fr.shtml,catalog_api,poland,MERCURE KRAKOW FABRYCZNA CITY,CRACOVIE,poland,Pologne,europe,missing
B8S1,B8S1,Mercure Szczyrk Resort,MER,MERCURE,SZCZYRK,Pologne,Wrzosowa 28A,43-370,https://all.accor.com/hotel/B8S1/index.fr.shtml,catalog_api,poland,MERCURE SZCZYRK RESORT,SZCZYRK,poland,Pologne,europe,missing
A9V0,A9V0,ibis Styles Lublin Stare Miasto,IBS,IBIS STYLES,LUBLIN,Pologne,Aleja Solidarnosci 7,20841,https://all.accor.com/hotel/A9V0/index.fr.shtml,catalog_api,poland,IBIS STYLES LUBLIN STARE MIASTO,LUBLIN,poland,Pologne,europe,missing
B0I1,B0I1,ibis Styles Boleslawiec,IBS,IBIS STYLES,BOLESŁAWIEC,Pologne,Plac Ksiedza Jerzego Popieluszki,59700,https://all.accor.com/hotel/B0I1/index.fr.shtml,catalog_api,poland,IBIS STYLES BOLESLAWIEC,BOLES AWIEC,poland,Pologne,europe,missing
B994,B994,Mövenpick Resort & Spa Karpacz,MOV,MÖVENPICK,KARPACZ,Pologne,Obrońców Pokoju 6,58-540,https://all.accor.com/hotel/B994/index.fr.shtml,catalog_api,poland,MOVENPICK RESORT SPA KARPACZ,KARPACZ,poland,Pologne,europe,missing
B934,B934,Sanssouci Hotel & Spa Karpacz - MGallery Collection,MGA,MGALLERY,KARPACZ,Pologne,Karkonoska 35,58-540,https://all.accor.com/hotel/B934/index.fr.shtml,catalog_api,poland,SANSSOUCI HOTEL SPA KARPACZ MGALLERY COLLECTION,KARPACZ,poland,Pologne,europe,missing
C418,C418,ibis Styles Gdansk AMBEREXPO (Opening Fall 2026),IBS,IBIS STYLES,GDANSK,Pologne,Zaglowa 11,80-560,https://all.accor.com/hotel/C418/index.fr.shtml,catalog_api,poland,IBIS STYLES GDANSK AMBEREXPO OPENING FALL 2026,GDANSK,poland,Pologne,europe,missing
B3H5,B3H5,ibis Styles Nowy Targ,IBS,IBIS STYLES,NOWY TARG,Pologne,Kolejowa 165,34400,https://all.accor.com/hotel/B3H5/index.fr.shtml,catalog_api,poland,IBIS STYLES NOWY TARG,NOWY TARG,poland,Pologne,europe,missing
B711,B711,Rezydent Hotel Sopot - MGallery Collection,MGA,MGALLERY,SOPOT,Pologne,Plac Konstytucji 3 Maja 3,81704,https://all.accor.com/hotel/B711/index.fr.shtml,catalog_api,poland,REZYDENT HOTEL SOPOT MGALLERY COLLECTION,SOPOT,poland,Pologne,europe,missing
B635,B635,Mercure Bialystok,MER,MERCURE,BIALYSTOK,Pologne,Hetmańska 46,15-727,https://all.accor.com/hotel/B635/index.fr.shtml,catalog_api,poland,MERCURE BIALYSTOK,BIALYSTOK,poland,Pologne,europe,missing
A0C7,A0C7,ibis Styles Szczecin Stare Miasto,IBS,IBIS STYLES,SZCZECIN,Pologne,Panienska 10,70 535,https://all.accor.com/hotel/A0C7/index.fr.shtml,catalog_api,poland,IBIS STYLES SZCZECIN STARE MIASTO,SZCZECIN,poland,Pologne,europe,missing
3369,3369,ibis Szczecin Centrum,IBH,IBIS,SZCZECIN,Pologne,UL. Dworcowa 16,70-206,https://all.accor.com/hotel/3369/index.fr.shtml,catalog_api,poland,IBIS SZCZECIN CENTRUM,SZCZECIN,poland,Pologne,europe,missing
B925,B925,TRIBE Budapest Airport,TRI,TRIBE,BUDAPEST,Hongrie,"LISZT FERENC INT AIRPORT, TERMINAL 2",1185,https://all.accor.com/hotel/B925/index.fr.shtml,catalog_api,hungary,TRIBE BUDAPEST AIRPORT,BUDAPEST,hungary,Hongrie,europe,missing
B0I7,B0I7,ibis Styles Budapest Airport,IBS,IBIS STYLES,BUDAPEST,Hongrie,"Vecses, Liszt Ferenc, International Airport, Terminal2",1185,https://all.accor.com/hotel/B0I7/index.fr.shtml,catalog_api,hungary,IBIS STYLES BUDAPEST AIRPORT,BUDAPEST,hungary,Hongrie,europe,missing
B876,B876,ibis Budapest Stadium,IBH,IBIS,BUDAPEST,Hongrie,34 krt Konyves Kalman,1097,https://all.accor.com/hotel/B876/index.fr.shtml,catalog_api,hungary,IBIS BUDAPEST STADIUM,BUDAPEST,hungary,Hongrie,europe,missing
B875,B875,TRIBE Budapest Stadium,TRI,TRIBE,BUDAPEST,Hongrie,34 krt Konyves Kalman,1097,https://all.accor.com/hotel/B875/index.fr.shtml,catalog_api,hungary,TRIBE BUDAPEST STADIUM,BUDAPEST,hungary,Hongrie,europe,missing
C709,C709,IntercityHotel Budapest - Ouverture prochaine,ITC,ITC,BUDAPEST,Hongrie,Baross tér 7-8,1087,https://all.accor.com/hotel/C709/index.fr.shtml,catalog_api,hungary,INTERCITYHOTEL BUDAPEST OUVERTURE PROCHAINE,BUDAPEST,hungary,Hongrie,europe,missing
C514,C514,You Hotel Budapest - Handwritten Collection,SOU,SOU,BUDAPEST,Hongrie,Szentkiralyi u 8 NTAK:SZ25117628,1088,https://all.accor.com/hotel/C514/index.fr.shtml,catalog_api,hungary,YOU HOTEL BUDAPEST HANDWRITTEN COLLECTION,BUDAPEST,hungary,Hongrie,europe,missing
C0A8,C0A8,JO&JOE Budapest,JOE,JO&JOE,BUDAPEST,Hongrie,Dohány utca 35.,1074,https://all.accor.com/hotel/C0A8/index.fr.shtml,catalog_api,hungary,JO JOE BUDAPEST,BUDAPEST,hungary,Hongrie,europe,missing
B350,B350,ibis Styles Budapest Citywest,IBS,IBIS STYLES,BUDAPEST,Hongrie,"Budaorsi Ut 88, NTAK : SZ19000235, szálloda",1118,https://all.accor.com/hotel/B350/index.fr.shtml,catalog_api,hungary,IBIS STYLES BUDAPEST CITYWEST,BUDAPEST,hungary,Hongrie,europe,missing
6565,6565,Mercure Budapest City Center Hotel,MER,MERCURE,BUDAPEST,Hongrie,"Vaci utca 20, NTAK: SZ19000376, szálloda",1052,https://all.accor.com/hotel/6565/index.fr.shtml,catalog_api,hungary,MERCURE BUDAPEST CITY CENTER HOTEL,BUDAPEST,hungary,Hongrie,europe,missing
C319,C319,Pullman Budapest,PUL,PULLMAN,BUDAPEST,Hongrie,Nagymezo u. 38,1065,https://all.accor.com/hotel/C319/index.fr.shtml,catalog_api,hungary,PULLMAN BUDAPEST,BUDAPEST,hungary,Hongrie,europe,missing
B427,B427,ibis Budapest Castle Hill,IBH,IBIS,BUDAPEST,Hongrie,"41 43 Krisztina krt, NTAK:SZ19000980, szálloda, .",1013,https://all.accor.com/hotel/B427/index.fr.shtml,catalog_api,hungary,IBIS BUDAPEST CASTLE HILL,BUDAPEST,hungary,Hongrie,europe,missing
C1E1,C1E1,Mercure Szekesfehervar Magyar Kiraly,MER,MERCURE,SZEKESFEHERVAR,Hongrie,10 FO,8000,https://all.accor.com/hotel/C1E1/index.fr.shtml,catalog_api,hungary,MERCURE SZEKESFEHERVAR MAGYAR KIRALY,SZEKESFEHERVAR,hungary,Hongrie,europe,missing
C089,C089,Mövenpick BalaLand Resort Lake Balaton,MOV,MÖVENPICK,SZANTOD,Hongrie,Moricz Zsigmond utca 96,8622,https://all.accor.com/hotel/C089/index.fr.shtml,catalog_api,hungary,MOVENPICK BALALAND RESORT LAKE BALATON,SZANTOD,hungary,Hongrie,europe,missing
C118,C118,ibis Styles Debrecen Airport,IBS,IBIS STYLES,DEBRECEN,Hongrie,Repuloteri ut 5A,4030,https://all.accor.com/hotel/C118/index.fr.shtml,catalog_api,hungary,IBIS STYLES DEBRECEN AIRPORT,DEBRECEN,hungary,Hongrie,europe,missing
B7T5,B7T5,Mercure Debrecen,MER,MERCURE,DEBRECEN,Hongrie,Bajcsy Zsilinszky utca 11,4025,https://all.accor.com/hotel/B7T5/index.fr.shtml,catalog_api,hungary,MERCURE DEBRECEN,DEBRECEN,hungary,Hongrie,europe,missing
C3U5,C3U5,Hotel Lycium Debrecen - Handwritten Collection,SOU,SOU,DEBRECEN,Hongrie,"Hunyadi Janos utca 1, 3, NTAK: SZ25114052",4026,https://all.accor.com/hotel/C3U5/index.fr.shtml,catalog_api,hungary,HOTEL LYCIUM DEBRECEN HANDWRITTEN COLLECTION,DEBRECEN,hungary,Hongrie,europe,missing
C096,C096,Minaro Hotel Tokaj - MGallery Collection,MGA,MGALLERY,TOKAJ,Hongrie,Csurgo volgyi ut,3910,https://all.accor.com/hotel/C096/index.fr.shtml,catalog_api,hungary,MINARO HOTEL TOKAJ MGALLERY COLLECTION,TOKAJ,hungary,Hongrie,europe,missing
B9B1,B9B1,Mercure Tokaj Center,MER,MERCURE,TOKAJ,Hongrie,5 RAKOCZI UT,3910,https://all.accor.com/hotel/B9B1/index.fr.shtml,catalog_api,hungary,MERCURE TOKAJ CENTER,TOKAJ,hungary,Hongrie,europe,missing
B1A9,B1A9,Mercure Sighisoara Binderbubi - Hotel & Spa,MER,MERCURE,SIGHISOARA,Roumanie,"Nicolae Balcescu Street, No8, 545400",545400,https://all.accor.com/hotel/B1A9/index.fr.shtml,catalog_api,romania,MERCURE SIGHISOARA BINDERBUBI HOTEL SPA,SIGHISOARA,romania,Roumanie,europe,missing
B8I1,B8I1,Mercure Medias Binderbubi Hotel And Spa,MER,MERCURE,MEDIAS,Roumanie,Plopului No 30,551076,https://all.accor.com/hotel/B8I1/index.fr.shtml,catalog_api,romania,MERCURE MEDIAS BINDERBUBI HOTEL AND SPA,MEDIAS,romania,Roumanie,europe,missing
C2F2,C2F2,Swissôtel Poiana Brasov,SWI,SWISSÔTEL,BRASOV,Roumanie,9 Drumul Sulinar,500001,https://all.accor.com/hotel/C2F2/index.fr.shtml,catalog_api,romania,SWISSOTEL POIANA BRASOV,BRASOV,romania,Roumanie,europe,missing
B7G2,B7G2,Mercure Sibiu Arsenal,MER,MERCURE,SIBIU,Roumanie,48 Bulevardul Victoriei,550024,https://all.accor.com/hotel/B7G2/index.fr.shtml,catalog_api,romania,MERCURE SIBIU ARSENAL,SIBIU,romania,Roumanie,europe,missing
B7G3,B7G3,ibis Styles Sibiu,IBS,IBIS STYLES,SIBIU,Roumanie,48 BULEVARDUL VICTORIEI,550024,https://all.accor.com/hotel/B7G3/index.fr.shtml,catalog_api,romania,IBIS STYLES SIBIU,SIBIU,romania,Roumanie,europe,missing
B478,B478,Mercure Sibiu Airport,MER,MERCURE,SIBIU,Roumanie,Soseaua Alba Iulia 120,550052,https://all.accor.com/hotel/B478/index.fr.shtml,catalog_api,romania,MERCURE SIBIU AIRPORT,SIBIU,romania,Roumanie,europe,missing
B9K2,B9K2,Mercure Alba Iulia,MER,MERCURE,ALBA IULIA,Roumanie,Street Dimitrie Cantemir 2a,510151,https://all.accor.com/hotel/B9K2/index.fr.shtml,catalog_api,romania,MERCURE ALBA IULIA,ALBA IULIA,romania,Roumanie,europe,missing
C069,C069,ibis Styles Pitesti Arges,IBS,IBIS STYLES,PITESTI,Roumanie,3 Piata Muntenia,110063,https://all.accor.com/hotel/C069/index.fr.shtml,catalog_api,romania,IBIS STYLES PITESTI ARGES,PITESTI,romania,Roumanie,europe,missing
B449,B449,ibis Styles Bucharest Airport,IBS,IBIS STYLES,BUCHAREST OTOPENI,Roumanie,"222 Calea Bucurestilor, Ilfov",075100,https://all.accor.com/hotel/B449/index.fr.shtml,catalog_api,romania,IBIS STYLES BUCHAREST AIRPORT,BUCHAREST OTOPENI,romania,Roumanie,europe,missing
B2N5,B2N5,ibis Styles Bucharest Erbas,IBS,IBIS STYLES,BUCAREST,Roumanie,"Capitan Alexandru Serbanescu, Nr 27",14283,https://all.accor.com/hotel/B2N5/index.fr.shtml,catalog_api,romania,IBIS STYLES BUCHAREST ERBAS,BUCAREST,romania,Roumanie,europe,missing
B1S0,B1S0,ibis Bucharest Politehnica,IBH,IBIS,BUCHAREST,Roumanie,Splaiul Independentei Nr 313A,60042,https://all.accor.com/hotel/B1S0/index.fr.shtml,catalog_api,romania,IBIS BUCHAREST POLITEHNICA,BUCHAREST,romania,Roumanie,europe,missing
B089,B089,ibis Styles Bucharest City Center,IBS,IBIS STYLES,BUCAREST,Roumanie,"146 Stirbei Voda Street, District 1",010119,https://all.accor.com/hotel/B089/index.fr.shtml,catalog_api,romania,IBIS STYLES BUCHAREST CITY CENTER,BUCAREST,romania,Roumanie,europe,missing
A1H4,A1H4,Mercure Bucharest Unirii,MER,MERCURE,BUCAREST,Roumanie,28th Mircea Voda Boulevard,30167,https://all.accor.com/hotel/A1H4/index.fr.shtml,catalog_api,romania,MERCURE BUCHAREST UNIRII,BUCAREST,romania,Roumanie,europe,missing
C0W2,C0W2,Mercure Bucarest Cantemir,MER,MERCURE,BUCAREST,Roumanie,Bd Dimitrie Cantemir 13B,40234,https://all.accor.com/hotel/C0W2/index.fr.shtml,catalog_api,romania,MERCURE BUCAREST CANTEMIR,BUCAREST,romania,Roumanie,europe,missing
C2B4,C2B4,Bucharest Unirii Square - Handwritten Collection,SOU,SOU,BUCAREST,Roumanie,3A Nerva Traian,031041,https://all.accor.com/hotel/C2B4/index.fr.shtml,catalog_api,romania,BUCHAREST UNIRII SQUARE HANDWRITTEN COLLECTION,BUCAREST,romania,Roumanie,europe,missing
B9U8,B9U8,Mercure Cozieni,MER,MERCURE,COZIENI,Roumanie,Strada Manastirii nr 2,077100,https://all.accor.com/hotel/B9U8/index.fr.shtml,catalog_api,romania,MERCURE COZIENI,COZIENI,romania,Roumanie,europe,missing
B637,B637,Mercure Galati Centrum,MER,MERCURE,GALATI,Roumanie,"12 Domneasca Street, 12 Domneasca Street, 12 Domneasca Street",800015,https://all.accor.com/hotel/B637/index.fr.shtml,catalog_api,romania,MERCURE GALATI CENTRUM,GALATI,romania,Roumanie,europe,missing
B636,B636,ibis Styles Galati Centrum (Ouverture juillet 2020),IBS,IBIS STYLES,GALATI,Roumanie,Strada Domneasca 13,800015,https://all.accor.com/hotel/B636/index.fr.shtml,catalog_api,romania,IBIS STYLES GALATI CENTRUM OUVERTURE JUILLET 2020,GALATI,romania,Roumanie,europe,missing
C1R7,C1R7,Mercure Oradea,MER,MERCURE,ORADEA,Roumanie,Ceyrat 37,410087,https://all.accor.com/hotel/C1R7/index.fr.shtml,catalog_api,romania,MERCURE ORADEA,ORADEA,romania,Roumanie,europe,missing
A0K3,A0K3,ibis Styles Arad,IBS,IBIS STYLES,ARAD,Roumanie,Aurel Vlaicu 306,310375,https://all.accor.com/hotel/A0K3/index.fr.shtml,catalog_api,romania,IBIS STYLES ARAD,ARAD,romania,Roumanie,europe,missing
B3H6,B3H6,ibis Timisoara City Center,IBH,IBIS,TIMISOARA,Roumanie,Calea Circumvalatiunii 8 10A,300012,https://all.accor.com/hotel/B3H6/index.fr.shtml,catalog_api,romania,IBIS TIMISOARA CITY CENTER,TIMISOARA,romania,Roumanie,europe,missing
B4B1,B4B1,Mercure Timisoara,MER,MERCURE,TIMISOARA,Roumanie,Blv Cetatii Nr 10,300397,https://all.accor.com/hotel/B4B1/index.fr.shtml,catalog_api,romania,MERCURE TIMISOARA,TIMISOARA,romania,Roumanie,europe,missing
C2I0,C2I0,Ibis Styles Venus,IBS,IBIS STYLES,VÉNUS,Roumanie,Dem Radulescu 82,905504,https://all.accor.com/hotel/C2I0/index.fr.shtml,catalog_api,romania,IBIS STYLES VENUS,VENUS,romania,Roumanie,europe,missing
B0X1,B0X1,Mama Shelter Prague,MSH,MAMA SHELTER,PRAHA 7- HOLESOVICE,République Tchèque,Veletrzni 1502/20,170 00,https://all.accor.com/hotel/B0X1/index.fr.shtml,catalog_api,czech republic,MAMA SHELTER PRAGUE,PRAHA 7 HOLESOVICE,czech-republic,République tchèque,europe,missing
B6V3,B6V3,Fairmont Golden Prague,FAI,FAIRMONT,PRAGUE,République Tchèque,Parizska 30,11000,https://all.accor.com/hotel/B6V3/index.fr.shtml,catalog_api,czech republic,FAIRMONT GOLDEN PRAGUE,PRAGUE,czech-republic,République tchèque,europe,missing
C317,C317,Le Mozart de Prague,SAM,SAM,PRAGUE,République Tchèque,34 Karoliny Svetle,11000,https://all.accor.com/hotel/C317/index.fr.shtml,catalog_api,czech republic,LE MOZART DE PRAGUE,PRAGUE,czech-republic,République tchèque,europe,missing
C7A9,C7A9,Zleep Prague - Bientôt disponible,ZLP,ZLP,PRAGUE,République Tchèque,"Radlicka 366 156, Praha 5 Smíchov",15000,https://all.accor.com/hotel/C7A9/index.fr.shtml,catalog_api,czech republic,ZLEEP PRAGUE BIENTOT DISPONIBLE,PRAGUE,czech-republic,République tchèque,europe,missing
B9R8,B9R8,ibis Styles Relax Roznov pod Radhostem,IBS,IBIS STYLES,ROZNOV POD RADHOSTEM,République Tchèque,1689 Lesni,75661,https://all.accor.com/hotel/B9R8/index.fr.shtml,catalog_api,czech republic,IBIS STYLES RELAX ROZNOV POD RADHOSTEM,ROZNOV POD RADHOSTEM,czech-republic,République tchèque,europe,missing
C129,C129,Swissôtel Marianske Lazne,SWI,SWISSÔTEL,MARIANSKE LAZNE,République Tchèque,Ibsenova 750/15,35301,https://all.accor.com/hotel/C129/index.fr.shtml,catalog_api,czech republic,SWISSOTEL MARIANSKE LAZNE,MARIANSKE LAZNE,czech-republic,République tchèque,europe,missing
C480,C480,Mercure Patras Astir,MER,MERCURE,PATRAS,Grèce,16 Agiou Andrea Street,26221,https://all.accor.com/hotel/C480/index.fr.shtml,catalog_api,greece,MERCURE PATRAS ASTIR,PATRAS,greece,Grèce,europe,missing
C606,C606,LEOLIA Nautical Resort Kala Nera - Handwritten Collection,SOU,SOU,VOLOS,Grèce,Kala Nera EO,37010,https://all.accor.com/hotel/C606/index.fr.shtml,catalog_api,greece,LEOLIA NAUTICAL RESORT KALA NERA HANDWRITTEN COLLECTION,VOLOS,greece,Grèce,europe,missing
C3L4,C3L4,Mövenpick Resort Agios Nikolaos Sivota,MOV,MÖVENPICK,SIVOTA THESPROTIAS,Grèce,"Sivota, PO Box 61, Boîte postale 61",46100,https://all.accor.com/hotel/C3L4/index.fr.shtml,catalog_api,greece,MOVENPICK RESORT AGIOS NIKOLAOS SIVOTA,SIVOTA THESPROTIAS,greece,Grèce,europe,missing
B692,B692,Angsana Corfu,ANG,ANGSANA,CORFU,Grèce,"11 Km National Rd Corfu Benitses, Akra Punta, Benitses",49084,https://all.accor.com/hotel/B692/index.fr.shtml,catalog_api,greece,ANGSANA CORFU,CORFU,greece,Grèce,europe,missing
C628,C628,Découvrez l'hôtel Athens Riviera (ouverture à l'automne 2026),GRE,GREET,ATHÈNES,Grèce,"336 Ave Eleutheriou, Venizelou",17675,https://all.accor.com/hotel/C628/index.fr.shtml,catalog_api,greece,DECOUVREZ L HOTEL ATHENS RIVIERA OUVERTURE A L AUTOMNE 2026,ATHENES,greece,Grèce,europe,missing
B3X8,B3X8,Athens Capital Hotel - MGallery Collection,MGA,MGALLERY,ATHÈNES,Grèce,"4 Elefrheriou Venizelou Avenue, et 2 Kriezotou street, Syndagma Square",10671,https://all.accor.com/hotel/B3X8/index.fr.shtml,catalog_api,greece,ATHENS CAPITAL HOTEL MGALLERY COLLECTION,ATHENES,greece,Grèce,europe,missing
C2N4,C2N4,Athens Capital Suites - MGallery Collection,MGA,MGALLERY,ATHÈNES,Grèce,"7-9 Zalokosta, Syntagma Square",10671,https://all.accor.com/hotel/C2N4/index.fr.shtml,catalog_api,greece,ATHENS CAPITAL SUITES MGALLERY COLLECTION,ATHENES,greece,Grèce,europe,missing
B448,B448,ibis Styles Athens Routes,IBS,IBIS STYLES,ATHÈNES,Grèce,Avenue Vouliagmenis 109,11636,https://all.accor.com/hotel/B448/index.fr.shtml,catalog_api,greece,IBIS STYLES ATHENS ROUTES,ATHENES,greece,Grèce,europe,missing
C6K3,C6K3,Kove Hotel & Spa Mykonos - MGallery Collection,MGA,MGALLERY,MYKONOS,Grèce,ORNOS,84600,https://all.accor.com/hotel/C6K3/index.fr.shtml,catalog_api,greece,KOVE HOTEL SPA MYKONOS MGALLERY COLLECTION,MYKONOS,greece,Grèce,europe,missing
C437,C437,"Luura - Cliff, Paros, A Morgans Originals Hotel",TOR,TOR,PAROS,Grèce,Agia Eirini,84400,https://all.accor.com/hotel/C437/index.fr.shtml,catalog_api,greece,LUURA CLIFF PAROS A MORGANS ORIGINALS HOTEL,PAROS,greece,Grèce,europe,missing
C560,C560,Nirema Hotel & Spa Samos - MGallery Collection (opening Q2 2026),MGA,MGALLERY,SAMOS,Grèce,Malagari,83100,https://all.accor.com/hotel/C560/index.fr.shtml,catalog_api,greece,NIREMA HOTEL SPA SAMOS MGALLERY COLLECTION OPENING Q2 2026,SAMOS,greece,Grèce,europe,missing
A9P7,A9P7,ibis Styles Heraklion Central,IBS,IBIS STYLES,HERAKLION,Grèce,"26 Koroneou, & Agiou  Titou Street",71202,https://all.accor.com/hotel/A9P7/index.fr.shtml,catalog_api,greece,IBIS STYLES HERAKLION CENTRAL,HERAKLION,greece,Grèce,europe,missing
C1I3,C1I3,RoccaMare Heraklion - Handwritten Collection,SOU,SOU,HERAKLION,Grèce,"Minoos 3, Sofokli Venizelou",71303,https://all.accor.com/hotel/C1I3/index.fr.shtml,catalog_api,greece,ROCCAMARE HERAKLION HANDWRITTEN COLLECTION,HERAKLION,greece,Grèce,europe,missing
B8U7,B8U7,NIKO Seaside Resort Crete - MGallery Collection,MGA,MGALLERY,AGIOS NIKOLAOS CRÈTE,Grèce,Akti Koundourou 20,72100,https://all.accor.com/hotel/B8U7/index.fr.shtml,catalog_api,greece,NIKO SEASIDE RESORT CRETE MGALLERY COLLECTION,AGIOS NIKOLAOS CRETE,greece,Grèce,europe,missing
B6P2,B6P2,Mercure Rhodes Alexia Hotel & Spa,MER,MERCURE,RHODES,Grèce,Orfanidou 54,85100,https://all.accor.com/hotel/B6P2/index.fr.shtml,catalog_api,greece,MERCURE RHODES ALEXIA HOTEL SPA,RHODES,greece,Grèce,europe,missing
C3S0,C3S0,Mövenpick Hotel and Residences Kvarner Bay (ouverture août 2026),MOV,MÖVENPICK,NOVI VINODOLSKI,Croatie,Hrastic 15,51250,https://all.accor.com/hotel/C3S0/index.fr.shtml,catalog_api,croatia,MOVENPICK HOTEL AND RESIDENCES KVARNER BAY OUVERTURE AOUT 2026,NOVI VINODOLSKI,croatia,Croatie,europe,missing
B9S9,B9S9,Mövenpick Zagreb,MOV,MÖVENPICK,ZAGREB,Croatie,6H 2 Oreskoviceva Str,10020,https://all.accor.com/hotel/B9S9/index.fr.shtml,catalog_api,croatia,MOVENPICK ZAGREB,ZAGREB,croatia,Croatie,europe,missing
C030,C030,Pullman Zagreb,PUL,PULLMAN,ZAGREB,Croatie,"Buzinski Krci 3A, Buzin, Zagreb",10010,https://all.accor.com/hotel/C030/index.fr.shtml,catalog_api,croatia,PULLMAN ZAGREB,ZAGREB,croatia,Croatie,europe,missing
B4G1,B4G1,Novotel Zagreb,NOV,NOVOTEL,ZAGREB,Croatie,Slavonska avenija 100,10040,https://all.accor.com/hotel/B4G1/index.fr.shtml,catalog_api,croatia,NOVOTEL ZAGREB,ZAGREB,croatia,Croatie,europe,missing
B8U9,B8U9,Heritage Hotel FERMAI Split - MGallery Collection,MGA,MGALLERY,SPLIT,Croatie,Livanjska Ul 5,21000,https://all.accor.com/hotel/B8U9/index.fr.shtml,catalog_api,croatia,HERITAGE HOTEL FERMAI SPLIT MGALLERY COLLECTION,SPLIT,croatia,Croatie,europe,missing
B1H9,B1H9,Rixos Premium Dubrovnik,RIX,RIXOS HOTELS,DUBROVNIK,Croatie,Liechtensteinov put 3,20000,https://all.accor.com/hotel/B1H9/index.fr.shtml,catalog_api,croatia,RIXOS PREMIUM DUBROVNIK,DUBROVNIK,croatia,Croatie,europe,missing
C302,C302,Adorn Tirana - Handwritten Collection (Ouverture au T2 2026),SOU,SOU,TIRANA,Albanie,"GJIN BUESHPATA STREET 27, MOSKAT BUILDINGS, ZONE 5",1019,https://all.accor.com/hotel/C302/index.fr.shtml,catalog_api,albania,ADORN TIRANA HANDWRITTEN COLLECTION OUVERTURE AU T2 2026,TIRANA,albania,Albanie,europe,missing
B8N6,B8N6,Mercure Tirana,MER,MERCURE,TIRANA,Albanie,29 NENTORI STREET,1000,https://all.accor.com/hotel/B8N6/index.fr.shtml,catalog_api,albania,MERCURE TIRANA,TIRANA,albania,Albanie,europe,missing
B8W7,B8W7,Mövenpick Hotel Lalez Durres,MOV,MÖVENPICK,DURRES,Albanie,"Kompleksi Lura 2,Gjiri I Lalezit",2000,https://all.accor.com/hotel/B8W7/index.fr.shtml,catalog_api,albania,MOVENPICK HOTEL LALEZ DURRES,DURRES,albania,Albanie,europe,missing
B8R9,B8R9,Green Coast Hotel - MGallery Collection,MGA,MGALLERY,VLORE,Albanie,"AL, Palase, Green Coast",9425,https://all.accor.com/hotel/B8R9/index.fr.shtml,catalog_api,albania,GREEN COAST HOTEL MGALLERY COLLECTION,VLORE,albania,Albanie,europe,missing
B0L6,B0L6,Tarcin Forest Resort & Spa Sarajevo - MGallery Collection,MGA,MGALLERY,SARAJEVO,Bosnie-Herzégovine,Vilovac B B,71240,https://all.accor.com/hotel/B0L6/index.fr.shtml,catalog_api,bosnia,TARCIN FOREST RESORT SPA SARAJEVO MGALLERY COLLECTION,SARAJEVO,bosnia,Bosnie-Herzégovine,europe,missing
B3G8,B3G8,ibis Styles Sarajevo,IBS,IBIS STYLES,SARAJEVO,Bosnie-Herzégovine,Dzemala Bijedica 169 A,71000,https://all.accor.com/hotel/B3G8/index.fr.shtml,catalog_api,bosnia,IBIS STYLES SARAJEVO,SARAJEVO,bosnia,Bosnie-Herzégovine,europe,missing
B1F7,B1F7,Mövenpick Hotel Sarajevo,MOV,MÖVENPICK,SARAJEVO,Bosnie-Herzégovine,Fra Filipa Lastrica,71000,https://all.accor.com/hotel/B1F7/index.fr.shtml,catalog_api,bosnia,MOVENPICK HOTEL SARAJEVO,SARAJEVO,bosnia,Bosnie-Herzégovine,europe,missing
B1B7,B1B7,Swissôtel Sarajevo,SWI,SWISSÔTEL,SARAJEVO,Bosnie-Herzégovine,VRBANJA 1,71000,https://all.accor.com/hotel/B1B7/index.fr.shtml,catalog_api,bosnia,SWISSOTEL SARAJEVO,SARAJEVO,bosnia,Bosnie-Herzégovine,europe,missing
B4U6,B4U6,The Emporium Hotel Plovdiv - MGallery Collection,MGA,MGALLERY,PLOVDIV,Bulgarie,Kapitan Raycho Str 66,4000,https://all.accor.com/hotel/B4U6/index.fr.shtml,catalog_api,bulgaria,THE EMPORIUM HOTEL PLOVDIV MGALLERY COLLECTION,PLOVDIV,bulgaria,Bulgarie,europe,missing
B364,B364,Pullman Okol Golf Resort and Spa (Ouverture hiver 2026),PUL,PULLMAN,GORNI OKOL,Bulgarie,2027 Gorni Okol,2027,https://all.accor.com/hotel/B364/index.fr.shtml,catalog_api,bulgaria,PULLMAN OKOL GOLF RESORT AND SPA OUVERTURE HIVER 2026,GORNI OKOL,bulgaria,Bulgarie,europe,missing
B772,B772,Maison Sofia - MGallery Collection,MGA,MGALLERY,SOFIA,Bulgarie,36 Atanas Dukov Str,1407,https://all.accor.com/hotel/B772/index.fr.shtml,catalog_api,bulgaria,MAISON SOFIA MGALLERY COLLECTION,SOFIA,bulgaria,Bulgarie,europe,missing
C1G1,C1G1,Mercure Sofia City,MER,MERCURE,SOFIA,Bulgarie,83 Bulgaria Blvd.,1404,https://all.accor.com/hotel/C1G1/index.fr.shtml,catalog_api,bulgaria,MERCURE SOFIA CITY,SOFIA,bulgaria,Bulgarie,europe,missing
B8E7,B8E7,Hôtel ibis Styles Golden Sands Roomer,IBS,IBIS STYLES,VARNA,Bulgarie,Golden Sands resort,9007,https://all.accor.com/hotel/B8E7/index.fr.shtml,catalog_api,bulgaria,HOTEL IBIS STYLES GOLDEN SANDS ROOMER,VARNA,bulgaria,Bulgarie,europe,missing
C2M5,C2M5,The Classic Hotel Nicosia - Handwritten Collection,SOU,SOU,NICOSIE,Chypre,94 Rigenis,1010,https://all.accor.com/hotel/C2M5/index.fr.shtml,catalog_api,cyprus,THE CLASSIC HOTEL NICOSIA HANDWRITTEN COLLECTION,NICOSIE,cyprus,Chypre,europe,missing
C056,C056,Mercure Larnaca beach resort,MER,MERCURE,LARNACA,Chypre,"Afrodite, str 5",7041,https://all.accor.com/hotel/C056/index.fr.shtml,catalog_api,cyprus,MERCURE LARNACA BEACH RESORT,LARNACA,cyprus,Chypre,europe,missing
C2D6,C2D6,Mercure Larnaca Finikoudes Beach,MER,MERCURE,LARNACA,Chypre,Vasileos Evagorou,6022,https://all.accor.com/hotel/C2D6/index.fr.shtml,catalog_api,cyprus,MERCURE LARNACA FINIKOUDES BEACH,LARNACA,cyprus,Chypre,europe,missing
C5T7,C5T7,ibis Styles Larnaca (Ouverture en août 2026),IBS,IBIS STYLES,LARNACA,Chypre,D mitsi street 11,6307,https://all.accor.com/hotel/C5T7/index.fr.shtml,catalog_api,cyprus,IBIS STYLES LARNACA OUVERTURE EN AOUT 2026,LARNACA,cyprus,Chypre,europe,missing
B4B9,B4B9,Mama Shelter Luxembourg,MSH,MAMA SHELTER,LUXEMBOURG,Luxembourg,"2 Rue Du Fort Niedergrunewald, 2 Rue Du Fort Niedergrunewald, 2 Rue Du Fort Niedergrunewald",L2226,https://all.accor.com/hotel/B4B9/index.fr.shtml,catalog_api,luxembourg,MAMA SHELTER LUXEMBOURG,LUXEMBOURG,luxembourg,Luxembourg,europe,missing
A9U6,A9U6,Mercure Luxembourg Off Kirchberg,MER,MERCURE,LUXEMBOURG,Luxembourg,"271, Rue De Neudorf",2221,https://all.accor.com/hotel/A9U6/index.fr.shtml,catalog_api,luxembourg,MERCURE LUXEMBOURG OFF KIRCHBERG,LUXEMBOURG,luxembourg,Luxembourg,europe,missing
B4M2,B4M2,Croisière sur le Nil Mövenpick MS Royal Lily,MOV,MÖVENPICK,LUXOR,Égypte,"Nile Corniche Street, Front of Luxor Temple",85951,https://all.accor.com/hotel/B4M2/index.fr.shtml,catalog_api,egypt,CROISIERE SUR LE NIL MOVENPICK MS ROYAL LILY,LUXOR,egypt,Égypte,africa_me,missing
B4M0,B4M0,Mövenpick MS Royal Lotus Croisière sur le Nil,MOV,MÖVENPICK,LUXOR,Égypte,"Nile Corniche, Near the Mummification Museum",85957,https://all.accor.com/hotel/B4M0/index.fr.shtml,catalog_api,egypt,MOVENPICK MS ROYAL LOTUS CROISIERE SUR LE NIL,LUXOR,egypt,Égypte,africa_me,missing
B4N6,B4N6,Mövenpick MS Hamees,MOV,MÖVENPICK,LUXOR,Égypte,"Traveline Dock, Al Bughdadi District",85833,https://all.accor.com/hotel/B4N6/index.fr.shtml,catalog_api,egypt,MOVENPICK MS HAMEES,LUXOR,egypt,Égypte,africa_me,missing
B4N2,B4N2,Mövenpick MS Sunray,MOV,MÖVENPICK,LUXOR,Égypte,"Traveline Dock, Al Bughdadi District, Luxor",85833,https://all.accor.com/hotel/B4N2/index.fr.shtml,catalog_api,egypt,MOVENPICK MS SUNRAY,LUXOR,egypt,Égypte,africa_me,missing
B4L7,B4L7,Mövenpick El Gouna,MOV,MÖVENPICK,EL GOUNA,Égypte,"El Gouna, Red Sea, Po Box 72",84511,https://all.accor.com/hotel/B4L7/index.fr.shtml,catalog_api,egypt,MOVENPICK EL GOUNA,EL GOUNA,egypt,Égypte,africa_me,missing
C592,C592,Rixos Premium Magawish Bay View,RIX,RIXOS HOTELS,HURGHADA,Égypte,"Red Sea Government, 12 KM Safaga Road, Hurgada Egypt",84511,https://all.accor.com/hotel/C592/index.fr.shtml,catalog_api,egypt,RIXOS PREMIUM MAGAWISH BAY VIEW,HURGHADA,egypt,Égypte,africa_me,missing
B6F4,B6F4,Rixos Premium Magawish Suites & Villas,RIX,RIXOS HOTELS,HURGHADA,Égypte,"Safaga Road Km12, Hurghada Mer Rouge Egypte, Egypt",84517,https://all.accor.com/hotel/B6F4/index.fr.shtml,catalog_api,egypt,RIXOS PREMIUM MAGAWISH SUITES VILLAS,HURGHADA,egypt,Égypte,africa_me,missing
B4M8,B4M8,Mövenpick Waterpark Resort & Spa Soma Bay,MOV,MÖVENPICK,HURGHADA MER ROUGE,Égypte,"Km 49 Hurghada Safaga Hw, Soma Bay, Mer rouge",847115,https://all.accor.com/hotel/B4M8/index.fr.shtml,catalog_api,egypt,MOVENPICK WATERPARK RESORT SPA SOMA BAY,HURGHADA MER ROUGE,egypt,Égypte,africa_me,missing
B4M7,B4M7,Mövenpick El Sokhna,MOV,MÖVENPICK,EL EIN EL SOKHNA,Égypte,"K 64 Suez Zaafarana Road, EL EIN EL SOKHNA, Suez, Suez",0,https://all.accor.com/hotel/B4M7/index.fr.shtml,catalog_api,egypt,MOVENPICK EL SOKHNA,EL EIN EL SOKHNA,egypt,Égypte,africa_me,missing
B4L4,B4L4,Mövenpick Le Caire Cité des médias,MOV,MÖVENPICK,GIZEH,Égypte,"Wahat Road, 6th of October City, Opposite to Mall of Egypt, Elhay Elmotamayez, 12451 POB: 39",12451,https://all.accor.com/hotel/B4L4/index.fr.shtml,catalog_api,egypt,MOVENPICK LE CAIRE CITE DES MEDIAS,GIZEH,egypt,Égypte,africa_me,missing
B4L2,B4L2,Mövenpick Resort El Quseir,MOV,MÖVENPICK,EL QUSEIR,Égypte,Sirena Beach El Quadim Bay,84712,https://all.accor.com/hotel/B4L2/index.fr.shtml,catalog_api,egypt,MOVENPICK RESORT EL QUSEIR,EL QUSEIR,egypt,Égypte,africa_me,missing
C5Z0,C5Z0,Swissotel Resort El Quseir,SWI,SWISSÔTEL,EL QUSEIR,Égypte,"SAFAGA AL QUSAIR ROAD, EL QUSAIR, RED SEA GOVERNMENT",71689,https://all.accor.com/hotel/C5Z0/index.fr.shtml,catalog_api,egypt,SWISSOTEL RESORT EL QUSEIR,EL QUSEIR,egypt,Égypte,africa_me,missing
C3J2,C3J2,Sofitel Cairo Downtown Nile,SOF,SOFITEL,LE CAIRE,Égypte,"1191 Corniche du Nil, Souq Al Asr Bulaq, BOÎTE POSTALE 2044",11221,https://all.accor.com/hotel/C3J2/index.fr.shtml,catalog_api,egypt,SOFITEL CAIRO DOWNTOWN NILE,LE CAIRE,egypt,Égypte,africa_me,missing
A5E9,A5E9,Fairmont Nile City,FAI,FAIRMONT,LE CAIRE,Égypte,"Nile City Towers 2005 B, Corniche El Nil, Ramlet Beaulac",2466,https://all.accor.com/hotel/A5E9/index.fr.shtml,catalog_api,egypt,FAIRMONT NILE CITY,LE CAIRE,egypt,Égypte,africa_me,missing
B999,B999,Swissôtel Sharm El Sheikh All Inclusive Collection,SWI,SWISSÔTEL,SHARM EL SHEIKH,Égypte,"Naama Bay Sharm El Sheikh, South Sinai, Egypt",46619,https://all.accor.com/hotel/B999/index.fr.shtml,catalog_api,egypt,SWISSOTEL SHARM EL SHEIKH ALL INCLUSIVE COLLECTION,SHARM EL SHEIKH,egypt,Égypte,africa_me,missing
B6T1,B6T1,Naama Bay Promenade Beach Resort,SAM,SAM,CHARM EL-CHEIKH,Égypte,"Route El Salam, Baie de Naama",46691,https://all.accor.com/hotel/B6T1/index.fr.shtml,catalog_api,egypt,NAAMA BAY PROMENADE BEACH RESORT,CHARM EL CHEIKH,egypt,Égypte,africa_me,missing
B4L5,B4L5,Mövenpick Sharm El Sheikh,MOV,MÖVENPICK,CHARM EL-CHEIKH,Égypte,Naama Bay 46619 South Sinai,46619,https://all.accor.com/hotel/B4L5/index.fr.shtml,catalog_api,egypt,MOVENPICK SHARM EL SHEIKH,CHARM EL CHEIKH,egypt,Égypte,africa_me,missing
C153,C153,Club Prive by Rixos Sharm El Sheikh,RIX,RIXOS HOTELS,SHARM EL SHEIKH,Égypte,Nabq Bay Sharm El Sheikh,41669,https://all.accor.com/hotel/C153/index.fr.shtml,catalog_api,egypt,CLUB PRIVE BY RIXOS SHARM EL SHEIKH,SHARM EL SHEIKH,egypt,Égypte,africa_me,missing
C158,C158,Rixos Radamis Sharm El Sheikh,RIX,RIXOS HOTELS,CHARM EL-CHEIKH,Égypte,Nabq Bay Sharm El Sheikh,46619,https://all.accor.com/hotel/C158/index.fr.shtml,catalog_api,egypt,RIXOS RADAMIS SHARM EL SHEIKH,CHARM EL CHEIKH,egypt,Égypte,africa_me,missing
B1J8,B1J8,Rixos Premium Seagate,RIX,RIXOS HOTELS,SHARM EL SHEIKH,Égypte,"South Sinai, Nabq Bay",46628,https://all.accor.com/hotel/B1J8/index.fr.shtml,catalog_api,egypt,RIXOS PREMIUM SEAGATE,SHARM EL SHEIKH,egypt,Égypte,africa_me,missing
B1J0,B1J0,Rixos Sharm El Sheikh réservé aux adultes de plus de 18 ans,RIX,RIXOS HOTELS,CHARM EL-CHEIKH,Égypte,"South Sinai, Nabq Bay",46628,https://all.accor.com/hotel/B1J0/index.fr.shtml,catalog_api,egypt,RIXOS SHARM EL SHEIKH RESERVE AUX ADULTES DE PLUS DE 18 ANS,CHARM EL CHEIKH,egypt,Égypte,africa_me,missing
C320,C320,Rixos Premium Alamein,RIX,RIXOS HOTELS,ALAMEIN,Égypte,"Kilo 107 North Coastal Road, New City Alamein",51718,https://all.accor.com/hotel/C320/index.fr.shtml,catalog_api,egypt,RIXOS PREMIUM ALAMEIN,ALAMEIN,egypt,Égypte,africa_me,missing
B4L9,B4L9,Mövenpick Taba,MOV,MÖVENPICK,"SINAÏ SUD, TABA",Égypte,"Nuweibaa, Taba Road, Boîte postale 14, Nuweibaa, route de Taba",46621,https://all.accor.com/hotel/B4L9/index.fr.shtml,catalog_api,egypt,MOVENPICK TABA,SINAI SUD TABA,egypt,Égypte,africa_me,missing
C321,C321,Rixos Montaza Alexandria,RIX,RIXOS HOTELS,ALEXANDRIE,Égypte,"Montaza, Alexandria, El Montaza Palace Gardens, Montaza , Alexandria Governorate",21919,https://all.accor.com/hotel/C321/index.fr.shtml,catalog_api,egypt,RIXOS MONTAZA ALEXANDRIA,ALEXANDRIE,egypt,Égypte,africa_me,missing
C6B5,C6B5,Palestine Montaza Alexandria,SAM,SAM,ALEXANDRIE,Égypte,"El Montaza Palace Garden, Montaza 2",5527001,https://all.accor.com/hotel/C6B5/index.fr.shtml,catalog_api,egypt,PALESTINE MONTAZA ALEXANDRIA,ALEXANDRIE,egypt,Égypte,africa_me,missing
A094,A094,ibis Sfax,IBH,IBIS,SFAX,Tunisie,Avenue Majida Boulila,3000,https://all.accor.com/hotel/A094/index.fr.shtml,catalog_api,tunisia,IBIS SFAX,SFAX,tunisia,Tunisie,africa_me,missing
B4I8,B4I8,Mövenpick Sousse,MOV,MÖVENPICK,SOUSSE,Tunisie,"Boulevard du 14 Janvier, PO Box 114",4039,https://all.accor.com/hotel/B4I8/index.fr.shtml,catalog_api,tunisia,MOVENPICK SOUSSE,SOUSSE,tunisia,Tunisie,africa_me,missing
B4I1,B4I1,Mövenpick Hotel Du Lac Tunis,MOV,MÖVENPICK,TUNIS,Tunisie,"Mövenpick Hotel du Lac Tunis, Rue du Lac Huron, Les Berges du Lac",1053,https://all.accor.com/hotel/B4I1/index.fr.shtml,catalog_api,tunisia,MOVENPICK HOTEL DU LAC TUNIS,TUNIS,tunisia,Tunisie,africa_me,missing
A9E9,A9E9,Novotel Tunis Lac,NOV,NOVOTEL,TUNIS,Tunisie,"Rue De La Feuille D Erable, Cite Les Pins, Les Berges Du Lac 2",1053,https://all.accor.com/hotel/A9E9/index.fr.shtml,catalog_api,tunisia,NOVOTEL TUNIS LAC,TUNIS,tunisia,Tunisie,africa_me,missing
B4I5,B4I5,Mövenpick Gammarth,MOV,MÖVENPICK,LA MARSA,Tunisie,"Avenue Taieb Mhiri B P 36, P.O.Box 36",2078,https://all.accor.com/hotel/B4I5/index.fr.shtml,catalog_api,tunisia,MOVENPICK GAMMARTH,LA MARSA,tunisia,Tunisie,africa_me,missing
C0N2,C0N2,Mövenpick Resort Lamantin Saly,MOV,MÖVENPICK,SALY,Sénégal,"Saly Nord, Mbour, Thiès",2383,https://all.accor.com/hotel/C0N2/index.fr.shtml,catalog_api,senegal,MOVENPICK RESORT LAMANTIN SALY,SALY,senegal,Sénégal,africa_me,missing
B4X4,B4X4,Mövenpick Hotel Abidjan,MOV,MÖVENPICK,ABIDJAN,Côte d’Ivoire,"Avenue Terrasson De Fougeres, Angle Rue Gourgas Le Plateau, 01 BP 7335",01,https://all.accor.com/hotel/B4X4/index.fr.shtml,catalog_api,ivory coast,MOVENPICK HOTEL ABIDJAN,ABIDJAN,ivory-coast,Côte d'Ivoire,africa_me,missing
B1J6,B1J6,Aparthotel Adagio Abidjan Marcory,ADG,ADAGIO,ABIDJAN,Côte d’Ivoire,Bd Félix Houphouët Boigny ex VGE,225,https://all.accor.com/hotel/B1J6/index.fr.shtml,catalog_api,ivory coast,APARTHOTEL ADAGIO ABIDJAN MARCORY,ABIDJAN,ivory-coast,Côte d'Ivoire,africa_me,missing
B1I4,B1I4,Novotel Abidjan Marcory,NOV,NOVOTEL,NOVOTEL ABIDJAN MARCORY,Côte d’Ivoire,"Bd Valery Giscard d'Estaing, Bd Valery Giscard d'Estaing, Bd Valery Giscard d'Estaing",225,https://all.accor.com/hotel/B1I4/index.fr.shtml,catalog_api,ivory coast,NOVOTEL ABIDJAN MARCORY,NOVOTEL ABIDJAN MARCORY,ivory-coast,Côte d'Ivoire,africa_me,missing
B8M1,B8M1,Ibis Lagos Lekki,IBH,IBIS,LAGOS,Nigéria,"3 THE PROVIDENCE ST, LEKKI PHASE 1 LAGOS, NIGERIA",105101,https://all.accor.com/hotel/B8M1/index.fr.shtml,catalog_api,nigeria,IBIS LAGOS LEKKI,LAGOS,nigeria,Nigeria,africa_me,missing
C0S0,C0S0,Mövenpick Hotel Ikoyi Lagos,MOV,MÖVENPICK,LAGOS,Nigéria,"47 ALFRED REWANE ROAD, IKOYI",101233,https://all.accor.com/hotel/C0S0/index.fr.shtml,catalog_api,nigeria,MOVENPICK HOTEL IKOYI LAGOS,LAGOS,nigeria,Nigeria,africa_me,missing
C426,C426,Mantis Hidden à Addo,MTS,MANTIS,GQEBERGHA,Afrique du Sud,"Section 2 Farm 37, Frostdale",6105,https://all.accor.com/hotel/C426/index.fr.shtml,catalog_api,south africa,MANTIS HIDDEN A ADDO,GQEBERGHA,south-africa,Afrique du Sud,africa_me,missing
B3Z7,B3Z7,MANTIS FOUNDERS LODGE,MTS,MANTIS,PORT ELIZABETH,Afrique du Sud,"Sidbury Eastern Cape South, Africa",6001,https://all.accor.com/hotel/B3Z7/index.fr.shtml,catalog_api,south africa,MANTIS FOUNDERS LODGE,PORT ELIZABETH,south-africa,Afrique du Sud,africa_me,missing
B417,B417,N°5 par Mantis,MTS,MANTIS,PORT ELIZABETH,Afrique du Sud,"5 Brighton Drive, Summerstrand, Port Elizabeth",6001,https://all.accor.com/hotel/B417/index.fr.shtml,catalog_api,south africa,N 5 PAR MANTIS,PORT ELIZABETH,south-africa,Afrique du Sud,africa_me,missing
C014,C014,Cape Grace - A Fairmont Managed Hotel,FAI,FAIRMONT,CAPE TOWN,Afrique du Sud,"West Quay Road, V&A Waterfront, Waterfront",8001,https://all.accor.com/hotel/C014/index.fr.shtml,catalog_api,south africa,CAPE GRACE A FAIRMONT MANAGED HOTEL,CAPE TOWN,south-africa,Afrique du Sud,africa_me,missing
C0H1,C0H1,Pullman Cape Town City Centre,PUL,PULLMAN,CAPE TOWN,Afrique du Sud,"22 Riebeek Street, Cape Town, Cape Town",8000,https://all.accor.com/hotel/C0H1/index.fr.shtml,catalog_api,south africa,PULLMAN CAPE TOWN CITY CENTRE,CAPE TOWN,south-africa,Afrique du Sud,africa_me,missing
C349,C349,Mama Shelter Cape Town (ouverture fin 2026),MSH,MAMA SHELTER,LE CAP,Afrique du Sud,"111 BREE STREET, CAPE TOWN CITY CENTRE, South Africa",8000,https://all.accor.com/hotel/C349/index.fr.shtml,catalog_api,south africa,MAMA SHELTER CAPE TOWN OUVERTURE FIN 2026,LE CAP,south-africa,Afrique du Sud,africa_me,missing
B6W0,B6W0,Vivari Hotel and Spa by Mantis,MTS,MANTIS,JOHANNESBURG,Afrique du Sud,"1 Riviera Lane, Featherbrook Ext 8, PO Box 576, Featherbrooke, 1739",1732,https://all.accor.com/hotel/B6W0/index.fr.shtml,catalog_api,south africa,VIVARI HOTEL AND SPA BY MANTIS,JOHANNESBURG,south-africa,Afrique du Sud,africa_me,missing
C3C2,C3C2,Hyde Johannesburg Rosebank,HYD,HYDE,JOHANNESBURG,Afrique du Sud,"24 Cradock Avenue, Rosebank",2196,https://all.accor.com/hotel/C3C2/index.fr.shtml,catalog_api,south africa,HYDE JOHANNESBURG ROSEBANK,JOHANNESBURG,south-africa,Afrique du Sud,africa_me,missing
B801,B801,Rixos Marina Abu Dhabi,RIX,RIXOS HOTELS,ABU DHABI,Émirats arabes unis,Marina Mall Ring Road,61060,https://all.accor.com/hotel/B801/index.fr.shtml,catalog_api,united arab emirates,RIXOS MARINA ABU DHABI,ABU DHABI,uae,Émirats arabes unis,africa_me,missing
A5E6,A5E6,"Fairmont Bab Al Bahr, Abu Dhabi",FAI,FAIRMONT,ABOU DHABI,Émirats arabes unis,"Khor Al Maqta, Rabdan, PO Box 114304, 14304",0,https://all.accor.com/hotel/A5E6/index.fr.shtml,catalog_api,united arab emirates,FAIRMONT BAB AL BAHR ABU DHABI,ABOU DHABI,uae,Émirats arabes unis,africa_me,missing
C3Q9,C3Q9,MERCURE ABU DHABI DOWNTOWN,MER,MERCURE,ABU DHABI,Émirats arabes unis,"SAEED BIN AHMED, AL OTAIBA STREET PO BOX 2471",0,https://all.accor.com/hotel/C3Q9/index.fr.shtml,catalog_api,united arab emirates,MERCURE ABU DHABI DOWNTOWN,ABU DHABI,uae,Émirats arabes unis,africa_me,missing
7507,7507,Sofitel Abu Dhabi Corniche,SOF,SOFITEL,ABOU DHABI,Émirats arabes unis,"Corniche Road East, Capital Plaza Complex, 44966",44 966,https://all.accor.com/hotel/7507/index.fr.shtml,catalog_api,united arab emirates,SOFITEL ABU DHABI CORNICHE,ABOU DHABI,uae,Émirats arabes unis,africa_me,missing
B399,B399,Rixos Premium Saadiyat Island,RIX,RIXOS HOTELS,ABOU DHABI,Émirats arabes unis,Saadiyat Island,51249,https://all.accor.com/hotel/B399/index.fr.shtml,catalog_api,united arab emirates,RIXOS PREMIUM SAADIYAT ISLAND,ABOU DHABI,uae,Émirats arabes unis,africa_me,missing
B9H1,B9H1,Club Privé By Rixos Saadiyat,RIX,RIXOS HOTELS,ABU DHABI,Émirats arabes unis,"Rixos Premium Saadiyat Island, Saadiyat Island",35665,https://all.accor.com/hotel/B9H1/index.fr.shtml,catalog_api,united arab emirates,CLUB PRIVE BY RIXOS SAADIYAT,ABU DHABI,uae,Émirats arabes unis,africa_me,missing
B331,B331,SO/ Uptown Dubai,SO,SO/,DUBAÏ,Émirats arabes unis,"Uptown Tower, Uptown",214686,https://all.accor.com/hotel/B331/index.fr.shtml,catalog_api,united arab emirates,SO UPTOWN DUBAI,DUBAI,uae,Émirats arabes unis,africa_me,missing
B4J7,B4J7,Mövenpick Jumeirah Lakes Towers,MOV,MÖVENPICK,DUBAÏ,Émirats arabes unis,"Cluster A, Jumeirah Lakes Towers, 454439",454439,https://all.accor.com/hotel/B4J7/index.fr.shtml,catalog_api,united arab emirates,MOVENPICK JUMEIRAH LAKES TOWERS,DUBAI,uae,Émirats arabes unis,africa_me,missing
C283,C283,Banyan Tree Dubai,BAN,BANYAN TREE,DUBAÏ,Émirats arabes unis,Île Bluewaters,36555,https://all.accor.com/hotel/C283/index.fr.shtml,catalog_api,united arab emirates,BANYAN TREE DUBAI,DUBAI,uae,Émirats arabes unis,africa_me,missing
C282,C282,Delano Dubai,DEL,DELANO,DUBAI,Émirats arabes unis,Bluewaters Dubai,120253,https://all.accor.com/hotel/C282/index.fr.shtml,catalog_api,united arab emirates,DELANO DUBAI,DUBAI,uae,Émirats arabes unis,africa_me,missing
A0R5,A0R5,Mövenpick Hotel Jumeirah Village Triangle,MOV,MÖVENPICK,DUBAÏ,Émirats arabes unis,"B1 Joory Street District 3, PO Box 450763, Jumeirah Village Triangle",450763,https://all.accor.com/hotel/A0R5/index.fr.shtml,catalog_api,united arab emirates,MOVENPICK HOTEL JUMEIRAH VILLAGE TRIANGLE,DUBAI,uae,Émirats arabes unis,africa_me,missing
B0K0,B0K0,Rixos Premium Dubai JBR,RIX,RIXOS HOTELS,DUBAI,Émirats arabes unis,"The Walk Jbr, Jumeirah Beach Residence, Al Mamsha Street",643660,https://all.accor.com/hotel/B0K0/index.fr.shtml,catalog_api,united arab emirates,RIXOS PREMIUM DUBAI JBR,DUBAI,uae,Émirats arabes unis,africa_me,missing
B4I9,B4I9,Mövenpick Hotel Jumeirah Beach,MOV,MÖVENPICK,DUBAÏ,Émirats arabes unis,"Jumeirah Beach Residence, The Walk",282825,https://all.accor.com/hotel/B4I9/index.fr.shtml,catalog_api,united arab emirates,MOVENPICK HOTEL JUMEIRAH BEACH,DUBAI,uae,Émirats arabes unis,africa_me,missing
B8Y0,B8Y0,Raffles The Palm Dubai,RAF,RAFFLES,DUBAÏ,Émirats arabes unis,"West Cresent, Palm Jumeirah, Dubai",213208,https://all.accor.com/hotel/B8Y0/index.fr.shtml,catalog_api,united arab emirates,RAFFLES THE PALM DUBAI,DUBAI,uae,Émirats arabes unis,africa_me,missing
A5F1,A5F1,Fairmont The Palm,FAI,FAIRMONT,DUBAI,Émirats arabes unis,Palm Jumeirah,72413,https://all.accor.com/hotel/A5F1/index.fr.shtml,catalog_api,united arab emirates,FAIRMONT THE PALM,DUBAI,uae,Émirats arabes unis,africa_me,missing
A609,A609,Aparthotel Adagio Premium The Palm,ADP,ADAGIO PREMIUM,DUBAÏ,Émirats arabes unis,Palm Jumeirah West Beach,10223,https://all.accor.com/hotel/A609/index.fr.shtml,catalog_api,united arab emirates,APARTHOTEL ADAGIO PREMIUM THE PALM,DUBAI,uae,Émirats arabes unis,africa_me,missing
B4J9,B4J9,Grand Plaza Mövenpick Media City,MOV,MÖVENPICK,DUBAÏ,Émirats arabes unis,"Al Falak street, Opposite Innovation Hub, Dubai Media City",502713,https://all.accor.com/hotel/B4J9/index.fr.shtml,catalog_api,united arab emirates,GRAND PLAZA MOVENPICK MEDIA CITY,DUBAI,uae,Émirats arabes unis,africa_me,missing
A8V6,A8V6,Mercure Dubai Barsha Heights Hotel Suites And Apartments,MER,MERCURE,DUBAI,Émirats arabes unis,"Sheikh Zayed Road, Dubai Barsha Heights Area, Po Box 500300",500300,https://all.accor.com/hotel/A8V6/index.fr.shtml,catalog_api,united arab emirates,MERCURE DUBAI BARSHA HEIGHTS HOTEL SUITES AND APARTMENTS,DUBAI,uae,Émirats arabes unis,africa_me,missing
B1I2,B1I2,Rixos The Palm Hotel & Suites,RIX,RIXOS HOTELS,DUBAI,Émirats arabes unis,"East Crescent Plot 40, Palm Jumeirah, 18652 Dubaï, E.A.U",8808,https://all.accor.com/hotel/B1I2/index.fr.shtml,catalog_api,united arab emirates,RIXOS THE PALM HOTEL SUITES,DUBAI,uae,Émirats arabes unis,africa_me,missing
A9Q6,A9Q6,The Retreat Palm Dubai - Collection MGallery,MGA,MGALLERY,DUBAI,Émirats arabes unis,"Palm Jumeirah, The Palm Jumeirah, PO Box  118237",0,https://all.accor.com/hotel/A9Q6/index.fr.shtml,catalog_api,united arab emirates,THE RETREAT PALM DUBAI COLLECTION MGALLERY,DUBAI,uae,Émirats arabes unis,africa_me,missing
B1I5,B1I5,Mama Shelter Dubai,MSH,MAMA SHELTER,DUBAÏ,Émirats arabes unis,"Al Asayel Street, Business Bay, Business Bay",0,https://all.accor.com/hotel/B1I5/index.fr.shtml,catalog_api,united arab emirates,MAMA SHELTER DUBAI,DUBAI,uae,Émirats arabes unis,africa_me,missing
C3Q8,C3Q8,Grand Mercure Business Bay,MEI,GRAND MERCURE,DUBAI,Émirats arabes unis,"AL ABRAJ STREET, MARASI DRIVE, BUSINESS BAY",32300,https://all.accor.com/hotel/C3Q8/index.fr.shtml,catalog_api,united arab emirates,GRAND MERCURE BUSINESS BAY,DUBAI,uae,Émirats arabes unis,africa_me,missing
B8Y1,B8Y1,Hyde Hotel Dubai,HYD,HYDE,DUBAÏ,Émirats arabes unis,"Dubai, Business Bay, Dubai",213208,https://all.accor.com/hotel/B8Y1/index.fr.shtml,catalog_api,united arab emirates,HYDE HOTEL DUBAI,DUBAI,uae,Émirats arabes unis,africa_me,missing
B8D7,B8D7,Pullman Dubai Downtown,PUL,PULLMAN,DUBAI,Émirats arabes unis,"Marasi Drive, Downtown, P O Box 413311",413311,https://all.accor.com/hotel/B8D7/index.fr.shtml,catalog_api,united arab emirates,PULLMAN DUBAI DOWNTOWN,DUBAI,uae,Émirats arabes unis,africa_me,missing
B5B0,B5B0,SLS Dubai Hotel et Residences,SLS,SLS,DUBAI,Émirats arabes unis,"Marasi Drive, Business Bay, 124862",124862,https://all.accor.com/hotel/B5B0/index.fr.shtml,catalog_api,united arab emirates,SLS DUBAI HOTEL ET RESIDENCES,DUBAI,uae,Émirats arabes unis,africa_me,missing
B4J8,B4J8,Mövenpick Hotel Apartments Downtown Dubai,MOV,MÖVENPICK,DUBAÏ,Émirats arabes unis,"Al Ohood Street, Burj Khalifa Area, 413779",413779,https://all.accor.com/hotel/B4J8/index.fr.shtml,catalog_api,united arab emirates,MOVENPICK HOTEL APARTMENTS DOWNTOWN DUBAI,DUBAI,uae,Émirats arabes unis,africa_me,missing
B758,B758,Swissôtel Al Murooj Dubai,SWI,SWISSÔTEL,DUBAI,Émirats arabes unis,"Al Mustaqbal Steet, Opposite The Dubai Mall, Downtown Dubai",117546,https://all.accor.com/hotel/B758/index.fr.shtml,catalog_api,united arab emirates,SWISSOTEL AL MUROOJ DUBAI,DUBAI,uae,Émirats arabes unis,africa_me,missing
B2J7,B2J7,25hours Hotel Dubai One Central,TWF,25HOURS,DUBAÏ,Émirats arabes unis,"Trade Centre Street, off Sheikh Zayed Road",9914,https://all.accor.com/hotel/B2J7/index.fr.shtml,catalog_api,united arab emirates,25HOURS HOTEL DUBAI ONE CENTRAL,DUBAI,uae,Émirats arabes unis,africa_me,missing
A5F0,A5F0,Fairmont Dubai,FAI,FAIRMONT,DUBAI,Émirats arabes unis,"Sheikh Zayed Road, Dubai, Dubai",97555,https://all.accor.com/hotel/A5F0/index.fr.shtml,catalog_api,united arab emirates,FAIRMONT DUBAI,DUBAI,uae,Émirats arabes unis,africa_me,missing
A089,A089,ibis Styles Dubai Jumeira,IBS,IBIS STYLES,DUBAI,Émirats arabes unis,"Al Mina Road, 2nd December Street, Jumeira 1",0,https://all.accor.com/hotel/A089/index.fr.shtml,catalog_api,united arab emirates,IBIS STYLES DUBAI JUMEIRA,DUBAI,uae,Émirats arabes unis,africa_me,missing
B4J0,B4J0,Mövenpick Hotel & Apartments Bur Dubai,MOV,MÖVENPICK,DUBAI,Émirats arabes unis,"19e rue Oud Metha, Face à l'Hôpital américain, PO BOX 32733",32733,https://all.accor.com/hotel/B4J0/index.fr.shtml,catalog_api,united arab emirates,MOVENPICK HOTEL APARTMENTS BUR DUBAI,DUBAI,uae,Émirats arabes unis,africa_me,missing
A5D8,A5D8,Raffles Dubai,RAF,RAFFLES,DUBAI,Émirats arabes unis,"Sheikh Rashid Road, Wafi",121800,https://all.accor.com/hotel/A5D8/index.fr.shtml,catalog_api,united arab emirates,RAFFLES DUBAI,DUBAI,uae,Émirats arabes unis,africa_me,missing
B197,B197,Sofitel Dubai The Obelisk,SOF,SOFITEL,DUBAÏ,Émirats arabes unis,"Wafi, Sheikh Rashid Road, Um Hurair 2",30904,https://all.accor.com/hotel/B197/index.fr.shtml,catalog_api,united arab emirates,SOFITEL DUBAI THE OBELISK,DUBAI,uae,Émirats arabes unis,africa_me,missing
B394,B394,The Canvas Hotel Dubai - Collection Mgallery,MGA,MGALLERY,DUBAI,Émirats arabes unis,"23 Kuwait Street, Port Rashid",116656,https://all.accor.com/hotel/B394/index.fr.shtml,catalog_api,united arab emirates,THE CANVAS HOTEL DUBAI COLLECTION MGALLERY,DUBAI,uae,Émirats arabes unis,africa_me,missing
A3S9,A3S9,Novotel Bur Dubai,NOV,NOVOTEL,DUBAÏ,Émirats arabes unis,"Dubai Healthcare City, Umm Hurair 2",385290,https://all.accor.com/hotel/A3S9/index.fr.shtml,catalog_api,united arab emirates,NOVOTEL BUR DUBAI,DUBAI,uae,Émirats arabes unis,africa_me,missing
B9L4,B9L4,Queen Elizabeth 2,SAM,SAM,DUBAÏ,Émirats arabes unis,"Mina Rashid, Bur Dubai",6769,https://all.accor.com/hotel/B9L4/index.fr.shtml,catalog_api,united arab emirates,QUEEN ELIZABETH 2,DUBAI,uae,Émirats arabes unis,africa_me,missing
C5L8,C5L8,The Creekside Hotel Dubai an Accor Hotel,SAM,SAM,DUBAÏ,Émirats arabes unis,"31A Street, Al Garhoud, Deira",35005,https://all.accor.com/hotel/C5L8/index.fr.shtml,catalog_api,united arab emirates,THE CREEKSIDE HOTEL DUBAI AN ACCOR HOTEL,DUBAI,uae,Émirats arabes unis,africa_me,missing
C475,C475,ibis Styles Dubai Gold District,IBS,IBIS STYLES,DUBAÏ,Émirats arabes unis,"Maryam Plaza1, Al Daghaya Rd 113, PO Box 119303, Deira",119303,https://all.accor.com/hotel/C475/index.fr.shtml,catalog_api,united arab emirates,IBIS STYLES DUBAI GOLD DISTRICT,DUBAI,uae,Émirats arabes unis,africa_me,missing
C683,C683,Mövenpick Dubai Creek,MOV,MÖVENPICK,DUBAI,Émirats arabes unis,"Dubai Creek, Baniyas Rd, Deira",33398,https://all.accor.com/hotel/C683/index.fr.shtml,catalog_api,united arab emirates,MOVENPICK DUBAI CREEK,DUBAI,uae,Émirats arabes unis,africa_me,missing
A7N5,A7N5,ibis Styles Dubai Deira,IBS,IBIS STYLES,DUBAÏ,Émirats arabes unis,"ibis Styles Dubai Deira, Maitha Plaza, Al Khaleej Road 110 Deira",15472,https://all.accor.com/hotel/A7N5/index.fr.shtml,catalog_api,united arab emirates,IBIS STYLES DUBAI DEIRA,DUBAI,uae,Émirats arabes unis,africa_me,missing
A7N4,A7N4,Mercure Dubai Deira,MER,MERCURE,DUBAI,Émirats arabes unis,"Al Yazia Plaza, Al Khaleej Road 110, Deira",15472,https://all.accor.com/hotel/A7N4/index.fr.shtml,catalog_api,united arab emirates,MERCURE DUBAI DEIRA,DUBAI,uae,Émirats arabes unis,africa_me,missing
C473,C473,Mercure Dubai Gold District,MER,MERCURE,DUBAI,Émirats arabes unis,"Métro One Deira Plaza Gold Souk, Al Cornish 21, PO Box 119303 Deira",0,https://all.accor.com/hotel/C473/index.fr.shtml,catalog_api,united arab emirates,MERCURE DUBAI GOLD DISTRICT,DUBAI,uae,Émirats arabes unis,africa_me,missing
C474,C474,Novotel Dubai Gold District,NOV,NOVOTEL,DUBAI,Émirats arabes unis,"Sherina Plaza 4, Al Corniche Road 111, PO Box 119303 ,Deira Dubai",119303,https://all.accor.com/hotel/C474/index.fr.shtml,catalog_api,united arab emirates,NOVOTEL DUBAI GOLD DISTRICT,DUBAI,uae,Émirats arabes unis,africa_me,missing
B759,B759,Mövenpick Grand Al Bustan Dubai,MOV,MÖVENPICK,DUBAÏ,Émirats arabes unis,"51st corner Casablanca Street, Al Garhoud, P.O. Box 30880",30880,https://all.accor.com/hotel/B759/index.fr.shtml,catalog_api,united arab emirates,MOVENPICK GRAND AL BUSTAN DUBAI,DUBAI,uae,Émirats arabes unis,africa_me,missing
A7N6,A7N6,Aparthotel Adagio Dubai Deira,ADG,ADAGIO,DUBAI,Émirats arabes unis,"Aparthotel Adagio Dubai Deira, Afra Plaza, Al Khaleej Road 110 Deira",15472,https://all.accor.com/hotel/A7N6/index.fr.shtml,catalog_api,united arab emirates,APARTHOTEL ADAGIO DUBAI DEIRA,DUBAI,uae,Émirats arabes unis,africa_me,missing
A102,A102,ibis Styles Dubai Airport Hotel,IBS,IBIS STYLES,DUBAÏ,Émirats arabes unis,"61B Street, Al Garhoud, Next to GGICO Metro Station",79841,https://all.accor.com/hotel/A102/index.fr.shtml,catalog_api,united arab emirates,IBIS STYLES DUBAI AIRPORT HOTEL,DUBAI,uae,Émirats arabes unis,africa_me,missing
A103,A103,Grand Mercure Dubai City,MEI,GRAND MERCURE,DUBAÏ,Émirats arabes unis,"61B Street, Garhoud, À côté de la station Al Garhoud",79841,https://all.accor.com/hotel/A103/index.fr.shtml,catalog_api,united arab emirates,GRAND MERCURE DUBAI CITY,DUBAI,uae,Émirats arabes unis,africa_me,missing
B1P9,B1P9,Swissôtel Living Al Ghurair,SWL,SWL,DUBAI,Émirats arabes unis,"PO Box 185051, Omar Bin Al Khattab Street",185051,https://all.accor.com/hotel/B1P9/index.fr.shtml,catalog_api,united arab emirates,SWISSOTEL LIVING AL GHURAIR,DUBAI,uae,Émirats arabes unis,africa_me,missing
B1P8,B1P8,Swissôtel Al Ghurair,SWI,SWISSÔTEL,DUBAI,Émirats arabes unis,"Po Box 185051, Omar Bin Al Khattab Street, Deira",185051,https://all.accor.com/hotel/B1P8/index.fr.shtml,catalog_api,united arab emirates,SWISSOTEL AL GHURAIR,DUBAI,uae,Émirats arabes unis,africa_me,missing
B4J2,B4J2,Movenpick Al Mamzar,MOV,MÖVENPICK,DUBAI,Émirats arabes unis,"Corner Cairo Road, 46e rue Al Mamzar, 92114",0,https://all.accor.com/hotel/B4J2/index.fr.shtml,catalog_api,united arab emirates,MOVENPICK AL MAMZAR,DUBAI,uae,Émirats arabes unis,africa_me,missing
A0R4,A0R4,Pullman Sharjah,PUL,PULLMAN,SHARJAH,Émirats arabes unis,"Al Taawun Street, Sharjah, Boîte postale 482",0,https://all.accor.com/hotel/A0R4/index.fr.shtml,catalog_api,united arab emirates,PULLMAN SHARJAH,SHARJAH,uae,Émirats arabes unis,africa_me,missing
B046,B046,ibis Styles Sharjah,IBS,IBIS STYLES,SHARJAH,Émirats arabes unis,"King Faisal Street, Blue Souq",70293,https://all.accor.com/hotel/B046/index.fr.shtml,catalog_api,united arab emirates,IBIS STYLES SHARJAH,SHARJAH,uae,Émirats arabes unis,africa_me,missing
A5E7,A5E7,Fairmont Ajman,FAI,FAIRMONT,AJMAN,Émirats arabes unis,"Sheikh Humaid Bin Rashid, Al Nuaimi Street, Ajman",97555,https://all.accor.com/hotel/A5E7/index.fr.shtml,catalog_api,united arab emirates,FAIRMONT AJMAN,AJMAN,uae,Émirats arabes unis,africa_me,missing
C593,C593,Caravan Hatta by Our Habitas,OUR,OUR,DUBAI,Émirats arabes unis,"Hatta Wadi Hub, Off the Dubai Hatta road",9277,https://all.accor.com/hotel/C593/index.fr.shtml,catalog_api,united arab emirates,CARAVAN HATTA BY OUR HABITAS,DUBAI,uae,Émirats arabes unis,africa_me,missing
B1J1,B1J1,Rixos Bab Al Bahr,RIX,RIXOS HOTELS,RAS AL KHAIMAH,Émirats arabes unis,"Al Marjan Island, Po Box 14744",14744,https://all.accor.com/hotel/B1J1/index.fr.shtml,catalog_api,united arab emirates,RIXOS BAB AL BAHR,RAS AL KHAIMAH,uae,Émirats arabes unis,africa_me,missing
B4W0,B4W0,Mövenpick Resort Al Marjan Island,MOV,MÖVENPICK,RAS AL KHAIMAH,Émirats arabes unis,"Al Marjan Island Boulevard, PO Box 322277",6636,https://all.accor.com/hotel/B4W0/index.fr.shtml,catalog_api,united arab emirates,MOVENPICK RESORT AL MARJAN ISLAND,RAS AL KHAIMAH,uae,Émirats arabes unis,africa_me,missing
C4R3,C4R3,SO/ RAS AL KHAIMAH HOTEL & RESORT (Ouv. dec 2025),SO,SO/,RAS AL KHAIMAH,Émirats arabes unis,Al Marjan Island,00000,https://all.accor.com/hotel/C4R3/index.fr.shtml,catalog_api,united arab emirates,SO RAS AL KHAIMAH HOTEL RESORT OUV DEC 2025,RAS AL KHAIMAH,uae,Émirats arabes unis,africa_me,missing
A0D2,A0D2,Pullman Resort Al Marjan Island,PUL,PULLMAN,RAS AL KHAIMAH,Émirats arabes unis,"Marjan Island Blvd., Marjan Island",14745,https://all.accor.com/hotel/A0D2/index.fr.shtml,catalog_api,united arab emirates,PULLMAN RESORT AL MARJAN ISLAND,RAS AL KHAIMAH,uae,Émirats arabes unis,africa_me,missing
B9F8,B9F8,Sofitel Ras Al Khaimah Al Hamra Beach Resort,SOF,SOFITEL,RAS AL KHAIMAH,Émirats arabes unis,"Vienna Street, Al Hamra Village",14560,https://all.accor.com/hotel/B9F8/index.fr.shtml,catalog_api,united arab emirates,SOFITEL RAS AL KHAIMAH AL HAMRA BEACH RESORT,RAS AL KHAIMAH,uae,Émirats arabes unis,africa_me,missing
C337,C337,Rixos Al Mairid Ras Al Khaimah,RIX,RIXOS HOTELS,RAS AL KHAIMAH,Émirats arabes unis,"Al Maareedh Street, New Al Maireed",71750,https://all.accor.com/hotel/C337/index.fr.shtml,catalog_api,united arab emirates,RIXOS AL MAIRID RAS AL KHAIMAH,RAS AL KHAIMAH,uae,Émirats arabes unis,africa_me,missing
A7X9,A7X9,Fairmont Fujairah Beach Resort,FAI,FAIRMONT,FUJAIRAH,Émirats arabes unis,"PO Box 14333, Mina Al Fajer, Dibba",14333,https://all.accor.com/hotel/A7X9/index.fr.shtml,catalog_api,united arab emirates,FAIRMONT FUJAIRAH BEACH RESORT,FUJAIRAH,uae,Émirats arabes unis,africa_me,missing
B4G5,B4G5,Mercure Riyadh Al Anoud,MER,MERCURE,RIYAD,Arabie saoudite,"RCRA 3298,  Building No. 3298, Rue Al Balsam, Quartier Al Murabba",12612,https://all.accor.com/hotel/B4G5/index.fr.shtml,catalog_api,saudi arabia,MERCURE RIYADH AL ANOUD,RIYAD,saudi-arabia,Arabie saoudite,africa_me,missing
B4X1,B4X1,Mövenpick Hotel and Residences Riyadh,MOV,MÖVENPICK,RIYADH,Arabie saoudite,"3478 North Ring Road Exit 4, Al Ghadeer District",13311,https://all.accor.com/hotel/B4X1/index.fr.shtml,catalog_api,saudi arabia,MOVENPICK HOTEL AND RESIDENCES RIYADH,RIYADH,saudi-arabia,Arabie saoudite,africa_me,missing
B597,B597,Fairmont Ramla Riyadh,FAI,FAIRMONT,RIYADH,Arabie saoudite,"7713 King Fahad Road, Al Sahafah District",13329,https://all.accor.com/hotel/B597/index.fr.shtml,catalog_api,saudi arabia,FAIRMONT RAMLA RIYADH,RIYADH,saudi-arabia,Arabie saoudite,africa_me,missing
A7X6,A7X6,Fairmont Riyadh,FAI,FAIRMONT,RIYAD,Arabie saoudite,"Business Gate, Qurtubah Area",11552,https://all.accor.com/hotel/A7X6/index.fr.shtml,catalog_api,saudi arabia,FAIRMONT RIYADH,RIYAD,saudi-arabia,Arabie saoudite,africa_me,missing
B4N1,B4N1,Mövenpick Qassim,MOV,MÖVENPICK,BURAYDAH,Arabie saoudite,"King Khaled Road, Po box 31001",51497,https://all.accor.com/hotel/B4N1/index.fr.shtml,catalog_api,saudi arabia,MOVENPICK QASSIM,BURAYDAH,saudi-arabia,Arabie saoudite,africa_me,missing
B9X5,B9X5,Sofitel Shahd Al Madinah,SOF,SOFITEL,MÉDINE,Arabie saoudite,"King Fahd Road Building 2943, Al Madinah, Abi Obaidah Ibn AL Jarrah",42311,https://all.accor.com/hotel/B9X5/index.fr.shtml,catalog_api,saudi arabia,SOFITEL SHAHD AL MADINAH,MEDINE,saudi-arabia,Arabie saoudite,africa_me,missing
B4M6,B4M6,Anwar Al Madinah Mövenpick,MOV,MÖVENPICK,MEDINAH AL MUNAWARA,Arabie saoudite,"Central Zone, Al Khalidiya, PO Box 41340",42311,https://all.accor.com/hotel/B4M6/index.fr.shtml,catalog_api,saudi arabia,ANWAR AL MADINAH MOVENPICK,MEDINAH AL MUNAWARA,saudi-arabia,Arabie saoudite,africa_me,missing
B9H5,B9H5,Novotel Madinah,NOV,NOVOTEL,MADINAH,Arabie saoudite,"King Faisal Road, Al Manakhah District 2110",42311,https://all.accor.com/hotel/B9H5/index.fr.shtml,catalog_api,saudi arabia,NOVOTEL MADINAH,MADINAH,saudi-arabia,Arabie saoudite,africa_me,missing
C1N5,C1N5,GAMRA MOUNTAIN RESORT BY MANTIS,MTS,MANTIS,AL BAHA,Arabie saoudite,"Khairah Forest Park Street, Al Baha",00000,https://all.accor.com/hotel/C1N5/index.fr.shtml,catalog_api,saudi arabia,GAMRA MOUNTAIN RESORT BY MANTIS,AL BAHA,saudi-arabia,Arabie saoudite,africa_me,missing
B6G6,B6G6,Hôtel Novotel Dhahran et Résidences (ouverture prochaine),NOV,NOVOTEL,DHARAHN,Arabie saoudite,Schools Road Kfupm,34463,https://all.accor.com/hotel/B6G6/index.fr.shtml,catalog_api,saudi arabia,HOTEL NOVOTEL DHAHRAN ET RESIDENCES OUVERTURE PROCHAINE,DHARAHN,saudi-arabia,Arabie saoudite,africa_me,missing
B4L8,B4L8,Mövenpick Al Khobar,MOV,MÖVENPICK,AL KHOBAR,Arabie saoudite,"Prince Turkey Street, Po Box 4923, P.O.Box:4923, Al Khobar 31952,",31952,https://all.accor.com/hotel/B4L8/index.fr.shtml,catalog_api,saudi arabia,MOVENPICK AL KHOBAR,AL KHOBAR,saudi-arabia,Arabie saoudite,africa_me,missing
A0A4,A0A4,ibis Styles Makkah,IBS,IBIS STYLES,LA MECQUE,Arabie saoudite,"4490 King Fahd Road, Al Maabdaah Al Azizia Makkah",4490,https://all.accor.com/hotel/A0A4/index.fr.shtml,catalog_api,saudi arabia,IBIS STYLES MAKKAH,LA MECQUE,saudi-arabia,Arabie saoudite,africa_me,missing
C5I4,C5I4,HÔTEL AL HIDAYAH TOWERS,SAM,SAM,MAKKAH,Arabie saoudite,"AL HEDAYA STREET, 6722 Al Hedaya 3995 Makkah 242, AL JAMAH DISTRICT",24242,https://all.accor.com/hotel/C5I4/index.fr.shtml,catalog_api,saudi arabia,HOTEL AL HIDAYAH TOWERS,MAKKAH,saudi-arabia,Arabie saoudite,africa_me,missing
A238,A238,Mercure Makkah Aziziah,MER,MERCURE,LA MECQUE,Arabie saoudite,"6541 Kulliyyat Al Banat, Al Jamiah  Mecca 24243, Makkah Al Taif Road",24243,https://all.accor.com/hotel/A238/index.fr.shtml,catalog_api,saudi arabia,MERCURE MAKKAH AZIZIAH,LA MECQUE,saudi-arabia,Arabie saoudite,africa_me,missing
B5H4,B5H4,Novotel Residences Makkah,NOV,NOVOTEL,LA MECQUE,Arabie saoudite,"Al Andalus Dist., Reya Zakher St.,, P.O BOX 4575",24237-6979,https://all.accor.com/hotel/B5H4/index.fr.shtml,catalog_api,saudi arabia,NOVOTEL RESIDENCES MAKKAH,LA MECQUE,saudi-arabia,Arabie saoudite,africa_me,missing
B3H1,B3H1,Novotel Makkah Thakher City,NOV,NOVOTEL,MAKKAH,Arabie saoudite,"Al Andalus Dist, P O Box 4575, Makkah Al Mukarama 24237",24237,https://all.accor.com/hotel/B3H1/index.fr.shtml,catalog_api,saudi arabia,NOVOTEL MAKKAH THAKHER CITY,MAKKAH,saudi-arabia,Arabie saoudite,africa_me,missing
A5E4,A5E4,Raffles Makkah Palace,RAF,RAFFLES,LA MECQUE,Arabie saoudite,"King Abdul Aziz Endowment, PO Box 1281, PO Box 1281",21955,https://all.accor.com/hotel/A5E4/index.fr.shtml,catalog_api,saudi arabia,RAFFLES MAKKAH PALACE,LA MECQUE,saudi-arabia,Arabie saoudite,africa_me,missing
A5B9,A5B9,Swissôtel Makkah,SWI,SWISSÔTEL,LA MECQUE,Arabie saoudite,"King Abdul Aziz Endowment, Ajyad Street",0,https://all.accor.com/hotel/A5B9/index.fr.shtml,catalog_api,saudi arabia,SWISSOTEL MAKKAH,LA MECQUE,saudi-arabia,Arabie saoudite,africa_me,missing
B4L3,B4L3,Mövenpick Hotel & Residences Hajar Tower Makkah,MOV,MÖVENPICK,MAKKAH,Arabie saoudite,"P O Box 17700, The Clock Towers, Makkah 21955, Near King Abdul Aziz",21955,https://all.accor.com/hotel/B4L3/index.fr.shtml,catalog_api,saudi arabia,MOVENPICK HOTEL RESIDENCES HAJAR TOWER MAKKAH,MAKKAH,saudi-arabia,Arabie saoudite,africa_me,missing
A5F2,A5F2,Fairmont Makkah Clock Royal Tower - Un hôtel géré par Fairmont,FAI,FAIRMONT,LA MECQUE,Arabie saoudite,"King Abdul Aziz Endowment, Abraj Al Bait Complex, PO Box 762",21955,https://all.accor.com/hotel/A5F2/index.fr.shtml,catalog_api,saudi arabia,FAIRMONT MAKKAH CLOCK ROYAL TOWER UN HOTEL GERE PAR FAIRMONT,LA MECQUE,saudi-arabia,Arabie saoudite,africa_me,missing
A7X4,A7X4,Swissôtel Al Maqam Makkah,SWI,SWISSÔTEL,AL MAQAM,Arabie saoudite,"King Abdul Aziz Endowment, Tower F,Ibrahim Al-Khaleel St., 21955",21955,https://all.accor.com/hotel/A7X4/index.fr.shtml,catalog_api,saudi arabia,SWISSOTEL AL MAQAM MAKKAH,AL MAQAM,saudi-arabia,Arabie saoudite,africa_me,missing
C0T2,C0T2,Rixos Murjana - Ultra tout compris,RIX,RIXOS HOTELS,KING ABDULLAH ECONOMIC CITY,Arabie saoudite,"Al Murooj District, King Abdullah Economic City, Saudi Arabia",23981,https://all.accor.com/hotel/C0T2/index.fr.shtml,catalog_api,saudi arabia,RIXOS MURJANA ULTRA TOUT COMPRIS,KING ABDULLAH ECONOMIC CITY,saudi-arabia,Arabie saoudite,africa_me,missing
B9S8,B9S8,Rixos Obhur Jeddah Resort & Villas,RIX,RIXOS HOTELS,DJEDDAH,Arabie saoudite,"Abdullah Al Faisal Street, Abhur Ash Shamaliyah District, 23817 Jeddah",23817,https://all.accor.com/hotel/B9S8/index.fr.shtml,catalog_api,saudi arabia,RIXOS OBHUR JEDDAH RESORT VILLAS,DJEDDAH,saudi-arabia,Arabie saoudite,africa_me,missing
B4K7,B4K7,Mövenpick Jeddah City Star,MOV,MÖVENPICK,DJEDDAH,Arabie saoudite,Madinah Road P.O Box 45407,21512,https://all.accor.com/hotel/B4K7/index.fr.shtml,catalog_api,saudi arabia,MOVENPICK JEDDAH CITY STAR,DJEDDAH,saudi-arabia,Arabie saoudite,africa_me,missing
B4X0,B4X0,Mövenpick Hotel Tahlia Jeddah,MOV,MÖVENPICK,JEDDAH,Arabie saoudite,"8749 Hail Street, Al Andalus",23326,https://all.accor.com/hotel/B4X0/index.fr.shtml,catalog_api,saudi arabia,MOVENPICK HOTEL TAHLIA JEDDAH,JEDDAH,saudi-arabia,Arabie saoudite,africa_me,missing
C688,C688,Swissotel Jeddah Al Hamra,SWI,SWISSÔTEL,DJEDDAH,Arabie saoudite,"PO Box 10924, Al Hamra Corniche Road, Al Maa'di St Al Hamra District",21443,https://all.accor.com/hotel/C688/index.fr.shtml,catalog_api,saudi arabia,SWISSOTEL JEDDAH AL HAMRA,DJEDDAH,saudi-arabia,Arabie saoudite,africa_me,missing
B881,B881,Swissôtel Living Jeddah,SWL,SWL,DJEDDAH,Arabie saoudite,"Building No 2652, Prince Saud Al Faisal Street, 7490 Al Khaldiya",23422,https://all.accor.com/hotel/B881/index.fr.shtml,catalog_api,saudi arabia,SWISSOTEL LIVING JEDDAH,DJEDDAH,saudi-arabia,Arabie saoudite,africa_me,missing
C2R3,C2R3,Mercure Hotel Khamis Mushait,MER,MERCURE,KHAMIS MUSHAIT,Arabie saoudite,"3148 Khamis Mushait, 8592, Quartier Al Musa",62463,https://all.accor.com/hotel/C2R3/index.fr.shtml,catalog_api,saudi arabia,MERCURE HOTEL KHAMIS MUSHAIT,KHAMIS MUSHAIT,saudi-arabia,Arabie saoudite,africa_me,missing
A7X5,A7X5,Raffles Jeddah,RAF,RAFFLES,DJEDDAH,Arabie saoudite,"6279 Corniche Branch road, 2535 Ash Shati District, 23415",21577,https://all.accor.com/hotel/A7X5/index.fr.shtml,catalog_api,saudi arabia,RAFFLES JEDDAH,DJEDDAH,saudi-arabia,Arabie saoudite,africa_me,missing
B6T0,B6T0,"Shaden Resort Al Ula, Managed by Accor",SAM,SAM,AL-ULA,Arabie saoudite,Hail Street Alula 43515 Ksa,43563,https://all.accor.com/hotel/B6T0/index.fr.shtml,catalog_api,saudi arabia,SHADEN RESORT AL ULA MANAGED BY ACCOR,AL ULA,saudi-arabia,Arabie saoudite,africa_me,missing
B850,B850,Banyan Tree AlUla,BAN,BANYAN TREE,ALULA,Arabie saoudite,"Wadi Ashar, Tabuk Road, AlUla 43, Saq District",43562,https://all.accor.com/hotel/B850/index.fr.shtml,catalog_api,saudi arabia,BANYAN TREE ALULA,ALULA,saudi-arabia,Arabie saoudite,africa_me,missing
B970,B970,SLS The Red Sea,SLS,SLS,UMLUJ,Arabie saoudite,"Shura Island, 7007 King Faisal Road , Hanak, AR Rabie Dist 2177",48313,https://all.accor.com/hotel/B970/index.fr.shtml,catalog_api,saudi arabia,SLS THE RED SEA,UMLUJ,saudi-arabia,Arabie saoudite,africa_me,missing
B9K9,B9K9,Raffles The Red Sea (ouverture prochaine),RAF,RAFFLES,UMLUJ,Arabie saoudite,"West side of Shura Island, Tabuk Province",12382,https://all.accor.com/hotel/B9K9/index.fr.shtml,catalog_api,saudi arabia,RAFFLES THE RED SEA OUVERTURE PROCHAINE,UMLUJ,saudi-arabia,Arabie saoudite,africa_me,missing
B8S4,B8S4,Fairmont The Red Sea (ouverture prochaine),FAI,FAIRMONT,UMLUJ,Arabie saoudite,"West side of Shura Island, True, Tabuk Province",12382,https://all.accor.com/hotel/B8S4/index.fr.shtml,catalog_api,saudi arabia,FAIRMONT THE RED SEA OUVERTURE PROCHAINE,UMLUJ,saudi-arabia,Arabie saoudite,africa_me,missing
B4Y2,B4Y2,Mövenpick Hotel Waad Al Shamal,MOV,MÖVENPICK,TURAIF,Arabie saoudite,"Waad AlShamal, 4D Centre-ville, Turaif",75272,https://all.accor.com/hotel/B4Y2/index.fr.shtml,catalog_api,saudi arabia,MOVENPICK HOTEL WAAD AL SHAMAL,TURAIF,saudi-arabia,Arabie saoudite,africa_me,missing
B779,B779,Hôtel La Cigale géré par Accor,SAM,SAM,DOHA,Qatar,"60 Suhaim Bin Hamad St, Al Sadd Area, P.O. Box 25555",00000,https://all.accor.com/hotel/B779/index.fr.shtml,catalog_api,qatar,HOTEL LA CIGALE GERE PAR ACCOR,DOHA,qatar,Qatar,africa_me,missing
B5C5,B5C5,Mondrian Doha,MOD,MOD,DOHA,Qatar,"West Bay Lagoon, Doha, Qatar, 24685",24685,https://all.accor.com/hotel/B5C5/index.fr.shtml,catalog_api,qatar,MONDRIAN DOHA,DOHA,qatar,Qatar,africa_me,missing
B4T9,B4T9,Banyan Tree Doha,BAN,BANYAN TREE,DOHA,Qatar,"Al Khaleej Street, Mushaireb",4928,https://all.accor.com/hotel/B4T9/index.fr.shtml,catalog_api,qatar,BANYAN TREE DOHA,DOHA,qatar,Qatar,africa_me,missing
B7T7,B7T7,Swissôtel Corniche Park Towers Doha (ouverture en octobre 2025),SWI,SWISSÔTEL,DOHA,Qatar,"Corniche Park Towers, West Bay",00000,https://all.accor.com/hotel/B7T7/index.fr.shtml,catalog_api,qatar,SWISSOTEL CORNICHE PARK TOWERS DOHA OUVERTURE EN OCTOBRE 2025,DOHA,qatar,Qatar,africa_me,missing
B7T8,B7T8,Swissôtel Residences Corniche Park Towers,SWI,SWISSÔTEL,DOHA,Qatar,"Corniche Park Towers, West Bay",00000,https://all.accor.com/hotel/B7T8/index.fr.shtml,catalog_api,qatar,SWISSOTEL RESIDENCES CORNICHE PARK TOWERS,DOHA,qatar,Qatar,africa_me,missing
B663,B663,Fairmont Doha,FAI,FAIRMONT,DOHA,Qatar,"Marina District, Lusail City",4747,https://all.accor.com/hotel/B663/index.fr.shtml,catalog_api,qatar,FAIRMONT DOHA,DOHA,qatar,Qatar,africa_me,missing
B662,B662,Raffles Doha,RAF,RAFFLES,DOHA,Qatar,"Marina District, Lusail City",4747,https://all.accor.com/hotel/B662/index.fr.shtml,catalog_api,qatar,RAFFLES DOHA,DOHA,qatar,Qatar,africa_me,missing
B752,B752,Rixos Premium Qetaifan Island North,RIX,RIXOS HOTELS,DOHA,Qatar,"Qetaifan Island North, Street 305 Zone 69, Lusail City",2977,https://all.accor.com/hotel/B752/index.fr.shtml,catalog_api,qatar,RIXOS PREMIUM QETAIFAN ISLAND NORTH,DOHA,qatar,Qatar,africa_me,missing
B4N3,B4N3,Mövenpick Doha,MOV,MÖVENPICK,DOHA,Qatar,Po Box 24220 Corniche Road,24220,https://all.accor.com/hotel/B4N3/index.fr.shtml,catalog_api,qatar,MOVENPICK DOHA,DOHA,qatar,Qatar,africa_me,missing
B9L0,B9L0,Rixos Gulf Hotel Doha,RIX,RIXOS HOTELS,DOHA,Qatar,"Ras Abu Aboud, Street 920 Zone 28",1911,https://all.accor.com/hotel/B9L0/index.fr.shtml,catalog_api,qatar,RIXOS GULF HOTEL DOHA,DOHA,qatar,Qatar,africa_me,missing
B4Q6,B4Q6,Mövenpick Kuwait Al Bidaa,MOV,MÖVENPICK,KOWEÏT,Koweït,"Salmiya 22084, Al Ta'awen Street, Po Box 7306",13008,https://all.accor.com/hotel/B4Q6/index.fr.shtml,catalog_api,kuwait,MOVENPICK KUWAIT AL BIDAA,KOWEIT,kuwait,Koweït,africa_me,missing
B6D1,B6D1,Raffles Al Areen Palace Bahrain,RAF,RAFFLES,MANAMA,Bahreïn,"Bahrain, Manama, Road 6232, Building 2046, PO BOX 75055",0,https://all.accor.com/hotel/B6D1/index.fr.shtml,catalog_api,bahrain,RAFFLES AL AREEN PALACE BAHRAIN,MANAMA,bahrain,Bahreïn,africa_me,missing
A1X4,A1X4,ibis Styles Manama Diplomatic Area,IBS,IBIS STYLES,MANAMA,Bahreïn,"Building 511, 317 Diplomatic Area, Road 1706",410,https://all.accor.com/hotel/A1X4/index.fr.shtml,catalog_api,bahrain,IBIS STYLES MANAMA DIPLOMATIC AREA,MANAMA,bahrain,Bahreïn,africa_me,missing
B4K6,B4K6,Mövenpick Bahrain,MOV,MÖVENPICK,MUHARRAQ TOWN,Bahreïn,"143 Road 2403 Block 224, Building Number 143, P.O. Box 24009",224,https://all.accor.com/hotel/B4K6/index.fr.shtml,catalog_api,bahrain,MOVENPICK BAHRAIN,MUHARRAQ TOWN,bahrain,Bahreïn,africa_me,missing
B9A4,B9A4,Hawar Resort By Mantis,MTS,MANTIS,ILES HAWAR,Bahreïn,"Bloc 372, Road 707",0,https://all.accor.com/hotel/B9A4/index.fr.shtml,catalog_api,bahrain,HAWAR RESORT BY MANTIS,ILES HAWAR,bahrain,Bahreïn,africa_me,missing
B4P3,B4P3,Mövenpick Resort Petra,MOV,MÖVENPICK,PETRA,Jordanie,"Tourism Street, P.O. Box 214",71810,https://all.accor.com/hotel/B4P3/index.fr.shtml,catalog_api,jordan,MOVENPICK RESORT PETRA,PETRA,jordan,Jordanie,africa_me,missing
B4P7,B4P7,Grand Mercure Petra,MEI,GRAND MERCURE,PETRA,Jordanie,"Kings Highway Queen Rania St, Petra",71811,https://all.accor.com/hotel/B4P7/index.fr.shtml,catalog_api,jordan,GRAND MERCURE PETRA,PETRA,jordan,Jordanie,africa_me,missing
B4P9,B4P9,Mövenpick Resort et Spa Dead Sea,MOV,MÖVENPICK,AMMAN,Jordanie,"Dead Sea Road, Sweimeh, Po Box 815538",11180,https://all.accor.com/hotel/B4P9/index.fr.shtml,catalog_api,jordan,MOVENPICK RESORT ET SPA DEAD SEA,AMMAN,jordan,Jordanie,africa_me,missing
A7X8,A7X8,Fairmont Amman,FAI,FAIRMONT,AMMAN,Jordanie,"6 Beirut Street 5th Circle, Abdoun, PO Box 831370",11183,https://all.accor.com/hotel/A7X8/index.fr.shtml,catalog_api,jordan,FAIRMONT AMMAN,AMMAN,jordan,Jordanie,africa_me,missing
B5J0,B5J0,Mövenpick Hotel Amman,MOV,MÖVENPICK,AMMAN,Jordanie,"Madina Monawarah Street, AlJathimiya Street, PO Box: 941835",11194,https://all.accor.com/hotel/B5J0/index.fr.shtml,catalog_api,jordan,MOVENPICK HOTEL AMMAN,AMMAN,jordan,Jordanie,africa_me,missing
B4Q3,B4Q3,Mövenpick Resort & Résidences Aqaba,MOV,MÖVENPICK,AQABA,Jordanie,"King Hussein Street, Aqaba, P.O. Box 678",77110,https://all.accor.com/hotel/B4Q3/index.fr.shtml,catalog_api,jordan,MOVENPICK RESORT RESIDENCES AQABA,AQABA,jordan,Jordanie,africa_me,missing
B4Q0,B4Q0,Mövenpick Resort & Spa Tala Bay Aqaba,MOV,MÖVENPICK,AQABA,Jordanie,"Po Box 2425 South Beach Road, Tala Bay Area",77110,https://all.accor.com/hotel/B4Q0/index.fr.shtml,catalog_api,jordan,MOVENPICK RESORT SPA TALA BAY AQABA,AQABA,jordan,Jordanie,africa_me,missing
B8M4,B8M4,Theatron Jerusalem Hotel & Spa - MGallery Collection,MGA,MGALLERY,JERUSALEM,Israël,16 Street Chopin,9219001,https://all.accor.com/hotel/B8M4/index.fr.shtml,catalog_api,israel,THEATRON JERUSALEM HOTEL SPA MGALLERY COLLECTION,JERUSALEM,israel,Israël,africa_me,missing
B1B6,B1B6,Swissôtel Bat Yam Tel Aviv (ouverture T1 2027),SWI,SWISSÔTEL,BAT YAM,Israël,Derech Ben Gurion 136,5930136,https://all.accor.com/hotel/B1B6/index.fr.shtml,catalog_api,israel,SWISSOTEL BAT YAM TEL AVIV OUVERTURE T1 2027,BAT YAM,israel,Israël,africa_me,missing
B485,B485,ibis Styles Ankara,IBS,IBIS STYLES,ANKARA,Turquie,"Kavaklidere Mahallesi, Bankaci Sokak No 12 A Cankaya",06680,https://all.accor.com/hotel/B485/index.fr.shtml,catalog_api,turkey,IBIS STYLES ANKARA,ANKARA,turkey,Turquie,africa_me,missing
C3J8,C3J8,Mercure Ankara Kizilay,MER,MERCURE,ANKARA,Turquie,"Yesilirmak Cad No 14, Demirtepe, Cankaya",06430,https://all.accor.com/hotel/C3J8/index.fr.shtml,catalog_api,turkey,MERCURE ANKARA KIZILAY,ANKARA,turkey,Turquie,africa_me,missing
B4G9,B4G9,Mövenpick Ankara,MOV,MÖVENPICK,ANKARA,Turquie,"Bestepeler Mah Yasam Cad No 1, Sogutozu",6520,https://all.accor.com/hotel/B4G9/index.fr.shtml,catalog_api,turkey,MOVENPICK ANKARA,ANKARA,turkey,Turquie,africa_me,missing
B9M4,B9M4,Downtown Ankara Hotel,SAM,SAM,ANKARA,Turquie,"Bestepeler Mah Yasam Cad, 1 Sok No 7 B Sogutozu, PO Box 06560",6560,https://all.accor.com/hotel/B9M4/index.fr.shtml,catalog_api,turkey,DOWNTOWN ANKARA HOTEL,ANKARA,turkey,Turquie,africa_me,missing
B757,B757,Mövenpick Malatya Hotel,MOV,MÖVENPICK,MALATYA,Turquie,"Inonu Caddesi, N°174 1B, Yesilyurt",444090,https://all.accor.com/hotel/B757/index.fr.shtml,catalog_api,turkey,MOVENPICK MALATYA HOTEL,MALATYA,turkey,Turquie,africa_me,missing
B1J5,B1J5,Rixos Premium Belek - Accès à The Land Of Legends,RIX,RIXOS HOTELS,ANTALYA,Turquie,İleribaşı Mevkii Belek,07500,https://all.accor.com/hotel/B1J5/index.fr.shtml,catalog_api,turkey,RIXOS PREMIUM BELEK ACCES A THE LAND OF LEGENDS,ANTALYA,turkey,Turquie,africa_me,missing
B7U0,B7U0,Club Privé By Rixos Belek,RIX,RIXOS HOTELS,ANTALYA,Turquie,Belek Mahallesi Kongre Caddesi,7506,https://all.accor.com/hotel/B7U0/index.fr.shtml,catalog_api,turkey,CLUB PRIVE BY RIXOS BELEK,ANTALYA,turkey,Turquie,africa_me,missing
C1D1,C1D1,Rixos Park Belek - The Land Of Legends Access,RIX,RIXOS HOTELS,BELEK,Turquie,"Belek Mah Tuban, Cd No 31 Z01",07506,https://all.accor.com/hotel/C1D1/index.fr.shtml,catalog_api,turkey,RIXOS PARK BELEK THE LAND OF LEGENDS ACCESS,BELEK,turkey,Turquie,africa_me,missing
B1J9,B1J9,The Land of Legends Kingdom,RIX,RIXOS HOTELS,ANTALYA,Turquie,"Kadriye Mah. Ataturk Cad., No 104/1, Serik",7525,https://all.accor.com/hotel/B1J9/index.fr.shtml,catalog_api,turkey,THE LAND OF LEGENDS KINGDOM,ANTALYA,turkey,Turquie,africa_me,missing
C472,C472,Mercure Antalya Belek,MER,MERCURE,ANTALYA,Turquie,"KADRIYE MAHALLESI KADRIYE SK41, NO 2 D 117650964, SERIK",7525,https://all.accor.com/hotel/C472/index.fr.shtml,catalog_api,turkey,MERCURE ANTALYA BELEK,ANTALYA,turkey,Turquie,africa_me,missing
C1Z1,C1Z1,Mövenpick Diyarbakir,MOV,MÖVENPICK,DIYARBAKIR,Turquie,"Firat Mah, Urfa Bul No 146, Kayapinar",21100,https://all.accor.com/hotel/C1Z1/index.fr.shtml,catalog_api,turkey,MOVENPICK DIYARBAKIR,DIYARBAKIR,turkey,Turquie,africa_me,missing
B8D9,B8D9,Mövenpick Hotel Trabzon,MOV,MÖVENPICK,TRABZON,Turquie,"Yalincak Mahallesi, Rize Caddesi No 22E",61080,https://all.accor.com/hotel/B8D9/index.fr.shtml,catalog_api,turkey,MOVENPICK HOTEL TRABZON,TRABZON,turkey,Turquie,africa_me,missing
B6I5,B6I5,Mercure Trabzon Hotel,MER,MERCURE,TRABZON,Turquie,"Yalincak Mah, No 50 Rize Caddesi Ortahisar",0,https://all.accor.com/hotel/B6I5/index.fr.shtml,catalog_api,turkey,MERCURE TRABZON HOTEL,TRABZON,turkey,Turquie,africa_me,missing
B1K0,B1K0,Rixos Downtown Antalya - Accès à la terre des légendes,RIX,RIXOS HOTELS,ANTALYA,Turquie,"Sakip Sabancibulvari, Sakip Sabanci Bulvari Falez Mevk, Muratpasa Antalya",07050,https://all.accor.com/hotel/B1K0/index.fr.shtml,catalog_api,turkey,RIXOS DOWNTOWN ANTALYA ACCES A LA TERRE DES LEGENDES,ANTALYA,turkey,Turquie,africa_me,missing
C355,C355,MERCURE ANTALYA KONYAALTI,MER,MERCURE,ANTALYA,Turquie,"Kuskavagi Mahallesi, Belediye Caddesi No35, Konyaalti",7070,https://all.accor.com/hotel/C355/index.fr.shtml,catalog_api,turkey,MERCURE ANTALYA KONYAALTI,ANTALYA,turkey,Turquie,africa_me,missing
B1I8,B1I8,Rixos Beldibi pour adultes 16 ans+ - Accès Terre des légendes,RIX,RIXOS HOTELS,ANTALYA,Turquie,Beldibi Kemer,07985,https://all.accor.com/hotel/B1I8/index.fr.shtml,catalog_api,turkey,RIXOS BELDIBI POUR ADULTES 16 ANS ACCES TERRE DES LEGENDES,ANTALYA,turkey,Turquie,africa_me,missing
B1K1,B1K1,Rixos Sungate - Accès à la terre des légendes,RIX,RIXOS HOTELS,ANTALYA,Turquie,"Ciftecesmeler Mevkii Beldibi, Kemer",0,https://all.accor.com/hotel/B1K1/index.fr.shtml,catalog_api,turkey,RIXOS SUNGATE ACCES A LA TERRE DES LEGENDES,ANTALYA,turkey,Turquie,africa_me,missing
B1J3,B1J3,Rixos Premium Tekirova - Accès à la terre des légendes,RIX,RIXOS HOTELS,ANTALYA,Turquie,"Tekirova Beldesi P K 137, Kemer",07995,https://all.accor.com/hotel/B1J3/index.fr.shtml,catalog_api,turkey,RIXOS PREMIUM TEKIROVA ACCES A LA TERRE DES LEGENDES,ANTALYA,turkey,Turquie,africa_me,missing
B862,B862,Swissotel Uludag Bursa,SWI,SWISSÔTEL,BURSA,Turquie,"Kirazli Mahallesi, Kirazliyayla Mevkii, N°1 Osmangazi",16370,https://all.accor.com/hotel/B862/index.fr.shtml,catalog_api,turkey,SWISSOTEL ULUDAG BURSA,BURSA,turkey,Turquie,africa_me,missing
A4N2,A4N2,Mövenpick Hotel & Thermal Spa Bursa,MOV,MÖVENPICK,BURSA,Turquie,"Kukurtlu Mah Cekirge Cad No 81, Osmangazi, 16104",16104,https://all.accor.com/hotel/A4N2/index.fr.shtml,catalog_api,turkey,MOVENPICK HOTEL THERMAL SPA BURSA,BURSA,turkey,Turquie,africa_me,missing
B883,B883,Mövenpick Hotel Istanbul Asia Airport,MOV,MÖVENPICK,ISTANBUL,Turquie,"Yenisehir Mah Millet Cad No 31, Kurtkoy Pendik",34912,https://all.accor.com/hotel/B883/index.fr.shtml,catalog_api,turkey,MOVENPICK HOTEL ISTANBUL ASIA AIRPORT,ISTANBUL,turkey,Turquie,africa_me,missing
C196,C196,ibis Styles Kurtkoy,IBS,IBIS STYLES,ISTANBUL,Turquie,"Baku Cad. Karakaya Sok. No:19, PENDIK",34912,https://all.accor.com/hotel/C196/index.fr.shtml,catalog_api,turkey,IBIS STYLES KURTKOY,ISTANBUL,turkey,Turquie,africa_me,missing
B4D7,B4D7,ibis Styles Istanbul Atasehir,IBS,IBIS STYLES,ISTANBUL,Turquie,"Kucukbakkalkoy Mahallesi, Yenidogan Cad. No.6  2, Atasehir",34750,https://all.accor.com/hotel/B4D7/index.fr.shtml,catalog_api,turkey,IBIS STYLES ISTANBUL ATASEHIR,ISTANBUL,turkey,Turquie,africa_me,missing
B2J8,B2J8,Mercure Istanbul Umraniye,MER,MERCURE,ISTANBUL,Turquie,"Alemdag Cad Site Yolu Sokak, No 20 Umraniye",34768,https://all.accor.com/hotel/B2J8/index.fr.shtml,catalog_api,turkey,MERCURE ISTANBUL UMRANIYE,ISTANBUL,turkey,Turquie,africa_me,missing
C430,C430,"The Grand Tarabya, Managed by Accor",SAM,SAM,ISTANBUL,Turquie,"Tarabya Mahallesi, Haydar Aliyev Caddesi N°154, Tarabya Sariyer",34457,https://all.accor.com/hotel/C430/index.fr.shtml,catalog_api,turkey,THE GRAND TARABYA MANAGED BY ACCOR,ISTANBUL,turkey,Turquie,africa_me,missing
A5E2,A5E2,Raffles Istanbul,RAF,RAFFLES,ISTANBUL,Turquie,"Zorlu Center, Vadi Caddesi, Zorlu Center, Levazım Mah. Raffles Istanbul",34340,https://all.accor.com/hotel/A5E2/index.fr.shtml,catalog_api,turkey,RAFFLES ISTANBUL,ISTANBUL,turkey,Turquie,africa_me,missing
A477,A477,Mövenpick Hotel Istanbul Bosphorus,MOV,MÖVENPICK,ISTANBUL,Turquie,"Barbaros Bulvari No 165, Balmumcu Besiktas, 34349",34349,https://all.accor.com/hotel/A477/index.fr.shtml,catalog_api,turkey,MOVENPICK HOTEL ISTANBUL BOSPHORUS,ISTANBUL,turkey,Turquie,africa_me,missing
A5D2,A5D2,Swissôtel The Bosphorus - Istanbul,SWI,SWISSÔTEL,ISTANBUL,Turquie,"Visnezade Mah Acisu Sok, NO 19 Macka, Besiktas",34357,https://all.accor.com/hotel/A5D2/index.fr.shtml,catalog_api,turkey,SWISSOTEL THE BOSPHORUS ISTANBUL,ISTANBUL,turkey,Turquie,africa_me,missing
C3F4,C3F4,Levni Istanbul Hotel Handwritten Collection,SOU,SOU,ISTANBUL,Turquie,"Hocapasa Mahallesi, Ankara Caddesi No 14 Sirkeci, Fatih",34110,https://all.accor.com/hotel/C3F4/index.fr.shtml,catalog_api,turkey,LEVNI ISTANBUL HOTEL HANDWRITTEN COLLECTION,ISTANBUL,turkey,Turquie,africa_me,missing
B4D8,B4D8,Mercure Istanbul Sirkeci,MER,MERCURE,ISTANBUL,Turquie,"Hobyar Mah. Muhzirbasi Sokak No6, Fatih Istanbul",34112,https://all.accor.com/hotel/B4D8/index.fr.shtml,catalog_api,turkey,MERCURE ISTANBUL SIRKECI,ISTANBUL,turkey,Turquie,africa_me,missing
B656,B656,Sofitel Istanbul Taksim,SOF,SOFITEL,ISTANBUL,Turquie,"Gumussuyu Mah, Siraselviler Cad No 13, Taksim",34437,https://all.accor.com/hotel/B656/index.fr.shtml,catalog_api,turkey,SOFITEL ISTANBUL TAKSIM,ISTANBUL,turkey,Turquie,africa_me,missing
A800,A800,Fairmont Quasar Istanbul,FAI,FAIRMONT,ISTANBUL,Turquie,"Buyukdere Caddesi No 76,, Mecidiyekoy",34393,https://all.accor.com/hotel/A800/index.fr.shtml,catalog_api,turkey,FAIRMONT QUASAR ISTANBUL,ISTANBUL,turkey,Turquie,africa_me,missing
B319,B319,Rixos Pera Istanbul - Accès à Nickelodeon Play,RIX,RIXOS HOTELS,ISTANBUL,Turquie,"Kamerhatun Mesrutiyet Cad No44, Tepebasi Beyoglu",34440,https://all.accor.com/hotel/B319/index.fr.shtml,catalog_api,turkey,RIXOS PERA ISTANBUL ACCES A NICKELODEON PLAY,ISTANBUL,turkey,Turquie,africa_me,missing
C0D0,C0D0,ibis Istanbul Sisli,IBH,IBIS,ISTANBUL,Turquie,"Abide-i Hurriyet Caddesi, No 179, Sisli",34381,https://all.accor.com/hotel/C0D0/index.fr.shtml,catalog_api,turkey,IBIS ISTANBUL SISLI,ISTANBUL,turkey,Turquie,africa_me,missing
A4N1,A4N1,Mercure Istanbul Bomonti,MER,MERCURE,ISTANBUL,Turquie,"Ergenekon Caddesi No 62 A, Bomonti Sisli",34377,https://all.accor.com/hotel/A4N1/index.fr.shtml,catalog_api,turkey,MERCURE ISTANBUL BOMONTI,ISTANBUL,turkey,Turquie,africa_me,missing
C527,C527,Mövenpick Istanbul Old Town,MOV,MÖVENPICK,ISTANBUL,Turquie,"Zeyrek Mahallesi, Ataturk Bulvari No 9, Unkapani Fatih",34083,https://all.accor.com/hotel/C527/index.fr.shtml,catalog_api,turkey,MOVENPICK ISTANBUL OLD TOWN,ISTANBUL,turkey,Turquie,africa_me,missing
B357,B357,ibis Styles Istanbul Bomonti,IBS,IBIS STYLES,ISTANBUL,Turquie,"Halide Edip Adivar Mah, Akar Cad No 6 Sisli",34384,https://all.accor.com/hotel/B357/index.fr.shtml,catalog_api,turkey,IBIS STYLES ISTANBUL BOMONTI,ISTANBUL,turkey,Turquie,africa_me,missing
B884,B884,Novotel Istanbul Bomonti,NOV,NOVOTEL,ISTANBUL,Turquie,"Merkez Mahallesi Silahsor, No:46, 34384",34384,https://all.accor.com/hotel/B884/index.fr.shtml,catalog_api,turkey,NOVOTEL ISTANBUL BOMONTI,ISTANBUL,turkey,Turquie,africa_me,missing
B8A6,B8A6,Rixos Tersane Istanbul,RIX,RIXOS HOTELS,ISTANBUL,Turquie,"Camiikebir Mahallesi, Taskizak Tersanesi Caddesi, N°23 1 Beyoglu",34440,https://all.accor.com/hotel/B8A6/index.fr.shtml,catalog_api,turkey,RIXOS TERSANE ISTANBUL,ISTANBUL,turkey,Turquie,africa_me,missing
C4K9,C4K9,Aliée Istanbul - A Paris Society Collection Hotel,PSC,PSC,ISTANBUL,Turquie,"Camiikebir Mahallesi, Taskizak Tersanesi Caddesi, N°11:19 Beyoglu Istanbul",34437,https://all.accor.com/hotel/C4K9/index.fr.shtml,catalog_api,turkey,ALIEE ISTANBUL A PARIS SOCIETY COLLECTION HOTEL,ISTANBUL,turkey,Turquie,africa_me,missing
C0C1,C0C1,Mövenpick Living Istanbul Saklivadi,MOL,MOL,ISTANBUL,Turquie,"Ayazaga Mahallesi 215 Sokak, No 10 B, Sariyer",34475,https://all.accor.com/hotel/C0C1/index.fr.shtml,catalog_api,turkey,MOVENPICK LIVING ISTANBUL SAKLIVADI,ISTANBUL,turkey,Turquie,africa_me,missing
B8B6,B8B6,Mövenpick Hotel Istanbul Marmara Sea,MOV,MÖVENPICK,ISTANBUL,Turquie,"Kazlicesme Mah Abay Cad, No 167  Zeytinburnu",34020,https://all.accor.com/hotel/B8B6/index.fr.shtml,catalog_api,turkey,MOVENPICK HOTEL ISTANBUL MARMARA SEA,ISTANBUL,turkey,Turquie,africa_me,missing
B4H8,B4H8,Mövenpick Istanbul Golden Horn,MOV,MÖVENPICK,ISTANBUL,Turquie,"Silahtaraga Caddesi No 87, Eyup",34050,https://all.accor.com/hotel/B4H8/index.fr.shtml,catalog_api,turkey,MOVENPICK ISTANBUL GOLDEN HORN,ISTANBUL,turkey,Turquie,africa_me,missing
C088,C088,Movenpick Living Istanbul Camlivadi,MOL,MOL,ISTANBUL,Turquie,"Hamidiye Mahallesi Ihlas Sokak, C Blok No:13, Kagithane",34408,https://all.accor.com/hotel/C088/index.fr.shtml,catalog_api,turkey,MOVENPICK LIVING ISTANBUL CAMLIVADI,ISTANBUL,turkey,Turquie,africa_me,missing
B634,B634,Mercure Istanbul Bakirkoy,MER,MERCURE,ISTANBUL,Turquie,"Istanbul Caddesi No71, Bakirkoy",34142,https://all.accor.com/hotel/B634/index.fr.shtml,catalog_api,turkey,MERCURE ISTANBUL BAKIRKOY,ISTANBUL,turkey,Turquie,africa_me,missing
B430,B430,ibis Styles Istanbul Merter,IBS,IBIS STYLES,ISTANBUL,Turquie,"Mehmet Nesih Ozmen Mahallesi, Kasim Sokak No 32 Merter, Gungoren",34173,https://all.accor.com/hotel/B430/index.fr.shtml,catalog_api,turkey,IBIS STYLES ISTANBUL MERTER,ISTANBUL,turkey,Turquie,africa_me,missing
B868,B868,Mövenpick Living Istanbul West,MOL,MOL,ISTANBUL,Turquie,"15 Temmuz Mah Gulbahar Cad, 1500 Sok No 12 Gunesli",34212,https://all.accor.com/hotel/B868/index.fr.shtml,catalog_api,turkey,MOVENPICK LIVING ISTANBUL WEST,ISTANBUL,turkey,Turquie,africa_me,missing
B1J7,B1J7,"Rixos Premium Göcek pour adultes seulement, à partir de 13 ans",RIX,RIXOS HOTELS,MUGLA,Turquie,"Göcek Mah.Sahil Yolu Cad., P.K 48310, Fethiye/Mugla",48310,https://all.accor.com/hotel/B1J7/index.fr.shtml,catalog_api,turkey,RIXOS PREMIUM GOCEK POUR ADULTES SEULEMENT A PARTIR DE 13 ANS,MUGLA,turkey,Turquie,africa_me,missing
B7U1,B7U1,Club Privé By Rixos Gocek,RIX,RIXOS HOTELS,MUGLA,Turquie,"Gocek Mahallesi Sahil Yolu Cadde, Gocek Fethiye",48310,https://all.accor.com/hotel/B7U1/index.fr.shtml,catalog_api,turkey,CLUB PRIVE BY RIXOS GOCEK,MUGLA,turkey,Turquie,africa_me,missing
B9R4,B9R4,ibis Istanbul Airport,IBH,IBIS,ISTANBUL,Turquie,"Mustafa Kemal Pasa Mahallesi, Kazim Karabekir Caddesi, No:221 A Arnavutkoy",34275,https://all.accor.com/hotel/B9R4/index.fr.shtml,catalog_api,turkey,IBIS ISTANBUL AIRPORT,ISTANBUL,turkey,Turquie,africa_me,missing
B3H2,B3H2,ibis Styles Izmir Bornova,IBS,IBIS STYLES,IZMIR,Turquie,"Kazim Dirik Mah No:282/2 Sokak, No 11 Bornova",35100,https://all.accor.com/hotel/B3H2/index.fr.shtml,catalog_api,turkey,IBIS STYLES IZMIR BORNOVA,IZMIR,turkey,Turquie,africa_me,missing
B4H2,B4H2,Mövenpick Izmir,MOV,MÖVENPICK,IZMIR,Turquie,"Cumhuriyet Blv No 138, Pasaport",35210,https://all.accor.com/hotel/B4H2/index.fr.shtml,catalog_api,turkey,MOVENPICK IZMIR,IZMIR,turkey,Turquie,africa_me,missing
A5A6,A5A6,Swissôtel Büyük Efes İzmir,SWI,SWISSÔTEL,ALSANCAK,Turquie,Gaziosmanpasa Bulvari No 1,35210,https://all.accor.com/hotel/A5A6/index.fr.shtml,catalog_api,turkey,SWISSOTEL BUYUK EFES IZMIR,ALSANCAK,turkey,Turquie,africa_me,missing
B1J2,B1J2,Rixos Premium Bodrum,RIX,RIXOS HOTELS,BODRUM,Turquie,Zeytinlikahve mevkii,48400,https://all.accor.com/hotel/B1J2/index.fr.shtml,catalog_api,turkey,RIXOS PREMIUM BODRUM,BODRUM,turkey,Turquie,africa_me,missing
C1K7,C1K7,Hyde Bodrum,HYD,HYDE,BODRUM,Turquie,"Torba District 3117 Street, Nbr:11",48400,https://all.accor.com/hotel/C1K7/index.fr.shtml,catalog_api,turkey,HYDE BODRUM,BODRUM,turkey,Turquie,africa_me,missing
C346,C346,Swissôtel Living Bodrum,SWL,SWL,BODRUM,Turquie,"Kizilburun Cad, No 132 Gundogan Bodrum, NO 132 BODRUM",48400,https://all.accor.com/hotel/C346/index.fr.shtml,catalog_api,turkey,SWISSOTEL LIVING BODRUM,BODRUM,turkey,Turquie,africa_me,missing
B921,B921,The Bodrum Hotel Yalikavak - MGallery Collection,MGA,MGALLERY,BODRUM,Turquie,"Yalikavak Mahallesi, 91 Sokak No 6, Bodrum Mugla",48990,https://all.accor.com/hotel/B921/index.fr.shtml,catalog_api,turkey,THE BODRUM HOTEL YALIKAVAK MGALLERY COLLECTION,BODRUM,turkey,Turquie,africa_me,missing
A5C6,A5C6,Swissôtel Resort Bodrum Beach,SWI,SWISSÔTEL,BODRUM,Turquie,"Gazi Mustafa Kemal Bulvari 42, Turgutreis Mahallesi",48400,https://all.accor.com/hotel/A5C6/index.fr.shtml,catalog_api,turkey,SWISSOTEL RESORT BODRUM BEACH,BODRUM,turkey,Turquie,africa_me,missing
B8Z7,B8Z7,Swissôtel Resort And Spa Cesme,SWI,SWISSÔTEL,IZMIR,Turquie,"Celal Bayar, 5152 Sokak, No 43",35930,https://all.accor.com/hotel/B8Z7/index.fr.shtml,catalog_api,turkey,SWISSOTEL RESORT AND SPA CESME,IZMIR,turkey,Turquie,africa_me,missing
B644,B644,Ibis Lanzhou East Market Hotel,IBH,IBIS,LANZHOU,Chine,"No.2698 Donggang East Road, Chengguan District, Lanzhou City",730020,https://all.accor.com/hotel/B644/index.fr.shtml,catalog_api,china,IBIS LANZHOU EAST MARKET HOTEL,LANZHOU,china,Chine,asia,missing
B5Y5,B5Y5,ibis Styles Lanzhou Wulipu,IBS,IBIS STYLES,LANZHOU,Chine,"No.2698 Donggang East Road, Chengguan District, Lanzhou City",730000,https://all.accor.com/hotel/B5Y5/index.fr.shtml,catalog_api,china,IBIS STYLES LANZHOU WULIPU,LANZHOU,china,Chine,asia,missing
C244,C244,Mercure Lanzhou University Tianshui,MER,MERCURE,LANZHOU,Chine,"166 South Tianshui Road, Chengguan District",730030,https://all.accor.com/hotel/C244/index.fr.shtml,catalog_api,china,MERCURE LANZHOU UNIVERSITY TIANSHUI,LANZHOU,china,Chine,asia,missing
B2X9,B2X9,ibis Lanzhou Dongfanghong Plaza Hotel,IBH,IBIS,LANZHOU,Chine,"NO.276, Pingliang Road, Chengguan District",730000,https://all.accor.com/hotel/B2X9/index.fr.shtml,catalog_api,china,IBIS LANZHOU DONGFANGHONG PLAZA HOTEL,LANZHOU,china,Chine,asia,missing
B5S0,B5S0,Ibis Lanzhou Railway Bureau Hotel,IBH,IBIS,LANZHOU,Chine,"298 Democracy East Road, Chengguan District, Lanzhou City",730000,https://all.accor.com/hotel/B5S0/index.fr.shtml,catalog_api,china,IBIS LANZHOU RAILWAY BUREAU HOTEL,LANZHOU,china,Chine,asia,missing
B3B9,B3B9,Mercure Lanzhou Downtown,MER,MERCURE,LANZHOU,Chine,"No 5160 South Binhe Road, Chengguan District",730000,https://all.accor.com/hotel/B3B9/index.fr.shtml,catalog_api,china,MERCURE LANZHOU DOWNTOWN,LANZHOU,china,Chine,asia,missing
B7S4,B7S4,Mercure Lanzhou Dongfanghong,MER,MERCURE,LANZHOU,Chine,"No 4 6 Guangchang South Road, Chengguan District, Lanzhou Gansu Province",730000,https://all.accor.com/hotel/B7S4/index.fr.shtml,catalog_api,china,MERCURE LANZHOU DONGFANGHONG,LANZHOU,china,Chine,asia,missing
B645,B645,Ibis Lanzhou Square west entrance Hotel,IBH,IBIS,LANZHOU,Chine,"Lanzhou City, Gansu Province, Qingyang Road No. 19",730030,https://all.accor.com/hotel/B645/index.fr.shtml,catalog_api,china,IBIS LANZHOU SQUARE WEST ENTRANCE HOTEL,LANZHOU,china,Chine,asia,missing
B7D6,B7D6,Mercure Lanzhou Zhengning Road (ouverture décembre 2020),MER,MERCURE,LANZHOU,Chine,"No 11 South Yongchang Road, Chengguan District",730000,https://all.accor.com/hotel/B7D6/index.fr.shtml,catalog_api,china,MERCURE LANZHOU ZHENGNING ROAD OUVERTURE DECEMBRE 2020,LANZHOU,china,Chine,asia,missing
C0G4,C0G4,Mercure Lanzhou West,MER,MERCURE,LANZHOU,Chine,"87 Xinjin West Road, Qilihe District",730000,https://all.accor.com/hotel/C0G4/index.fr.shtml,catalog_api,china,MERCURE LANZHOU WEST,LANZHOU,china,Chine,asia,missing
B514,B514,Ibis Lanzhou West Railway Station Hotel,IBH,IBIS,LANZHOU,Chine,"No. 15 Building, Tianhe Yuan District, Lanxi Qilihe District",730050,https://all.accor.com/hotel/B514/index.fr.shtml,catalog_api,china,IBIS LANZHOU WEST RAILWAY STATION HOTEL,LANZHOU,china,Chine,asia,missing
B0Z9,B0Z9,ibis Lanzhou Peili Square Hotel,IBH,IBIS,LANZHOU,Chine,"No 43-5, Anning East road, Anning District",730070,https://all.accor.com/hotel/B0Z9/index.fr.shtml,catalog_api,china,IBIS LANZHOU PEILI SQUARE HOTEL,LANZHOU,china,Chine,asia,missing
B2Y6,B2Y6,Ibis Lanzhou Customs House Hotel,IBH,IBIS,LANZHOU,Chine,"No.240, South Wanxin Road, Anning District",730070,https://all.accor.com/hotel/B2Y6/index.fr.shtml,catalog_api,china,IBIS LANZHOU CUSTOMS HOUSE HOTEL,LANZHOU,china,Chine,asia,missing
B577,B577,Ibis Lanzhou Xigu Yumen Street Hotel,IBH,IBIS,LANZHOU,Chine,"598-9 Xigu Middle Road, Xigu District, Lanzhou City",730060,https://all.accor.com/hotel/B577/index.fr.shtml,catalog_api,china,IBIS LANZHOU XIGU YUMEN STREET HOTEL,LANZHOU,china,Chine,asia,missing
B496,B496,IBIS LANZHOU NEW AREAPCR,IBH,IBIS,YONGDENGXIANLANZHOU,Chine,,,https://all.accor.com/hotel/B496/index.fr.shtml,catalog_api,china,IBIS LANZHOU NEW AREAPCR,YONGDENGXIANLANZHOU,china,Chine,asia,missing
B8T3,B8T3,Mercure Tianshui Downtown,MER,MERCURE,TIANSHUI,Chine,Bldg6 Fortune Mansion Minshan Rd,741000,https://all.accor.com/hotel/B8T3/index.fr.shtml,catalog_api,china,MERCURE TIANSHUI DOWNTOWN,TIANSHUI,china,Chine,asia,missing
B2H5,B2H5,Ibis Pingliang Kongtong West road Hotel,IBH,IBIS,PINGLIANG,Chine,"No.17 West Kongtong Road, Kongtong District, Pingliang",744000,https://all.accor.com/hotel/B2H5/index.fr.shtml,catalog_api,china,IBIS PINGLIANG KONGTONG WEST ROAD HOTEL,PINGLIANG,china,Chine,asia,missing
B6D8,B6D8,Ibis Styles Xi'ning Railway Sta,IBS,IBIS STYLES,XINING,Chine,"No.88 Delingha Road, Chengdong District, Xining City Qinghai",810007,https://all.accor.com/hotel/B6D8/index.fr.shtml,catalog_api,china,IBIS STYLES XI NING RAILWAY STA,XINING,china,Chine,asia,missing
B698,B698,Mercure Xining Haihu CBD,MER,MERCURE,XINING,Chine,"NO 66 Wusi West Road, Haihu District",810000,https://all.accor.com/hotel/B698/index.fr.shtml,catalog_api,china,MERCURE XINING HAIHU CBD,XINING,china,Chine,asia,missing
B708,B708,Ibis Longnan Railway Station,IBH,IBIS,LONGNAN,Chine,"Dongjiang No.1 Road, Wudu District, Longnan City",746000,https://all.accor.com/hotel/B708/index.fr.shtml,catalog_api,china,IBIS LONGNAN RAILWAY STATION,LONGNAN,china,Chine,asia,missing
C4W4,C4W4,NOVOTEL Jiuzhaigou,NOV,NOVOTEL,TIBETAN AUTONOMOUS PREFECTURE,Chine,"No 5 Jiuzhai Avenue, JIUZHAIGOU COUNTY",623400,https://all.accor.com/hotel/C4W4/index.fr.shtml,catalog_api,china,NOVOTEL JIUZHAIGOU,TIBETAN AUTONOMOUS PREFECTURE,china,Chine,asia,missing
B1V8,B1V8,Banyan Tree Jiuzhaigou,BAN,BANYAN TREE,PROVINCE DU SICHUAN - ABA,Chine,"No 1 Baohai Road Bao Hua Town, Jiuzhaigou County",623400,https://all.accor.com/hotel/B1V8/index.fr.shtml,catalog_api,china,BANYAN TREE JIUZHAIGOU,PROVINCE DU SICHUAN ABA,china,Chine,asia,missing
B314,B314,Ibis Baoji Hi-Tech Zone Hotel,IBH,IBIS,BAOJI,Chine,"Hongye Building, Science And Technology Innovati, 195 Gaoxin Avenue",721006,https://all.accor.com/hotel/B314/index.fr.shtml,catalog_api,china,IBIS BAOJI HI TECH ZONE HOTEL,BAOJI,china,Chine,asia,missing
C3D0,C3D0,Novotel Yinchuan Huirong,NOV,NOVOTEL,YINCHUAN,Chine,Huirong Center Tower B,750001,https://all.accor.com/hotel/C3D0/index.fr.shtml,catalog_api,china,NOVOTEL YINCHUAN HUIRONG,YINCHUAN,china,Chine,asia,missing
C1M9,C1M9,Ibis Styles Yinchuan Ningda,IBS,IBIS STYLES,YINCHUAN,Chine,"No.52 Huaiyuan Eest Road, Xixia District, Yinchuan",750000,https://all.accor.com/hotel/C1M9/index.fr.shtml,catalog_api,china,IBIS STYLES YINCHUAN NINGDA,YINCHUAN,china,Chine,asia,missing
B325,B325,Mercure Yinchuan Xinhua,MER,MERCURE,YINCHUAN,Chine,"No 6 Building, West Xinhua District, Xingqing District",750001,https://all.accor.com/hotel/B325/index.fr.shtml,catalog_api,china,MERCURE YINCHUAN XINHUA,YINCHUAN,china,Chine,asia,missing
C272,C272,Novotel Yinchuan Lanxigu,NOV,NOVOTEL,YINCHUAN,Chine,"No 26 Guoshang East Street, LanxiValley Business Plaza, Xingqing District",750000,https://all.accor.com/hotel/C272/index.fr.shtml,catalog_api,china,NOVOTEL YINCHUAN LANXIGU,YINCHUAN,china,Chine,asia,missing
B108,B108,ibis Guangyuan City Square Hotel,IBH,IBIS,GUANGYUAN,Chine,"Building 2, City Square, Lizhou District",628000,https://all.accor.com/hotel/B108/index.fr.shtml,catalog_api,china,IBIS GUANGYUAN CITY SQUARE HOTEL,GUANGYUAN,china,Chine,asia,missing
B765,B765,Ibis Xianyang Normal University Hotel,IBH,IBIS,XIANYANG,Chine,"No.46, Middle Section Of Wenlin Road, Weicheng District",712000,https://all.accor.com/hotel/B765/index.fr.shtml,catalog_api,china,IBIS XIANYANG NORMAL UNIVERSITY HOTEL,XIANYANG,china,Chine,asia,missing
C0E4,C0E4,Mercure Xi'an International Airport,MER,MERCURE,XIANYANG,Chine,"No 15 Yingbin Road, Weicheng District",712034,https://all.accor.com/hotel/C0E4/index.fr.shtml,catalog_api,china,MERCURE XI AN INTERNATIONAL AIRPORT,XIANYANG,china,Chine,asia,missing
C0K3,C0K3,Ibis Xianyang Qidi Science Park,IBH,IBIS,XIANYANG,Chine,"Building B Qidi C&E Center, Tsinghua Science Park, Xianyang City",710000,https://all.accor.com/hotel/C0K3/index.fr.shtml,catalog_api,china,IBIS XIANYANG QIDI SCIENCE PARK,XIANYANG,china,Chine,asia,missing
B1L0,B1L0,Novotel Xian Xixian,NOV,NOVOTEL,XIAN,Chine,"No 1 Xiyi Road Fengjing Avenue, XiXian New Area.",712000,https://all.accor.com/hotel/B1L0/index.fr.shtml,catalog_api,china,NOVOTEL XIAN XIXIAN,XIAN,china,Chine,asia,missing
B5H8,B5H8,Ibis Xi an Jianzhang Road Fengdong New Area Hotel,IBH,IBIS,XIAN,Chine,"Jianzhang&Fengchan RD. Junction, Fengdong New Town, Xi An",710086,https://all.accor.com/hotel/B5H8/index.fr.shtml,catalog_api,china,IBIS XI AN JIANZHANG ROAD FENGDONG NEW AREA HOTEL,XIAN,china,Chine,asia,missing
C386,C386,Mercure Xi'an New Software City,MER,MERCURE,XI'AN,Chine,"Southwest corner of West Third, Ring Road and Tiangu Road, Xi'an High tech Zone",710000,https://all.accor.com/hotel/C386/index.fr.shtml,catalog_api,china,MERCURE XI AN NEW SOFTWARE CITY,XI AN,china,Chine,asia,missing
B103,B103,ibis Xi'an North Railway Station Hotel,IBH,IBIS,XIAN,Chine,"Floor 28, Shouchuang Builidng, Wenjing Road",710016,https://all.accor.com/hotel/B103/index.fr.shtml,catalog_api,china,IBIS XI AN NORTH RAILWAY STATION HOTEL,XIAN,china,Chine,asia,missing
B5R5,B5R5,Mercure Xi an North,MER,MERCURE,XI AN,Chine,"Unit B Building 71 Capital, Ville internat. de Fengcheng, Twelve Rd District de Weiyang",710000,https://all.accor.com/hotel/B5R5/index.fr.shtml,catalog_api,china,MERCURE XI AN NORTH,XI AN,china,Chine,asia,missing
C053,C053,Mercure Xian Gaoxin Dazhai Road,MER,MERCURE,XI'AN,Chine,"No 2 Dazhai Road, Yanta District",710077,https://all.accor.com/hotel/C053/index.fr.shtml,catalog_api,china,MERCURE XIAN GAOXIN DAZHAI ROAD,XI AN,china,Chine,asia,missing
B569,B569,Ibis Styles Xi 'an Daxing New District G park Hotel,IBS,IBIS STYLES,XIAN,Chine,"Shops Of Daxing Market Square, 6 Daxing East Road, Lianhu District",710016,https://all.accor.com/hotel/B569/index.fr.shtml,catalog_api,china,IBIS STYLES XI AN DAXING NEW DISTRICT G PARK HOTEL,XIAN,china,Chine,asia,missing
A473,A473,Mercure Xian Salut Tech Zone,MER,MERCURE,XIAN,Chine,"No 31 The 6Th Keji Road, Yanta District",712000,https://all.accor.com/hotel/A473/index.fr.shtml,catalog_api,china,MERCURE XIAN SALUT TECH ZONE,XIAN,china,Chine,asia,missing
C3D1,C3D1,Novotel Xi'an Daming Palace,NOV,NOVOTEL,XI AN,Chine,"No.33 Weiyang Road, Weiyang District",710000,https://all.accor.com/hotel/C3D1/index.fr.shtml,catalog_api,china,NOVOTEL XI AN DAMING PALACE,XI AN,china,Chine,asia,missing
B6D3,B6D3,Mercure Xi'an High-tech Zone Center,MER,MERCURE,XIAN,Chine,"No 15 Gaoxin Road, High Tech Zone",710075,https://all.accor.com/hotel/B6D3/index.fr.shtml,catalog_api,china,MERCURE XI AN HIGH TECH ZONE CENTER,XIAN,china,Chine,asia,missing
B2N3,B2N3,ibis xi'an North Second Ring Weiyang Rd Hotel,IBH,IBIS,XIAN,Chine,"No 111-1 Weiyang Road, Weiyang District",710016,https://all.accor.com/hotel/B2N3/index.fr.shtml,catalog_api,china,IBIS XI AN NORTH SECOND RING WEIYANG RD HOTEL,XIAN,china,Chine,asia,missing
C1S1,C1S1,Mercure Xi'an Daming Palace,MER,MERCURE,XI'AN,Chine,"No 80 Weiyang Road, Weiyang District",710000,https://all.accor.com/hotel/C1S1/index.fr.shtml,catalog_api,china,MERCURE XI AN DAMING PALACE,XI AN,china,Chine,asia,missing
B5Z0,B5Z0,Mercure Xian City Centre,MER,MERCURE,XI'AN,Chine,"No 30 Lianhu Road, Lianhu District",710000,https://all.accor.com/hotel/B5Z0/index.fr.shtml,catalog_api,china,MERCURE XIAN CITY CENTRE,XI AN,china,Chine,asia,missing
C0X5,C0X5,Ibis Xi'an Huimin Street Hotel,IBH,IBIS,XIAN,Chine,"No. 36 Yandian Street, Beilin District, Xi'an City",710000,https://all.accor.com/hotel/C0X5/index.fr.shtml,catalog_api,china,IBIS XI AN HUIMIN STREET HOTEL,XIAN,china,Chine,asia,missing
B518,B518,Ibis Xi?an Bell and Drum Tower Square Muslim Quarter Hotel,IBH,IBIS,XIAN,Chine,"No. 45 West Street, Lianhu District, Xi'an City",710000,https://all.accor.com/hotel/B518/index.fr.shtml,catalog_api,china,IBIS XI AN BELL AND DRUM TOWER SQUARE MUSLIM QUARTER HOTEL,XIAN,china,Chine,asia,missing
B3C8,B3C8,Ibis Xi an Shanxi Province People Hospital Hotel,IBH,IBIS,XIAN,Chine,"New Western Medical Trade BLDG, No. 46 Hanguang Road, Beilin District",710065,https://all.accor.com/hotel/B3C8/index.fr.shtml,catalog_api,china,IBIS XI AN SHANXI PROVINCE PEOPLE HOSPITAL HOTEL,XIAN,china,Chine,asia,missing
B6R1,B6R1,Mercure The Bell Tower de Xi'an,MER,MERCURE,XI'AN,Chine,"No 28 North Street, Lianhu District",710004,https://all.accor.com/hotel/B6R1/index.fr.shtml,catalog_api,china,MERCURE THE BELL TOWER DE XI AN,XI AN,china,Chine,asia,missing
B4D5,B4D5,Mercure Xi'an Downtown,MER,MERCURE,XI AN,Chine,"No 8 Xixin Street, Xincheng District",710000,https://all.accor.com/hotel/B4D5/index.fr.shtml,catalog_api,china,MERCURE XI AN DOWNTOWN,XI AN,china,Chine,asia,missing
B6K7,B6K7,Novotel Xian The Bell Tower,NOV,NOVOTEL,XI'AN,Chine,"No 16 Anban Street, Xincheng District",710004,https://all.accor.com/hotel/B6K7/index.fr.shtml,catalog_api,china,NOVOTEL XIAN THE BELL TOWER,XI AN,china,Chine,asia,missing
B1E3,B1E3,ibis Xi'an South Gate Hotel,IBH,IBIS,XIAN,Chine,"No. 95, S.Guanzheng Street, Beilin District",710068,https://all.accor.com/hotel/B1E3/index.fr.shtml,catalog_api,china,IBIS XI AN SOUTH GATE HOTEL,XIAN,china,Chine,asia,missing
B6B9,B6B9,Ibis Xi'an Bell Tower East Hotel,IBH,IBIS,XIAN,Chine,"1 / F, Ju Garden Building, 1 Ju Garden",710001,https://all.accor.com/hotel/B6B9/index.fr.shtml,catalog_api,china,IBIS XI AN BELL TOWER EAST HOTEL,XIAN,china,Chine,asia,missing
B8U6,B8U6,Novotel Xian Aden,NOV,NOVOTEL,XI'AN,Chine,"No 5588 Ouya Dadao, Intl Trade and Logistecs Park",710026,https://all.accor.com/hotel/B8U6/index.fr.shtml,catalog_api,china,NOVOTEL XIAN ADEN,XI AN,china,Chine,asia,missing
C0M2,C0M2,Mercure Xi'an Stadium Hotel,MER,MERCURE,XI'AN,Chine,"No 18 Chang'an Road, Beilin District",710001,https://all.accor.com/hotel/C0M2/index.fr.shtml,catalog_api,china,MERCURE XI AN STADIUM HOTEL,XI AN,china,Chine,asia,missing
C106,C106,Mercure Xi'an Chanba,MER,MERCURE,XI'AN,Chine,"No 2552 Beichen East Road, Chanba Ecotope, Weiyang District",710016,https://all.accor.com/hotel/C106/index.fr.shtml,catalog_api,china,MERCURE XI AN CHANBA,XI AN,china,Chine,asia,missing
B9P0,B9P0,Mercure Xi'an History Museum,MER,MERCURE,XI'AN,Chine,No 371 Cuihua Road,710061,https://all.accor.com/hotel/B9P0/index.fr.shtml,catalog_api,china,MERCURE XI AN HISTORY MUSEUM,XI AN,china,Chine,asia,missing
B4Z8,B4Z8,Mercure Xian Dayan Pagoda (ouverture janvier 2020),MER,MERCURE,XIAN,Chine,"No 6 Yanta West Road, Yanta District",710000,https://all.accor.com/hotel/B4Z8/index.fr.shtml,catalog_api,china,MERCURE XIAN DAYAN PAGODA OUVERTURE JANVIER 2020,XIAN,china,Chine,asia,missing
C0Z9,C0Z9,Dhawa Xi'an Chanba,DHA,DHAWA,XI'AN,Chine,NO 269 Huawen Road,710000,https://all.accor.com/hotel/C0Z9/index.fr.shtml,catalog_api,china,DHAWA XI AN CHANBA,XI AN,china,Chine,asia,missing
B517,B517,Ibis Xian Xingqing Palace Park Hotel,IBH,IBIS,XIAN,Chine,"Renhouzhuang South Road, Beilin District, Xi 'an City",710048,https://all.accor.com/hotel/B517/index.fr.shtml,catalog_api,china,IBIS XIAN XINGQING PALACE PARK HOTEL,XIAN,china,Chine,asia,missing
C2I8,C2I8,Novotel Xi'an Xinxing,NOV,NOVOTEL,XI'AN,Chine,9 Huzhu Road,710000,https://all.accor.com/hotel/C2I8/index.fr.shtml,catalog_api,china,NOVOTEL XI AN XINXING,XI AN,china,Chine,asia,missing
B1Q8,B1Q8,ibis Xi'an Qinglong Temple Hotel,IBH,IBIS,XIAN,Chine,"No. 18, Yan Xiang Road, Yanta District",710054,https://all.accor.com/hotel/B1Q8/index.fr.shtml,catalog_api,china,IBIS XI AN QINGLONG TEMPLE HOTEL,XIAN,china,Chine,asia,missing
B493,B493,Mercure Xian Qujiang,MER,MERCURE,XIAN,Chine,"No 3001 Northeast Corner, Yanxiang Road And South Third, Ring Road Qujiang New District",712000,https://all.accor.com/hotel/B493/index.fr.shtml,catalog_api,china,MERCURE XIAN QUJIANG,XIAN,china,Chine,asia,missing
C2X0,C2X0,Swissôtel Xi’an Xinxing Hot Spring,SWI,SWISSÔTEL,XI'AN,Chine,"1006 Liuxue Road, Baqiao District",710038,https://all.accor.com/hotel/C2X0/index.fr.shtml,catalog_api,china,SWISSOTEL XI AN XINXING HOT SPRING,XI AN,china,Chine,asia,missing
C0X1,C0X1,Ibis Xi'an Baqiao Hongqing,IBH,IBIS,XIAN,Chine,"No. 268 Middle Section, Of Tianhongzheng Street, Baqiao District Xi'an",710038,https://all.accor.com/hotel/C0X1/index.fr.shtml,catalog_api,china,IBIS XI AN BAQIAO HONGQING,XIAN,china,Chine,asia,missing
B5Y6,B5Y6,Mercure Yan an Downtown,MER,MERCURE,YAN'AN,Chine,"Fan Gong road, Baota District",9000576,https://all.accor.com/hotel/B5Y6/index.fr.shtml,catalog_api,china,MERCURE YAN AN DOWNTOWN,YAN AN,china,Chine,asia,missing
B1X5,B1X5,Angsana Xi'an Lintong,ANG,ANGSANA,XIAN,Chine,"No 8 East Yuechen Road, Lintong District Xi'an",710600,https://all.accor.com/hotel/B1X5/index.fr.shtml,catalog_api,china,ANGSANA XI AN LINTONG,XIAN,china,Chine,asia,missing
B6C9,B6C9,Ibis Styles Mianyang Station,IBS,IBIS STYLES,MIANYANG,Chine,"No.38 West Jiannan Road, Fucheng District",621000,https://all.accor.com/hotel/B6C9/index.fr.shtml,catalog_api,china,IBIS STYLES MIANYANG STATION,MIANYANG,china,Chine,asia,missing
B9Q8,B9Q8,GARRYA XI'AN LINTONG,GAR,GAR,XI'AN,Chine,"No 8 Fenghuang Avenue, Lintong District",710600,https://all.accor.com/hotel/B9Q8/index.fr.shtml,catalog_api,china,GARRYA XI AN LINTONG,XI AN,china,Chine,asia,missing
C0L0,C0L0,Ibis Deyang Wuzhou Plaza Hotel,IBH,IBIS,DEYANG,Chine,"No. 713 Section 2, Taishan South Road, Jingyang District Deyang City",618000,https://all.accor.com/hotel/C0L0/index.fr.shtml,catalog_api,china,IBIS DEYANG WUZHOU PLAZA HOTEL,DEYANG,china,Chine,asia,missing
C2C1,C2C1,JO&JOE Chengdu Dujiangyan,JOE,JO&JOE,DUJIANGYAN,Chine,"No 747 Caihong Avenue, Dujiangyan City, Sichuan Province",0,https://all.accor.com/hotel/C2C1/index.fr.shtml,catalog_api,china,JO JOE CHENGDU DUJIANGYAN,DUJIANGYAN,china,Chine,asia,missing
A381,A381,ibis Chengdu Dujiangyan Hotel,IBH,IBIS,DUJIANGYAN,Chine,Lejia Square,611830,https://all.accor.com/hotel/A381/index.fr.shtml,catalog_api,china,IBIS CHENGDU DUJIANGYAN HOTEL,DUJIANGYAN,china,Chine,asia,missing
B2T5,B2T5,Ocean Spring Resort Chengdu - MGallery Collection,MGA,MGALLERY,CHENGDU,Chine,"No 36 Hai Quan Wan Road, Sous-district de Guancang, Xian de Jintang",610499,https://all.accor.com/hotel/B2T5/index.fr.shtml,catalog_api,china,OCEAN SPRING RESORT CHENGDU MGALLERY COLLECTION,CHENGDU,china,Chine,asia,missing
B5X2,B5X2,Novotel Huashan,NOV,NOVOTEL,HUAYIN,Chine,"Intersection Of Huayue Road And, Dongyue Road",714200,https://all.accor.com/hotel/B5X2/index.fr.shtml,catalog_api,china,NOVOTEL HUASHAN,HUAYIN,china,Chine,asia,missing
B575,B575,Mercure Chengdu Xindu,MER,MERCURE,CHENGDU,Chine,"No.969 Shulong Avenue, Chengdu, Sichuan",610599,https://all.accor.com/hotel/B575/index.fr.shtml,catalog_api,china,MERCURE CHENGDU XINDU,CHENGDU,china,Chine,asia,missing
C0Q1,C0Q1,Angsana Chengdu Wenjiang,ANG,ANGSANA,CHENGDU,Chine,No 199 Weigan Branch Road,611132,https://all.accor.com/hotel/C0Q1/index.fr.shtml,catalog_api,china,ANGSANA CHENGDU WENJIANG,CHENGDU,china,Chine,asia,missing
B6E8,B6E8,Ibis Ankang Hanbin Hotel,IBH,IBIS,ANKANG,Chine,"92 Bashan Zhong Lu, Hanbin District, Ankang City",725000,https://all.accor.com/hotel/B6E8/index.fr.shtml,catalog_api,china,IBIS ANKANG HANBIN HOTEL,ANKANG,china,Chine,asia,missing
B4S3,B4S3,Ibis Chengdu Hi-Tech Zone Longhu Hotel,IBH,IBIS,CHENGDU,Chine,"28 Tianjie, Longhu Times, 89 Cooperative Road",611731,https://all.accor.com/hotel/B4S3/index.fr.shtml,catalog_api,china,IBIS CHENGDU HI TECH ZONE LONGHU HOTEL,CHENGDU,china,Chine,asia,missing
A379,A379,ibis Chengdu Zoo Subway Station,IBH,IBIS,CHENGDU,Chine,"9th Building, Jinke Center, NO.2",610051,https://all.accor.com/hotel/A379/index.fr.shtml,catalog_api,china,IBIS CHENGDU ZOO SUBWAY STATION,CHENGDU,china,Chine,asia,missing
B705,B705,Mercure Chengdu Jinniu Wanda Plaza,MER,MERCURE,CHENGDU,Chine,"No17 West 2nd Rd North Station, Jinniu District, Sichuan Province",610081,https://all.accor.com/hotel/B705/index.fr.shtml,catalog_api,china,MERCURE CHENGDU JINNIU WANDA PLAZA,CHENGDU,china,Chine,asia,missing
B9P5,B9P5,Mercure Chengdu Longtan,MER,MERCURE,CHENGDU,Chine,"Building 32B No 2 Chengzhi Road, Quartier de Chenghua",610000,https://all.accor.com/hotel/B9P5/index.fr.shtml,catalog_api,china,MERCURE CHENGDU LONGTAN,CHENGDU,china,Chine,asia,missing
B338,B338,Mercure Chengdu Huapaifang,MER,MERCURE,CHENGDU,Chine,"No 168 Huapaifang Street, Jinniu District",610036,https://all.accor.com/hotel/B338/index.fr.shtml,catalog_api,china,MERCURE CHENGDU HUAPAIFANG,CHENGDU,china,Chine,asia,missing
B106,B106,ibis Chengdu SM Square Hotel,IBH,IBIS,CHENGDU,Chine,"No. 76, Jianxing Road, Chenghua District",610051,https://all.accor.com/hotel/B106/index.fr.shtml,catalog_api,china,IBIS CHENGDU SM SQUARE HOTEL,CHENGDU,china,Chine,asia,missing
B8T8,B8T8,Ibis Chengdu China Lane Central,IBH,IBIS,CHENGDU,Chine,"No.28 Dongchenggenxia Street, Qingyang Industrial, Chengdu City",610031,https://all.accor.com/hotel/B8T8/index.fr.shtml,catalog_api,china,IBIS CHENGDU CHINA LANE CENTRAL,CHENGDU,china,Chine,asia,missing
B8X6,B8X6,Mercure Chengdu Kuanzhai Alley West,MER,MERCURE,CHENGDU,Chine,"No 1 Shangtongren Road, Qingyang District",610031,https://all.accor.com/hotel/B8X6/index.fr.shtml,catalog_api,china,MERCURE CHENGDU KUANZHAI ALLEY WEST,CHENGDU,china,Chine,asia,missing
B5P7,B5P7,Ibis Chengdu Broad and Narrow Alley West Hotel,IBH,IBIS,CHENGDU,Chine,"No. 30 Shiren South Road, Qingyang District, Sichuan",610072,https://all.accor.com/hotel/B5P7/index.fr.shtml,catalog_api,china,IBIS CHENGDU BROAD AND NARROW ALLEY WEST HOTEL,CHENGDU,china,Chine,asia,missing
C2U1,C2U1,Mövenpick by Accor Kuanzhai Alley Chengdu,MOV,MÖVENPICK,CHENGDU,Chine,"No 63 Qingjiang East Road, Qingyang District",610031,https://all.accor.com/hotel/C2U1/index.fr.shtml,catalog_api,china,MOVENPICK BY ACCOR KUANZHAI ALLEY CHENGDU,CHENGDU,china,Chine,asia,missing
C1C3,C1C3,Mercure Chengdu Dongjiao Memory,MER,MERCURE,CHENGDU,Chine,"No.158, Erxianqiao East Road",610000,https://all.accor.com/hotel/C1C3/index.fr.shtml,catalog_api,china,MERCURE CHENGDU DONGJIAO MEMORY,CHENGDU,china,Chine,asia,missing
B0Y9,B0Y9,Mercure Chengdu Downtown,MER,MERCURE,CHENGDU,Chine,"No 3 Tonghuimen Road, Qingyang District, 通惠门路3号
成都
中国",610015,https://all.accor.com/hotel/B0Y9/index.fr.shtml,catalog_api,china,MERCURE CHENGDU DOWNTOWN,CHENGDU,china,Chine,asia,missing
B1Y3,B1Y3,Mercure Chengdu Chunxi,MER,MERCURE,CHENGDU,Chine,"3rd North Shuawa Road, Jinjiang District",610020,https://all.accor.com/hotel/B1Y3/index.fr.shtml,catalog_api,china,MERCURE CHENGDU CHUNXI,CHENGDU,china,Chine,asia,missing
B255,B255,ibis Chengdu Chunxi Road Shudu Mansion Hotel,IBH,IBIS,CHENGDU,Chine,"No. 20, North Stree, Jinjiang District",610021,https://all.accor.com/hotel/B255/index.fr.shtml,catalog_api,china,IBIS CHENGDU CHUNXI ROAD SHUDU MANSION HOTEL,CHENGDU,china,Chine,asia,missing
C2I5,C2I5,Mercure Chengdu Chunxi Road Tianfu Square,MER,MERCURE,CHENGDU,Chine,"61 East Renmin Road, Jinjiang District, Chengdu",610011,https://all.accor.com/hotel/C2I5/index.fr.shtml,catalog_api,china,MERCURE CHENGDU CHUNXI ROAD TIANFU SQUARE,CHENGDU,china,Chine,asia,missing
C5B5,C5B5,Novotel ChengDu Chunxi Road,NOV,NOVOTEL,CHENGDU,Chine,"Floors 7-13 No 41 Jinxing Road, Jinjiang District, Chengdu",610020,https://all.accor.com/hotel/C5B5/index.fr.shtml,catalog_api,china,NOVOTEL CHENGDU CHUNXI ROAD,CHENGDU,china,Chine,asia,missing
C3D3,C3D3,Mercure Chengdu Tianfu Square,MER,MERCURE,CHENGDU,Chine,"Jinli East Road, Qingyang District, Chengdu",610000,https://all.accor.com/hotel/C3D3/index.fr.shtml,catalog_api,china,MERCURE CHENGDU TIANFU SQUARE,CHENGDU,china,Chine,asia,missing
B375,B375,ibis Chengdu East Railway Station Hotel,IBH,IBIS,CHENGDU,Chine,"No.18, Jiancai Road, Chenghua District",610058,https://all.accor.com/hotel/B375/index.fr.shtml,catalog_api,china,IBIS CHENGDU EAST RAILWAY STATION HOTEL,CHENGDU,china,Chine,asia,missing
B107,B107,ibis Chengdu Temple of Marquis,IBH,IBIS,CHENGDU,Chine,"No. 13, the west section of 1st ring roa, Wuhou District",610041,https://all.accor.com/hotel/B107/index.fr.shtml,catalog_api,china,IBIS CHENGDU TEMPLE OF MARQUIS,CHENGDU,china,Chine,asia,missing
B7D4,B7D4,Mercure Chengdu Jiuyanqiao (ouverture en décembre 2020),MER,MERCURE,CHENGDU,Chine,"Building 2 No 87 Section 5, East 5th Ring Road, Jinjiang District",610000,https://all.accor.com/hotel/B7D4/index.fr.shtml,catalog_api,china,MERCURE CHENGDU JIUYANQIAO OUVERTURE EN DECEMBRE 2020,CHENGDU,china,Chine,asia,missing
C060,C060,Mercure Chengdu Wuhou Temple,MER,MERCURE,CHENGDU,Chine,No 4 West First Ring Road,610041,https://all.accor.com/hotel/C060/index.fr.shtml,catalog_api,china,MERCURE CHENGDU WUHOU TEMPLE,CHENGDU,china,Chine,asia,missing
C3A2,C3A2,Financial City Hotel Chengdu - MGallery Collection (ouv. proch.),MGA,MGALLERY,CHENGDU,Chine,"Building 4, Number1777, North of Tianfu Avenue, Wu Hou District",610000,https://all.accor.com/hotel/C3A2/index.fr.shtml,catalog_api,china,FINANCIAL CITY HOTEL CHENGDU MGALLERY COLLECTION OUV PROCH,CHENGDU,china,Chine,asia,missing
B8X7,B8X7,Mercure Chengdu Shuangliu,MER,MERCURE,CHENGDU,Chine,"N. 11, sect. ouest Hangkong Road",610200,https://all.accor.com/hotel/B8X7/index.fr.shtml,catalog_api,china,MERCURE CHENGDU SHUANGLIU,CHENGDU,china,Chine,asia,missing
A8N9,A8N9,ibis Chengdu American Center Hotel,IBH,IBIS,CHENGDU,Chine,"Building 68, Meizhou Huayuan, Meizhou Garden",610041,https://all.accor.com/hotel/A8N9/index.fr.shtml,catalog_api,china,IBIS CHENGDU AMERICAN CENTER HOTEL,CHENGDU,china,Chine,asia,missing
C0C6,C0C6,Mercure Chengdu Shuangliu International Airport,MER,MERCURE,CHENGDU,Chine,237 West Sanqiang Road,610200,https://all.accor.com/hotel/C0C6/index.fr.shtml,catalog_api,china,MERCURE CHENGDU SHUANGLIU INTERNATIONAL AIRPORT,CHENGDU,china,Chine,asia,missing
C502,C502,Mercure Chengdu Global Center,MER,MERCURE,CHENGDU,Chine,"No 868 Tianfu 1st Street, Wuhou District, Chengdu",6100094,https://all.accor.com/hotel/C502/index.fr.shtml,catalog_api,china,MERCURE CHENGDU GLOBAL CENTER,CHENGDU,china,Chine,asia,missing
A820,A820,Fairmont Chengdu,FAI,FAIRMONT,CHENGDU,Chine,"269 Tianfu Avenue Middle Section, Hi-Tech Zone",610041,https://all.accor.com/hotel/A820/index.fr.shtml,catalog_api,china,FAIRMONT CHENGDU,CHENGDU,china,Chine,asia,missing
B5T1,B5T1,Ibis Chengdu Hi-tech Tianfu,IBH,IBIS,CHENGDU,Chine,"666 Guandong 1st Street, Shuangliu District, Chengdu",610212,https://all.accor.com/hotel/B5T1/index.fr.shtml,catalog_api,china,IBIS CHENGDU HI TECH TIANFU,CHENGDU,china,Chine,asia,missing
A313,A313,ibis Dazhou Xuanhan Hotel,IBH,IBIS,DAZHOU,Chine,"Landscape Avenue Dragon City One, Xuanhan County, Dazhou Sichuan Province",636150,https://all.accor.com/hotel/A313/index.fr.shtml,catalog_api,china,IBIS DAZHOU XUANHAN HOTEL,DAZHOU,china,Chine,asia,missing
B4A2,B4A2,Mercure Ordos Downtown,MER,MERCURE,ORDOS,Chine,"No 5 Building Lijing Home, Ejin Horo Qi, Inner Mongolia Autonomous Region",017200,https://all.accor.com/hotel/B4A2/index.fr.shtml,catalog_api,china,MERCURE ORDOS DOWNTOWN,ORDOS,china,Chine,asia,missing
C2J6,C2J6,Novotel Chengdu Lige,NOV,NOVOTEL,CHENGDU,Chine,"No.299, Longhe West Lane, Tianfu New Area",610213,https://all.accor.com/hotel/C2J6/index.fr.shtml,catalog_api,china,NOVOTEL CHENGDU LIGE,CHENGDU,china,Chine,asia,missing
C1X5,C1X5,Mercure Chengdu West Expo City,MER,MERCURE,CHENGDU,Chine,"No 505 Xingkang 3rd Road, Shuangliu District, Chengdu",610299,https://all.accor.com/hotel/C1X5/index.fr.shtml,catalog_api,china,MERCURE CHENGDU WEST EXPO CITY,CHENGDU,china,Chine,asia,missing
C0B5,C0B5,Novotel Living Chengdu Tianfu,NOL,NOL,CHENGDU,Chine,"10 Lingteng Road, East District Chengdu City",641400,https://all.accor.com/hotel/C0B5/index.fr.shtml,catalog_api,china,NOVOTEL LIVING CHENGDU TIANFU,CHENGDU,china,Chine,asia,missing
C2A6,C2A6,Chengdu Expo Waterfall Hotel - MGallery Collection,MGA,MGALLERY,CHENGDU,Chine,"3199 Park Avenue, Sancha Street",641419,https://all.accor.com/hotel/C2A6/index.fr.shtml,catalog_api,china,CHENGDU EXPO WATERFALL HOTEL MGALLERY COLLECTION,CHENGDU,china,Chine,asia,missing
C0B6,C0B6,Grand Mercure Chengdu East,MEI,GRAND MERCURE,CHENGDU,Chine,"2576 Park Ave., Sancha St., Eastern New Area, Eastern New Area",641419,https://all.accor.com/hotel/C0B6/index.fr.shtml,catalog_api,china,GRAND MERCURE CHENGDU EAST,CHENGDU,china,Chine,asia,missing
C070,C070,Novotel Linfen Mont Yun,NOV,NOVOTEL,LINFEN,Chine,"Mount Yun, Xiangning Country",042100,https://all.accor.com/hotel/C070/index.fr.shtml,catalog_api,china,NOVOTEL LINFEN MONT YUN,LINFEN,china,Chine,asia,missing
B6U8,B6U8,Novetel Shanxi Yuncheng,NOV,NOVOTEL,YUNCHENG,Chine,"No 2555 North Xueyuan Rd, Yuncheng, Yanhu District",044000,https://all.accor.com/hotel/B6U8/index.fr.shtml,catalog_api,china,NOVETEL SHANXI YUNCHENG,YUNCHENG,china,Chine,asia,missing
B3F2,B3F2,Ibis Dazhou Dazhu Hotel,IBH,IBIS,DAZHOU,Chine,"No.6 Building, Donghu Tianyu City, Number 88 Of Health Avenue",635100,https://all.accor.com/hotel/B3F2/index.fr.shtml,catalog_api,china,IBIS DAZHOU DAZHU HOTEL,DAZHOU,china,Chine,asia,missing
C2Y7,C2Y7,Mercure Linfen China Gate,MER,MERCURE,LINFEN,Chine,"Building 4 Huamen Xintiandi, Yaodu District, Linfen",041099,https://all.accor.com/hotel/C2Y7/index.fr.shtml,catalog_api,china,MERCURE LINFEN CHINA GATE,LINFEN,china,Chine,asia,missing
C0J3,C0J3,Mercure Linfen West Railway Station,MER,MERCURE,LINFEN,Chine,Binhe West Road,041000,https://all.accor.com/hotel/C0J3/index.fr.shtml,catalog_api,china,MERCURE LINFEN WEST RAILWAY STATION,LINFEN,china,Chine,asia,missing
B6E5,B6E5,Ibis Jiuquan East Bus Station,IBH,IBIS,JIUQUAN,Chine,"No.58, Xuzhou District, Jiuquan City",735000,https://all.accor.com/hotel/B6E5/index.fr.shtml,catalog_api,china,IBIS JIUQUAN EAST BUS STATION,JIUQUAN,china,Chine,asia,missing
B516,B516,Ibis Jiayuguan Railway Station Hotel,IBH,IBIS,JIAYUGUAN,Chine,"No. 1 Yingbin Road, Jiayuguan City, Gansu Province",735100,https://all.accor.com/hotel/B516/index.fr.shtml,catalog_api,china,IBIS JIAYUGUAN RAILWAY STATION HOTEL,JIAYUGUAN,china,Chine,asia,missing
B622,B622,IBIS Kangding Hotel,IBH,IBIS,KANGDINGGANZIZHOU,Chine,"No. 17 Fucheng South Road, Fucheng Town, Kangding City",626000,https://all.accor.com/hotel/B622/index.fr.shtml,catalog_api,china,IBIS KANGDING HOTEL,KANGDINGGANZIZHOU,china,Chine,asia,missing
B311,B311,Grand Mercure Shiyan Dajia,MEI,GRAND MERCURE,SHIYAN,Chine,"No 116 Kaixuan Avenue, Zhangwan District",442000,https://all.accor.com/hotel/B311/index.fr.shtml,catalog_api,china,GRAND MERCURE SHIYAN DAJIA,SHIYAN,china,Chine,asia,missing
C373,C373,Mövenpick by Accor Neijiang,MOV,MÖVENPICK,NEIJIANG,Chine,"No 333 East Section 3, Hanan Avenue",641000,https://all.accor.com/hotel/C373/index.fr.shtml,catalog_api,china,MOVENPICK BY ACCOR NEIJIANG,NEIJIANG,china,Chine,asia,missing
C6H2,C6H2,BANYAN TREE MOUNT EMEI,BAN,BANYAN TREE,EMEISHAN,Chine,"No 55 Section 1, Jingqu Road, Huangwan Town",614200,https://all.accor.com/hotel/C6H2/index.fr.shtml,catalog_api,china,BANYAN TREE MOUNT EMEI,EMEISHAN,china,Chine,asia,missing
B7L0,B7L0,ibis Chongqing Jiangbei Airport Shuanglong Avenue Hotel,IBH,IBIS,CHONGQING,Chine,"No.60 Shuanglong Avenue, Yubei District, Chongqingang District",401120,https://all.accor.com/hotel/B7L0/index.fr.shtml,catalog_api,china,IBIS CHONGQING JIANGBEI AIRPORT SHUANGLONG AVENUE HOTEL,CHONGQING,china,Chine,asia,missing
B6D6,B6D6,ibis Nanyang Xixia County Hotel,IBH,IBIS,NANYANG,Chine,"The North Section of Baiyu Road, Highway Xixia County, Nanyang NA To Fill  China Ch",474599,https://all.accor.com/hotel/B6D6/index.fr.shtml,catalog_api,china,IBIS NANYANG XIXIA COUNTY HOTEL,NANYANG,china,Chine,asia,missing
C3V6,C3V6,Grand Mercure Pingyao (Ouverture prochaine),MEI,GRAND MERCURE,JINZHONG,Chine,"Jinzhong City, Shanxi Province, China, 200 meters west of the intersection of Huitong Road and Shuguang West Street, Pingyao Country, Jinzhong , Shanxi Province., Gutao Town, Pingyao County",031100,https://all.accor.com/hotel/C3V6/index.fr.shtml,catalog_api,china,GRAND MERCURE PINGYAO OUVERTURE PROCHAINE,JINZHONG,china,Chine,asia,missing
C4A2,C4A2,Mercure Pingyao Ancient City,MER,MERCURE,JINZHONG,Chine,"170 Shuncheng South Road, Pingyao, JINZHONG",031100,https://all.accor.com/hotel/C4A2/index.fr.shtml,catalog_api,china,MERCURE PINGYAO ANCIENT CITY,JINZHONG,china,Chine,asia,missing
C2G5,C2G5,Pullman Chongqing Xiyue,PUL,PULLMAN,CHONGQING,Chine,"No.1, rue Tian Xi Branch, Tiangongdian Street, Nouvelle Zone Liangjiang",401120,https://all.accor.com/hotel/C2G5/index.fr.shtml,catalog_api,china,PULLMAN CHONGQING XIYUE,CHONGQING,china,Chine,asia,missing
C5F7,C5F7,Mercure Baotou - Centre de congrès et d'expositions,MER,MERCURE,BAOTOU,Chine,"Building A Fuzheng Building, Middle Section of Jianshe Road, Jiuyuan District",014060,https://all.accor.com/hotel/C5F7/index.fr.shtml,catalog_api,china,MERCURE BAOTOU CENTRE DE CONGRES ET D EXPOSITIONS,BAOTOU,china,Chine,asia,missing
C011,C011,Mercure Chongqing Jiefangbei Hongya Cave,MER,MERCURE,CHONGQING,Chine,"No 128 to132 Minzu Road, Yuzhong District",400010,https://all.accor.com/hotel/C011/index.fr.shtml,catalog_api,china,MERCURE CHONGQING JIEFANGBEI HONGYA CAVE,CHONGQING,china,Chine,asia,missing
B583,B583,Ibis Chongqing Jiefangbei Pedestrian Street Hotel,IBH,IBIS,CHONGQING,Chine,"No. 9-13, No. 39 Bayi Road, Yuzhong District",400010,https://all.accor.com/hotel/B583/index.fr.shtml,catalog_api,china,IBIS CHONGQING JIEFANGBEI PEDESTRIAN STREET HOTEL,CHONGQING,china,Chine,asia,missing
B330,B330,Mercure Chongqing Downtown,MER,MERCURE,CHONGQING,Chine,"No 183 Bayi Road, Yuzhong District",400010,https://all.accor.com/hotel/B330/index.fr.shtml,catalog_api,china,MERCURE CHONGQING DOWNTOWN,CHONGQING,china,Chine,asia,missing
C2R7,C2R7,Mercure Chongqing Times Paradise Walk,MER,MERCURE,CHONGQING,Chine,"No 9 Xiejiawan Street, Jiulongpo District",400000,https://all.accor.com/hotel/C2R7/index.fr.shtml,catalog_api,china,MERCURE CHONGQING TIMES PARADISE WALK,CHONGQING,china,Chine,asia,missing
C5C6,C5C6,Mercure Luoyang Nanchang Road,MER,MERCURE,LUOYANG,Chine,"No 160 Nanchang Road, Jianxi District, Luoyang",471003,https://all.accor.com/hotel/C5C6/index.fr.shtml,catalog_api,china,MERCURE LUOYANG NANCHANG ROAD,LUOYANG,china,Chine,asia,missing
C2D2,C2D2,Mercure Luoyang Downtown,MER,MERCURE,LUOYANG,Chine,河南省洛阳市洛龙区开元大道222号,471000,https://all.accor.com/hotel/C2D2/index.fr.shtml,catalog_api,china,MERCURE LUOYANG DOWNTOWN,LUOYANG,china,Chine,asia,missing
B9B2,B9B2,Mercure Taiyuan Yingze,MER,MERCURE,TAIYUAN,Chine,"No 8 Chunju South Road, Wanbailin District, Taiyuan",030000,https://all.accor.com/hotel/B9B2/index.fr.shtml,catalog_api,china,MERCURE TAIYUAN YINGZE,TAIYUAN,china,Chine,asia,missing
C3T5,C3T5,Novotel Luoyang Hongden,NOV,NOVOTEL,HENAN,Chine,"No1 Kaiyuan Avenue, Luolong District, Luoyang",471000,https://all.accor.com/hotel/C3T5/index.fr.shtml,catalog_api,china,NOVOTEL LUOYANG HONGDEN,HENAN,china,Chine,asia,missing
B2X4,B2X4,Mercure Taiyuan Changfeng Street,MER,MERCURE,TAIYUAN,Chine,"No 88 2nd Section Jinci Road, Wanbolin District",030021,https://all.accor.com/hotel/B2X4/index.fr.shtml,catalog_api,china,MERCURE TAIYUAN CHANGFENG STREET,TAIYUAN,china,Chine,asia,missing
B5S2,B5S2,Ibis Taiyuan SX Hospital Hotel,IBH,IBIS,TAIYUAN,Chine,"98 Pingyang South Road, Taiyuan City, Shanxi Province",030032,https://all.accor.com/hotel/B5S2/index.fr.shtml,catalog_api,china,IBIS TAIYUAN SX HOSPITAL HOTEL,TAIYUAN,china,Chine,asia,missing
C262,C262,Mercure Taiyuan Shanxi Museum,MER,MERCURE,TAIYUAN,Chine,"Section of Binhe West Road, Wanbailin District, Shanxi",030024,https://all.accor.com/hotel/C262/index.fr.shtml,catalog_api,china,MERCURE TAIYUAN SHANXI MUSEUM,TAIYUAN,china,Chine,asia,missing
B7Z7,B7Z7,Ibis Taiyuan Economic Zone,IBH,IBIS,TAIYUAN,Chine,"269 Renmin North Road, Xiaodian District, Taiyuan City",030000,https://all.accor.com/hotel/B7Z7/index.fr.shtml,catalog_api,china,IBIS TAIYUAN ECONOMIC ZONE,TAIYUAN,china,Chine,asia,missing
B5R3,B5R3,Mercure Taiyuan E Tech,MER,MERCURE,TAIYUAN,Chine,"NO 1 Tangming Road, E Tech  District",30032,https://all.accor.com/hotel/B5R3/index.fr.shtml,catalog_api,china,MERCURE TAIYUAN E TECH,TAIYUAN,china,Chine,asia,missing
B341,B341,Ibis Taiyuan Qinxian Street Hotel,IBH,IBIS,TAIYUAN,Chine,"No. 50 Sports West Road, Taiyuan City",030012,https://all.accor.com/hotel/B341/index.fr.shtml,catalog_api,china,IBIS TAIYUAN QINXIAN STREET HOTEL,TAIYUAN,china,Chine,asia,missing
B371,B371,Mercure Taiyuan Jinyang,MER,MERCURE,TAIYUAN,Chine,"No 68 Jinyang Street, Xiaodian District",030006,https://all.accor.com/hotel/B371/index.fr.shtml,catalog_api,china,MERCURE TAIYUAN JINYANG,TAIYUAN,china,Chine,asia,missing
B6B4,B6B4,Mercure Taiyuan Downtown,MER,MERCURE,TAIYUAN,Chine,"No 22 Qinxian North Street, Xiaodian District",030006,https://all.accor.com/hotel/B6B4/index.fr.shtml,catalog_api,china,MERCURE TAIYUAN DOWNTOWN,TAIYUAN,china,Chine,asia,missing
C1J9,C1J9,Ibis Styles Taiyuan Liuxiang,IBS,IBIS STYLES,TAIYUAN,Chine,"Industry & Trade Building, 118 Liu Xiang South Road, Yingze District Taiyuan",030001,https://all.accor.com/hotel/C1J9/index.fr.shtml,catalog_api,china,IBIS STYLES TAIYUAN LIUXIANG,TAIYUAN,china,Chine,asia,missing
C0C5,C0C5,Mercure Taiyuan City Centre,MER,MERCURE,TAIYUAN,Chine,"106 Bingzhou North Road, Yingze District",030000,https://all.accor.com/hotel/C0C5/index.fr.shtml,catalog_api,china,MERCURE TAIYUAN CITY CENTRE,TAIYUAN,china,Chine,asia,missing
B6C6,B6C6,Ibis Taiyuan South Railway Station Hotel,IBH,IBIS,TAIYUAN,Chine,"20 Xutan East Street, Xiaodian District, Shanxi Province",030001,https://all.accor.com/hotel/B6C6/index.fr.shtml,catalog_api,china,IBIS TAIYUAN SOUTH RAILWAY STATION HOTEL,TAIYUAN,china,Chine,asia,missing
C0K1,C0K1,Ibis Jincheng Pedestrian Street,IBH,IBIS,JINCHENG,Chine,"Huanghua Street Area B, Pedestrian Street N Entrance, Jincheng City",048000,https://all.accor.com/hotel/C0K1/index.fr.shtml,catalog_api,china,IBIS JINCHENG PEDESTRIAN STREET,JINCHENG,china,Chine,asia,missing
B4L0,B4L0,Mövenpick Enshi,MOV,MÖVENPICK,ENSHI,Chine,No 6 Jin Gui Avenue,445000,https://all.accor.com/hotel/B4L0/index.fr.shtml,catalog_api,china,MOVENPICK ENSHI,ENSHI,china,Chine,asia,missing
B926,B926,Ibis Changzhi Wanda Plaza,IBH,IBIS,CHANGZHI,Chine,"No. 159 North Hero Road, Luzhou District, Changzhi City",046011,https://all.accor.com/hotel/B926/index.fr.shtml,catalog_api,china,IBIS CHANGZHI WANDA PLAZA,CHANGZHI,china,Chine,asia,missing
C297,C297,Novotel Yangquan Zone de haute technologie,NOV,NOVOTEL,YANGQUAN,Chine,"Building 1, Shanxi Province, Yangquan Digital Economy",572025,https://all.accor.com/hotel/C297/index.fr.shtml,catalog_api,china,NOVOTEL YANGQUAN ZONE DE HAUTE TECHNOLOGIE,YANGQUAN,china,Chine,asia,missing
C206,C206,Mercure Golmud Sports Center,MER,MERCURE,GOLMUD,Chine,"No 12 Middle Chaidamu Road, Golmud, Haixi",816099,https://all.accor.com/hotel/C206/index.fr.shtml,catalog_api,china,MERCURE GOLMUD SPORTS CENTER,GOLMUD,china,Chine,asia,missing
B4R9,B4R9,Mercure Hohhot Downtown,MER,MERCURE,HOHHOT,Chine,"No 22 Zhongshan West Road, Huimin District",010030,https://all.accor.com/hotel/B4R9/index.fr.shtml,catalog_api,china,MERCURE HOHHOT DOWNTOWN,HOHHOT,china,Chine,asia,missing
C020,C020,Mercure Huhhot Economic Zone,MER,MERCURE,HUHHOT,Chine,Wanjinlingxiu S1 Hulun South Rd,010041,https://all.accor.com/hotel/C020/index.fr.shtml,catalog_api,china,MERCURE HUHHOT ECONOMIC ZONE,HUHHOT,china,Chine,asia,missing
B2Y0,B2Y0,ibis Zhengzhou Longhai Road,IBH,IBIS,ZHENGZHOU,Chine,"Northeast Corner, Tongbai Road And Longhai Road, Zhongyuan District",450006,https://all.accor.com/hotel/B2Y0/index.fr.shtml,catalog_api,china,IBIS ZHENGZHOU LONGHAI ROAD,ZHENGZHOU,china,Chine,asia,missing
B6K3,B6K3,Ibis Zhengzhou Dongming Rd Hotel,IBH,IBIS,ZHENGZHOU,Chine,"146 Shangcheng East Road, Guancheng Hui District, Zhengzhou City",450000,https://all.accor.com/hotel/B6K3/index.fr.shtml,catalog_api,china,IBIS ZHENGZHOU DONGMING RD HOTEL,ZHENGZHOU,china,Chine,asia,missing
C5D6,C5D6,Mercure Zhengzhoudong Railway Station Provincial Government,MER,MERCURE,ZHENGZHOU,Chine,"No 99 Xiongerhe Road, Zhengdong New Area",450018,https://all.accor.com/hotel/C5D6/index.fr.shtml,catalog_api,china,MERCURE ZHENGZHOUDONG RAILWAY STATION PROVINCIAL GOVERNMENT,ZHENGZHOU,china,Chine,asia,missing
B8X4,B8X4,Grand Mercure Yichang Waitan,MEI,GRAND MERCURE,YICHANG,Chine,No 188 9 Yanjiang Avenue,443000,https://all.accor.com/hotel/B8X4/index.fr.shtml,catalog_api,china,GRAND MERCURE YICHANG WAITAN,YICHANG,china,Chine,asia,missing
B1E6,B1E6,ibis Yichang Bayi Rd,IBH,IBIS,YICHANG,Chine,"No 18, Bayi Road, Wujiagang District",443000,https://all.accor.com/hotel/B1E6/index.fr.shtml,catalog_api,china,IBIS YICHANG BAYI RD,YICHANG,china,Chine,asia,missing
A0L0,A0L0,Novotel Zhengzhou Airport,NOV,NOVOTEL,ZHENGZHOU,Chine,"Tower A, Huaxia Rvenue and Huhang Road, Zhengzhou Airport Zone",451161,https://all.accor.com/hotel/A0L0/index.fr.shtml,catalog_api,china,NOVOTEL ZHENGZHOU AIRPORT,ZHENGZHOU,china,Chine,asia,missing
B828,B828,Mercure Xichang Qionghai Wetland,MER,MERCURE,XICHANG,Chine,"Section5 Aerospace Avenue, Xichang City Liangshan Sichuan",615000,https://all.accor.com/hotel/B828/index.fr.shtml,catalog_api,china,MERCURE XICHANG QIONGHAI WETLAND,XICHANG,china,Chine,asia,missing
B6V1,B6V1,Mercure Anyang Downtown,MER,MERCURE,ANYANG,Chine,"166 Zhonghua Road, Wenfeng District",455000,https://all.accor.com/hotel/B6V1/index.fr.shtml,catalog_api,china,MERCURE ANYANG DOWNTOWN,ANYANG,china,Chine,asia,missing
C4F6,C4F6,Mövenpick by Accor Kaifeng West Lake,MOV,MÖVENPICK,KAIFENG,Chine,"No1 West Lake Lane Fuyi Street, Longting District",475000,https://all.accor.com/hotel/C4F6/index.fr.shtml,catalog_api,china,MOVENPICK BY ACCOR KAIFENG WEST LAKE,KAIFENG,china,Chine,asia,missing
C1W6,C1W6,Pullman Renhuai Chuangmeng,PUL,PULLMAN,ZUNYI,Chine,No 430 Guojiu South Road,564500,https://all.accor.com/hotel/C1W6/index.fr.shtml,catalog_api,china,PULLMAN RENHUAI CHUANGMENG,ZUNYI,china,Chine,asia,missing
B5T6,B5T6,Ibis Datong Nanhuan Road Hotel,IBH,IBIS,DATONG,Chine,"In The Commercial Building B-6, Tongmei Xinyuan Nanhuan West Ro, Pingcheng District Datong City",037000,https://all.accor.com/hotel/B5T6/index.fr.shtml,catalog_api,china,IBIS DATONG NANHUAN ROAD HOTEL,DATONG,china,Chine,asia,missing
B4D9,B4D9,Mercure Kaifeng North,MER,MERCURE,KAIFENG,Chine,"No 6 Beiguan Street, Kailiu Road Longting District, 开柳路北关街6号",475000,https://all.accor.com/hotel/B4D9/index.fr.shtml,catalog_api,china,MERCURE KAIFENG NORTH,KAIFENG,china,Chine,asia,missing
B6D4,B6D4,Ibis Styles Kaifeng Millennium City Park Hotel,IBS,IBIS STYLES,KAIFENG,Chine,"48 Zhongshanshan Road, Gulou District, Kaifeng City",475099,https://all.accor.com/hotel/B6D4/index.fr.shtml,catalog_api,china,IBIS STYLES KAIFENG MILLENNIUM CITY PARK HOTEL,KAIFENG,china,Chine,asia,missing
C4X6,C4X6,Novotel HanDan Congtai,NOV,NOVOTEL,HANDAN,Chine,"408, rue Renmin, Congtai, Province du Hebei",56000,https://all.accor.com/hotel/C4X6/index.fr.shtml,catalog_api,china,NOVOTEL HANDAN CONGTAI,HANDAN,china,Chine,asia,missing
C261,C261,Mercure Datong Railway Station (ouverture en octobre 2024),MER,MERCURE,DATONG,Chine,"645 North Chongxi Street, Pingcheng District, Datong",37009,https://all.accor.com/hotel/C261/index.fr.shtml,catalog_api,china,MERCURE DATONG RAILWAY STATION OUVERTURE EN OCTOBRE 2024,DATONG,china,Chine,asia,missing
B8N3,B8N3,Mercure Shijiazhuang East Yuhua Road,MER,MERCURE,SHIJIAZHUANG,Chine,No 116 East Yuhua Road,050000,https://all.accor.com/hotel/B8N3/index.fr.shtml,catalog_api,china,MERCURE SHIJIAZHUANG EAST YUHUA ROAD,SHIJIAZHUANG,china,Chine,asia,missing
C3D4,C3D4,Mercure Zhangjiajie Tianmen Mountain,MER,MERCURE,ZHANGJIAJIE,Chine,"18 Ziwu Road, Yongding District, Zhangjiajie",427000,https://all.accor.com/hotel/C3D4/index.fr.shtml,catalog_api,china,MERCURE ZHANGJIAJIE TIANMEN MOUNTAIN,ZHANGJIAJIE,china,Chine,asia,missing
B6B3,B6B3,Mercure Shijiazhuang City Center,MER,MERCURE,SHIJIAZHUANG,Chine,"195 Zhongshan Road, Changan District, Shijiazhuang",50004,https://all.accor.com/hotel/B6B3/index.fr.shtml,catalog_api,china,MERCURE SHIJIAZHUANG CITY CENTER,SHIJIAZHUANG,china,Chine,asia,missing
B5R6,B5R6,Mercure Shijiazhuang Downtown,MER,MERCURE,SHIJIAZHUANG,Chine,"No 447 Zhongshan Road, Chang'an District, Building D,Jianhua City Square",050000,https://all.accor.com/hotel/B5R6/index.fr.shtml,catalog_api,china,MERCURE SHIJIAZHUANG DOWNTOWN,SHIJIAZHUANG,china,Chine,asia,missing
B847,B847,ibis Zhoukou Daqing Road,IBH,IBIS,ZHOUKOU,Chine,"69 Daqing Road, Chuanhui District, Zhoukou City",466000,https://all.accor.com/hotel/B847/index.fr.shtml,catalog_api,china,IBIS ZHOUKOU DAQING ROAD,ZHOUKOU,china,Chine,asia,missing
B1V0,B1V0,Banyan Tree Ringha,BAN,BANYAN TREE,DIQING,Chine,"Hong Po Village Jian Tang Town, Diqing Shangrila",677400,https://all.accor.com/hotel/B1V0/index.fr.shtml,catalog_api,china,BANYAN TREE RINGHA,DIQING,china,Chine,asia,missing
B6V2,B6V2,Mercure Xinyang East Railway Station,MER,MERCURE,XINYANG,Chine,"New 24 Street, Yangshan New District",464100,https://all.accor.com/hotel/B6V2/index.fr.shtml,catalog_api,china,MERCURE XINYANG EAST RAILWAY STATION,XINYANG,china,Chine,asia,missing
C2R5,C2R5,Mercure Xinyang City Center,MER,MERCURE,XINYANG,Chine,"Pingzhong South Street, Pingqiao District, Xinyang",464100,https://all.accor.com/hotel/C2R5/index.fr.shtml,catalog_api,china,MERCURE XINYANG CITY CENTER,XINYANG,china,Chine,asia,missing
B1R1,B1R1,Novotel Guiyang Panjiang,NOV,NOVOTEL,GUIYANG,Chine,"No.95 Lincheng Road West, Guanshanhu",550081,https://all.accor.com/hotel/B1R1/index.fr.shtml,catalog_api,china,NOVOTEL GUIYANG PANJIANG,GUIYANG,china,Chine,asia,missing
C3Y4,C3Y4,Mercure Guiyang Exhibition Center,MER,MERCURE,GUIYANG,Chine,"Bât. T4, Midea Real Estate Plaza, Quartier de Guanshanhu, Ville de Guiyang",550081,https://all.accor.com/hotel/C3Y4/index.fr.shtml,catalog_api,china,MERCURE GUIYANG EXHIBITION CENTER,GUIYANG,china,Chine,asia,missing
B378,B378,Ibis Shangqiu Railway Station,IBH,IBIS,SHANGQIU,Chine,"200 Meters West Of Intersection, Of Kaixuan Rd And Longhai Rd, Liangyuan District",476002,https://all.accor.com/hotel/B378/index.fr.shtml,catalog_api,china,IBIS SHANGQIU RAILWAY STATION,SHANGQIU,china,Chine,asia,missing
B1V6,B1V6,Banyan Tree Lijiang,BAN,BANYAN TREE,LIJIANG,Chine,"Yuerong Road Shuhe, Gucheng District, Yunnan Province",674100,https://all.accor.com/hotel/B1V6/index.fr.shtml,catalog_api,china,BANYAN TREE LIJIANG,LIJIANG,china,Chine,asia,missing
C0L2,C0L2,Ibis Lijiang Qixing Street Hotel,IBH,IBIS,LIJIANG,Chine,"No. 2 Qixing Street, Gucheng District, Lijiang City",674100,https://all.accor.com/hotel/C0L2/index.fr.shtml,catalog_api,china,IBIS LIJIANG QIXING STREET HOTEL,LIJIANG,china,Chine,asia,missing
C3T0,C3T0,Mercure Lijiang Old Town,MER,MERCURE,LIJIANG,Chine,"No 195 Yuxue Avenue, Gucheng District, Lijaing city",674110,https://all.accor.com/hotel/C3T0/index.fr.shtml,catalog_api,china,MERCURE LIJIANG OLD TOWN,LIJIANG,china,Chine,asia,missing
B4E3,B4E3,Mercure Anshun Railway Station,MER,MERCURE,ANSHUN,Chine,"No 4 15 17 Front Square, Xixiu Disterct",5610001,https://all.accor.com/hotel/B4E3/index.fr.shtml,catalog_api,china,MERCURE ANSHUN RAILWAY STATION,ANSHUN,china,Chine,asia,missing
B4B4,B4B4,Ibis Zhangjiakou Zhangbei County Coach Station Hotel,IBH,IBIS,ZHANGBEIXIAN,Chine,"East Of Yujingxia District, Zhangbei County, Zhangjiakou City",076450,https://all.accor.com/hotel/B4B4/index.fr.shtml,catalog_api,china,IBIS ZHANGJIAKOU ZHANGBEI COUNTY COACH STATION HOTEL,ZHANGBEIXIAN,china,Chine,asia,missing
B8Y3,B8Y3,Sofitel Xiong An,SOF,SOFITEL,BAODING,Chine,"容东金湖街172号, Xiong, une nouvelle ère",071799,https://all.accor.com/hotel/B8Y3/index.fr.shtml,catalog_api,china,SOFITEL XIONG AN,BAODING,china,Chine,asia,missing
A7Z9,A7Z9,Fairmont Wuhan,FAI,FAIRMONT,WUHAN,Chine,"249 Huaihai Road, Jianghan District, Non applicable",430023,https://all.accor.com/hotel/A7Z9/index.fr.shtml,catalog_api,china,FAIRMONT WUHAN,WUHAN,china,Chine,asia,missing
B320,B320,Grand Mercure Wuhan Qiaokou,MEI,GRAND MERCURE,WUHAN,Chine,"558 Jiefang Avenue, Qiaokou District, Wuhan China",430033,https://all.accor.com/hotel/B320/index.fr.shtml,catalog_api,china,GRAND MERCURE WUHAN QIAOKOU,WUHAN,china,Chine,asia,missing
B3W2,B3W2,Mercure Jinan Pingyin,MER,MERCURE,JINAN,Chine,"No 17 Jindong Road, Pingyin County",250400,https://all.accor.com/hotel/B3W2/index.fr.shtml,catalog_api,china,MERCURE JINAN PINGYIN,JINAN,china,Chine,asia,missing
C2L0,C2L0,Grand Mercure Wuhan Hanyang,MEI,GRAND MERCURE,WUHAN,Chine,"229 Jiangcheng Avenue, Hanyang District",430051,https://all.accor.com/hotel/C2L0/index.fr.shtml,catalog_api,china,GRAND MERCURE WUHAN HANYANG,WUHAN,china,Chine,asia,missing
B4A0,B4A0,ibis Wuhan Hubu Alley Hotel,IBH,IBIS,WUHAN,Chine,"NO.118 Democracy Road, Wuchang District, Wuhan",430060,https://all.accor.com/hotel/B4A0/index.fr.shtml,catalog_api,china,IBIS WUHAN HUBU ALLEY HOTEL,WUHAN,china,Chine,asia,missing
C5B2,C5B2,Novotel Wuhan Optics Valley,NOV,NOVOTEL,WUHAN,Chine,"BuildingA Guanggu Avenue, Hongshan District, Wuhan,Hubei",430074,https://all.accor.com/hotel/C5B2/index.fr.shtml,catalog_api,china,NOVOTEL WUHAN OPTICS VALLEY,WUHAN,china,Chine,asia,missing
B5M1,B5M1,Mercure Wuhan Yangluo,MER,MERCURE,WUHAN,Chine,"N0.786  Yang Guang Road, Yuan Meng Nan Road, Yangluo Development Zone",431400,https://all.accor.com/hotel/B5M1/index.fr.shtml,catalog_api,china,MERCURE WUHAN YANGLUO,WUHAN,china,Chine,asia,missing
B6K8,B6K8,Ibis Yongcheng Jinboda  Plaza Hotel,IBH,IBIS,SHANGQIU,Chine,"380 Xuefeng Road, Dongcheng District, Yongcheng City",476610,https://all.accor.com/hotel/B6K8/index.fr.shtml,catalog_api,china,IBIS YONGCHENG JINBODA PLAZA HOTEL,SHANGQIU,china,Chine,asia,missing
B5Y9,B5Y9,Mercure Jinan West Railway Station,MER,MERCURE,JINAN,Chine,"No 3179 Qilu Avenue, Huaiyin District, 1st Floor (Floors 5-7)",250000,https://all.accor.com/hotel/B5Y9/index.fr.shtml,catalog_api,china,MERCURE JINAN WEST RAILWAY STATION,JINAN,china,Chine,asia,missing
C245,C245,Mercure Beijing Advanced Business Park,MER,MERCURE,BEIJING,Chine,"No 16 District 16 ABP, No 188 Nansihuanxi Road",100071,https://all.accor.com/hotel/C245/index.fr.shtml,catalog_api,china,MERCURE BEIJING ADVANCED BUSINESS PARK,BEIJING,china,Chine,asia,missing
C017,C017,Novotel Jinan North Down Town,NOV,NOVOTEL,JINAN,Chine,"No 1 North Maanshan Road, Tianqiao District",250032,https://all.accor.com/hotel/C017/index.fr.shtml,catalog_api,china,NOVOTEL JINAN NORTH DOWN TOWN,JINAN,china,Chine,asia,missing
B4Z5,B4Z5,Mercure Beijing Chang An West,MER,MERCURE,PÉKIN,Chine,"No 65 B Fuxing Road, Haidian District",100089,https://all.accor.com/hotel/B4Z5/index.fr.shtml,catalog_api,china,MERCURE BEIJING CHANG AN WEST,PEKIN,china,Chine,asia,missing
C577,C577,Mercure Beijing Lize Road,MER,MERCURE,BEIJING,Chine,"Block G Lize Yayuan, Fengtai District, Beijing",100070,https://all.accor.com/hotel/C577/index.fr.shtml,catalog_api,china,MERCURE BEIJING LIZE ROAD,BEIJING,china,Chine,asia,missing
C0Q2,C0Q2,Dhawa Jinan Daming Lake,DHA,DHAWA,JINAN,Chine,No 166 Daming Lake Road,250014,https://all.accor.com/hotel/C0Q2/index.fr.shtml,catalog_api,china,DHAWA JINAN DAMING LAKE,JINAN,china,Chine,asia,missing
B7T3,B7T3,Ibis Jinan East Wenhua Rd Hotel,IBH,IBIS,JINAN,Chine,"No.95 Wenhua East Road, Lixia District, Jinan City",250013,https://all.accor.com/hotel/B7T3/index.fr.shtml,catalog_api,china,IBIS JINAN EAST WENHUA RD HOTEL,JINAN,china,Chine,asia,missing
C385,C385,Mercure Jinan Beiyuan Street,MER,MERCURE,JINAN,Chine,No 67 Beiyuan Street,250131,https://all.accor.com/hotel/C385/index.fr.shtml,catalog_api,china,MERCURE JINAN BEIYUAN STREET,JINAN,china,Chine,asia,missing
C5V9,C5V9,Mercure Beijing South Railway Station,MER,MERCURE,BEIJING,Chine,"No2 Courtyard Youwai West Road, South gate of Building 1",100069,https://all.accor.com/hotel/C5V9/index.fr.shtml,catalog_api,china,MERCURE BEIJING SOUTH RAILWAY STATION,BEIJING,china,Chine,asia,missing
B4Z7,B4Z7,Mercure Beijing Zhongguancun,MER,MERCURE,PÉKIN,Chine,"No 31 Zhongguancun, Haidian District",100000,https://all.accor.com/hotel/B4Z7/index.fr.shtml,catalog_api,china,MERCURE BEIJING ZHONGGUANCUN,PEKIN,china,Chine,asia,missing
B571,B571,Ibis Beijing Changping Metro Station Hotel,IBH,IBIS,BEIJING,Chine,"No. 15 Government Street, Changping Town, Changping District",102299,https://all.accor.com/hotel/B571/index.fr.shtml,catalog_api,china,IBIS BEIJING CHANGPING METRO STATION HOTEL,BEIJING,china,Chine,asia,missing
C0Y3,C0Y3,Mercure Beijing Qianmen,MER,MERCURE,BEIJING,Chine,"77 Dashilar Meishi, Xicheng District, BEIJING",100000,https://all.accor.com/hotel/C0Y3/index.fr.shtml,catalog_api,china,MERCURE BEIJING QIANMEN,BEIJING,china,Chine,asia,missing
C1S9,C1S9,Ibis Beijing Tiananmen Square Hotel,IBH,IBIS,BEIJING,Chine,"No. 25, Dashilan Street, Xicheng District",100051,https://all.accor.com/hotel/C1S9/index.fr.shtml,catalog_api,china,IBIS BEIJING TIANANMEN SQUARE HOTEL,BEIJING,china,Chine,asia,missing
C330,C330,Mercure Tai'an Centre,MER,MERCURE,TAIAN,Chine,Number 190 Taishan Street,27100,https://all.accor.com/hotel/C330/index.fr.shtml,catalog_api,china,MERCURE TAI AN CENTRE,TAIAN,china,Chine,asia,missing
B6C4,B6C4,IBIS Beijing Guloudajie Metro Station Hotel,IBH,IBIS,BEIJING,Chine,"Beijing Dongcheng District Zhang, District Beijing N  A, BEIJING China",100009,https://all.accor.com/hotel/B6C4/index.fr.shtml,catalog_api,china,IBIS BEIJING GULOUDAJIE METRO STATION HOTEL,BEIJING,china,Chine,asia,missing
C570,C570,Mercure Beijing Chaoyang Panjiayuan,MER,MERCURE,BEIJING,Chine,"No 413 Hongshan Jiayuan, Huawei South Road, Chaoyang District",100021,https://all.accor.com/hotel/C570/index.fr.shtml,catalog_api,china,MERCURE BEIJING CHAOYANG PANJIAYUAN,BEIJING,china,Chine,asia,missing
B628,B628,Sofitel Beijing Central,SOF,SOFITEL,BEIJING,Chine,"No 2 Jianguomen South Avenue, Quartier de Chaoyang",100022,https://all.accor.com/hotel/B628/index.fr.shtml,catalog_api,china,SOFITEL BEIJING CENTRAL,BEIJING,china,Chine,asia,missing
B900,B900,Mercure Beijing Anzhen Olympic Center,MER,MERCURE,BEIJING,Chine,"No 22 An Ding Road, Dongcheng District",100010,https://all.accor.com/hotel/B900/index.fr.shtml,catalog_api,china,MERCURE BEIJING ANZHEN OLYMPIC CENTER,BEIJING,china,Chine,asia,missing
C3N8,C3N8,Mövenpick By Accor Guizhou Tianyan,MOV,MÖVENPICK,QIANNAN,Chine,Qianjin Village,558305,https://all.accor.com/hotel/C3N8/index.fr.shtml,catalog_api,china,MOVENPICK BY ACCOR GUIZHOU TIANYAN,QIANNAN,china,Chine,asia,missing
A5A1,A5A1,Swissôtel Beijing Hong Kong Macau Center,SWI,SWISSÔTEL,PÉKIN,Chine,"No 2 Chao Yang Men Bei Da Jie, Bei Da Jie Dong Chen District",100027,https://all.accor.com/hotel/A5A1/index.fr.shtml,catalog_api,china,SWISSOTEL BEIJING HONG KONG MACAU CENTER,PEKIN,china,Chine,asia,missing
B9W2,B9W2,Mercure Beijing centre-ville,MER,MERCURE,BEIJING,Chine,No 17 North Ritan Road,100020,https://all.accor.com/hotel/B9W2/index.fr.shtml,catalog_api,china,MERCURE BEIJING CENTRE VILLE,BEIJING,china,Chine,asia,missing
C294,C294,Mercure Jinandong Railway Station,MER,MERCURE,JINAN,Chine,"Building B3 Block Vientiane, Licheng District",250000,https://all.accor.com/hotel/C294/index.fr.shtml,catalog_api,china,MERCURE JINANDONG RAILWAY STATION,JINAN,china,Chine,asia,missing
A5F9,A5F9,Fairmont Beijing,FAI,FAIRMONT,BEIJING,Chine,"8 Yong an Dong Li, Jian Guo Men Wai Avenue, Quartier de Chaoyang",100022,https://all.accor.com/hotel/A5F9/index.fr.shtml,catalog_api,china,FAIRMONT BEIJING,BEIJING,china,Chine,asia,missing
C0R7,C0R7,MERCURE JINAN HANYU CENTRE D'AFFAIRES FINANCIER,MER,MERCURE,JINAN,Chine,"4577 Economic Tu Road, Li Xia District",250000,https://all.accor.com/hotel/C0R7/index.fr.shtml,catalog_api,china,MERCURE JINAN HANYU CENTRE D AFFAIRES FINANCIER,JINAN,china,Chine,asia,missing
C0K6,C0K6,Ibis Beijing Beiqijia Hotel,IBH,IBIS,BEIJING,Chine,"Building 3 No. 42 Qibei Road, Beiqijia Town, Changping District",102209,https://all.accor.com/hotel/C0K6/index.fr.shtml,catalog_api,china,IBIS BEIJING BEIQIJIA HOTEL,BEIJING,china,Chine,asia,missing
C508,C508,Mercure Beijing Dongzhimen,MER,MERCURE,BEIJING,Chine,"No29 Nan'erlizhuang, Dongcheng District, Beijing",100020,https://all.accor.com/hotel/C508/index.fr.shtml,catalog_api,china,MERCURE BEIJING DONGZHIMEN,BEIJING,china,Chine,asia,missing
C390,C390,Mercure Beijing Baiziwan CBD,MER,MERCURE,BEIJING,Chine,"Guanghua Street, Quartier de Chaoyang, Beijing",100124,https://all.accor.com/hotel/C390/index.fr.shtml,catalog_api,china,MERCURE BEIJING BAIZIWAN CBD,BEIJING,china,Chine,asia,missing
7565,7565,Mercure Beijing Downtown,MER,MERCURE,BEIJING,Chine,"No.16 Jia, Xi Da Wang Road, Chao Yang District",100124,https://all.accor.com/hotel/7565/index.fr.shtml,catalog_api,china,MERCURE BEIJING DOWNTOWN,BEIJING,china,Chine,asia,missing
B253,B253,ibis Beijing Sanlitun Tuanjie Lake Hotel,IBH,IBIS,BEIJING,Chine,"Building 17, Tuanjiehu Road, Chaoyang District",100026,https://all.accor.com/hotel/B253/index.fr.shtml,catalog_api,china,IBIS BEIJING SANLITUN TUANJIE LAKE HOTEL,BEIJING,china,Chine,asia,missing
B0Z7,B0Z7,ibis Huaibei Nanli Road Hotel,IBH,IBIS,HUAIBEI,Chine,"Decheng steam cloud, B building, Xiangshan Nanli Road",235000,https://all.accor.com/hotel/B0Z7/index.fr.shtml,catalog_api,china,IBIS HUAIBEI NANLI ROAD HOTEL,HUAIBEI,china,Chine,asia,missing
C228,C228,Mercure Beijing Future Science City,MER,MERCURE,BEIJING,Chine,"No 58 Litang Road, Changping District",102200,https://all.accor.com/hotel/C228/index.fr.shtml,catalog_api,china,MERCURE BEIJING FUTURE SCIENCE CITY,BEIJING,china,Chine,asia,missing
C420,C420,Novotel Jinan Airport,NOV,NOVOTEL,JINAN,Chine,"SOUTH OF THE COMPREHENSIVE, SUPPORT BUILDING INTHE NEW, WORK ZONE OF JINAN AIRPORT",250107,https://all.accor.com/hotel/C420/index.fr.shtml,catalog_api,china,NOVOTEL JINAN AIRPORT,JINAN,china,Chine,asia,missing
B171,B171,ibis Beijing Changying Hotel,IBH,IBIS,BEIJING,Chine,"Changying Rd And Guanzhuang Rd, Chaoyang District",100024,https://all.accor.com/hotel/B171/index.fr.shtml,catalog_api,china,IBIS BEIJING CHANGYING HOTEL,BEIJING,china,Chine,asia,missing
A8F0,A8F0,ibis Styles Beijing Capital Airport Hotel,IBS,IBIS STYLES,BEIJING,Chine,"""No. 32, Tianzhu Town Fuqian Street, Shunyi District""",101312,https://all.accor.com/hotel/A8F0/index.fr.shtml,catalog_api,china,IBIS STYLES BEIJING CAPITAL AIRPORT HOTEL,BEIJING,china,Chine,asia,missing
C107,C107,Mercure Beijing Universal Resort (Ouverture Mai 2023),MER,MERCURE,BEIJING,Chine,"No 8 No 339 Yunjing East Road, Tongzhou, BEIJING",101149,https://all.accor.com/hotel/C107/index.fr.shtml,catalog_api,china,MERCURE BEIJING UNIVERSAL RESORT OUVERTURE MAI 2023,BEIJING,china,Chine,asia,missing
C010,C010,"Mercure Beijing, quartier de Tongzhou",MER,MERCURE,BEIJING,Chine,"No 57 Xinhua West Street, Tongzhou District",101100,https://all.accor.com/hotel/C010/index.fr.shtml,catalog_api,china,MERCURE BEIJING QUARTIER DE TONGZHOU,BEIJING,china,Chine,asia,missing
C309,C309,Mercure Beijing The Grand Canal CBD,MER,MERCURE,BEIJING,Chine,"Longwangzhuang,Luyuan East Road, Tongzhou District",101125,https://all.accor.com/hotel/C309/index.fr.shtml,catalog_api,china,MERCURE BEIJING THE GRAND CANAL CBD,BEIJING,china,Chine,asia,missing
C5C5,C5C5,Mercure Beijing Capital International Airport,MER,MERCURE,BEIJING,Chine,"No 6 Courtyard Huihai Road S, Building 14",101300,https://all.accor.com/hotel/C5C5/index.fr.shtml,catalog_api,china,MERCURE BEIJING CAPITAL INTERNATIONAL AIRPORT,BEIJING,china,Chine,asia,missing
C023,C023,Ibis Styles CS Railway Station,IBS,IBIS STYLES,CHANGSHA,Chine,"34 Wuyi Avenue, Furong District, Changsha",410011,https://all.accor.com/hotel/C023/index.fr.shtml,catalog_api,china,IBIS STYLES CS RAILWAY STATION,CHANGSHA,china,Chine,asia,missing
A5U5,A5U5,ibis Xuzhou East Huaihai,IBH,IBIS,XUZHOU,Chine,"No 86, East Huaihai Rd, Quanshan District",221005,https://all.accor.com/hotel/A5U5/index.fr.shtml,catalog_api,china,IBIS XUZHOU EAST HUAIHAI,XUZHOU,china,Chine,asia,missing
C4N4,C4N4,Mercure Dali Ancient City,MER,MERCURE,DALI,Chine,"Canger Ave Yinhai Shanshuijian, Group 1 Xiangsi Building 1, Dali Town",650034,https://all.accor.com/hotel/C4N4/index.fr.shtml,catalog_api,china,MERCURE DALI ANCIENT CITY,DALI,china,Chine,asia,missing
A9P1,A9P1,Mercure Tianjin Wuqing,MER,MERCURE,TIANJIN,Chine,"No 40 Quanwang Road, Wuqing District",301700,https://all.accor.com/hotel/A9P1/index.fr.shtml,catalog_api,china,MERCURE TIANJIN WUQING,TIANJIN,china,Chine,asia,missing
C6G4,C6G4,Novotel Xuzhou Tongshan,NOV,NOVOTEL,XUZHOU,Chine,"No16 Beijing Road, Tongshan Area, XUZHOU",221116,https://all.accor.com/hotel/C6G4/index.fr.shtml,catalog_api,china,NOVOTEL XUZHOU TONGSHAN,XUZHOU,china,Chine,asia,missing
A160,A160,ibis Styles Changsha International Exhibition Center,IBS,IBIS STYLES,CHANGSHA,Chine,No 101 Guozhan Road Changsha,410133,https://all.accor.com/hotel/A160/index.fr.shtml,catalog_api,china,IBIS STYLES CHANGSHA INTERNATIONAL EXHIBITION CENTER,CHANGSHA,china,Chine,asia,missing
A150,A150,Novotel Changsha International Exhibition Center,NOV,NOVOTEL,CHANGSHA,Chine,"No99, Guozhan Road, Huangxing Town Changsha County",410100,https://all.accor.com/hotel/A150/index.fr.shtml,catalog_api,china,NOVOTEL CHANGSHA INTERNATIONAL EXHIBITION CENTER,CHANGSHA,china,Chine,asia,missing
B6R4,B6R4,Novotel Tianjin Drum Tower,NOV,NOVOTEL,TIANJIN,Chine,"Chengxiang East Rd, Naikai District",300110,https://all.accor.com/hotel/B6R4/index.fr.shtml,catalog_api,china,NOVOTEL TIANJIN DRUM TOWER,TIANJIN,china,Chine,asia,missing
B4E9,B4E9,IBIS Tianjin Ancient Cultural Street Hotel,IBH,IBIS,TIANJIN,Chine,Tianjin Nankai District Zhangziz,300090,https://all.accor.com/hotel/B4E9/index.fr.shtml,catalog_api,china,IBIS TIANJIN ANCIENT CULTURAL STREET HOTEL,TIANJIN,china,Chine,asia,missing
B1U5,B1U5,Banyan Tree Tianjin Riverside,BAN,BANYAN TREE,TIANJIN,Chine,34 Haihe East Road,300010,https://all.accor.com/hotel/B1U5/index.fr.shtml,catalog_api,china,BANYAN TREE TIANJIN RIVERSIDE,TIANJIN,china,Chine,asia,missing
B5Z2,B5Z2,Ibis Tianjin Jinwan Plaza Hotel,IBH,IBIS,TIANJIN,Chine,"Building 3, Haojinwan Plaza, 20 Binjiang Road",300041,https://all.accor.com/hotel/B5Z2/index.fr.shtml,catalog_api,china,IBIS TIANJIN JINWAN PLAZA HOTEL,TIANJIN,china,Chine,asia,missing
B512,B512,Ibis Tianjin Railway Station North Square Hotel,IBH,IBIS,TIANJIN,Chine,Chunhua Apartment?Huaxing Road?H,300011,https://all.accor.com/hotel/B512/index.fr.shtml,catalog_api,china,IBIS TIANJIN RAILWAY STATION NORTH SQUARE HOTEL,TIANJIN,china,Chine,asia,missing
B9Q2,B9Q2,Mercure KunMing Airport (ouverture mars 2024),MER,MERCURE,KUNMING,Chine,"17 Airport East Road, Guandu District, Kunming",650000,https://all.accor.com/hotel/B9Q2/index.fr.shtml,catalog_api,china,MERCURE KUNMING AIRPORT OUVERTURE MARS 2024,KUNMING,china,Chine,asia,missing
B6U7,B6U7,Ibis Styles Kunming Hi-tech Zone Hotel,IBS,IBIS STYLES,KUNMING,Chine,"Wuyue Luxury Residence 3-9, No. 178 Wang Qiong Road, Wuhua District Kunming City",650000,https://all.accor.com/hotel/B6U7/index.fr.shtml,catalog_api,china,IBIS STYLES KUNMING HI TECH ZONE HOTEL,KUNMING,china,Chine,asia,missing
B697,B697,Novotel Tianjin Meijiang,NOV,NOVOTEL,TIANJIN,Chine,No 29 Weishan South Road,300350,https://all.accor.com/hotel/B697/index.fr.shtml,catalog_api,china,NOVOTEL TIANJIN MEIJIANG,TIANJIN,china,Chine,asia,missing
B0E5,B0E5,ibis Styles Kunming Nanping Waliking Street,IBS,IBIS STYLES,KUNMING,Chine,"No. 418, Qingnian Road, Wuhua District",650011,https://all.accor.com/hotel/B0E5/index.fr.shtml,catalog_api,china,IBIS STYLES KUNMING NANPING WALIKING STREET,KUNMING,china,Chine,asia,missing
B170,B170,ibis Kunming Beijing Rd,IBH,IBIS,KUNMING,Chine,"No.326, Beijing Road, Kunming",650011,https://all.accor.com/hotel/B170/index.fr.shtml,catalog_api,china,IBIS KUNMING BEIJING RD,KUNMING,china,Chine,asia,missing
C221,C221,Novotel Living Yunnan Dianchi Times,NOL,NOL,KUNMING,Chine,No 384 Dianchi Road,650228,https://all.accor.com/hotel/C221/index.fr.shtml,catalog_api,china,NOVOTEL LIVING YUNNAN DIANCHI TIMES,KUNMING,china,Chine,asia,missing
B9A6,B9A6,Novotel Kunming City Center,NOV,NOVOTEL,KUNMING,Chine,"No 384 Dianchi Road, Xishan District",650228,https://all.accor.com/hotel/B9A6/index.fr.shtml,catalog_api,china,NOVOTEL KUNMING CITY CENTER,KUNMING,china,Chine,asia,missing
B5G8,B5G8,Ibis Styles Xuzhou Jiawang Hotel,IBS,IBIS STYLES,XUZHOU,Chine,"9 Daquan Road, Jiawang District, Xuzhou City",221000,https://all.accor.com/hotel/B5G8/index.fr.shtml,catalog_api,china,IBIS STYLES XUZHOU JIAWANG HOTEL,XUZHOU,china,Chine,asia,missing
C0M4,C0M4,Novotel Kunming Yunjin,NOV,NOVOTEL,KUNMING,Chine,"No.6,Zhixin Street, Wujiaba Community, Guandu District",650000,https://all.accor.com/hotel/C0M4/index.fr.shtml,catalog_api,china,NOVOTEL KUNMING YUNJIN,KUNMING,china,Chine,asia,missing
B5G6,B5G6,Ibis Kunming Yunda West Rosd,IBH,IBIS,KUNMING,Chine,"Building 2 NO.10 West Yunda Road, Iingkai District?Kunming Yunnan.",650206,https://all.accor.com/hotel/B5G6/index.fr.shtml,catalog_api,china,IBIS KUNMING YUNDA WEST ROSD,KUNMING,china,Chine,asia,missing
C447,C447,Mercure Kunming Wujiaba,MER,MERCURE,KUNMING,Chine,"Building 3 Longhu Zichen, Guandu District, Kunming",650200,https://all.accor.com/hotel/C447/index.fr.shtml,catalog_api,china,MERCURE KUNMING WUJIABA,KUNMING,china,Chine,asia,missing
C2Z8,C2Z8,Grand Mercure Kunming Sud,MEI,GRAND MERCURE,KUNMING,Chine,"No 567 Erji Road, Guandu District",650200,https://all.accor.com/hotel/C2Z8/index.fr.shtml,catalog_api,china,GRAND MERCURE KUNMING SUD,KUNMING,china,Chine,asia,missing
C0K8,C0K8,Ibis KM South Railway Station,IBH,IBIS,KUNMING,Chine,"No. 1 Building 2 Shilin Street, Chenggong District, Kunming",650000,https://all.accor.com/hotel/C0K8/index.fr.shtml,catalog_api,china,IBIS KM SOUTH RAILWAY STATION,KUNMING,china,Chine,asia,missing
B5M2,B5M2,Mercure Tianjin Tanggu,MER,MERCURE,TIANJIN,Chine,"611 Yingkou Road, Binhai New Area",300450,https://all.accor.com/hotel/B5M2/index.fr.shtml,catalog_api,china,MERCURE TIANJIN TANGGU,TIANJIN,china,Chine,asia,missing
C0J1,C0J1,Novotel Zibo New Hongcheng,NOV,NOVOTEL,ZIBO,Chine,"No 581, Hong Kong Road, Zhang Dian District",255000,https://all.accor.com/hotel/C0J1/index.fr.shtml,catalog_api,china,NOVOTEL ZIBO NEW HONGCHENG,ZIBO,china,Chine,asia,missing
B6U2,B6U2,Mercure Tianjin Eco Oriental,MER,MERCURE,TIANJIN,Chine,"Bld 6 Oriental Culture Square, China Singapore Eco city",300450,https://all.accor.com/hotel/B6U2/index.fr.shtml,catalog_api,china,MERCURE TIANJIN ECO ORIENTAL,TIANJIN,china,Chine,asia,missing
B9T5,B9T5,Swissôtel Hefei Grand Park,SWI,SWISSÔTEL,HEFEI,Chine,No 258 Fanhua Avenue,230601,https://all.accor.com/hotel/B9T5/index.fr.shtml,catalog_api,china,SWISSOTEL HEFEI GRAND PARK,HEFEI,china,Chine,asia,missing
B654,B654,DongFengYun Hotel Mi'Le - MGallery Collection,MGA,MGALLERY,MILE,Chine,"Dong Feng Yun, DongFengYun Town",652302,https://all.accor.com/hotel/B654/index.fr.shtml,catalog_api,china,DONGFENGYUN HOTEL MI LE MGALLERY COLLECTION,MILE,china,Chine,asia,missing
B6R2,B6R2,Mercure Hefei Yintai Center,MER,MERCURE,HEFEI,Chine,"146 Changjiang Road, Luyang District",230001,https://all.accor.com/hotel/B6R2/index.fr.shtml,catalog_api,china,MERCURE HEFEI YINTAI CENTER,HEFEI,china,Chine,asia,missing
B6Q9,B6Q9,Mercure Hefei Huaihe Road,MER,MERCURE,HEFEI,Chine,"Intersection of Huaihe Road, Luyang District Hefei City, Anhui Province PR China",230001,https://all.accor.com/hotel/B6Q9/index.fr.shtml,catalog_api,china,MERCURE HEFEI HUAIHE ROAD,HEFEI,china,Chine,asia,missing
C050,C050,Mercure Hefei South Railway Station,MER,MERCURE,HEFEI,Chine,"Building S8 Zhonghai Guan Park, Baohe Economic Development",230000,https://all.accor.com/hotel/C050/index.fr.shtml,catalog_api,china,MERCURE HEFEI SOUTH RAILWAY STATION,HEFEI,china,Chine,asia,missing
C006,C006,Pullman Yuxi,PUL,PULLMAN,YUXI,Chine,No 36 Chuangxin Road,653100,https://all.accor.com/hotel/C006/index.fr.shtml,catalog_api,china,PULLMAN YUXI,YUXI,china,Chine,asia,missing
A5G6,A5G6,Mercure Hefei Sunac,MER,MERCURE,HEFEI,Chine,"No 356 Wannianbu Road, Wanda Culture City, Baohe District",230000,https://all.accor.com/hotel/A5G6/index.fr.shtml,catalog_api,china,MERCURE HEFEI SUNAC,HEFEI,china,Chine,asia,missing
B438,B438,ibis Styles Suqian Sihong South Hengshan Road Hotel,IBS,IBIS STYLES,SUQIAN,Chine,"Intersection Of, S.Hengshan Road And Jiankang Roa, Sihong Country",223999,https://all.accor.com/hotel/B438/index.fr.shtml,catalog_api,china,IBIS STYLES SUQIAN SIHONG SOUTH HENGSHAN ROAD HOTEL,SUQIAN,china,Chine,asia,missing
C3X7,C3X7,Angsana Tengchong,ANG,ANGSANA,BAOSHAN,Chine,"Mayugu Hot Spring Resorts, Beihai Town Tengchong, Yunnan Baoshan",679100,https://all.accor.com/hotel/C3X7/index.fr.shtml,catalog_api,china,ANGSANA TENGCHONG,BAOSHAN,china,Chine,asia,missing
C392,C392,Grand Mercure Lushan Jade,MEI,GRAND MERCURE,LUSHAN,Chine,"1 Gangxi Road, District de Bilu",332800,https://all.accor.com/hotel/C392/index.fr.shtml,catalog_api,china,GRAND MERCURE LUSHAN JADE,LUSHAN,china,Chine,asia,missing
B556,B556,Mercure Guilin Hi Tech Zone,MER,MERCURE,GUILIN,Chine,9 Huan Cheng Yi Lu,541004,https://all.accor.com/hotel/B556/index.fr.shtml,catalog_api,china,MERCURE GUILIN HI TECH ZONE,GUILIN,china,Chine,asia,missing
C0K9,C0K9,Ibis Jiujiang Gongqingcheng,IBH,IBIS,JIUJIANG,Chine,"No. 69 Fuhua South Avenue, Gongqing City, Jiujiang City",332020,https://all.accor.com/hotel/C0K9/index.fr.shtml,catalog_api,china,IBIS JIUJIANG GONGQINGCHENG,JIUJIANG,china,Chine,asia,missing
B1X1,B1X1,Banyan Tree Tengchong,BAN,BANYAN TREE,TENGCHONG,Chine,Mayugu Intl Hot Spring Resorts,679100,https://all.accor.com/hotel/B1X1/index.fr.shtml,catalog_api,china,BANYAN TREE TENGCHONG,TENGCHONG,china,Chine,asia,missing
B9J5,B9J5,Pullman Nanchang Meiling,PUL,PULLMAN,NANCHANG,Chine,No 399 Shuangmashi Road,330004,https://all.accor.com/hotel/B9J5/index.fr.shtml,catalog_api,china,PULLMAN NANCHANG MEILING,NANCHANG,china,Chine,asia,missing
A326,A326,ibis Styles Nanchang Honggu New City,IBS,IBIS STYLES,NANCHANG,Chine,"Floor 1-5, No. 1629, Changleng Ave.",330100,https://all.accor.com/hotel/A326/index.fr.shtml,catalog_api,china,IBIS STYLES NANCHANG HONGGU NEW CITY,NANCHANG,china,Chine,asia,missing
A5G5,A5G5,Mercure Nanchang Sunac,MER,MERCURE,NANCHANG,Chine,"987 Nan Longpan Street, Honggutan District, Jiangxi Province",330038,https://all.accor.com/hotel/A5G5/index.fr.shtml,catalog_api,china,MERCURE NANCHANG SUNAC,NANCHANG,china,Chine,asia,missing
B4S0,B4S0,Mercure Nanchang Tengwang Pavilion,MER,MERCURE,NANCHANG,Chine,"No 39 North Yanjiang Road, Donghu District",330000,https://all.accor.com/hotel/B4S0/index.fr.shtml,catalog_api,china,MERCURE NANCHANG TENGWANG PAVILION,NANCHANG,china,Chine,asia,missing
B2U1,B2U1,Ibis Nanchang Bayi Museum Metro Station Hotel,IBH,IBIS,NANCHANG,Chine,"No.217 Zhongshan Road, Donghu District, Nanchang",330009,https://all.accor.com/hotel/B2U1/index.fr.shtml,catalog_api,china,IBIS NANCHANG BAYI MUSEUM METRO STATION HOTEL,NANCHANG,china,Chine,asia,missing
B551,B551,Mercure Guilin Yangshuo Xingping,MER,MERCURE,GUILIN,Chine,"No 12 Rongtan stree, Xingping Town, Yangshuo",450321,https://all.accor.com/hotel/B551/index.fr.shtml,catalog_api,china,MERCURE GUILIN YANGSHUO XINGPING,GUILIN,china,Chine,asia,missing
C0X2,C0X2,Ibis Styles Lianyungang Ganyu,IBS,IBIS STYLES,LIANYUNGANG,Chine,"No. 5-81 Haicheng Road, Qingkou Town, Ganyu District",222199,https://all.accor.com/hotel/C0X2/index.fr.shtml,catalog_api,china,IBIS STYLES LIANYUNGANG GANYU,LIANYUNGANG,china,Chine,asia,missing
B3E3,B3E3,Ibis Styles Nanchang Xiaolan Industrial Park Hotel,IBS,IBIS STYLES,NANCHANG,Chine,"No.869 Middle Yingbin Road, Nanchang, Jiangxi",330200,https://all.accor.com/hotel/B3E3/index.fr.shtml,catalog_api,china,IBIS STYLES NANCHANG XIAOLAN INDUSTRIAL PARK HOTEL,NANCHANG,china,Chine,asia,missing
C271,C271,Novotel Lianyungang Haizhou,NOV,NOVOTEL,LIANYUNGANG,Chine,No 386 Qindongmen Road,222000,https://all.accor.com/hotel/C271/index.fr.shtml,catalog_api,china,NOVOTEL LIANYUNGANG HAIZHOU,LIANYUNGANG,china,Chine,asia,missing
B890,B890,Pullman Huai'an,PUL,PULLMAN,HUAI AN,Chine,No 208 West Changjiang Road,223300,https://all.accor.com/hotel/B890/index.fr.shtml,catalog_api,china,PULLMAN HUAI AN,HUAI AN,china,Chine,asia,missing
B1W8,B1W8,Banyan Tree Yangshuo,BAN,BANYAN TREE,YANGSHUO,Chine,"168 Zhendong Street Fuli Town, Guilin City Guangxi Province",541905,https://all.accor.com/hotel/B1W8/index.fr.shtml,catalog_api,china,BANYAN TREE YANGSHUO,YANGSHUO,china,Chine,asia,missing
B5G7,B5G7,Ibis Guanyun Kowloon Port Water Street Hotel,IBH,IBIS,GUANYUNXIAN,Chine,"16 Water Street, Kowloon Port, Guanyun County",222200,https://all.accor.com/hotel/B5G7/index.fr.shtml,catalog_api,china,IBIS GUANYUN KOWLOON PORT WATER STREET HOTEL,GUANYUNXIAN,china,Chine,asia,missing
C617,C617,Grand Mercure Rizhao Haiqu,MEI,GRAND MERCURE,RIZHAO,Chine,"No. 126 Haiqu East Road, District Donggang",276800,https://all.accor.com/hotel/C617/index.fr.shtml,catalog_api,china,GRAND MERCURE RIZHAO HAIQU,RIZHAO,china,Chine,asia,missing
C2C8,C2C8,Mercure Huaian East Railway Station,MER,MERCURE,HUAIAN,Chine,"1 Tieyuan Road, Huaian City",223232,https://all.accor.com/hotel/C2C8/index.fr.shtml,catalog_api,china,MERCURE HUAIAN EAST RAILWAY STATION,HUAIAN,china,Chine,asia,missing
C2C0,C2C0,JO&JOE Lhasa Jokhang Temple,JOE,JO&JOE,LHASA,Chine,"No5 Annex, No11 Jiangsu Road, Chengguan District",850000,https://all.accor.com/hotel/C2C0/index.fr.shtml,catalog_api,china,JO JOE LHASA JOKHANG TEMPLE,LHASA,china,Chine,asia,missing
C1U9,C1U9,Mövenpick by Accor Binjiang Nanjing,MOV,MÖVENPICK,NANJING,Chine,"69 Rehe South Road, Gulou District",210044,https://all.accor.com/hotel/C1U9/index.fr.shtml,catalog_api,china,MOVENPICK BY ACCOR BINJIANG NANJING,NANJING,china,Chine,asia,missing
B5Z3,B5Z3,Mercure Nanjing Olympic EXPO,MER,MERCURE,NANJING,Chine,"No98 Yunlongshan Road, Jianye District",210000,https://all.accor.com/hotel/B5Z3/index.fr.shtml,catalog_api,china,MERCURE NANJING OLYMPIC EXPO,NANJING,china,Chine,asia,missing
C3D2,C3D2,Mercure Nanjing Confucius Temple,MER,MERCURE,NANJING,Chine,"No528 Taiping South Road, Qinhuai District, Nanjing",210000,https://all.accor.com/hotel/C3D2/index.fr.shtml,catalog_api,china,MERCURE NANJING CONFUCIUS TEMPLE,NANJING,china,Chine,asia,missing
B1A8,B1A8,Ibis Nanjing Guli Development,IBH,IBIS,NANJING,Chine,"No.8 Zhenrong Road, Jiangning District, Nanjing City",211100,https://all.accor.com/hotel/B1A8/index.fr.shtml,catalog_api,china,IBIS NANJING GULI DEVELOPMENT,NANJING,china,Chine,asia,missing
B9B4,B9B4,Mercure Nanjing Hongshan Zoo,MER,MERCURE,NANJING,Chine,"No 258 Heyan Road, Qixia District",210000,https://all.accor.com/hotel/B9B4/index.fr.shtml,catalog_api,china,MERCURE NANJING HONGSHAN ZOO,NANJING,china,Chine,asia,missing
B6M4,B6M4,Mercure Nanjing Downtown,MER,MERCURE,NANJING,Chine,"No 34 Guanjiaqiao, Gulou District",210005,https://all.accor.com/hotel/B6M4/index.fr.shtml,catalog_api,china,MERCURE NANJING DOWNTOWN,NANJING,china,Chine,asia,missing
C1H8,C1H8,Ming Hotel Nanjing - MGallery Collection,MGA,MGALLERY,NANKIN,Chine,"No 100 Changjiang Road, Quartier de Xuanwu",210000,https://all.accor.com/hotel/C1H8/index.fr.shtml,catalog_api,china,MING HOTEL NANJING MGALLERY COLLECTION,NANKIN,china,Chine,asia,missing
B7N3,B7N3,Mercure Nanjing Xuanwu Lake,MER,MERCURE,NANJING,Chine,"No7 Jianning Road, Gulou District, Jiang Su Pr China",210000,https://all.accor.com/hotel/B7N3/index.fr.shtml,catalog_api,china,MERCURE NANJING XUANWU LAKE,NANJING,china,Chine,asia,missing
B9A3,B9A3,Banyan Tree Nanjing Garden Expo,BAN,BANYAN TREE,NANKIN,Chine,"No 8 Mengyue Road, Tangshan Street, Jiangning District",211131,https://all.accor.com/hotel/B9A3/index.fr.shtml,catalog_api,china,BANYAN TREE NANJING GARDEN EXPO,NANKIN,china,Chine,asia,missing
B8P2,B8P2,Ibis Styles Qinghuangdao Hotel,IBS,IBIS STYLES,QINHUANGDAO,Chine,"8 An Yi Lu Beidaihe District, Qinhuangdao City, Hebei Province",066300,https://all.accor.com/hotel/B8P2/index.fr.shtml,catalog_api,china,IBIS STYLES QINGHUANGDAO HOTEL,QINHUANGDAO,china,Chine,asia,missing
C3M4,C3M4,Novotel Nanjing South Railway Station,NOV,NOVOTEL,NANJING,Chine,"NO 288 Daming Raod, Qinhuai Qistrict, Nanjing",210022,https://all.accor.com/hotel/C3M4/index.fr.shtml,catalog_api,china,NOVOTEL NANJING SOUTH RAILWAY STATION,NANJING,china,Chine,asia,missing
B2N2,B2N2,ibis Styles Nanjing South Railway Station North Square Hotel,IBS,IBIS STYLES,NANJING,Chine,"Yuxiu Street, Yuhuatai District",210006,https://all.accor.com/hotel/B2N2/index.fr.shtml,catalog_api,china,IBIS STYLES NANJING SOUTH RAILWAY STATION NORTH SQUARE HOTEL,NANJING,china,Chine,asia,missing
B5G5,B5G5,IBIS Nanjing South Railway Station North Square Hotel,IBH,IBIS,NANJING,Chine,"Jinlunxing Cubic C District, No. 2 Yupandong Street, Yuhuatai District",210006,https://all.accor.com/hotel/B5G5/index.fr.shtml,catalog_api,china,IBIS NANJING SOUTH RAILWAY STATION NORTH SQUARE HOTEL,NANJING,china,Chine,asia,missing
B258,B258,ibis Nanjing Jiangjun Avenue Hotel,IBH,IBIS,NANJING,Chine,"No. 20, General Avenue, Jiangning District",211106,https://all.accor.com/hotel/B258/index.fr.shtml,catalog_api,china,IBIS NANJING JIANGJUN AVENUE HOTEL,NANJING,china,Chine,asia,missing
B4Z4,B4Z4,Mercure Nanjing South Railway Station,MER,MERCURE,NANJING,Chine,"No 199 West Tianyuan Rd, Jiangning District",210000,https://all.accor.com/hotel/B4Z4/index.fr.shtml,catalog_api,china,MERCURE NANJING SOUTH RAILWAY STATION,NANJING,china,Chine,asia,missing
C256,C256,Mercure Nanjing Sun Yat-sen Mausolée,MER,MERCURE,NANJING,Chine,"59-10 Gujiaying Road, Xuanwu District",210000,https://all.accor.com/hotel/C256/index.fr.shtml,catalog_api,china,MERCURE NANJING SUN YAT SEN MAUSOLEE,NANJING,china,Chine,asia,missing
B8J4,B8J4,Mercure Qinhuangdao Downtown,MER,MERCURE,QINHUANGDAO,Chine,No 15 West Changjiang Road,066000,https://all.accor.com/hotel/B8J4/index.fr.shtml,catalog_api,china,MERCURE QINHUANGDAO DOWNTOWN,QINHUANGDAO,china,Chine,asia,missing
B6F3,B6F3,Ibis Styles Nanjing Dongqi Road Hotel,IBS,IBIS STYLES,NANJING,Chine,"No.12, Linyi Road, Jiangning District",211100,https://all.accor.com/hotel/B6F3/index.fr.shtml,catalog_api,china,IBIS STYLES NANJING DONGQI ROAD HOTEL,NANJING,china,Chine,asia,missing
B2F3,B2F3,ibis Styles Nanjing Jiangning Kylin Gate Hotel,IBS,IBIS STYLES,NANJING,Chine,"No. 109, Kaicheng Road, Jiangning District",211100,https://all.accor.com/hotel/B2F3/index.fr.shtml,catalog_api,china,IBIS STYLES NANJING JIANGNING KYLIN GATE HOTEL,NANJING,china,Chine,asia,missing
C0A1,C0A1,Novotel Nanjing Airport,NOV,NOVOTEL,NANJING,Chine,"No 9 Xin Cheng Da Dao, Lu Kou Jiedao, Jiang Ning District",211113,https://all.accor.com/hotel/C0A1/index.fr.shtml,catalog_api,china,NOVOTEL NANJING AIRPORT,NANJING,china,Chine,asia,missing
C308,C308,Mercure Shanshan Downtown,MER,MERCURE,TURPAN,Chine,"3000 Laocheng South Road, Shanshan Country, Xinjiang",838200,https://all.accor.com/hotel/C308/index.fr.shtml,catalog_api,china,MERCURE SHANSHAN DOWNTOWN,TURPAN,china,Chine,asia,missing
C0M1,C0M1,Movenpick by Accor Qingdao Sunmei,MOV,MÖVENPICK,QINGDAO,Chine,"No 1 Jiaozhou Bay East Road, West Coast New Area of Qingdao",266000,https://all.accor.com/hotel/C0M1/index.fr.shtml,catalog_api,china,MOVENPICK BY ACCOR QINGDAO SUNMEI,QINGDAO,china,Chine,asia,missing
B1W9,B1W9,Banyan Tree Huangshan,BAN,BANYAN TREE,HUANGSHAN,Chine,"No1 Banyan Tree Road, Yi County Huangshan",245531,https://all.accor.com/hotel/B1W9/index.fr.shtml,catalog_api,china,BANYAN TREE HUANGSHAN,HUANGSHAN,china,Chine,asia,missing
C3T4,C3T4,Mercure Yancheng Funing Swan Lake,MER,MERCURE,YANCHENG,Chine,"No 578 Hong Kong Road, Funing County, Yancheng",224008,https://all.accor.com/hotel/C3T4/index.fr.shtml,catalog_api,china,MERCURE YANCHENG FUNING SWAN LAKE,YANCHENG,china,Chine,asia,missing
C336,C336,Mercure Qingdao Coast,MER,MERCURE,QINGDAO,Chine,"No 23 Wuxia Road, Shinan District, Qingdao",266005,https://all.accor.com/hotel/C336/index.fr.shtml,catalog_api,china,MERCURE QINGDAO COAST,QINGDAO,china,Chine,asia,missing
B7T0,B7T0,Mercure Qingdao Zhanqiao,MER,MERCURE,QINGDAO,Chine,"No 127 Yunnan Road, Shinan District",266002,https://all.accor.com/hotel/B7T0/index.fr.shtml,catalog_api,china,MERCURE QINGDAO ZHANQIAO,QINGDAO,china,Chine,asia,missing
B6K2,B6K2,Ibis Nanjing Lishui Bus Station,IBH,IBIS,NANJING,Chine,"Tianli Plaza No.69 Jiaotong Rd, Yongyang Town, Lishui District",211299,https://all.accor.com/hotel/B6K2/index.fr.shtml,catalog_api,china,IBIS NANJING LISHUI BUS STATION,NANJING,china,Chine,asia,missing
B1N4,B1N4,ibis Styles Yangzhou Baixiang Rd Hotel,IBS,IBIS STYLES,YANGZHOU,Chine,"No.79, Baixiang Road",225000,https://all.accor.com/hotel/B1N4/index.fr.shtml,catalog_api,china,IBIS STYLES YANGZHOU BAIXIANG RD HOTEL,YANGZHOU,china,Chine,asia,missing
B6U1,B6U1,Novotel Yangzhou City Center,NOV,NOVOTEL,YANGZHOU,Chine,"No 19 West Wenchang Road, Guangling District, 225000",225000,https://all.accor.com/hotel/B6U1/index.fr.shtml,catalog_api,china,NOVOTEL YANGZHOU CITY CENTER,YANGZHOU,china,Chine,asia,missing
C350,C350,JO&JOE Yangzhou Hanjiang,JOE,JO&JOE,YANGZHOU,Chine,"No 158 Middle Hanjiang Road, Hanjiang District",225100,https://all.accor.com/hotel/C350/index.fr.shtml,catalog_api,china,JO JOE YANGZHOU HANJIANG,YANGZHOU,china,Chine,asia,missing
C3T2,C3T2,Mercure Mount Huangshan South Gate Transfer Center,MER,MERCURE,HUANGSHAN,Chine,"Bât. 2, No. 111 Tangchuan Road, Quartier Huangshan, Huangshan",245899,https://all.accor.com/hotel/C3T2/index.fr.shtml,catalog_api,china,MERCURE MOUNT HUANGSHAN SOUTH GATE TRANSFER CENTER,HUANGSHAN,china,Chine,asia,missing
B1A7,B1A7,ibis Yangzhou Geyuan Garden Hotel,IBH,IBIS,YANGZHOU,Chine,"No.7, Shi Kefa East Road",225100,https://all.accor.com/hotel/B1A7/index.fr.shtml,catalog_api,china,IBIS YANGZHOU GEYUAN GARDEN HOTEL,YANGZHOU,china,Chine,asia,missing
B3D7,B3D7,Ibis Styles Ruili Jiegao Hotel,IBS,IBIS STYLES,LIJIANG,Chine,"No. 23 Binjiang Road, Ruigai Bibian Trade Zone, Ruili City",678600,https://all.accor.com/hotel/B3D7/index.fr.shtml,catalog_api,china,IBIS STYLES RUILI JIEGAO HOTEL,LIJIANG,china,Chine,asia,missing
A8E8,A8E8,Mercure Yangzhou Dongguan Street,MER,MERCURE,YANGZHOU,Chine,No 107 Taizhou Road,225000,https://all.accor.com/hotel/A8E8/index.fr.shtml,catalog_api,china,MERCURE YANGZHOU DONGGUAN STREET,YANGZHOU,china,Chine,asia,missing
C0X0,C0X0,Ibis Qingdao Xinduxin CapitaMall,IBH,IBIS,QINGDAO,Chine,"No. 176 Chongqing South Road, Shibei District, Qingdao",266300,https://all.accor.com/hotel/C0X0/index.fr.shtml,catalog_api,china,IBIS QINGDAO XINDUXIN CAPITAMALL,QINGDAO,china,Chine,asia,missing
C370,C370,Mercure Qingdao May Fourth Square,MER,MERCURE,QINGDAO,Chine,"129 Ningxia Road, Shinan District, Shandong Province",266000,https://all.accor.com/hotel/C370/index.fr.shtml,catalog_api,china,MERCURE QINGDAO MAY FOURTH SQUARE,QINGDAO,china,Chine,asia,missing
C223,C223,Mercure Yangzhou East High-Speed Railway Station,MER,MERCURE,YANGZHOU,Chine,"2 Wenchang East Road, Guangling District",225003,https://all.accor.com/hotel/C223/index.fr.shtml,catalog_api,china,MERCURE YANGZHOU EAST HIGH SPEED RAILWAY STATION,YANGZHOU,china,Chine,asia,missing
B2X0,B2X0,ibis Zhenjiang East Zhongshan Rd Hotel,IBH,IBIS,ZHENJIANG,Chine,"No. 58, Zhongshan Dong Lu, Jingkou District",212001,https://all.accor.com/hotel/B2X0/index.fr.shtml,catalog_api,china,IBIS ZHENJIANG EAST ZHONGSHAN RD HOTEL,ZHENJIANG,china,Chine,asia,missing
B0Y3,B0Y3,Novotel Qingdao New Hope,NOV,NOVOTEL,QINGADO,Chine,"592 26 Jiushuidong Road, Laoshan District",266100,https://all.accor.com/hotel/B0Y3/index.fr.shtml,catalog_api,china,NOVOTEL QINGDAO NEW HOPE,QINGADO,china,Chine,asia,missing
C4F0,C4F0,Zone Hi-Tech Pullman Yancheng (ouverture prochaine),PUL,PULLMAN,YANCHENG,Chine,"No. 109 Zhenxing Road, High-tech Zone, Yandu District",224000,https://all.accor.com/hotel/C4F0/index.fr.shtml,catalog_api,china,ZONE HI TECH PULLMAN YANCHENG OUVERTURE PROCHAINE,YANCHENG,china,Chine,asia,missing
C0K5,C0K5,Ibis Huangshan SX Huizhou Ancient City Hotel,IBH,IBIS,HUANGSHAN,Chine,"No. 1 Piyun Road, Huicheng Town, She County",245299,https://all.accor.com/hotel/C0K5/index.fr.shtml,catalog_api,china,IBIS HUANGSHAN SX HUIZHOU ANCIENT CITY HOTEL,HUANGSHAN,china,Chine,asia,missing
B840,B840,Novotel Yancheng Exhibition Center,NOV,NOVOTEL,YANCHENG,Chine,"No 16 Songjiang Road, Eco&Technical Development Zone",224000,https://all.accor.com/hotel/B840/index.fr.shtml,catalog_api,china,NOVOTEL YANCHENG EXHIBITION CENTER,YANCHENG,china,Chine,asia,missing
B2S2,B2S2,Mercure Changzhou Jintan,MER,MERCURE,CHANGZHOU,Chine,"No 568 Donghuan 1st Road, Jintan District",213000,https://all.accor.com/hotel/B2S2/index.fr.shtml,catalog_api,china,MERCURE CHANGZHOU JINTAN,CHANGZHOU,china,Chine,asia,missing
C0L1,C0L1,Ibis Changzhou Jintan Wuyue,IBH,IBIS,CHANGZHOU,Chine,"No.16 Jinghua Road, Dongcheng Street, Jintan District",213200,https://all.accor.com/hotel/C0L1/index.fr.shtml,catalog_api,china,IBIS CHANGZHOU JINTAN WUYUE,CHANGZHOU,china,Chine,asia,missing
C2A3,C2A3,Mercure Taizhou Wanda Fengcheng River Scenic Area,MER,MERCURE,TAIZHOU,Chine,"Xin Li Yuan, South Gulou Road, Hailing District",225309,https://all.accor.com/hotel/C2A3/index.fr.shtml,catalog_api,china,MERCURE TAIZHOU WANDA FENGCHENG RIVER SCENIC AREA,TAIZHOU,china,Chine,asia,missing
C0L8,C0L8,Ibis Styles Taizhou East Jichuan,IBS,IBIS STYLES,TAIZHOU,Chine,"Building 1 Rundong Huayuan, Jichuan East Road, Hailing District Taizhou City",225306,https://all.accor.com/hotel/C0L8/index.fr.shtml,catalog_api,china,IBIS STYLES TAIZHOU EAST JICHUAN,TAIZHOU,china,Chine,asia,missing
B8V7,B8V7,Grand Mercure Changzhou Luoxi,MEI,GRAND MERCURE,CHANGZHOU,Chine,"Bld 43,No 38 Tongda Road",213000,https://all.accor.com/hotel/B8V7/index.fr.shtml,catalog_api,china,GRAND MERCURE CHANGZHOU LUOXI,CHANGZHOU,china,Chine,asia,missing
B5W4,B5W4,Mercure Turpan Downtown,MER,MERCURE,TURPAN,Chine,"No 1980 Donghuan Road, Gaochang District",838000,https://all.accor.com/hotel/B5W4/index.fr.shtml,catalog_api,china,MERCURE TURPAN DOWNTOWN,TURPAN,china,Chine,asia,missing
C022,C022,Ibis Styles Taizhou Jiangyan,IBS,IBIS STYLES,TAIZHOU,Chine,"No.41-9, Renmin Road, Jiangyan District Taizhou",215300,https://all.accor.com/hotel/C022/index.fr.shtml,catalog_api,china,IBIS STYLES TAIZHOU JIANGYAN,TAIZHOU,china,Chine,asia,missing
C1X3,C1X3,JO&JOE Shaoguan High-Speed Railway Station,JOE,JO&JOE,SHAOGUAN,Chine,"16 Baiwang Middle Road, Wujiang District",512029,https://all.accor.com/hotel/C1X3/index.fr.shtml,catalog_api,china,JO JOE SHAOGUAN HIGH SPEED RAILWAY STATION,SHAOGUAN,china,Chine,asia,missing
C3B5,C3B5,Sofitel Changzhou Hi-Tech District,SOF,SOFITEL,CHANGZHOU,Chine,"Build 7 Xingyao City, No 99 Leshan Road, Xinbei District",213000,https://all.accor.com/hotel/C3B5/index.fr.shtml,catalog_api,china,SOFITEL CHANGZHOU HI TECH DISTRICT,CHANGZHOU,china,Chine,asia,missing
C207,C207,Novotel Yantai Banshan,NOV,NOVOTEL,YANTAI,Chine,"NO 19 Xiangtan Road, Eco and Tech Development Zone",264000,https://all.accor.com/hotel/C207/index.fr.shtml,catalog_api,china,NOVOTEL YANTAI BANSHAN,YANTAI,china,Chine,asia,missing
C3E1,C3E1,Mercure Changzhou Qingguo Lane,MER,MERCURE,CHANGZHOU,Chine,"Tongjiangnan road, Zhonglou District, Changzhou",213000,https://all.accor.com/hotel/C3E1/index.fr.shtml,catalog_api,china,MERCURE CHANGZHOU QINGGUO LANE,CHANGZHOU,china,Chine,asia,missing
C3A6,C3A6,Novotel Changzhou Hi-Tech District,NOV,NOVOTEL,CHANGZHOU,Chine,"International Talent Square, High Speed Rail New Way Town, Xinbei District",213000,https://all.accor.com/hotel/C3A6/index.fr.shtml,catalog_api,china,NOVOTEL CHANGZHOU HI TECH DISTRICT,CHANGZHOU,china,Chine,asia,missing
C3E2,C3E2,JO&JOE Changzhou Tianning,JOE,JO&JOE,CHANGZHOU,Chine,"No 939 Laodong East Road, Tianning District Changzhou",213003,https://all.accor.com/hotel/C3E2/index.fr.shtml,catalog_api,china,JO JOE CHANGZHOU TIANNING,CHANGZHOU,china,Chine,asia,missing
B263,B263,ibis Yixing South Renmin Rd,IBH,IBIS,WUXI,Chine,"Building 4, Commercial Street, Dragon Forest Park",214203,https://all.accor.com/hotel/B263/index.fr.shtml,catalog_api,china,IBIS YIXING SOUTH RENMIN RD,WUXI,china,Chine,asia,missing
B2P2,B2P2,Mercure Yantai Golden Beach,MER,MERCURE,YANTAI,Chine,"160 Changjiang Road, Development District, Sunyi Plaza",264006,https://all.accor.com/hotel/B2P2/index.fr.shtml,catalog_api,china,MERCURE YANTAI GOLDEN BEACH,YANTAI,china,Chine,asia,missing
C1D7,C1D7,Mercure Yixing Wanda Plaza,MER,MERCURE,YIXING,Chine,"No 513-1 Donghong East Road, Yicheng Street",214200,https://all.accor.com/hotel/C1D7/index.fr.shtml,catalog_api,china,MERCURE YIXING WANDA PLAZA,YIXING,china,Chine,asia,missing
C0J6,C0J6,Ibis Styles Haian Bus Station Hotel,IBS,IBIS STYLES,NANTONG,Chine,"Room 2 Jiangdong Road, Chengdong Town, Hai 'an City",226600,https://all.accor.com/hotel/C0J6/index.fr.shtml,catalog_api,china,IBIS STYLES HAIAN BUS STATION HOTEL,NANTONG,china,Chine,asia,missing
C037,C037,Pullman Yantai Center,PUL,PULLMAN,YANTAI,Chine,"No 139 Shengli Road, Zhifu District",264000,https://all.accor.com/hotel/C037/index.fr.shtml,catalog_api,china,PULLMAN YANTAI CENTER,YANTAI,china,Chine,asia,missing
B7N2,B7N2,Mercure Jingjiang Downtown (ouverture mai 2021),MER,MERCURE,JINGJIANG,Chine,"Building 1 Chenyang Road, Binjiang new town",214500,https://all.accor.com/hotel/B7N2/index.fr.shtml,catalog_api,china,MERCURE JINGJIANG DOWNTOWN OUVERTURE MAI 2021,JINGJIANG,china,Chine,asia,missing
C205,C205,Mercure Jiangyin South Gate Yaohan,MER,MERCURE,JIANGYIN,Chine,"160 Huancheng South Road, Jiangyin City, Jiangsu Province China",214400,https://all.accor.com/hotel/C205/index.fr.shtml,catalog_api,china,MERCURE JIANGYIN SOUTH GATE YAOHAN,JIANGYIN,china,Chine,asia,missing
C4U2,C4U2,Sofitel Anji,SOF,SOFITEL,HUZHOU,Chine,"NO 469 FUYU SOUTH ROAD, LINGFENG DISTRICT, Anji",313300,https://all.accor.com/hotel/C4U2/index.fr.shtml,catalog_api,china,SOFITEL ANJI,HUZHOU,china,Chine,asia,missing
B3C2,B3C2,Novotel Qiandao Lake,NOV,NOVOTEL,HANGZHOU,Chine,"93 Menggu Road, Qiandao Lake Town, Chunan County",311700,https://all.accor.com/hotel/B3C2/index.fr.shtml,catalog_api,china,NOVOTEL QIANDAO LAKE,HANGZHOU,china,Chine,asia,missing
B3Y4,B3Y4,Banyan Tree Anji,BAN,BANYAN TREE,HUZHOU,Chine,"Baimu Nong Baishuiwan Village, Tianhuangping Town, Anji County",313311,https://all.accor.com/hotel/B3Y4/index.fr.shtml,catalog_api,china,BANYAN TREE ANJI,HUZHOU,china,Chine,asia,missing
C201,C201,Grand Mercure Wuxi Huishan,MEI,GRAND MERCURE,WUXI,Chine,"No 111 Luocheng Avenue, Huishan District",214187,https://all.accor.com/hotel/C201/index.fr.shtml,catalog_api,china,GRAND MERCURE WUXI HUISHAN,WUXI,china,Chine,asia,missing
B5F4,B5F4,Mercure Rugao City Center,MER,MERCURE,RUGAO,Chine,"No 1 Yishou Road Baoli Plaza, Rucheng Town",226500,https://all.accor.com/hotel/B5F4/index.fr.shtml,catalog_api,china,MERCURE RUGAO CITY CENTER,RUGAO,china,Chine,asia,missing
B377,B377,Ibis Dalian Yida Spring Field Hotel,IBH,IBIS,DALIAN,Chine,"Jinhong East Road And Runtian St, Ganjingzi District, Dalian City",116023,https://all.accor.com/hotel/B377/index.fr.shtml,catalog_api,china,IBIS DALIAN YIDA SPRING FIELD HOTEL,DALIAN,china,Chine,asia,missing
C5F2,C5F2,Novotel Wuxi Sanyang Plaza,NOV,NOVOTEL,WUXI,Chine,"No 88 Xianqian East Street, Liangxi District, Jiangsu Province",214001,https://all.accor.com/hotel/C5F2/index.fr.shtml,catalog_api,china,NOVOTEL WUXI SANYANG PLAZA,WUXI,china,Chine,asia,missing
B8L7,B8L7,Mercure Dongtai Huanghai Forest,MER,MERCURE,DONGTAI,Chine,"9 Hualin Road, Jiang Gang Town",224211,https://all.accor.com/hotel/B8L7/index.fr.shtml,catalog_api,china,MERCURE DONGTAI HUANGHAI FOREST,DONGTAI,china,Chine,asia,missing
B5W3,B5W3,ibis Styles Wuxi Nanchan Temple Hotel,IBS,IBIS STYLES,WUXI,Chine,"NO.52, Yangyaowan Road, Wuxi City",214000,https://all.accor.com/hotel/B5W3/index.fr.shtml,catalog_api,china,IBIS STYLES WUXI NANCHAN TEMPLE HOTEL,WUXI,china,Chine,asia,missing
B332,B332,Ibis Wuxi Taihu Square Hotel,IBH,IBIS,WUXI,Chine,"No. 89, Qingyang Road, Liangxi District",214025,https://all.accor.com/hotel/B332/index.fr.shtml,catalog_api,china,IBIS WUXI TAIHU SQUARE HOTEL,WUXI,china,Chine,asia,missing
B2A8,B2A8,ibis Wuxi Jiangnan University Hotel,IBH,IBIS,WUXI,Chine,"No. 173, Wudu Road, Star Plaza",214125,https://all.accor.com/hotel/B2A8/index.fr.shtml,catalog_api,china,IBIS WUXI JIANGNAN UNIVERSITY HOTEL,WUXI,china,Chine,asia,missing
B6R0,B6R0,Mercure Wuxi Taihu Scenic Area Jiangnan University,MER,MERCURE,WUXI,Chine,"Building 2 No100 Jinxi Road, Binhu District, 2140019",2140019,https://all.accor.com/hotel/B6R0/index.fr.shtml,catalog_api,china,MERCURE WUXI TAIHU SCENIC AREA JIANGNAN UNIVERSITY,WUXI,china,Chine,asia,missing
C0J4,C0J4,Ibis Styles Nantong Rugao Port,IBS,IBIS STYLES,NANTONG,Chine,"Room 116 Commercial Building 6, Baishengyuan Haiba New Village, Changjiang Town Rugao City",226532,https://all.accor.com/hotel/C0J4/index.fr.shtml,catalog_api,china,IBIS STYLES NANTONG RUGAO PORT,NANTONG,china,Chine,asia,missing
C311,C311,Novotel Wuxi,NOV,NOVOTEL,WUXI,Chine,"No 7 Jincheng East Road, Xinwu District",214028,https://all.accor.com/hotel/C311/index.fr.shtml,catalog_api,china,NOVOTEL WUXI,WUXI,china,Chine,asia,missing
B5T7,B5T7,Ibis Dalian Xinghai Park,IBH,IBIS,DALIAN,Chine,"189 Southwest Road, Dalian City, Liaoning Province",116084,https://all.accor.com/hotel/B5T7/index.fr.shtml,catalog_api,china,IBIS DALIAN XINGHAI PARK,DALIAN,china,Chine,asia,missing
C0I1,C0I1,Homm Huzhou Xisai Shan,HOM,HOM,HUZHOU,Chine,Xisai Science Valley,313000,https://all.accor.com/hotel/C0I1/index.fr.shtml,catalog_api,china,HOMM HUZHOU XISAI SHAN,HUZHOU,china,Chine,asia,missing
C3T1,C3T1,Mercure Wuxi Tian'an Intelligent Park,MER,MERCURE,WUXI,Chine,"Building C1, No 201 Linghu Avenue, Xinwu District",214000,https://all.accor.com/hotel/C3T1/index.fr.shtml,catalog_api,china,MERCURE WUXI TIAN AN INTELLIGENT PARK,WUXI,china,Chine,asia,missing
B5X7,B5X7,Ibis Dalian Chunliu Friendship Shopping Center Hotel,IBH,IBIS,DALIAN,Chine,"No.379 Huabei Road, Shahekou District, Dalian City",116000,https://all.accor.com/hotel/B5X7/index.fr.shtml,catalog_api,china,IBIS DALIAN CHUNLIU FRIENDSHIP SHOPPING CENTER HOTEL,DALIAN,china,Chine,asia,missing
B8Q2,B8Q2,Dhawa Quzhou,DHA,DHAWA,QUZHOU,Chine,"District de Kecheng
, 399 Jiuhua Mid Ave, District de Kecheng",324000,https://all.accor.com/hotel/B8Q2/index.fr.shtml,catalog_api,china,DHAWA QUZHOU,QUZHOU,china,Chine,asia,missing
C0V9,C0V9,Mercure Xishuangbanna,MER,MERCURE,JINGHONG,Chine,Sizhuang 101,666100,https://all.accor.com/hotel/C0V9/index.fr.shtml,catalog_api,china,MERCURE XISHUANGBANNA,JINGHONG,china,Chine,asia,missing
C226,C226,Mercure Wuxi East Railway Station,MER,MERCURE,WUXI,Chine,"No 388 Xingwu Road, Xishan District",214000,https://all.accor.com/hotel/C226/index.fr.shtml,catalog_api,china,MERCURE WUXI EAST RAILWAY STATION,WUXI,china,Chine,asia,missing
B839,B839,Pullman Resort Xishuangbanna,PUL,PULLMAN,XISHUANGBANNA,Chine,"N°66 Yingbin Road,, Jinghong, Xishuangbanna,, Province du Yunnan",666100,https://all.accor.com/hotel/B839/index.fr.shtml,catalog_api,china,PULLMAN RESORT XISHUANGBANNA,XISHUANGBANNA,china,Chine,asia,missing
B6Z9,B6Z9,Ibis Dalian Railwaystation Hotel,IBH,IBIS,DALIAN,Chine,"No.95-1 Xingye Street, XigangDistrict, Dalian",116011,https://all.accor.com/hotel/B6Z9/index.fr.shtml,catalog_api,china,IBIS DALIAN RAILWAYSTATION HOTEL,DALIAN,china,Chine,asia,missing
B6E7,B6E7,Ibis Styles Dalian Station Hotel,IBS,IBIS STYLES,DALIAN,Chine,"No.124 Zhongshan Road, Zhongshan District, Dalian",116001,https://all.accor.com/hotel/B6E7/index.fr.shtml,catalog_api,china,IBIS STYLES DALIAN STATION HOTEL,DALIAN,china,Chine,asia,missing
C367,C367,Mercure - Jardin botanique tropical de Xishuangbanna,MER,MERCURE,JINGHONG,Chine,"No 107 Xuanwei Avenue, Xishuangbanna, Jinghong City",666100,https://all.accor.com/hotel/C367/index.fr.shtml,catalog_api,china,MERCURE JARDIN BOTANIQUE TROPICAL DE XISHUANGBANNA,JINGHONG,china,Chine,asia,missing
C4Q5,C4Q5,Pullman Dalian,PUL,PULLMAN,DALIAN,Chine,NO 92 JIEFANG ROAD,116001,https://all.accor.com/hotel/C4Q5/index.fr.shtml,catalog_api,china,PULLMAN DALIAN,DALIAN,china,Chine,asia,missing
C2Y5,C2Y5,Grand Mercure Hangzhou Qingshan Lake,MEI,GRAND MERCURE,HANGZHOU,Chine,No 4396 Keji Avenue,311300,https://all.accor.com/hotel/C2Y5/index.fr.shtml,catalog_api,china,GRAND MERCURE HANGZHOU QINGSHAN LAKE,HANGZHOU,china,Chine,asia,missing
B9V0,B9V0,Novotel Huzhou South Taihu Lake,NOV,NOVOTEL,HUZHOU,Chine,"No. 558 Wanghu Avenue, Bin Hu Street, South Taihu Lake New District",313000,https://all.accor.com/hotel/B9V0/index.fr.shtml,catalog_api,china,NOVOTEL HUZHOU SOUTH TAIHU LAKE,HUZHOU,china,Chine,asia,missing
C1B5,C1B5,Fairmont Dalian (ouverture prochaine),FAI,FAIRMONT,DALIAN,Chine,"No. 4 Zhongshan Square, Zhongshan District",116001,https://all.accor.com/hotel/C1B5/index.fr.shtml,catalog_api,china,FAIRMONT DALIAN OUVERTURE PROCHAINE,DALIAN,china,Chine,asia,missing
B8T5,B8T5,Mercure Dalian City Center,MER,MERCURE,DALIAN,Chine,NO 5 YIDE STREET,116000,https://all.accor.com/hotel/B8T5/index.fr.shtml,catalog_api,china,MERCURE DALIAN CITY CENTER,DALIAN,china,Chine,asia,missing
C444,C444,Novotel Dalian Zhongshan Square,NOV,NOVOTEL,DALIAN,Chine,"No 28, Chang Jiang Road, Quartier Zhong Shan",116001,https://all.accor.com/hotel/C444/index.fr.shtml,catalog_api,china,NOVOTEL DALIAN ZHONGSHAN SQUARE,DALIAN,china,Chine,asia,missing
B2V3,B2V3,ibis Styles Suzhou Science and Technology Hotel,IBS,IBIS STYLES,SUZHOU,Chine,"No.9, Meitianli Rd, Dongzhu Town",215000,https://all.accor.com/hotel/B2V3/index.fr.shtml,catalog_api,china,IBIS STYLES SUZHOU SCIENCE AND TECHNOLOGY HOTEL,SUZHOU,china,Chine,asia,missing
B1Y1,B1Y1,Novotel Deqing Moganshan,NOV,NOVOTEL,HUZHOU,Chine,"707 South Quyuan Road, Quartier de Wuyang, Deqing County",313200,https://all.accor.com/hotel/B1Y1/index.fr.shtml,catalog_api,china,NOVOTEL DEQING MOGANSHAN,HUZHOU,china,Chine,asia,missing
B6B0,B6B0,Mercure Suzhou Shilu Chantang,MER,MERCURE,SUZHOU,Chine,"No.29   Shi Road Shantang Street, Suzhou",215008,https://all.accor.com/hotel/B6B0/index.fr.shtml,catalog_api,china,MERCURE SUZHOU SHILU CHANTANG,SUZHOU,china,Chine,asia,missing
B9X2,B9X2,Dangkou Ancient Town Hotel Wuxi - MGallery Collection,MGA,MGALLERY,WUXI,Chine,"No 55 1 Hengfang Road, Xishan District",214116,https://all.accor.com/hotel/B9X2/index.fr.shtml,catalog_api,china,DANGKOU ANCIENT TOWN HOTEL WUXI MGALLERY COLLECTION,WUXI,china,Chine,asia,missing
B6C2,B6C2,Suzhou Xushuguan Hotel,IBS,IBIS STYLES,SUZHOU,Chine,"South Sutong Rd Hongyeliling, Center Building Xushuguan town, High tech Zone SuzhouJune",,https://all.accor.com/hotel/B6C2/index.fr.shtml,catalog_api,china,SUZHOU XUSHUGUAN HOTEL,SUZHOU,china,Chine,asia,missing
C3V4,C3V4,Novotel Hangzhou Yuhang,NOV,NOVOTEL,HANGZHOU,Chine,"408 Yuhang Road, Yuhang District",311100,https://all.accor.com/hotel/C3V4/index.fr.shtml,catalog_api,china,NOVOTEL HANGZHOU YUHANG,HANGZHOU,china,Chine,asia,missing
C0E3,C0E3,Mercure Nantong Railway Station,MER,MERCURE,NANTONG,Chine,"158 North Street, Chongchuan District, 南通",226001,https://all.accor.com/hotel/C0E3/index.fr.shtml,catalog_api,china,MERCURE NANTONG RAILWAY STATION,NANTONG,china,Chine,asia,missing
C333,C333,Mövenpick by Accor Hangzhou Xin'an River,MOV,MÖVENPICK,HANGZHOU,Chine,No 8 Kai Yuan Road,311600,https://all.accor.com/hotel/C333/index.fr.shtml,catalog_api,china,MOVENPICK BY ACCOR HANGZHOU XIN AN RIVER,HANGZHOU,china,Chine,asia,missing
A4G0,A4G0,Mercure Nantong Downtown,MER,MERCURE,NANTONG,Chine,"No1 Duanjiaba Road, Chongchuan District",226001,https://all.accor.com/hotel/A4G0/index.fr.shtml,catalog_api,china,MERCURE NANTONG DOWNTOWN,NANTONG,china,Chine,asia,missing
B0Y8,B0Y8,Novotel Suzhou Tai Lake Santeh,NOV,NOVOTEL,SUZHOU,Chine,"3888 Ring Taihu Avenue, Wuzhong District",215164,https://all.accor.com/hotel/B0Y8/index.fr.shtml,catalog_api,china,NOVOTEL SUZHOU TAI LAKE SANTEH,SUZHOU,china,Chine,asia,missing
C1K4,C1K4,Novotel Nantong Center,NOV,NOVOTEL,NANTONG,Chine,"208 Gongnong Road, Nantong, Jiangsu",226000,https://all.accor.com/hotel/C1K4/index.fr.shtml,catalog_api,china,NOVOTEL NANTONG CENTER,NANTONG,china,Chine,asia,missing
C2Q4,C2Q4,Angsana Suzhou Shishan,ANG,ANGSANA,SUZHOU,Chine,"No 208 Fen Hu Road, Suzhou New District",215011,https://all.accor.com/hotel/C2Q4/index.fr.shtml,catalog_api,china,ANGSANA SUZHOU SHISHAN,SUZHOU,china,Chine,asia,missing
C2Q3,C2Q3,Banyan Tree Suzhou Shishan,BAN,BANYAN TREE,SUZHOU,Chine,"No 208 Fen Hu Road, Suzhou New District",215011,https://all.accor.com/hotel/C2Q3/index.fr.shtml,catalog_api,china,BANYAN TREE SUZHOU SHISHAN,SUZHOU,china,Chine,asia,missing
C3V1,C3V1,Novotel Changshu Yushan,NOV,NOVOTEL,SUZHOU,Chine,"NO 288 HUANGHE ROAD, CHANGSHU SHI, SUZHOU",215500,https://all.accor.com/hotel/C3V1/index.fr.shtml,catalog_api,china,NOVOTEL CHANGSHU YUSHAN,SUZHOU,china,Chine,asia,missing
B511,B511,Ibis Hangzhou Future Sci-tech City Hotel,IBH,IBIS,HANGZHOU,Chine,"Building 2, No.1008, Xiangwang Street",311100,https://all.accor.com/hotel/B511/index.fr.shtml,catalog_api,china,IBIS HANGZHOU FUTURE SCI TECH CITY HOTEL,HANGZHOU,china,Chine,asia,missing
B3W0,B3W0,Mercure Hangzhou Xixi Future Tech City,MER,MERCURE,HANGZHOU,Chine,"No 666 Jing Xing Road, Yu Hang District, Building 5 Xixi Yong Le City",311100,https://all.accor.com/hotel/B3W0/index.fr.shtml,catalog_api,china,MERCURE HANGZHOU XIXI FUTURE TECH CITY,HANGZHOU,china,Chine,asia,missing
B347,B347,Ibis Nantong Middle Renmin Rd Hotel,IBH,IBIS,NANTONG,Chine,"Building A, Jingyang Plaza, No. 209 Renmin Middle Road",226001,https://all.accor.com/hotel/B347/index.fr.shtml,catalog_api,china,IBIS NANTONG MIDDLE RENMIN RD HOTEL,NANTONG,china,Chine,asia,missing
C1X2,C1X2,Mercure Nantong Central Business District,MER,MERCURE,NANTONG,Chine,"No 155 Gongnong South Road, Chongchuan District",226001,https://all.accor.com/hotel/C1X2/index.fr.shtml,catalog_api,china,MERCURE NANTONG CENTRAL BUSINESS DISTRICT,NANTONG,china,Chine,asia,missing
B5G9,B5G9,Ibis Suzhou Sanxiang Road Hotel,IBH,IBIS,SUZHOU,Chine,"No.1158, SanXiang Road, GuSu District",215004,https://all.accor.com/hotel/B5G9/index.fr.shtml,catalog_api,china,IBIS SUZHOU SANXIANG ROAD HOTEL,SUZHOU,china,Chine,asia,missing
B5T8,B5T8,Ibis Styles Suzhou Sports Center Hotel,IBS,IBIS STYLES,SUZHOU,Chine,"No.1158, SanXiang Road, GuSu District",215004,https://all.accor.com/hotel/B5T8/index.fr.shtml,catalog_api,china,IBIS STYLES SUZHOU SPORTS CENTER HOTEL,SUZHOU,china,Chine,asia,missing
C0R8,C0R8,Mercure Suzhou High-speed Rail New Town (ouverture juillet 2023),MER,MERCURE,SUZHOU,Chine,"No 1069 Fuyuan Road, Xiangcheng District",215100,https://all.accor.com/hotel/C0R8/index.fr.shtml,catalog_api,china,MERCURE SUZHOU HIGH SPEED RAIL NEW TOWN OUVERTURE JUILLET 2023,SUZHOU,china,Chine,asia,missing
B2P7,B2P7,Mercure Suzhou Downtown,MER,MERCURE,SUZHOU,Chine,"3189 Renmin Road Gusu District, Suzhou Jiangsu Province",215000,https://all.accor.com/hotel/B2P7/index.fr.shtml,catalog_api,china,MERCURE SUZHOU DOWNTOWN,SUZHOU,china,Chine,asia,missing
B5X4,B5X4,Ibis Styles Suzhou Middle YCH Rd,IBS,IBIS STYLES,SUZHOU,Chine,"No. 666, Cailian Road, Xiangcheng District",215131,https://all.accor.com/hotel/B5X4/index.fr.shtml,catalog_api,china,IBIS STYLES SUZHOU MIDDLE YCH RD,SUZHOU,china,Chine,asia,missing
C389,C389,Mövenpick by Accor Suzhou Gusu,MOV,MÖVENPICK,SUZHOU,Chine,"NO 2899 Renmin Road, Gusu District",215000,https://all.accor.com/hotel/C389/index.fr.shtml,catalog_api,china,MOVENPICK BY ACCOR SUZHOU GUSU,SUZHOU,china,Chine,asia,missing
B439,B439,Ibis Styles Hangzhou Sandun West Lake Science and Technology,IBS,IBIS STYLES,HANGZHOU,Chine,"A Ruiding BLD. No.200 Zhenhua.RD, Xihu District, Hangzhou",310030,https://all.accor.com/hotel/B439/index.fr.shtml,catalog_api,china,IBIS STYLES HANGZHOU SANDUN WEST LAKE SCIENCE AND TECHNOLOGY,HANGZHOU,china,Chine,asia,missing
C0M3,C0M3,Novotel Suzhou Huanxiu Lake,NOV,NOVOTEL,SUZHOU,Chine,"No 45 Jin Yu Road, Xiangcheng District",215137,https://all.accor.com/hotel/C0M3/index.fr.shtml,catalog_api,china,NOVOTEL SUZHOU HUANXIU LAKE,SUZHOU,china,Chine,asia,missing
8690,8690,ibis Weihai Oriental New Ground  Hotel,IBH,IBIS,WEIHAI,Chine,"No. 173, West Wenhua Road, Weihai",264200,https://all.accor.com/hotel/8690/index.fr.shtml,catalog_api,china,IBIS WEIHAI ORIENTAL NEW GROUND HOTEL,WEIHAI,china,Chine,asia,missing
C1K1,C1K1,Ibis Styles Hangzhou Fuyang,IBS,IBIS STYLES,HANGZHOU,Chine,"29 Jinqiao South Road, Fuyang District, Hangzhou City",311400,https://all.accor.com/hotel/C1K1/index.fr.shtml,catalog_api,china,IBIS STYLES HANGZHOU FUYANG,HANGZHOU,china,Chine,asia,missing
B434,B434,Mercure Suzhou City Center,MER,MERCURE,SUZHOU,Chine,"No 535 Ganjiang East Rode, Gusu District",215005,https://all.accor.com/hotel/B434/index.fr.shtml,catalog_api,china,MERCURE SUZHOU CITY CENTER,SUZHOU,china,Chine,asia,missing
C369,C369,Mercure Hangzhou Gongshu Wanda Plaza,MER,MERCURE,HANGZHOU,Chine,"345 Block B Hung Kam Mansion, Gongshu District",310015,https://all.accor.com/hotel/C369/index.fr.shtml,catalog_api,china,MERCURE HANGZHOU GONGSHU WANDA PLAZA,HANGZHOU,china,Chine,asia,missing
C312,C312,Mercure Hangzhou Xixi Tianmu Mountain,MER,MERCURE,HANGZHOU,Chine,373 Tianmushan Road,310000,https://all.accor.com/hotel/C312/index.fr.shtml,catalog_api,china,MERCURE HANGZHOU XIXI TIANMU MOUNTAIN,HANGZHOU,china,Chine,asia,missing
C291,C291,Mercure Huzhou Nanxun Ancient Town,MER,MERCURE,HUZHOU,Chine,"1133 Nianfeng Road, Nanxun District",313009,https://all.accor.com/hotel/C291/index.fr.shtml,catalog_api,china,MERCURE HUZHOU NANXUN ANCIENT TOWN,HUZHOU,china,Chine,asia,missing
B7M6,B7M6,Grand Mercure Hangzhou Zijingang,MEI,GRAND MERCURE,HANGZHOU,Chine,"No 99 Shenhua Road, Gongshu District",310011,https://all.accor.com/hotel/B7M6/index.fr.shtml,catalog_api,china,GRAND MERCURE HANGZHOU ZIJINGANG,HANGZHOU,china,Chine,asia,missing
B7D7,B7D7,Mercure Hangzhou Zijingang,MER,MERCURE,HANGZHOU,Chine,"No 99 Shenhua Road, Gongshu District",310011,https://all.accor.com/hotel/B7D7/index.fr.shtml,catalog_api,china,MERCURE HANGZHOU ZIJINGANG,HANGZHOU,china,Chine,asia,missing
B1V5,B1V5,Banyan Tree Hangzhou,BAN,BANYAN TREE,HANGZHOU,Chine,"2 Westbrook Resort, Zijingang, Road,  Hangzhou, Zhejiang Province",310030,https://all.accor.com/hotel/B1V5/index.fr.shtml,catalog_api,china,BANYAN TREE HANGZHOU,HANGZHOU,china,Chine,asia,missing
B1W7,B1W7,Angsana Hangzhou,ANG,ANGSANA,HANGZHOU,Chine,"8 Westbrook Resort, Hangzhou",310030,https://all.accor.com/hotel/B1W7/index.fr.shtml,catalog_api,china,ANGSANA HANGZHOU,HANGZHOU,china,Chine,asia,missing
C4V5,C4V5,"Mercure Deqing Xinshi, la vieille ville",MER,MERCURE,HUZHOU,Chine,"No 1 Xiantan Road, Deqing County, Huzhou",313201,https://all.accor.com/hotel/C4V5/index.fr.shtml,catalog_api,china,MERCURE DEQING XINSHI LA VIEILLE VILLE,HUZHOU,china,Chine,asia,missing
C5V1,C5V1,Novotel Living Hangzhou International Convention Center,NOL,NOL,ZHEJIANG,Chine,"BLDG3 ZHONGSHANGHUIFU GS HZ, District de Gongshu, HANGZHOU",310015,https://all.accor.com/hotel/C5V1/index.fr.shtml,catalog_api,china,NOVOTEL LIVING HANGZHOU INTERNATIONAL CONVENTION CENTER,ZHEJIANG,china,Chine,asia,missing
B2X3,B2X3,Mercure Suzhou Jinji Lake,MER,MERCURE,SUZHOU,Chine,"No72 Xindustreet, Suzhou Industrial Park, 地铁1号线星海广场地铁站1号口出向西500米",215021,https://all.accor.com/hotel/B2X3/index.fr.shtml,catalog_api,china,MERCURE SUZHOU JINJI LAKE,SUZHOU,china,Chine,asia,missing
A471,A471,ibis Styles Nantong Shimao Plaza Hotel,IBS,IBIS STYLES,NANTONG,Chine,"No. 101, Xindong Rd., Economic Development Zone",226010,https://all.accor.com/hotel/A471/index.fr.shtml,catalog_api,china,IBIS STYLES NANTONG SHIMAO PLAZA HOTEL,NANTONG,china,Chine,asia,missing
C4V0,C4V0,Pullman Moganshan (Ouverture prochaine),PUL,PULLMAN,MOGANSHAN DEQING,Chine,"NO 118  ZHUYUAN ROAD, MOGANSHAN, ZHEJIANG",313204,https://all.accor.com/hotel/C4V0/index.fr.shtml,catalog_api,china,PULLMAN MOGANSHAN OUVERTURE PROCHAINE,MOGANSHAN DEQING,china,Chine,asia,missing
C5C1,C5C1,Mercure Hangzhou Wenyi Road,MER,MERCURE,HANGZHOU,Chine,"No 630 Wantang Road, Xihu District, Hangzhou",310012,https://all.accor.com/hotel/C5C1/index.fr.shtml,catalog_api,china,MERCURE HANGZHOU WENYI ROAD,HANGZHOU,china,Chine,asia,missing
B6K4,B6K4,Ibis Styles Suzhou Industrial Park Jinji Lake Hotel,IBS,IBIS STYLES,SUZHOU,Chine,"No.158 XingGang Street, Lakeside New World G01-G03, Suzhou Industrial Park",215000,https://all.accor.com/hotel/B6K4/index.fr.shtml,catalog_api,china,IBIS STYLES SUZHOU INDUSTRIAL PARK JINJI LAKE HOTEL,SUZHOU,china,Chine,asia,missing
C571,C571,Mercure Hangzhou Daguan,MER,MERCURE,HANGZHOU,Chine,"No 188 Daguan Road, Gongshu District, Hangzhou",310015,https://all.accor.com/hotel/C571/index.fr.shtml,catalog_api,china,MERCURE HANGZHOU DAGUAN,HANGZHOU,china,Chine,asia,missing
C1K3,C1K3,Novotel Nantong Development Zone,NOV,NOVOTEL,NANTONG,Chine,"No 88 Longteng Road, Development Zone",226010,https://all.accor.com/hotel/C1K3/index.fr.shtml,catalog_api,china,NOVOTEL NANTONG DEVELOPMENT ZONE,NANTONG,china,Chine,asia,missing
C3Y3,C3Y3,Mercure Hangzhou West Lake Yuquan,MER,MERCURE,HANGZHOU,Chine,"136 Yugu Road, Xihu District, Hangzhou",310012,https://all.accor.com/hotel/C3Y3/index.fr.shtml,catalog_api,china,MERCURE HANGZHOU WEST LAKE YUQUAN,HANGZHOU,china,Chine,asia,missing
C4F2,C4F2,Novotel Hangzhou Xintiandi,NOV,NOVOTEL,HANGZHOU,Chine,"666 Dongxin Road, Gongshu district, Xiyue Life Plaza",310000,https://all.accor.com/hotel/C4F2/index.fr.shtml,catalog_api,china,NOVOTEL HANGZHOU XINTIANDI,HANGZHOU,china,Chine,asia,missing
C2B9,C2B9,JO&JOE Hangzhou West Lake,JOE,JO&JOE,HANGZHOU,Chine,"9 Mo Gan Shan Road, Xihu District",310000,https://all.accor.com/hotel/C2B9/index.fr.shtml,catalog_api,china,JO JOE HANGZHOU WEST LAKE,HANGZHOU,china,Chine,asia,missing
C3G8,C3G8,Garrya Yangcheng Lake,GAR,GAR,SUZHOU,Chine,"Xiangcheng Disteict Suzhou, Yancheng Lake Town",215138,https://all.accor.com/hotel/C3G8/index.fr.shtml,catalog_api,china,GARRYA YANGCHENG LAKE,SUZHOU,china,Chine,asia,missing
C3G9,C3G9,Banyan Tree Yangcheng Lake,BAN,BANYAN TREE,SUZHOU,Chine,"Xiangcheng District Suzhou, Yangcheng Lake Town",215138,https://all.accor.com/hotel/C3G9/index.fr.shtml,catalog_api,china,BANYAN TREE YANGCHENG LAKE,SUZHOU,china,Chine,asia,missing
B928,B928,Mercure Changshu Riverside,MER,MERCURE,CHANGSHU,Chine,"12 Yongjia Road, Bixi Street",215513,https://all.accor.com/hotel/B928/index.fr.shtml,catalog_api,china,MERCURE CHANGSHU RIVERSIDE,CHANGSHU,china,Chine,asia,missing
B1M5,B1M5,Mercure Hangzhou West Lake,MER,MERCURE,HANGZHOU,Chine,"No 3 Zhonghe North Road, Xiacheng District",310006,https://all.accor.com/hotel/B1M5/index.fr.shtml,catalog_api,china,MERCURE HANGZHOU WEST LAKE,HANGZHOU,china,Chine,asia,missing
C2C9,C2C9,Mercure Hangzhou West Lake Fengqi Road,MER,MERCURE,HANGZHOU,Chine,"96 Fengqi Road, Gongshu District",310000,https://all.accor.com/hotel/C2C9/index.fr.shtml,catalog_api,china,MERCURE HANGZHOU WEST LAKE FENGQI ROAD,HANGZHOU,china,Chine,asia,missing
B2U2,B2U2,ibis Hangzhou West Lake Qingchun Rd Hotel,IBH,IBIS,HANGZHOU,Chine,"Jinhe Building A 1st Floor, No. 87, Hangzhou Qingchun Road",310003,https://all.accor.com/hotel/B2U2/index.fr.shtml,catalog_api,china,IBIS HANGZHOU WEST LAKE QINGCHUN RD HOTEL,HANGZHOU,china,Chine,asia,missing
C0W6,C0W6,Mercure Nantong Suxitong au bord de la rivière,MER,MERCURE,NANTONG,Chine,"29 Jiang An Road, Chongchuan District",226000,https://all.accor.com/hotel/C0W6/index.fr.shtml,catalog_api,china,MERCURE NANTONG SUXITONG AU BORD DE LA RIVIERE,NANTONG,china,Chine,asia,missing
C0L7,C0L7,Ibis Styles Hangzhou Qiutao,IBS,IBIS STYLES,HANGZHOU,Chine,"Jiaoyun Building, 176 Qiutao North Road, Hangzhou",310016,https://all.accor.com/hotel/C0L7/index.fr.shtml,catalog_api,china,IBIS STYLES HANGZHOU QIUTAO,HANGZHOU,china,Chine,asia,missing
B1Y4,B1Y4,Mercure Hangzhou Liping Hotel,MER,MERCURE,HANGZHOU,Chine,"No 155, North Dong Hu Road, Yu Hang District",311100,https://all.accor.com/hotel/B1Y4/index.fr.shtml,catalog_api,china,MERCURE HANGZHOU LIPING HOTEL,HANGZHOU,china,Chine,asia,missing
C5B4,C5B4,Novotel Hangzhou Binjiang,NOV,NOVOTEL,ZHEJIANG,Chine,"Number239 block 4 Jucai Rd, Binjiang Hangzhou, Zhejiang China",310053,https://all.accor.com/hotel/C5B4/index.fr.shtml,catalog_api,china,NOVOTEL HANGZHOU BINJIANG,ZHEJIANG,china,Chine,asia,missing
B5L0,B5L0,Mercure Hangzhou East Railway Station,MER,MERCURE,HANGZHOU,Chine,"No 59 Huanzhan South Road, Jianggan District, Hangzhou",310000,https://all.accor.com/hotel/B5L0/index.fr.shtml,catalog_api,china,MERCURE HANGZHOU EAST RAILWAY STATION,HANGZHOU,china,Chine,asia,missing
B7U3,B7U3,Mercure Hangzhou Qingchun,MER,MERCURE,HANGZHOU,Chine,"NO 58 Xintang Road, Jianggan District",310016,https://all.accor.com/hotel/B7U3/index.fr.shtml,catalog_api,china,MERCURE HANGZHOU QINGCHUN,HANGZHOU,china,Chine,asia,missing
C1W8,C1W8,Novotel Hangzhou East Railway Station,NOV,NOVOTEL,HANGZHOU,Chine,"Xiangjianglai Time Center, Shangcheng District",310000,https://all.accor.com/hotel/C1W8/index.fr.shtml,catalog_api,china,NOVOTEL HANGZHOU EAST RAILWAY STATION,HANGZHOU,china,Chine,asia,missing
B2P6,B2P6,Mercure Hangzhou Qianjiang,MER,MERCURE,HANGZHOU,Chine,"52F Building 2, Fortune And Finance Center, No 37 Eastern Jiefang Road",310020,https://all.accor.com/hotel/B2P6/index.fr.shtml,catalog_api,china,MERCURE HANGZHOU QIANJIANG,HANGZHOU,china,Chine,asia,missing
C5C2,C5C2,Mercure Hangzhou Binjiang Star Avenue,MER,MERCURE,HANGZHOU,Chine,"No 239 Taian Road, Binjiang District, Hangzhou",310052,https://all.accor.com/hotel/C5C2/index.fr.shtml,catalog_api,china,MERCURE HANGZHOU BINJIANG STAR AVENUE,HANGZHOU,china,Chine,asia,missing
B733,B733,Sofitel Hangzhou Yingguan,SOF,SOFITEL,HANGZHOU,Chine,"No 485 Mingxing Road, Quartier Xiaoshan",311200,https://all.accor.com/hotel/B733/index.fr.shtml,catalog_api,china,SOFITEL HANGZHOU YINGGUAN,HANGZHOU,china,Chine,asia,missing
B966,B966,Novotel Kunshan Yangcheng Lake,NOV,NOVOTEL,KUNSHAN,Chine,"258 Dengyun Road, Huijin Fortune Plaza",215300,https://all.accor.com/hotel/B966/index.fr.shtml,catalog_api,china,NOVOTEL KUNSHAN YANGCHENG LAKE,KUNSHAN,china,Chine,asia,missing
B339,B339,Mercure Kunshan MIXC Hi-tech,MER,MERCURE,KUNSHAN,Chine,"No 211 Hong Qi Road, High Tech Zone, Kunshan",215300,https://all.accor.com/hotel/B339/index.fr.shtml,catalog_api,china,MERCURE KUNSHAN MIXC HI TECH,KUNSHAN,china,Chine,asia,missing
C0H4,C0H4,Pullman Jinhua,PUL,PULLMAN,JINHUA,Chine,NO 2888 West Binhong Road,320013,https://all.accor.com/hotel/C0H4/index.fr.shtml,catalog_api,china,PULLMAN JINHUA,JINHUA,china,Chine,asia,missing
B9B3,B9B3,Mercure Kunshan Beimenlu,MER,MERCURE,SUZHOU,Chine,"No 1997 Beimen Road, Yushan Town, Kunshan",215300,https://all.accor.com/hotel/B9B3/index.fr.shtml,catalog_api,china,MERCURE KUNSHAN BEIMENLU,SUZHOU,china,Chine,asia,missing
B348,B348,Ibis Haimen South Changjiang Rd Hotel,IBH,IBIS,HAIMEN,Chine,"No.518, Building 25, Longxin Square",226000,https://all.accor.com/hotel/B348/index.fr.shtml,catalog_api,china,IBIS HAIMEN SOUTH CHANGJIANG RD HOTEL,HAIMEN,china,Chine,asia,missing
B5R8,B5R8,Angsana Xishuangbanna,ANG,ANGSANA,XISHUANGBANNA,Chine,"Manxing Lake, Menghai Xishuangbanna",666200,https://all.accor.com/hotel/B5R8/index.fr.shtml,catalog_api,china,ANGSANA XISHUANGBANNA,XISHUANGBANNA,china,Chine,asia,missing
B8E3,B8E3,Novotel Kunshan East,NOV,NOVOTEL,KUNSHAN,Chine,"No  1033 Qiandaohu Road, Yushan District",215300,https://all.accor.com/hotel/B8E3/index.fr.shtml,catalog_api,china,NOVOTEL KUNSHAN EAST,KUNSHAN,china,Chine,asia,missing
B7Z8,B7Z8,Mercure Guangzhou Baiyun Int'l Airport,MER,MERCURE,GUANGZHOU,Chine,10 Airport Avenue,510800,https://all.accor.com/hotel/B7Z8/index.fr.shtml,catalog_api,china,MERCURE GUANGZHOU BAIYUN INT L AIRPORT,GUANGZHOU,china,Chine,asia,missing
C3V3,C3V3,Grand Mercure Guangzhou Baiyun International Airport,MEI,GRAND MERCURE,GUANGZHOU,Chine,"10 Airport Avenue, HuaDu District, GUANGZHOU",510000,https://all.accor.com/hotel/C3V3/index.fr.shtml,catalog_api,china,GRAND MERCURE GUANGZHOU BAIYUN INTERNATIONAL AIRPORT,GUANGZHOU,china,Chine,asia,missing
B5H9,B5H9,Pullman Suzhou Taicang,PUL,PULLMAN,TAICANG,Chine,188 Shuyuan Road,215400,https://all.accor.com/hotel/B5H9/index.fr.shtml,catalog_api,china,PULLMAN SUZHOU TAICANG,TAICANG,china,Chine,asia,missing
B321,B321,Novotel Guangzhou Baiyun Airport,NOV,NOVOTEL,GUANGZHOU,Chine,"No.2 Yiheng Road, Airport Avenue, Baiyun International Airport, Huadu",510470,https://all.accor.com/hotel/B321/index.fr.shtml,catalog_api,china,NOVOTEL GUANGZHOU BAIYUN AIRPORT,GUANGZHOU,china,Chine,asia,missing
B2W3,B2W3,Pullman Guangzhou Baiyun Airport,PUL,PULLMAN,GUANGZHOU,Chine,"No.2 Yiheng Road, Airport Avenue, Huadu, Baiyun International Airport",510470,https://all.accor.com/hotel/B2W3/index.fr.shtml,catalog_api,china,PULLMAN GUANGZHOU BAIYUN AIRPORT,GUANGZHOU,china,Chine,asia,missing
C1B2,C1B2,Pullman Haining,PUL,PULLMAN,HAINING,Chine,No 228 South Wenyuan Road,314400,https://all.accor.com/hotel/C1B2/index.fr.shtml,catalog_api,china,PULLMAN HAINING,HAINING,china,Chine,asia,missing
C4V6,C4V6,Novotel Shaoxing Keqiao,NOV,NOVOTEL,SHAOXING,Chine,"Number1505 Qunxian West Rd, Keqiao Shaoxing, Zhejiang China",312030,https://all.accor.com/hotel/C4V6/index.fr.shtml,catalog_api,china,NOVOTEL SHAOXING KEQIAO,SHAOXING,china,Chine,asia,missing
B7H8,B7H8,Novotel Shanghai Qingpu Excellence,NOV,NOVOTEL,SHANGHAI,Chine,"No. 2 Lane 1121 Qinghewan Road, Qingpu District",201700,https://all.accor.com/hotel/B7H8/index.fr.shtml,catalog_api,china,NOVOTEL SHANGHAI QINGPU EXCELLENCE,SHANGHAI,china,Chine,asia,missing
B568,B568,Ibis Styles Shanghai Qingpu Sports Center Hotel,IBS,IBIS STYLES,SHANGHAI,Chine,"No. 35 Shaduobang Road, Qingpu District, Shanghai (beside Qingpu Stadium",201799,https://all.accor.com/hotel/B568/index.fr.shtml,catalog_api,china,IBIS STYLES SHANGHAI QINGPU SPORTS CENTER HOTEL,SHANGHAI,china,Chine,asia,missing
C1S7,C1S7,Mercure Yiwu International Trade City,MER,MERCURE,YIWU,Chine,"NO 19 Chengzhong NOrth Road, Yiwu",322000,https://all.accor.com/hotel/C1S7/index.fr.shtml,catalog_api,china,MERCURE YIWU INTERNATIONAL TRADE CITY,YIWU,china,Chine,asia,missing
C6U4,C6U4,Banyan Tree Guangzhou Jiulong Lake,BAN,BANYAN TREE,GUANGZHOU,Chine,"No 3 Wenpan Street, Huangpu District",510555,https://all.accor.com/hotel/C6U4/index.fr.shtml,catalog_api,china,BANYAN TREE GUANGZHOU JIULONG LAKE,GUANGZHOU,china,Chine,asia,missing
C558,C558,Grand Mercure Guangzhou Baiyunli (ouverture prochaine),MEI,GRAND MERCURE,GUANGZHOU,Chine,"No.1023 Yuncheng East Road, Baiyun District",510000,https://all.accor.com/hotel/C558/index.fr.shtml,catalog_api,china,GRAND MERCURE GUANGZHOU BAIYUNLI OUVERTURE PROCHAINE,GUANGZHOU,china,Chine,asia,missing
C203,C203,Mercure Shanghai Baoshan (Ouverture mai 2025),MER,MERCURE,SHANGHAI,Chine,"No 2 Xiaoyun Rd, Baoshan, Shanghai",201900,https://all.accor.com/hotel/C203/index.fr.shtml,catalog_api,china,MERCURE SHANGHAI BAOSHAN OUVERTURE MAI 2025,SHANGHAI,china,Chine,asia,missing
B1E0,B1E0,Mercure Panjin,MER,MERCURE,PANJIN,Chine,"Intersection Of Xinglongtai St, And Shihua Road, Xinglongtai District",124010,https://all.accor.com/hotel/B1E0/index.fr.shtml,catalog_api,china,MERCURE PANJIN,PANJIN,china,Chine,asia,missing
C4W2,C4W2,Mercure Guangzhou Financial City Riverside,MER,MERCURE,GUANGZHOU,Chine,"No 801 Linjiang Avenue, Tianhe District, Guangzhou",510660,https://all.accor.com/hotel/C4W2/index.fr.shtml,catalog_api,china,MERCURE GUANGZHOU FINANCIAL CITY RIVERSIDE,GUANGZHOU,china,Chine,asia,missing
B0Z6,B0Z6,ibis Guangzhou Yuexiu Park Metro Station Hotel,IBH,IBIS,GUANGZHOU,Chine,No. 117 Liuhua Rd.,510016,https://all.accor.com/hotel/B0Z6/index.fr.shtml,catalog_api,china,IBIS GUANGZHOU YUEXIU PARK METRO STATION HOTEL,GUANGZHOU,china,Chine,asia,missing
B9N1,B9N1,Garrya Huzhou Lucun,GAR,GAR,HUZHOU,Chine,"No 666 Chang Lu Road Lucun, Wuxing District",313000,https://all.accor.com/hotel/B9N1/index.fr.shtml,catalog_api,china,GARRYA HUZHOU LUCUN,HUZHOU,china,Chine,asia,missing
B8J1,B8J1,Mercure Urumqi South Lake,MER,MERCURE,URUMQI,Chine,"Qiyi Sunshine Life Plaza, No. 186 Xinmin East Street, Shuimogou District",830017,https://all.accor.com/hotel/B8J1/index.fr.shtml,catalog_api,china,MERCURE URUMQI SOUTH LAKE,URUMQI,china,Chine,asia,missing
B2M3,B2M3,Mercure Shanghai NECC,MER,MERCURE,SHANGHAI,Chine,"No 666 Panlong Road, Qingpu District",201702,https://all.accor.com/hotel/B2M3/index.fr.shtml,catalog_api,china,MERCURE SHANGHAI NECC,SHANGHAI,china,Chine,asia,missing
C054,C054,Mercure Guangzhou Yuexiu Beijing Road,MER,MERCURE,GUANGZHOU,Chine,182 Beijing Road,510030,https://all.accor.com/hotel/C054/index.fr.shtml,catalog_api,china,MERCURE GUANGZHOU YUEXIU BEIJING ROAD,GUANGZHOU,china,Chine,asia,missing
B4E5,B4E5,Pullman Jiaxing Pinghu Excellence,PUL,PULLMAN,JIAXING,Chine,"N°777 Fengshou Road, Pinghu City",314200,https://all.accor.com/hotel/B4E5/index.fr.shtml,catalog_api,china,PULLMAN JIAXING PINGHU EXCELLENCE,JIAXING,china,Chine,asia,missing
B2Y2,B2Y2,Ibis Shanghai Songjiang University Town Wencheng Rd Hotel,IBH,IBIS,SHANGHAI,Chine,"No.5, Lane 500, Wencheng Road",201620,https://all.accor.com/hotel/B2Y2/index.fr.shtml,catalog_api,china,IBIS SHANGHAI SONGJIANG UNIVERSITY TOWN WENCHENG RD HOTEL,SHANGHAI,china,Chine,asia,missing
B7M8,B7M8,Mercure Urumqi Doowin Wanda Plaza,MER,MERCURE,URUMQI,Chine,"No388 Yining Road, Shayibak District",830000,https://all.accor.com/hotel/B7M8/index.fr.shtml,catalog_api,china,MERCURE URUMQI DOOWIN WANDA PLAZA,URUMQI,china,Chine,asia,missing
C3V2,C3V2,Novotel Shanghai Baoshan Jiusi,NOV,NOVOTEL,SHANGHAI,Chine,"No 8 Lane 377, Shanlian Road, Shanghai",201900,https://all.accor.com/hotel/C3V2/index.fr.shtml,catalog_api,china,NOVOTEL SHANGHAI BAOSHAN JIUSI,SHANGHAI,china,Chine,asia,missing
A5B2,A5B2,Swissôtel Foshan,SWI,SWISSÔTEL,FOSHAN,Chine,"1 Chengmen Tou West Road, Guangdong",528000,https://all.accor.com/hotel/A5B2/index.fr.shtml,catalog_api,china,SWISSOTEL FOSHAN,FOSHAN,china,Chine,asia,missing
C048,C048,Mercure Guangzhou Tianhe Sports Center,MER,MERCURE,GUANGZHOU,Chine,No 365 Tianhebei Road,510620,https://all.accor.com/hotel/C048/index.fr.shtml,catalog_api,china,MERCURE GUANGZHOU TIANHE SPORTS CENTER,GUANGZHOU,china,Chine,asia,missing
B3D0,B3D0,Novotel Suites Shanghai Hongqiao,SUI,NOVOTEL SUITES,SHANGHAI,Chine,"No 1583 Huqingping Road, Qingpu District",201702,https://all.accor.com/hotel/B3D0/index.fr.shtml,catalog_api,china,NOVOTEL SUITES SHANGHAI HONGQIAO,SHANGHAI,china,Chine,asia,missing
B1Y2,B1Y2,Mercure Shanghai Hongqiao Railway Station,MER,MERCURE,SHANGHAI,Chine,"No 5 Lane 683 Shenhong Road, Mansion Sincere Center, Minhang District",201106,https://all.accor.com/hotel/B1Y2/index.fr.shtml,catalog_api,china,MERCURE SHANGHAI HONGQIAO RAILWAY STATION,SHANGHAI,china,Chine,asia,missing
C496,C496,Swissôtel Guangzhou,SWI,SWISSÔTEL,GUANGZHOU,Chine,"1961 Huaguan Road, Tianhe District",510520,https://all.accor.com/hotel/C496/index.fr.shtml,catalog_api,china,SWISSOTEL GUANGZHOU,GUANGZHOU,china,Chine,asia,missing
C0E1,C0E1,Mercure Urumqi Beijing Road,MER,MERCURE,URUMQI,Chine,"No 55 Gaoxin Street, New Urban Area",841100,https://all.accor.com/hotel/C0E1/index.fr.shtml,catalog_api,china,MERCURE URUMQI BEIJING ROAD,URUMQI,china,Chine,asia,missing
C2E4,C2E4,Novotel Jiaxing Port Area,NOV,NOVOTEL,JIAXING,Chine,"No 719 Washan Road, Jiaxing Port Area",341201,https://all.accor.com/hotel/C2E4/index.fr.shtml,catalog_api,china,NOVOTEL JIAXING PORT AREA,JIAXING,china,Chine,asia,missing
B0Y2,B0Y2,Mercure Shanghai Hongqiao SOHO,MER,MERCURE,SHANGHAI,Chine,99 Fu Quan Road,200335,https://all.accor.com/hotel/B0Y2/index.fr.shtml,catalog_api,china,MERCURE SHANGHAI HONGQIAO SOHO,SHANGHAI,china,Chine,asia,missing
B2S0,B2S0,Mercure Shanghai Jiuting,MER,MERCURE,SHANGHAI,Chine,"Building 5 No 178 Puhui Road, Songjiang District, Shanghai",201615,https://all.accor.com/hotel/B2S0/index.fr.shtml,catalog_api,china,MERCURE SHANGHAI JIUTING,SHANGHAI,china,Chine,asia,missing
B566,B566,Ibis Shanghai Hongqiao Railway Station Airport,IBH,IBIS,SHANGHAI,Chine,"No. 1 Lane 289 Huxing RD, Minhang District, Shanghai",201101,https://all.accor.com/hotel/B566/index.fr.shtml,catalog_api,china,IBIS SHANGHAI HONGQIAO RAILWAY STATION AIRPORT,SHANGHAI,china,Chine,asia,missing
B2U0,B2U0,ibis Styles Shanghai Hongqiao Airport Huqingping Highway Hot,IBS,IBIS STYLES,SHANGHAI,Chine,"NO.479, Huqingping Road, Minhang District",201799,https://all.accor.com/hotel/B2U0/index.fr.shtml,catalog_api,china,IBIS STYLES SHANGHAI HONGQIAO AIRPORT HUQINGPING HIGHWAY HOT,SHANGHAI,china,Chine,asia,missing
C3I1,C3I1,Aéroport Mercure Shanghai Hongqiao,MER,MERCURE,SHANGHAI,Chine,"288 XING ZHAN ROAD, MINHANG, Shanghai",201101,https://all.accor.com/hotel/C3I1/index.fr.shtml,catalog_api,china,AEROPORT MERCURE SHANGHAI HONGQIAO,SHANGHAI,china,Chine,asia,missing
C3I3,C3I3,Novotel Shanghai Hongqiao International Airport,NOV,NOVOTEL,SHANGHAI CITY,Chine,"NO 288 Xingzhan Road, Minhang District Shanghai, China",201101,https://all.accor.com/hotel/C3I3/index.fr.shtml,catalog_api,china,NOVOTEL SHANGHAI HONGQIAO INTERNATIONAL AIRPORT,SHANGHAI CITY,china,Chine,asia,missing
B3E8,B3E8,ibis Urumqi Railway Station,IBH,IBIS,URUMQI,Chine,"926, South Beijing Road, XinShi District",830011,https://all.accor.com/hotel/B3E8/index.fr.shtml,catalog_api,china,IBIS URUMQI RAILWAY STATION,URUMQI,china,Chine,asia,missing
B924,B924,Mercure Urumqi Railway Station,MER,MERCURE,URUMQI,Chine,"No 36 Rongsheng 3rd Road, Economic Development Zone",830000,https://all.accor.com/hotel/B924/index.fr.shtml,catalog_api,china,MERCURE URUMQI RAILWAY STATION,URUMQI,china,Chine,asia,missing
B7U4,B7U4,Mercure Urumqi centre-ville,MER,MERCURE,URUMQI,Chine,"17 Jiangsu West Road, Urumqi Xinshiqu District",830000,https://all.accor.com/hotel/B7U4/index.fr.shtml,catalog_api,china,MERCURE URUMQI CENTRE VILLE,URUMQI,china,Chine,asia,missing
B5P8,B5P8,Ibis Styles Qidong Middle Renmin Road Hotel,IBS,IBIS STYLES,QIDONG,Chine,"No.890-900 Renmin Zhonglu, Qidong City, Jiangsu Province",226299,https://all.accor.com/hotel/B5P8/index.fr.shtml,catalog_api,china,IBIS STYLES QIDONG MIDDLE RENMIN ROAD HOTEL,QIDONG,china,Chine,asia,missing
C1X0,C1X0,Mercure Qidong Downtown,MER,MERCURE,QIDONG,Chine,"578 Gongyyuan Road, Qidong City",226200,https://all.accor.com/hotel/C1X0/index.fr.shtml,catalog_api,china,MERCURE QIDONG DOWNTOWN,QIDONG,china,Chine,asia,missing
C4W7,C4W7,Mövenpick by Accor Urumqi Jingkai,MOV,MÖVENPICK,URUMQI,Chine,"No19 Peng hu Road, Economic Development Zone",830000,https://all.accor.com/hotel/C4W7/index.fr.shtml,catalog_api,china,MOVENPICK BY ACCOR URUMQI JINGKAI,URUMQI,china,Chine,asia,missing
B3E5,B3E5,Ibis Guangzhou International Exhibition Center Hotel,IBH,IBIS,GUANGZHOU,Chine,"No.9 Xinhai Street, Xinjiao Middle Road, Haizhu District",510310,https://all.accor.com/hotel/B3E5/index.fr.shtml,catalog_api,china,IBIS GUANGZHOU INTERNATIONAL EXHIBITION CENTER HOTEL,GUANGZHOU,china,Chine,asia,missing
B3E7,B3E7,Ibis Urumqi Weixing Square Hotel,IBH,IBIS,URUMQI,Chine,"No.31 Beihai Road, Economic & Technological Develo, Urumqi",830026,https://all.accor.com/hotel/B3E7/index.fr.shtml,catalog_api,china,IBIS URUMQI WEIXING SQUARE HOTEL,URUMQI,china,Chine,asia,missing
B061,B061,Mercure Shanghai Hongqiao South,MER,MERCURE,SHANGAI,Chine,"No 3069 Hong Xin Road, Min Hang District Shanghai, 无",201101,https://all.accor.com/hotel/B061/index.fr.shtml,catalog_api,china,MERCURE SHANGHAI HONGQIAO SOUTH,SHANGAI,china,Chine,asia,missing
B3B6,B3B6,Mercure Shanghai Global Harbor,MER,MERCURE,SHANGHAI,Chine,"No 1305 North Kaixuan Road, Putuo District, Shanghai Province",200063,https://all.accor.com/hotel/B3B6/index.fr.shtml,catalog_api,china,MERCURE SHANGHAI GLOBAL HARBOR,SHANGHAI,china,Chine,asia,missing
B6B6,B6B6,ibis Styles Shangai Gubei,IBS,IBIS STYLES,SHANGHAI,Chine,No 486 Hongxu Road,201103,https://all.accor.com/hotel/B6B6/index.fr.shtml,catalog_api,china,IBIS STYLES SHANGAI GUBEI,SHANGHAI,china,Chine,asia,missing
B2P4,B2P4,Mercure Shanghai Hongqiao Central,MER,MERCURE,SHANGHAI,Chine,"No 368 Hong Xu Road, Min Hang District Shanghai, N° 368, HONG XU ROAD SHANG HAI",201103,https://all.accor.com/hotel/B2P4/index.fr.shtml,catalog_api,china,MERCURE SHANGHAI HONGQIAO CENTRAL,SHANGHAI,china,Chine,asia,missing
B8T6,B8T6,Mercure Guangzhou Financial City,MER,MERCURE,GUANGZHOU,Chine,"No 885 HuangPu Road, HuangPu District",510000,https://all.accor.com/hotel/B8T6/index.fr.shtml,catalog_api,china,MERCURE GUANGZHOU FINANCIAL CITY,GUANGZHOU,china,Chine,asia,missing
C4X2,C4X2,Swissôtel Living Shanghai Hongqiao,SWL,SWL,SHANGHAI,Chine,"No 5 Zunyi South Road, Changning District",200050,https://all.accor.com/hotel/C4X2/index.fr.shtml,catalog_api,china,SWISSOTEL LIVING SHANGHAI HONGQIAO,SHANGHAI,china,Chine,asia,missing
C4X1,C4X1,Hotel Shanghai Hongqiao - Handwritten Collection,SOU,SOU,SHANGHAI,Chine,"No 5 Zunyi South Road, Changning District",200336,https://all.accor.com/hotel/C4X1/index.fr.shtml,catalog_api,china,HOTEL SHANGHAI HONGQIAO HANDWRITTEN COLLECTION,SHANGHAI,china,Chine,asia,missing
C1D8,C1D8,Mercure Urumqi Airport,MER,MERCURE,URUMQI,Chine,No 138 North Central Asia Road,830000,https://all.accor.com/hotel/C1D8/index.fr.shtml,catalog_api,china,MERCURE URUMQI AIRPORT,URUMQI,china,Chine,asia,missing
C4T9,C4T9,Novotel Shanghai Hongqiao Gubei,NOV,NOVOTEL,SHANGHAI,Chine,"1881 Gubei Road, Minhang District, Shanghai",201103,https://all.accor.com/hotel/C4T9/index.fr.shtml,catalog_api,china,NOVOTEL SHANGHAI HONGQIAO GUBEI,SHANGHAI,china,Chine,asia,missing
B2A9,B2A9,ibis Shanghai Changshou Road Hotel,IBH,IBIS,SHANGHAI,Chine,"NO.892, Changshou Rd, Putuo District",200042,https://all.accor.com/hotel/B2A9/index.fr.shtml,catalog_api,china,IBIS SHANGHAI CHANGSHOU ROAD HOTEL,SHANGHAI,china,Chine,asia,missing
C3T3,C3T3,Mercure Guangzhou Panyu,MER,MERCURE,GUANGZHOU,Chine,"No 635 Puhua Road, Panyu District, Guangzhou",511431,https://all.accor.com/hotel/C3T3/index.fr.shtml,catalog_api,china,MERCURE GUANGZHOU PANYU,GUANGZHOU,china,Chine,asia,missing
B4F0,B4F0,Ibis Styles Shanghai caohejing Hotel,IBS,IBIS STYLES,SHANGHAI,Chine,"No.208 Donglan Road, Minhang District, Shanghai",201102,https://all.accor.com/hotel/B4F0/index.fr.shtml,catalog_api,china,IBIS STYLES SHANGHAI CAOHEJING HOTEL,SHANGHAI,china,Chine,asia,missing
C4T3,C4T3,Mercure Shanghai Xuhui Caohejing,MER,MERCURE,SHANGHAI,Chine,"Building 1 No 509 Caobao Road, Xuhui District, Shanghai",200233,https://all.accor.com/hotel/C4T3/index.fr.shtml,catalog_api,china,MERCURE SHANGHAI XUHUI CAOHEJING,SHANGHAI,china,Chine,asia,missing
B886,B886,Novotel Shanghai Wanyuan,NOV,NOVOTEL,SHANGHAI,Chine,"No 599 Wanyuan Road, Minhang District",201103,https://all.accor.com/hotel/B886/index.fr.shtml,catalog_api,china,NOVOTEL SHANGHAI WANYUAN,SHANGHAI,china,Chine,asia,missing
B761,B761,Ibis Shanghai Hongcao Road,IBH,IBIS,SHANGHAI,Chine,"24 Hongcao Road, Caohejing Xuhui District, Shanghai",200233,https://all.accor.com/hotel/B761/index.fr.shtml,catalog_api,china,IBIS SHANGHAI HONGCAO ROAD,SHANGHAI,china,Chine,asia,missing
A5C9,A5C9,Swissôtel Grand Shanghai,SWI,SWISSÔTEL,SHANGAI,Chine,"1 Yu Yuan Road, District de Jing An",200040,https://all.accor.com/hotel/A5C9/index.fr.shtml,catalog_api,china,SWISSOTEL GRAND SHANGHAI,SHANGAI,china,Chine,asia,missing
C222,C222,Novotel Shanghai JingAn,NOV,NOVOTEL,SHANGHAI,Chine,"558 NORTH XIZANG ROAD, JINGAN DISTRICT, SHANGHAI",200071,https://all.accor.com/hotel/C222/index.fr.shtml,catalog_api,china,NOVOTEL SHANGHAI JINGAN,SHANGHAI,china,Chine,asia,missing
C3E7,C3E7,Novotel Living Shanghai Jingan,NOL,NOL,SHANGHAI,Chine,558 North Xizang Road,200071,https://all.accor.com/hotel/C3E7/index.fr.shtml,catalog_api,china,NOVOTEL LIVING SHANGHAI JINGAN,SHANGHAI,china,Chine,asia,missing
B432,B432,Mercure Shanghai Xujiahui South (ouverture janvier 2020),MER,MERCURE,SHANGHAI,Chine,"No 9505 Hu Min Road, Xu Hui District",201108,https://all.accor.com/hotel/B432/index.fr.shtml,catalog_api,china,MERCURE SHANGHAI XUJIAHUI SOUTH OUVERTURE JANVIER 2020,SHANGHAI,china,Chine,asia,missing
C3N7,C3N7,Mövenpick by Accor Shanghai People's Square,MOV,MÖVENPICK,SHANGHAI,Chine,"Verdant Plaza,No.128 West Nanjing Road ,Huangpu District, Shanghai, China",200003,https://all.accor.com/hotel/C3N7/index.fr.shtml,catalog_api,china,MOVENPICK BY ACCOR SHANGHAI PEOPLE S SQUARE,SHANGHAI,china,Chine,asia,missing
C4L7,C4L7,Novotel Shanghai Xuhui Riverside,NOV,NOVOTEL,SHANGHAI,Chine,"5-7F No165 Wuxuan Road, Xuhui District, SHANGHAI",200232,https://all.accor.com/hotel/C4L7/index.fr.shtml,catalog_api,china,NOVOTEL SHANGHAI XUHUI RIVERSIDE,SHANGHAI,china,Chine,asia,missing
C4T0,C4T0,Novotel Living Shanghai Xuhui Riverside,NOL,NOL,SHANGHAI,Chine,"8-16F No165 Wuxuan Road, Xuhui District, SHANGHAI",200232,https://all.accor.com/hotel/C4T0/index.fr.shtml,catalog_api,china,NOVOTEL LIVING SHANGHAI XUHUI RIVERSIDE,SHANGHAI,china,Chine,asia,missing
B9G8,B9G8,Sofitel Shanghai North Bund,SOF,SOFITEL,SHANGHAI,Chine,"601 Li Yang Road, Hongkou District",200080,https://all.accor.com/hotel/B9G8/index.fr.shtml,catalog_api,china,SOFITEL SHANGHAI NORTH BUND,SHANGHAI,china,Chine,asia,missing
A5G7,A5G7,Fairmont Peace Hotel,FAI,FAIRMONT,SHANGHAI,Chine,20 Nanjing Road East,200002,https://all.accor.com/hotel/A5G7/index.fr.shtml,catalog_api,china,FAIRMONT PEACE HOTEL,SHANGHAI,china,Chine,asia,missing
B6V0,B6V0,Ibis Foshan Shunde Hotel,IBH,IBIS,FOSHAN,Chine,"104 Baichen Road, Chencun Town Shunde District, Foshan City",528313,https://all.accor.com/hotel/B6V0/index.fr.shtml,catalog_api,china,IBIS FOSHAN SHUNDE HOTEL,FOSHAN,china,Chine,asia,missing
C2R4,C2R4,Mercure Foshan Midea Headquarters,MER,MERCURE,FOSHAN,Chine,"No 2 Yifu Road, Beijiao Town, Shunde District",528300,https://all.accor.com/hotel/C2R4/index.fr.shtml,catalog_api,china,MERCURE FOSHAN MIDEA HEADQUARTERS,FOSHAN,china,Chine,asia,missing
B1K6,B1K6,Mercure Shanghai Yu Garden sur le Bund,MER,MERCURE,SHANGHAI,Chine,"No 789 East Fuxing  Road, Huangpu District, Shanghai",200020,https://all.accor.com/hotel/B1K6/index.fr.shtml,catalog_api,china,MERCURE SHANGHAI YU GARDEN SUR LE BUND,SHANGHAI,china,Chine,asia,missing
B866,B866,Pullman Foshan Shunde,PUL,PULLMAN,FOSHAN,Chine,"2 Linshang Road, Beijiao Town, Shunde District",528311,https://all.accor.com/hotel/B866/index.fr.shtml,catalog_api,china,PULLMAN FOSHAN SHUNDE,FOSHAN,china,Chine,asia,missing
B1U4,B1U4,Banyan Tree Shanghai On the Bund,BAN,BANYAN TREE,SHANGHAI,Chine,19 Gong Ping Road,200082,https://all.accor.com/hotel/B1U4/index.fr.shtml,catalog_api,china,BANYAN TREE SHANGHAI ON THE BUND,SHANGHAI,china,Chine,asia,missing
C4N3,C4N3,Mercure Shanghai Lujiazui Financial Center,MER,MERCURE,SHANGHAI,Chine,"138  Pudong Avenue, Pudong New District, Shanghai",210000,https://all.accor.com/hotel/C4N3/index.fr.shtml,catalog_api,china,MERCURE SHANGHAI LUJIAZUI FINANCIAL CENTER,SHANGHAI,china,Chine,asia,missing
B6U5,B6U5,Mercure Shanghai Qiantan,MER,MERCURE,SHANGHAI,Chine,"泳耀路480号, Pudong New District",200120,https://all.accor.com/hotel/B6U5/index.fr.shtml,catalog_api,china,MERCURE SHANGHAI QIANTAN,SHANGHAI,china,Chine,asia,missing
C044,C044,Mercure Shanghai Lujiazui,MER,MERCURE,SHANGHAI,Chine,"1535 Pudong Avenue, Pudong New Area",200120,https://all.accor.com/hotel/C044/index.fr.shtml,catalog_api,china,MERCURE SHANGHAI LUJIAZUI,SHANGHAI,china,Chine,asia,missing
A602,A602,Mercure Shanghai Waigaoqiao Free Trade Zone,MER,MERCURE,SHANGHAI,Chine,"99 Keelong Road Pudong Area, Pudong New Area Shanghai",200131,https://all.accor.com/hotel/A602/index.fr.shtml,catalog_api,china,MERCURE SHANGHAI WAIGAOQIAO FREE TRADE ZONE,SHANGHAI,china,Chine,asia,missing
C5Q3,C5Q3,Mercure Shanghai Lujiazui Binjiang Center,MER,MERCURE,SHANGHAI,Chine,"Lane 18 North Gushan Road, Block B Zhongqi Shiji Building, Pudong New Area",200135,https://all.accor.com/hotel/C5Q3/index.fr.shtml,catalog_api,china,MERCURE SHANGHAI LUJIAZUI BINJIANG CENTER,SHANGHAI,china,Chine,asia,missing
C4L4,C4L4,Grand Mercure Shanghai Century Park,MEI,GRAND MERCURE,SHANGHAI,Chine,"1199 Yingchun Road, Pudong New District",200135,https://all.accor.com/hotel/C4L4/index.fr.shtml,catalog_api,china,GRAND MERCURE SHANGHAI CENTURY PARK,SHANGHAI,china,Chine,asia,missing
B930,B930,Mercure Shanghai Jinqiao,MER,MERCURE,SHANGHAI,Chine,"159 Xinjinqiao Road, Pudong District",200120,https://all.accor.com/hotel/B930/index.fr.shtml,catalog_api,china,MERCURE SHANGHAI JINQIAO,SHANGHAI,china,Chine,asia,missing
C2R9,C2R9,Mercure Shanghai Pujiang,MER,MERCURE,SHANGHAI,Chine,"Lane 1800 Zhaolou Road, Minhang District",200000,https://all.accor.com/hotel/C2R9/index.fr.shtml,catalog_api,china,MERCURE SHANGHAI PUJIANG,SHANGHAI,china,Chine,asia,missing
C1X1,C1X1,Mercure Shanghai Pudong Zhangjiang Park,MER,MERCURE,SHANGHAI,Chine,"No 178 Ziwei Road, Pudong New District",201210,https://all.accor.com/hotel/C1X1/index.fr.shtml,catalog_api,china,MERCURE SHANGHAI PUDONG ZHANGJIANG PARK,SHANGHAI,china,Chine,asia,missing
B3F1,B3F1,ibis Styles Shanghai Zhangjiang Hotel,IBS,IBIS STYLES,SHANGHAI,Chine,"NO.1206, Zhangjiang Rd, Pudong District",201203,https://all.accor.com/hotel/B3F1/index.fr.shtml,catalog_api,china,IBIS STYLES SHANGHAI ZHANGJIANG HOTEL,SHANGHAI,china,Chine,asia,missing
B3E9,B3E9,Ibis Changji Jianshe Road Snack Street,IBH,IBIS,CHANGJI,Chine,"Opposite To Huimin Snack Street, No. 298 Jianshe Road, Changji City -- Traditional Chi",831199,https://all.accor.com/hotel/B3E9/index.fr.shtml,catalog_api,china,IBIS CHANGJI JIANSHE ROAD SNACK STREET,CHANGJI,china,Chine,asia,missing
A3P3,A3P3,Novotel Shanghai Clover,NOV,NOVOTEL,SHANGAI,Chine,"Building No 1, Lane 3188 Xiupu Road, Pudong",201315,https://all.accor.com/hotel/A3P3/index.fr.shtml,catalog_api,china,NOVOTEL SHANGHAI CLOVER,SHANGAI,china,Chine,asia,missing
C0J8,C0J8,Ibis Shanghai Xiupu Road Hotel,IBH,IBIS,SHANGHAI,Chine,"Xiupu Road, No.3188-25, Pudong New Area",200120,https://all.accor.com/hotel/C0J8/index.fr.shtml,catalog_api,china,IBIS SHANGHAI XIUPU ROAD HOTEL,SHANGHAI,china,Chine,asia,missing
B0Y6,B0Y6,Novotel Shanghai Chuansha,NOV,NOVOTEL,SHANGHAI,Chine,"5989 Chuansha Road, Pudong New Area",200120,https://all.accor.com/hotel/B0Y6/index.fr.shtml,catalog_api,china,NOVOTEL SHANGHAI CHUANSHA,SHANGHAI,china,Chine,asia,missing
C0Y2,C0Y2,Ibis Styles Shengzhou,IBS,IBIS STYLES,SHAOXING,Chine,"18 Huimin Street, Shengzhou City",312400,https://all.accor.com/hotel/C0Y2/index.fr.shtml,catalog_api,china,IBIS STYLES SHENGZHOU,SHAOXING,china,Chine,asia,missing
C0S8,C0S8,Novotel Suning Shanghai International Tourism Zone North Tower,NOV,NOVOTEL,SHANGHAI,Chine,"No. 1188 Nanliu Road, Pudong New District",201299,https://all.accor.com/hotel/C0S8/index.fr.shtml,catalog_api,china,NOVOTEL SUNING SHANGHAI INTERNATIONAL TOURISM ZONE NORTH TOWER,SHANGHAI,china,Chine,asia,missing
C0S7,C0S7,Novotel Suning Shanghai International Tourism Zone South Tower,NOV,NOVOTEL,SHANGHAI,Chine,"No 1188 Nanliu Road, Pudong New District",201299,https://all.accor.com/hotel/C0S7/index.fr.shtml,catalog_api,china,NOVOTEL SUNING SHANGHAI INTERNATIONAL TOURISM ZONE SOUTH TOWER,SHANGHAI,china,Chine,asia,missing
C0X4,C0X4,Ibis Maoming Cultural Plaza,IBH,IBIS,MAOMING,Chine,"33 Guanshan Si Lu, Maoming City, Guangdong Province",525000,https://all.accor.com/hotel/C0X4/index.fr.shtml,catalog_api,china,IBIS MAOMING CULTURAL PLAZA,MAOMING,china,Chine,asia,missing
B4D6,B4D6,Mercure Guangzhou Nansha,MER,MERCURE,GUANGZHOU,Chine,"No 577, Harbor Avenue, Nansha District",523997,https://all.accor.com/hotel/B4D6/index.fr.shtml,catalog_api,china,MERCURE GUANGZHOU NANSHA,GUANGZHOU,china,Chine,asia,missing
C0J5,C0J5,Ibis Dongguan Songshan Lake,IBH,IBIS,DONGGUAN,Chine,"No. 30, Yuanxin Road, Dalingshan Town",523825,https://all.accor.com/hotel/C0J5/index.fr.shtml,catalog_api,china,IBIS DONGGUAN SONGSHAN LAKE,DONGGUAN,china,Chine,asia,missing
C5W2,C5W2,Dhawa Beihai Weizhou Island,DHA,DHAWA,BEIHAI,Chine,"No 3 Huandao West Road, Weizhou Island, Haicheng District",536004,https://all.accor.com/hotel/C5W2/index.fr.shtml,catalog_api,china,DHAWA BEIHAI WEIZHOU ISLAND,BEIHAI,china,Chine,asia,missing
B6C1,B6C1,Grand Mercure Shanghai Lingang,MEI,GRAND MERCURE,SHANGHAI,Chine,"No 288 Yunying Road, Fengxian District",201306,https://all.accor.com/hotel/B6C1/index.fr.shtml,catalog_api,china,GRAND MERCURE SHANGHAI LINGANG,SHANGHAI,china,Chine,asia,missing
C288,C288,Banyan Tree Dongguan Songshan Lake,BAN,BANYAN TREE,DONGGUAN,Chine,"No 7 Hu An Road, Songshan Lake Dongguan Guangdong",523808,https://all.accor.com/hotel/C288/index.fr.shtml,catalog_api,china,BANYAN TREE DONGGUAN SONGSHAN LAKE,DONGGUAN,china,Chine,asia,missing
B887,B887,Novotel Dongguan Songshan Lake,NOV,NOVOTEL,DONGGUAN,Chine,"Nº 1 Ningxie Road, Songshan Lake",523808,https://all.accor.com/hotel/B887/index.fr.shtml,catalog_api,china,NOVOTEL DONGGUAN SONGSHAN LAKE,DONGGUAN,china,Chine,asia,missing
B848,B848,Ibis Styles DG Changan LightRail,IBS,IBIS STYLES,DONGGUAN,Chine,"No.36 Jinghai Middle Road, Shatou Chang'an Town, Dongguan Guangdong",523843,https://all.accor.com/hotel/B848/index.fr.shtml,catalog_api,china,IBIS STYLES DG CHANGAN LIGHTRAIL,DONGGUAN,china,Chine,asia,missing
B3D8,B3D8,ibis Styles Dongguan Chang'an Wanda Plaza Hotel,IBS,IBIS STYLES,DONGGUAN,Chine,"NO.184, Xiaobian Street, Changan Town",523849,https://all.accor.com/hotel/B3D8/index.fr.shtml,catalog_api,china,IBIS STYLES DONGGUAN CHANG AN WANDA PLAZA HOTEL,DONGGUAN,china,Chine,asia,missing
B101,B101,ibis Shigatse City Lhaze County,IBH,IBIS,SHIGATSE,Chine,"No.13, Lao Zhongni Road, Lazhong County",857000,https://all.accor.com/hotel/B101/index.fr.shtml,catalog_api,china,IBIS SHIGATSE CITY LHAZE COUNTY,SHIGATSE,china,Chine,asia,missing
C3L3,C3L3,Garrya Xianju,GAR,GAR,TAIZHOU,Chine,"浙江省仙居县, 白塔镇云起路999号, Xianju",317317,https://all.accor.com/hotel/C3L3/index.fr.shtml,catalog_api,china,GARRYA XIANJU,TAIZHOU,china,Chine,asia,missing
B9T7,B9T7,Pullman Taizhou Shenxianju,PUL,PULLMAN,TAIZHOU,Chine,"58 Xianfeng Road, Xianju Baita Town",317300,https://all.accor.com/hotel/B9T7/index.fr.shtml,catalog_api,china,PULLMAN TAIZHOU SHENXIANJU,TAIZHOU,china,Chine,asia,missing
C1A5,C1A5,Mercure Shanghai Lingang Oriental Pearl,MER,MERCURE,SHANGHAI,Chine,"No 233 Bo Ying Road, Pudong New District",210000,https://all.accor.com/hotel/C1A5/index.fr.shtml,catalog_api,china,MERCURE SHANGHAI LINGANG ORIENTAL PEARL,SHANGHAI,china,Chine,asia,missing
B9F6,B9F6,Grand Mercure Shenzhen Guangming,MEI,GRAND MERCURE,SHENZHEN,Chine,"Building 1A Jianfa Yuefu Square, Guangming Distrct",518107,https://all.accor.com/hotel/B9F6/index.fr.shtml,catalog_api,china,GRAND MERCURE SHENZHEN GUANGMING,SHENZHEN,china,Chine,asia,missing
B923,B923,Novotel Shanghai Lingang,NOV,NOVOTEL,SHANGHAI,Chine,"No 777 Huanhu South 1st Road, Pudong New Area",201306,https://all.accor.com/hotel/B923/index.fr.shtml,catalog_api,china,NOVOTEL SHANGHAI LINGANG,SHANGHAI,china,Chine,asia,missing
C0C2,C0C2,Grand Mercure Taizhou Tiantai,MEI,GRAND MERCURE,TAIZHOU,Chine,"No99 Yulong Road, Shifeng Street, Taizhou",317200,https://all.accor.com/hotel/C0C2/index.fr.shtml,catalog_api,china,GRAND MERCURE TAIZHOU TIANTAI,TAIZHOU,china,Chine,asia,missing
B5U1,B5U1,IBIS styles taizhou tiantai HOTEL,IBS,IBIS STYLES,TIANTAI,Chine,"In The NO.99 Hanshan Road, County, Taizhou City",317205,https://all.accor.com/hotel/B5U1/index.fr.shtml,catalog_api,china,IBIS STYLES TAIZHOU TIANTAI HOTEL,TIANTAI,china,Chine,asia,missing
B9N9,B9N9,Fashion Town Hotel Shenzhen - MGallery Collection,MGA,MGALLERY,SHENZHEN,Chine,"8 Langyun Road, Dalang Street, Longhua District",518110,https://all.accor.com/hotel/B9N9/index.fr.shtml,catalog_api,china,FASHION TOWN HOTEL SHENZHEN MGALLERY COLLECTION,SHENZHEN,china,Chine,asia,missing
B643,B643,Ibis Tongliao Ganqika Hotel,IBH,IBIS,TONGLIAO,Chine,"300 Meters South Of The, Left-wing Flag GOV Of Horqin, Tongliao City",028100,https://all.accor.com/hotel/B643/index.fr.shtml,catalog_api,china,IBIS TONGLIAO GANQIKA HOTEL,TONGLIAO,china,Chine,asia,missing
B1K9,B1K9,Mercure Shenzhen Pinghu,MER,MERCURE,SHENZHEN,Chine,"No 33 Fenghuang Road, Longgang District, Longgang District",518111,https://all.accor.com/hotel/B1K9/index.fr.shtml,catalog_api,china,MERCURE SHENZHEN PINGHU,SHENZHEN,china,Chine,asia,missing
B8J0,B8J0,Mercure Ningbo Yinzhou,MER,MERCURE,NINGBO,Chine,"796 Baizhang East Road, Yinzhou District, Ningbo",315041,https://all.accor.com/hotel/B8J0/index.fr.shtml,catalog_api,china,MERCURE NINGBO YINZHOU,NINGBO,china,Chine,asia,missing
B2H2,B2H2,Pullman Shenzhen North,PUL,PULLMAN,SHENZHEN,Chine,No 385 Mintang Road,518109,https://all.accor.com/hotel/B2H2/index.fr.shtml,catalog_api,china,PULLMAN SHENZHEN NORTH,SHENZHEN,china,Chine,asia,missing
B5X6,B5X6,Ibis Shenzhen Nanxin Road Hotel,IBH,IBIS,SHENZHEN,Chine,"No.3020-4 Nanxin Road, Nanshan District, Shenzhen",518000,https://all.accor.com/hotel/B5X6/index.fr.shtml,catalog_api,china,IBIS SHENZHEN NANXIN ROAD HOTEL,SHENZHEN,china,Chine,asia,missing
C019,C019,Grand Mercure Huizhou Huiyang,MEI,GRAND MERCURE,HUIZHOU,Chine,"No 6 Haoyikang 1 Road, Huiyang District",510620,https://all.accor.com/hotel/C019/index.fr.shtml,catalog_api,china,GRAND MERCURE HUIZHOU HUIYANG,HUIZHOU,china,Chine,asia,missing
B6Q8,B6Q8,Grand Mercure Shenzhen Nanshan,MEI,GRAND MERCURE,SHENZHEN,Chine,"No 1177 Nanxin Road, Nanshan District",518000,https://all.accor.com/hotel/B6Q8/index.fr.shtml,catalog_api,china,GRAND MERCURE SHENZHEN NANSHAN,SHENZHEN,china,Chine,asia,missing
A7Z7,A7Z7,Raffles Shenzhen,RAF,RAFFLES,SHENZHEN,Chine,"3008 Zhongxin Rd, Nanshan, Shenzhen",518054,https://all.accor.com/hotel/A7Z7/index.fr.shtml,catalog_api,china,RAFFLES SHENZHEN,SHENZHEN,china,Chine,asia,missing
B7M7,B7M7,Mercure Shenzhen Nanshan,MER,MERCURE,SHENZHEN,Chine,"No 4 Houhai Road, Nanshan District",518000,https://all.accor.com/hotel/B7M7/index.fr.shtml,catalog_api,china,MERCURE SHENZHEN NANSHAN,SHENZHEN,china,Chine,asia,missing
C5X4,C5X4,BANYAN TREE ZHUHAI PHOENIX BAY,BAN,BANYAN TREE,ZHUHAI,Chine,"NO 9 QUANXING EAST ROAD, HI TECH ZONE, ZHUHAI",519000,https://all.accor.com/hotel/C5X4/index.fr.shtml,catalog_api,china,BANYAN TREE ZHUHAI PHOENIX BAY,ZHUHAI,china,Chine,asia,missing
B5Y7,B5Y7,Mercure Shenzhen Sports Center,MER,MERCURE,SHENZHEN,Chine,"No 3001 1 Hongling North Road, Futian District",518000,https://all.accor.com/hotel/B5Y7/index.fr.shtml,catalog_api,china,MERCURE SHENZHEN SPORTS CENTER,SHENZHEN,china,Chine,asia,missing
B2T1,B2T1,Angsana Zhuhai Phoenix Bay,ANG,ANGSANA,ZHUHAI,Chine,"No 9 Quanxing East Road, Hi Tech Zone Zhuhai City, Guangdong Province",519000,https://all.accor.com/hotel/B2T1/index.fr.shtml,catalog_api,china,ANGSANA ZHUHAI PHOENIX BAY,ZHUHAI,china,Chine,asia,missing
C0L5,C0L5,Ibis Styles Zhuhai Nanping Huafa,IBS,IBIS STYLES,ZHUHAI,Chine,"12 BOX Creative Park, Huanping Road, Nanping Town Zhuhai",519000,https://all.accor.com/hotel/C0L5/index.fr.shtml,catalog_api,china,IBIS STYLES ZHUHAI NANPING HUAFA,ZHUHAI,china,Chine,asia,missing
C1A6,C1A6,Mercure Zhuhai Xiangzhou Coast,MER,MERCURE,ZHUHAI,Chine,"No 99 Jida Road, Xiangzhou District",519015,https://all.accor.com/hotel/C1A6/index.fr.shtml,catalog_api,china,MERCURE ZHUHAI XIANGZHOU COAST,ZHUHAI,china,Chine,asia,missing
C4U8,C4U8,Homm Wenzhou Nanxijiang,HOM,HOM,WENZHOU,Chine,No2 Nanchen Village,325100,https://all.accor.com/hotel/C4U8/index.fr.shtml,catalog_api,china,HOMM WENZHOU NANXIJIANG,WENZHOU,china,Chine,asia,missing
C241,C241,Angsana Zhuhai Hengqin,ANG,ANGSANA,ZHUHAI,Chine,"No 288 Chonglou Road, Guangdong Macao in Depth, Cooperation Zone in Hengqin",519000,https://all.accor.com/hotel/C241/index.fr.shtml,catalog_api,china,ANGSANA ZHUHAI HENGQIN,ZHUHAI,china,Chine,asia,missing
C1Y8,C1Y8,Grand Mercure Shenyang Convention and Exhibition Center,MEI,GRAND MERCURE,SHENYANG,Chine,"89 Hongchun Road, Quartier Sujiatun",110101,https://all.accor.com/hotel/C1Y8/index.fr.shtml,catalog_api,china,GRAND MERCURE SHENYANG CONVENTION AND EXHIBITION CENTER,SHENYANG,china,Chine,asia,missing
C4W1,C4W1,Mercure Shenyang Railway Station Taiyuan Street,MER,MERCURE,SHENYANG,Chine,"No 36-2 Shengli South Street, Building C, Heping District",110059,https://all.accor.com/hotel/C4W1/index.fr.shtml,catalog_api,china,MERCURE SHENYANG RAILWAY STATION TAIYUAN STREET,SHENYANG,china,Chine,asia,missing
B102,B102,ibis Shenyang Railway Station,IBH,IBIS,SHENYANG,Chine,"No.12a No.4 Shengli South Street, Heping District, Shenyang City",110001,https://all.accor.com/hotel/B102/index.fr.shtml,catalog_api,china,IBIS SHENYANG RAILWAY STATION,SHENYANG,china,Chine,asia,missing
B1N6,B1N6,ibis Wenzhou Airport Avenue Hotel,IBH,IBIS,WENZHOU,Chine,"No. 5225, Airport Avenue",325011,https://all.accor.com/hotel/B1N6/index.fr.shtml,catalog_api,china,IBIS WENZHOU AIRPORT AVENUE HOTEL,WENZHOU,china,Chine,asia,missing
C4L9,C4L9,Mercure Shenyang Qingnian Street,MER,MERCURE,SHENYANG,Chine,"No 5 Wen an Road, Heping District, Shenyang",110004,https://all.accor.com/hotel/C4L9/index.fr.shtml,catalog_api,china,MERCURE SHENYANG QINGNIAN STREET,SHENYANG,china,Chine,asia,missing
B5W2,B5W2,Ibis Styles Wenzhou Wenchang Road Heart Workshop Hotel,IBS,IBIS STYLES,WENZHOU,Chine,"166 Wenchang Road, Longwan District, Wenzhou Ci",325000,https://all.accor.com/hotel/B5W2/index.fr.shtml,catalog_api,china,IBIS STYLES WENZHOU WENCHANG ROAD HEART WORKSHOP HOTEL,WENZHOU,china,Chine,asia,missing
C531,C531,Mercure Shenyang Qingnian Avenue TV Tower,MER,MERCURE,SHENYANG,Chine,"NO 56 Qingnian Avenue, Shenhe District",110014,https://all.accor.com/hotel/C531/index.fr.shtml,catalog_api,china,MERCURE SHENYANG QINGNIAN AVENUE TV TOWER,SHENYANG,china,Chine,asia,missing
B9L8,B9L8,Swissôtel Shenyang,SWI,SWISSÔTEL,SHENYANG,Chine,"No. 109 Qingnian Street, Shenhe District",110014,https://all.accor.com/hotel/B9L8/index.fr.shtml,catalog_api,china,SWISSOTEL SHENYANG,SHENYANG,china,Chine,asia,missing
A0B5,A0B5,ibis Wenzhou University Town,IBH,IBIS,WENZHOU,Chine,"Chuangrong Commercial Square, Qinye Road, Tea Mountain Street",325062,https://all.accor.com/hotel/A0B5/index.fr.shtml,catalog_api,china,IBIS WENZHOU UNIVERSITY TOWN,WENZHOU,china,Chine,asia,missing
B767,B767,Ibis Shenyang Huaiyuanmen Hotel,IBH,IBIS,SHENYANG,Chine,"118 Daxi Road Shenhe District, Shenyang City, N/ A SHENYANG China",110014,https://all.accor.com/hotel/B767/index.fr.shtml,catalog_api,china,IBIS SHENYANG HUAIYUANMEN HOTEL,SHENYANG,china,Chine,asia,missing
B1E7,B1E7,ibis Shenyang North Railway Station Hotel,IBH,IBIS,SHENYANG,Chine,"No. 205, Huigong Street, Shenhe District",110013,https://all.accor.com/hotel/B1E7/index.fr.shtml,catalog_api,china,IBIS SHENYANG NORTH RAILWAY STATION HOTEL,SHENYANG,china,Chine,asia,missing
C3Y7,C3Y7,Novotel Zhoushan Luting,NOV,NOVOTEL,ZHOUSHAN,Chine,"Renmin south Road No 68, Dinghai District, Dinghai",316000,https://all.accor.com/hotel/C3Y7/index.fr.shtml,catalog_api,china,NOVOTEL ZHOUSHAN LUTING,ZHOUSHAN,china,Chine,asia,missing
B905,B905,Pullman Taizhou Huahong (ouverture prochaine),PUL,PULLMAN,TAIZHOU,Chine,"NO 1001 FUQIANG ROAD, JIAZHI SUBDISTRICT, JIAOJIANG DISTRICT",317500,https://all.accor.com/hotel/B905/index.fr.shtml,catalog_api,china,PULLMAN TAIZHOU HUAHONG OUVERTURE PROCHAINE,TAIZHOU,china,Chine,asia,missing
B2E9,B2E9,ibis Styles Wenzhou international Airport Hotel,IBS,IBIS STYLES,WENZHOU,Chine,"No. 1787 Binhai Road, Hi-Tech Zone, Wenzhou City",325804,https://all.accor.com/hotel/B2E9/index.fr.shtml,catalog_api,china,IBIS STYLES WENZHOU INTERNATIONAL AIRPORT HOTEL,WENZHOU,china,Chine,asia,missing
B4E1,B4E1,Mercure Fuzhou Downtown,MER,MERCURE,FUZHOU,Chine,"No 9 WusiRoad, Quartier Gulou SanFanQiXiang, 宁德大厦",350001,https://all.accor.com/hotel/B4E1/index.fr.shtml,catalog_api,china,MERCURE FUZHOU DOWNTOWN,FUZHOU,china,Chine,asia,missing
B3E2,B3E2,Ibis Styles Fuzhou Wuyi Square Hotel,IBS,IBIS STYLES,FUZHOU,Chine,"No.71, Middle Wuyi Road, Taijiang District",350004,https://all.accor.com/hotel/B3E2/index.fr.shtml,catalog_api,china,IBIS STYLES FUZHOU WUYI SQUARE HOTEL,FUZHOU,china,Chine,asia,missing
B6F2,B6F2,ibis Styles Chaozhou Development Zone GuXiang Hotel,IBS,IBIS STYLES,CHAOZHOU,Chine,"Building 1, Jinhui Garden, Waihuan North Road",521021,https://all.accor.com/hotel/B6F2/index.fr.shtml,catalog_api,china,IBIS STYLES CHAOZHOU DEVELOPMENT ZONE GUXIANG HOTEL,CHAOZHOU,china,Chine,asia,missing
C6G2,C6G2,Swissôtel Zhoushan Yingguan,SWI,SWISSÔTEL,ZHOUSHAN,Chine,"Building B, Chengxi Zhichuang Business Center, No. 212, Banqiao Road, Shenjiamen Street, Putuo District",316000,https://all.accor.com/hotel/C6G2/index.fr.shtml,catalog_api,china,SWISSOTEL ZHOUSHAN YINGGUAN,ZHOUSHAN,china,Chine,asia,missing
C1C4,C1C4,Mercure Chaozhou Ancient City,MER,MERCURE,CHAOZHOU,Chine,"6 Fengyuan Road, Xiangqiao District",521000,https://all.accor.com/hotel/C1C4/index.fr.shtml,catalog_api,china,MERCURE CHAOZHOU ANCIENT CITY,CHAOZHOU,china,Chine,asia,missing
C564,C564,Angsana Zhoushan,ANG,ANGSANA,ZHOUSHAN,Chine,"No 135 Hailian North Road, Donggang Street, Putuo District",316100,https://all.accor.com/hotel/C564/index.fr.shtml,catalog_api,china,ANGSANA ZHOUSHAN,ZHOUSHAN,china,Chine,asia,missing
C4K8,C4K8,Pullman Zhoushan Seaside,PUL,PULLMAN,ZHOUSHAN,Chine,"711 Haizhou Road, Donggang Street",316100,https://all.accor.com/hotel/C4K8/index.fr.shtml,catalog_api,china,PULLMAN ZHOUSHAN SEASIDE,ZHOUSHAN,china,Chine,asia,missing
C3D9,C3D9,Aéroport Mercure Zhoushan Putuoshan,MER,MERCURE,ZHOUSHAN,Chine,"Zhongxin Road, Putuo District, Zhoushan",316100,https://all.accor.com/hotel/C3D9/index.fr.shtml,catalog_api,china,AEROPORT MERCURE ZHOUSHAN PUTUOSHAN,ZHOUSHAN,china,Chine,asia,missing
C388,C388,Mercure Xiamen Science City,MER,MERCURE,XIAMEN,Chine,"74-105 yungu Road, Tongan District, Xiamen",361100,https://all.accor.com/hotel/C388/index.fr.shtml,catalog_api,china,MERCURE XIAMEN SCIENCE CITY,XIAMEN,china,Chine,asia,missing
C1B0,C1B0,Novotel Xiamen Downtown,NOV,NOVOTEL,XIAMEN,Chine,"347 Hubin East Road, Siming District, Fujian Province",361010,https://all.accor.com/hotel/C1B0/index.fr.shtml,catalog_api,china,NOVOTEL XIAMEN DOWNTOWN,XIAMEN,china,Chine,asia,missing
B5F6,B5F6,Mercure Xiamen On the Bund,MER,MERCURE,XIAMEN,Chine,"No 96 Lujiang Avenue, Siming District",361000,https://all.accor.com/hotel/B5F6/index.fr.shtml,catalog_api,china,MERCURE XIAMEN ON THE BUND,XIAMEN,china,Chine,asia,missing
A472,A472,ibis Styles Xiamen Zhongshan Rd Walking Street Hotel,IBS,IBIS STYLES,XIAMEN,Chine,"No. 318, Zhongshan Rd.",361000,https://all.accor.com/hotel/A472/index.fr.shtml,catalog_api,china,IBIS STYLES XIAMEN ZHONGSHAN RD WALKING STREET HOTEL,XIAMEN,china,Chine,asia,missing
B2E4,B2E4,Grand Mercure Xiamen Downtown,MEI,GRAND MERCURE,XIAMEN,Chine,"128 Jiahe Rd, Siming District",361009,https://all.accor.com/hotel/B2E4/index.fr.shtml,catalog_api,china,GRAND MERCURE XIAMEN DOWNTOWN,XIAMEN,china,Chine,asia,missing
B8U0,B8U0,Mercure Shantou Railway Station,MER,MERCURE,SHANTOU,Chine,No 106 Changjiang Road,515000,https://all.accor.com/hotel/B8U0/index.fr.shtml,catalog_api,china,MERCURE SHANTOU RAILWAY STATION,SHANTOU,china,Chine,asia,missing
B953,B953,Fairmont Xiamen,FAI,FAIRMONT,XIAMEN,Chine,"No 325 Donghuang Road, Huli District",361016,https://all.accor.com/hotel/B953/index.fr.shtml,catalog_api,china,FAIRMONT XIAMEN,XIAMEN,china,Chine,asia,missing
C1N0,C1N0,Pullman Quanzhou Shuitou,PUL,PULLMAN,QUANZHOU,Chine,"No 599 Kuifeng Road, Shuitou Town, Nan'an City",362342,https://all.accor.com/hotel/C1N0/index.fr.shtml,catalog_api,china,PULLMAN QUANZHOU SHUITOU,QUANZHOU,china,Chine,asia,missing
A5Z8,A5Z8,Centre des expositions Mercure Xiamen,MER,MERCURE,XIAMEN,Chine,"No 299 West Lingdou Road, Qianpu Siming District",361009,https://all.accor.com/hotel/A5Z8/index.fr.shtml,catalog_api,china,CENTRE DES EXPOSITIONS MERCURE XIAMEN,XIAMEN,china,Chine,asia,missing
C4K1,C4K1,Novotel Xiamen International Convention Center,NOV,NOVOTEL,XIAMEN,Chine,"1 Kaohsiung Road, Siming District",361001,https://all.accor.com/hotel/C4K1/index.fr.shtml,catalog_api,china,NOVOTEL XIAMEN INTERNATIONAL CONVENTION CENTER,XIAMEN,china,Chine,asia,missing
C171,C171,Grand Hôtel Haikou (Géré par Accor),SAM,SAM,HAIKOU,Chine,256 BINHAI ROAD,570311,https://all.accor.com/hotel/C171/index.fr.shtml,catalog_api,china,GRAND HOTEL HAIKOU GERE PAR ACCOR,HAIKOU,china,Chine,asia,missing
C4S6,C4S6,Novotel Haikou West Coast,NOV,NOVOTEL,HAIKOU CITY HAINAN PROVINCE,Chine,"North Gate of Guangyuejintai, No 10 Changbin East Fourth St., Xiuying District",570300,https://all.accor.com/hotel/C4S6/index.fr.shtml,catalog_api,china,NOVOTEL HAIKOU WEST COAST,HAIKOU CITY HAINAN PROVINCE,china,Chine,asia,missing
B9I2,B9I2,Pullman Haikou,PUL,PULLMAN,HAIKOU,Chine,"No.21 Xiyuan Road, Xin Bu Island, Meilan District",570209,https://all.accor.com/hotel/B9I2/index.fr.shtml,catalog_api,china,PULLMAN HAIKOU,HAIKOU,china,Chine,asia,missing
A8G6,A8G6,Novotel Haikou Xinbudao,NOV,NOVOTEL,HAIKOU,Chine,"No 6 Henggou 2 Jie Xinbu St, Meilan District",570209,https://all.accor.com/hotel/A8G6/index.fr.shtml,catalog_api,china,NOVOTEL HAIKOU XINBUDAO,HAIKOU,china,Chine,asia,missing
B9B0,B9B0,Mercure Danzhou Yangpu Seaview,MER,MERCURE,DANZHOU,Chine,"No7 Jipu Road, Yangpu Economic District",571700,https://all.accor.com/hotel/B9B0/index.fr.shtml,catalog_api,china,MERCURE DANZHOU YANGPU SEAVIEW,DANZHOU,china,Chine,asia,missing
C2L4,C2L4,Mercure Haikou City Center,MER,MERCURE,HAIKOU,Chine,No 21 Jinlong Road,570100,https://all.accor.com/hotel/C2L4/index.fr.shtml,catalog_api,china,MERCURE HAIKOU CITY CENTER,HAIKOU,china,Chine,asia,missing
B312,B312,Ibis Haikou Injoy Plaza Hotel,IBH,IBIS,HAIKOU,Chine,"Building 15, Wuyue Square Apartment, Xincheng",571199,https://all.accor.com/hotel/B312/index.fr.shtml,catalog_api,china,IBIS HAIKOU INJOY PLAZA HOTEL,HAIKOU,china,Chine,asia,missing
C3Z3,C3Z3,Mercure Kuitun Duku Garden,MER,MERCURE,KUITUN,Chine,"No12 Tuanjie East Street, Kuitun City, Xinjiang",833200,https://all.accor.com/hotel/C3Z3/index.fr.shtml,catalog_api,china,MERCURE KUITUN DUKU GARDEN,KUITUN,china,Chine,asia,missing
B5Q5,B5Q5,Ibis Tonghua Binjiang West Road Hotel,IBH,IBIS,TONGHUA,Chine,"Yibi Tonghua Binjiang West Road, Dongchang District, Tonghua City",134001,https://all.accor.com/hotel/B5Q5/index.fr.shtml,catalog_api,china,IBIS TONGHUA BINJIANG WEST ROAD HOTEL,TONGHUA,china,Chine,asia,missing
B6B7,B6B7,Ibis Changchun FAW Group Hotel,IBH,IBIS,CHANGCHUN,Chine,"No. 30 Jincheng Street, Changchun Automobile Industrial",130011,https://all.accor.com/hotel/B6B7/index.fr.shtml,catalog_api,china,IBIS CHANGCHUN FAW GROUP HOTEL,CHANGCHUN,china,Chine,asia,missing
B567,B567,Ibis Changchun Jilin University Hotel,IBH,IBIS,CHANGCHUN,Chine,"No. 1449 Tongzhi Street, Chaoyang District, Changchun City",130000,https://all.accor.com/hotel/B567/index.fr.shtml,catalog_api,china,IBIS CHANGCHUN JILIN UNIVERSITY HOTEL,CHANGCHUN,china,Chine,asia,missing
B337,B337,Mercure Changchun Jingyue Xincheng,MER,MERCURE,CHANGCHUN,Chine,Wuzhou International Plaza,130000,https://all.accor.com/hotel/B337/index.fr.shtml,catalog_api,china,MERCURE CHANGCHUN JINGYUE XINCHENG,CHANGCHUN,china,Chine,asia,missing
B5K3,B5K3,MERCURE Changchun Hengxing,MER,MERCURE,CHANGCHUN,Chine,"251A Jiefang Road, Quanan Block, Nanguan District",130042,https://all.accor.com/hotel/B5K3/index.fr.shtml,catalog_api,china,MERCURE CHANGCHUN HENGXING,CHANGCHUN,china,Chine,asia,missing
C021,C021,Ibis Changchun Jiefang Road,IBH,IBIS,CHANGCHUN,Chine,"Room 1-1-S10, 21st Century Headquarters, Jiefang Road Nanguan District",130022,https://all.accor.com/hotel/C021/index.fr.shtml,catalog_api,china,IBIS CHANGCHUN JIEFANG ROAD,CHANGCHUN,china,Chine,asia,missing
B6M3,B6M3,Mercure Changchun Ziyou Road Dahua,MER,MERCURE,CHANGCHUN,Chine,"4487 Ziyou Avenue, ER DAO, Changchun China",130031,https://all.accor.com/hotel/B6M3/index.fr.shtml,catalog_api,china,MERCURE CHANGCHUN ZIYOU ROAD DAHUA,CHANGCHUN,china,Chine,asia,missing
B7T6,B7T6,Ibis Changchun SECC Hotel,IBH,IBIS,CHANGCHUN,Chine,"587 Shenzhen Street, Changchun",130031,https://all.accor.com/hotel/B7T6/index.fr.shtml,catalog_api,china,IBIS CHANGCHUN SECC HOTEL,CHANGCHUN,china,Chine,asia,missing
C414,C414,Homm Changchun Beihu,HOM,HOM,CHANGCHUN,Chine,"Gate NO 1, Beihu Park Hupan Street, Changchun New Area",130000,https://all.accor.com/hotel/C414/index.fr.shtml,catalog_api,china,HOMM CHANGCHUN BEIHU,CHANGCHUN,china,Chine,asia,missing
B3W3,B3W3,Novotel Changchun North (ouverture prochaine),NOV,NOVOTEL,CHANGCHUN,Chine,"No 2222 Shengbei Street, North Lake St Dev Dist",130102,https://all.accor.com/hotel/B3W3/index.fr.shtml,catalog_api,china,NOVOTEL CHANGCHUN NORTH OUVERTURE PROCHAINE,CHANGCHUN,china,Chine,asia,missing
C3G1,C3G1,Novotel Sanya Bay Yatai,NOV,NOVOTEL,SANYA,Chine,"No 219 Sanya Bay Road, Tianya District",572000,https://all.accor.com/hotel/C3G1/index.fr.shtml,catalog_api,china,NOVOTEL SANYA BAY YATAI,SANYA,china,Chine,asia,missing
C0G2,C0G2,Novotel Sanya Phoenix International Airport,NOV,NOVOTEL,SANYA,Chine,"Building 1, Sanyajun Yunhai Community, 8 Haiwan Road",572022,https://all.accor.com/hotel/C0G2/index.fr.shtml,catalog_api,china,NOVOTEL SANYA PHOENIX INTERNATIONAL AIRPORT,SANYA,china,Chine,asia,missing
A5D7,A5D7,Raffles Hainan Clear Water Bay,RAF,RAFFLES,HAINAN,Chine,"Clearwater Bay Avenue, Yingzhou Town, Lingshui County",572427,https://all.accor.com/hotel/A5D7/index.fr.shtml,catalog_api,china,RAFFLES HAINAN CLEAR WATER BAY,HAINAN,china,Chine,asia,missing
B851,B851,Fairmont Sanya Haitang Bay,FAI,FAIRMONT,SANYA,Chine,"N° 10 Haitang North Road, Quartier de Haitang Bay",572013,https://all.accor.com/hotel/B851/index.fr.shtml,catalog_api,china,FAIRMONT SANYA HAITANG BAY,SANYA,china,Chine,asia,missing
C3I2,C3I2,Mercure Sanya One,MER,MERCURE,SANYA,Chine,"Jiefang3rd Road No 8, Tianya District, Sanya",572000,https://all.accor.com/hotel/C3I2/index.fr.shtml,catalog_api,china,MERCURE SANYA ONE,SANYA,china,Chine,asia,missing
B1U1,B1U1,Banyan Tree Sanya,BAN,BANYAN TREE,SANYA,Chine,Luling Road No 6,572000,https://all.accor.com/hotel/B1U1/index.fr.shtml,catalog_api,china,BANYAN TREE SANYA,SANYA,china,Chine,asia,missing
C0Y0,C0Y0,Ibis Baishan Wanda Plaza,IBH,IBIS,BAISHAN,Chine,"168-2 Hunjiang Street, Baishan City, Jilin Province",133000,https://all.accor.com/hotel/C0Y0/index.fr.shtml,catalog_api,china,IBIS BAISHAN WANDA PLAZA,BAISHAN,china,Chine,asia,missing
C306,C306,Grand Mercure Sanya Yalong Bay,MEI,GRAND MERCURE,SANYA,Chine,No 112 Yalong Bay Road,572000,https://all.accor.com/hotel/C306/index.fr.shtml,catalog_api,china,GRAND MERCURE SANYA YALONG BAY,SANYA,china,Chine,asia,missing
C305,C305,Swissôtel Sanya Yalong Bay,SWI,SWISSÔTEL,SANYA,Chine,No 112 Yalong Bay Road,572000,https://all.accor.com/hotel/C305/index.fr.shtml,catalog_api,china,SWISSOTEL SANYA YALONG BAY,SANYA,china,Chine,asia,missing
C3Y1,C3Y1,Beida Lake Hotel Jilin - MGallery Collection (Opening Soon),MGA,MGALLERY,JILIN,Chine,"No. 3 West Third Road, Beida Lake Ski Resort, Yongji County",132224,https://all.accor.com/hotel/C3Y1/index.fr.shtml,catalog_api,china,BEIDA LAKE HOTEL JILIN MGALLERY COLLECTION OPENING SOON,JILIN,china,Chine,asia,missing
B594,B594,Ibis Jilin Beishan Park Hotel,IBH,IBIS,JILIN,Chine,"45 North Street, Chuanying City, Jilin City",132011,https://all.accor.com/hotel/B594/index.fr.shtml,catalog_api,china,IBIS JILIN BEISHAN PARK HOTEL,JILIN,china,Chine,asia,missing
B6W8,B6W8,Swissôtel Resort Changbaishan,SWI,SWISSÔTEL,BAISHAN,Chine,"Shengdi Road, Luneng Resort, Manjiang Town Fusong",134504,https://all.accor.com/hotel/B6W8/index.fr.shtml,catalog_api,china,SWISSOTEL RESORT CHANGBAISHAN,BAISHAN,china,Chine,asia,missing
B6X0,B6X0,The View Hotel Changbai Mountain - MGallery Collection,MGA,MGALLERY,BAISHAN,Chine,"Shengdi Road, Luneng Resort, Manjiang Town Fusong",134504,https://all.accor.com/hotel/B6X0/index.fr.shtml,catalog_api,china,THE VIEW HOTEL CHANGBAI MOUNTAIN MGALLERY COLLECTION,BAISHAN,china,Chine,asia,missing
B2P1,B2P1,Mercure Harbin Songbei,MER,MERCURE,HARBIN,Chine,"No999 Keji Second Street, Songbei District",B2P1,https://all.accor.com/hotel/B2P1/index.fr.shtml,catalog_api,china,MERCURE HARBIN SONGBEI,HARBIN,china,Chine,asia,missing
B257,B257,Ibis Harbin Songbei Wanda,IBH,IBIS,HARBIN,Chine,"Building 8, No.1111, 2nd Science And Tech St",150028,https://all.accor.com/hotel/B257/index.fr.shtml,catalog_api,china,IBIS HARBIN SONGBEI WANDA,HARBIN,china,Chine,asia,missing
C1I9,C1I9,GRAND MERCURE HARBIN DOWNTOWN,MEI,GRAND MERCURE,HARBIN,Chine,NO 334 Chengxiang Road,150070,https://all.accor.com/hotel/C1I9/index.fr.shtml,catalog_api,china,GRAND MERCURE HARBIN DOWNTOWN,HARBIN,china,Chine,asia,missing
C0G1,C0G1,Mercure Hotan Downtown,MER,MERCURE,HOTAN,Chine,No 71 Yingbin Road,848000,https://all.accor.com/hotel/C0G1/index.fr.shtml,catalog_api,china,MERCURE HOTAN DOWNTOWN,HOTAN,china,Chine,asia,missing
B702,B702,Mercure Harbin West Railway Station,MER,MERCURE,HARBIN,Chine,"263 Nan Xing Street, Nangang District",150088,https://all.accor.com/hotel/B702/index.fr.shtml,catalog_api,china,MERCURE HARBIN WEST RAILWAY STATION,HARBIN,china,Chine,asia,missing
B5P4,B5P4,Ibis Harbin West Railway Station Wanda plaza hotel,IBH,IBIS,HARBIN,Chine,"No.1 Xining North Road, Nangang District, Harbin",150000,https://all.accor.com/hotel/B5P4/index.fr.shtml,catalog_api,china,IBIS HARBIN WEST RAILWAY STATION WANDA PLAZA HOTEL,HARBIN,china,Chine,asia,missing
B2A6,B2A6,ibis Harbin Normal University Hotel,IBH,IBIS,HARBIN,Chine,"No.37, Linxing Street, Nangang District",150080,https://all.accor.com/hotel/B2A6/index.fr.shtml,catalog_api,china,IBIS HARBIN NORMAL UNIVERSITY HOTEL,HARBIN,china,Chine,asia,missing
B5S1,B5S1,Ibis Harbin Xinyang Road Hotel,IBH,IBIS,HARBIN,Chine,"143 Xinyang Road, Daoli District, Harbin",150016,https://all.accor.com/hotel/B5S1/index.fr.shtml,catalog_api,china,IBIS HARBIN XINYANG ROAD HOTEL,HARBIN,china,Chine,asia,missing
B7N1,B7N1,Mercure Harbin Institute Of Technology,MER,MERCURE,HARBIN,Chine,"No 81 Hexing Road, Xiangfang District",150040,https://all.accor.com/hotel/B7N1/index.fr.shtml,catalog_api,china,MERCURE HARBIN INSTITUTE OF TECHNOLOGY,HARBIN,china,Chine,asia,missing
C0L3,C0L3,Ibis Harbin Airport Bus Stop,IBH,IBIS,HARBIN,Chine,"No. 41, Jingwei Erdao Street, Daoli District Harbin",150000,https://all.accor.com/hotel/C0L3/index.fr.shtml,catalog_api,china,IBIS HARBIN AIRPORT BUS STOP,HARBIN,china,Chine,asia,missing
B4S1,B4S1,Mercure Harbin Central Street Sophia Church,MER,MERCURE,HARBIN,Chine,"No 92 Zhaolin Road, Daoli District",150010,https://all.accor.com/hotel/B4S1/index.fr.shtml,catalog_api,china,MERCURE HARBIN CENTRAL STREET SOPHIA CHURCH,HARBIN,china,Chine,asia,missing
C568,C568,Novotel Harbin Zhongyang Street,NOV,NOVOTEL,HARBIN,Chine,"57 rue Zhaolin, Quartier Daoli, Harbin",150010,https://all.accor.com/hotel/C568/index.fr.shtml,catalog_api,china,NOVOTEL HARBIN ZHONGYANG STREET,HARBIN,china,Chine,asia,missing
B4E6,B4E6,Ibis Harbin Museum,IBH,IBIS,HARBIN,Chine,"No.190 Majia Street, Nangang District, Harbin",150001,https://all.accor.com/hotel/B4E6/index.fr.shtml,catalog_api,china,IBIS HARBIN MUSEUM,HARBIN,china,Chine,asia,missing
B3E1,B3E1,Ibis Harbin Hongqi Street Hotel,IBH,IBIS,HARBIN,Chine,"No.139 Hongqi Street, Xiangfang District, Harbin",150036,https://all.accor.com/hotel/B3E1/index.fr.shtml,catalog_api,china,IBIS HARBIN HONGQI STREET HOTEL,HARBIN,china,Chine,asia,missing
C300,C300,Mercure Changbai Mountain North,MER,MERCURE,YANJI,Chine,"Building 14 Meirensong Road, Chibei District",133613,https://all.accor.com/hotel/C300/index.fr.shtml,catalog_api,china,MERCURE CHANGBAI MOUNTAIN NORTH,YANJI,china,Chine,asia,missing
B642,B642,Hôtel IBIS Yanji Renmin Road,IBH,IBIS,YANJI,Chine,"1005, 130 Shenhua Street, Yanji City",133000,https://all.accor.com/hotel/B642/index.fr.shtml,catalog_api,china,HOTEL IBIS YANJI RENMIN ROAD,YANJI,china,Chine,asia,missing
B9N7,B9N7,Mercure Kashgar Downtown,MER,MERCURE,KASHGAR,Chine,"278 Xincheng South Road, Xincheng South Road, Kashgar Prefecure",844000,https://all.accor.com/hotel/B9N7/index.fr.shtml,catalog_api,china,MERCURE KASHGAR DOWNTOWN,KASHGAR,china,Chine,asia,missing
C4W0,C4W0,Mercure Kashgar Exhibition Center,MER,MERCURE,KASHGAR,Chine,"No 21 Century Avenue, Guangming Building, Kashgar",844000,https://all.accor.com/hotel/C4W0/index.fr.shtml,catalog_api,china,MERCURE KASHGAR EXHIBITION CENTER,KASHGAR,china,Chine,asia,missing
B9A9,B9A9,Mercure Kashgar Ancient City,MER,MERCURE,KASHGAR,Chine,"272 East Renmin Road, Qiasa Street, Kashgar City",844000,https://all.accor.com/hotel/B9A9/index.fr.shtml,catalog_api,china,MERCURE KASHGAR ANCIENT CITY,KASHGAR,china,Chine,asia,missing
B5L5,B5L5,AKI Hotel Hong Kong - MGallery Collection,MGA,MGALLERY,HONG KONG,"Hong Kong, Chine",239 Jaffe Road,0,https://all.accor.com/hotel/B5L5/index.fr.shtml,catalog_api,hong kong,AKI HOTEL HONG KONG MGALLERY COLLECTION,HONG KONG,hong-kong,Hong Kong,asia,missing
B7J3,B7J3,Mondrian Hong Kong,MOD,MOD,HONG KONG,"Hong Kong, Chine","8A Hart Avenue, Tsim Sha Tsui",0,https://all.accor.com/hotel/B7J3/index.fr.shtml,catalog_api,hong kong,MONDRIAN HONG KONG,HONG KONG,hong-kong,Hong Kong,asia,missing
A4A4,A4A4,The Silveri Hotel Hong Kong - MGallery Collection,MGA,MGALLERY,HONG KONG,"Hong Kong, Chine","16 Tat Tung Road, Tung Chung",0,https://all.accor.com/hotel/A4A4/index.fr.shtml,catalog_api,hong kong,THE SILVERI HOTEL HONG KONG MGALLERY COLLECTION,HONG KONG,hong-kong,Hong Kong,asia,missing
B824,B824,Raffles at Galaxy Macau,RAF,RAFFLES,MACAO,"Macao, Chine","Galaxy Macau Estrada Da Baia, Da Nossa Senhora, Da Esperance Cotai",0,https://all.accor.com/hotel/B824/index.fr.shtml,catalog_api,macau,RAFFLES AT GALAXY MACAU,MACAO,macau,Macao,asia,missing
B1U0,B1U0,Banyan Tree Macau,BAN,BANYAN TREE,MACAO,"Macao, Chine","Avenida Marginal Flor de Lotus, Cotai, Macau, China",0,https://all.accor.com/hotel/B1U0/index.fr.shtml,catalog_api,macau,BANYAN TREE MACAU,MACAO,macau,Macao,asia,missing
6182,6182,Centre de congrès Novotel Hyderabad,NOV,NOVOTEL,HYDERABAD,Inde,"Near Hitec City,  P.O Bag 1101, Kondapur",500081,https://all.accor.com/hotel/6182/index.fr.shtml,catalog_api,india,CENTRE DE CONGRES NOVOTEL HYDERABAD,HYDERABAD,india,Inde,asia,missing
A0L1,A0L1,Novotel Vijayawada Varun,NOV,NOVOTEL,VIJAYAWADA,Inde,"Bharthi Nagar, Near Benz Circle",520008,https://all.accor.com/hotel/A0L1/index.fr.shtml,catalog_api,india,NOVOTEL VIJAYAWADA VARUN,VIJAYAWADA,india,Inde,asia,missing
A121,A121,"The Bheemli Resort, géré par AccorHotels",SAM,SAM,VISAKHAPATNAM,Inde,"Bheemili Beach Road, Bheemunipatnam",531163,https://all.accor.com/hotel/A121/index.fr.shtml,catalog_api,india,THE BHEEMLI RESORT GERE PAR ACCORHOTELS,VISAKHAPATNAM,india,Inde,asia,missing
B072,B072,ibis Thane,IBH,IBIS,MUMBAI,Inde,"Plot - 02 Pokhran Road No 1, Thane West, .",400606,https://all.accor.com/hotel/B072/index.fr.shtml,catalog_api,india,IBIS THANE,MUMBAI,india,Inde,asia,missing
B4C0,B4C0,Novotel Mumbai International Airport,NOV,NOVOTEL,MUMBAI,Inde,"CTS 1359 Marol, Next to Airport Metro Station, entrance no 3 Andheri Kurla Road",400059,https://all.accor.com/hotel/B4C0/index.fr.shtml,catalog_api,india,NOVOTEL MUMBAI INTERNATIONAL AIRPORT,MUMBAI,india,Inde,asia,missing
B354,B354,Fairmont Mumbai,FAI,FAIRMONT,MUMBAI,Inde,"T2 C06 At C T S No 1405 (Part), Chhatrapati Shivaji Maharaj, Aéroport international T2",400099,https://all.accor.com/hotel/B354/index.fr.shtml,catalog_api,india,FAIRMONT MUMBAI,MUMBAI,india,Inde,asia,missing
C2S3,C2S3,"Roswyn, A Morgans Originals Hotel",TOR,TOR,MUMBAI,Inde,"T2 C06 At C T S No 1405 (Part), Chhatrapati Shivaji Maharaj, International Aiport T2",400099,https://all.accor.com/hotel/C2S3/index.fr.shtml,catalog_api,india,ROSWYN A MORGANS ORIGINALS HOTEL,MUMBAI,india,Inde,asia,missing
6830,6830,ibis Mumbai BKC,IBH,IBIS,MUMBAI,Inde,"CTS No 6951 CST Road, Kolevery Village, Kalina, Santacruz East",400098,https://all.accor.com/hotel/6830/index.fr.shtml,catalog_api,india,IBIS MUMBAI BKC,MUMBAI,india,Inde,asia,missing
B068,B068,Raffles Udaipur,RAF,RAFFLES,UDAIPUR,Inde,"Raffles Udaipur Lakeshore, Arrival Limited Plot no 1,, Panwadi, Matoon Girwa",313024,https://all.accor.com/hotel/B068/index.fr.shtml,catalog_api,india,RAFFLES UDAIPUR,UDAIPUR,india,Inde,asia,missing
B9T3,B9T3,Fairmont Udaipur Palace,FAI,FAIRMONT,UDAIPUR,Inde,"Sisarma, Girwa",313031,https://all.accor.com/hotel/B9T3/index.fr.shtml,catalog_api,india,FAIRMONT UDAIPUR PALACE,UDAIPUR,india,Inde,asia,missing
A741,A741,Grand Mercure Ahmedabad GIFT City,MEI,GRAND MERCURE,GANDHINAGAR,Inde,"Gujarat International Finance, Techcity, à côté des tours GIFT, Gandhinagar, Gujarat",382355,https://all.accor.com/hotel/A741/index.fr.shtml,catalog_api,india,GRAND MERCURE AHMEDABAD GIFT CITY,GANDHINAGAR,india,Inde,asia,missing
B6H1,B6H1,NOVOTEL BHUBANESWAR JANPATH,NOV,NOVOTEL,BHUBANESWAR,Inde,"H1 SATYA NAGAR, JANPATH ROAD",751007,https://all.accor.com/hotel/B6H1/index.fr.shtml,catalog_api,india,NOVOTEL BHUBANESWAR JANPATH,BHUBANESWAR,india,Inde,asia,missing
C253,C253,Mercure Lucknow Gomti Nagar,MER,MERCURE,LUCKNOW,Inde,"Plot No 7-2, Amar Shaheed Path, Gomti Nagar Extension",226010,https://all.accor.com/hotel/C253/index.fr.shtml,catalog_api,india,MERCURE LUCKNOW GOMTI NAGAR,LUCKNOW,india,Inde,asia,missing
A8M7,A8M7,Novotel Lucknow Gomti Nagar,NOV,NOVOTEL,LUCKNOW,Inde,"Viraj Khand, Gomti Nagar",226010,https://all.accor.com/hotel/A8M7/index.fr.shtml,catalog_api,india,NOVOTEL LUCKNOW GOMTI NAGAR,LUCKNOW,india,Inde,asia,missing
C0W7,C0W7,Grand Mercure Agra,MEI,GRAND MERCURE,AGRA,Inde,Fatehabad Road,282001,https://all.accor.com/hotel/C0W7/index.fr.shtml,catalog_api,india,GRAND MERCURE AGRA,AGRA,india,Inde,asia,missing
B4F9,B4F9,Mercure Goa Devaaya Resort,MER,MERCURE,PANJIM GOA,Inde,"Divar Island, Sao Matias VP, Malar",403403,https://all.accor.com/hotel/B4F9/index.fr.shtml,catalog_api,india,MERCURE GOA DEVAAYA RESORT,PANJIM GOA,india,Inde,asia,missing
B5N1,B5N1,Raffles Jaipur,RAF,RAFFLES,JAIPUR,Inde,"Khasara No, 2060 2061 2267, Kukas Amer",302028,https://all.accor.com/hotel/B5N1/index.fr.shtml,catalog_api,india,RAFFLES JAIPUR,JAIPUR,india,Inde,asia,missing
A5G0,A5G0,Fairmont Jaipur,FAI,FAIRMONT,JAIPUR,Inde,2 Riico Kukas,302028,https://all.accor.com/hotel/A5G0/index.fr.shtml,catalog_api,india,FAIRMONT JAIPUR,JAIPUR,india,Inde,asia,missing
B374,B374,ibis Styles Goa Vagator,IBS,IBIS STYLES,GOA,Inde,CHAPORA FORT ROAD,403509,https://all.accor.com/hotel/B374/index.fr.shtml,catalog_api,india,IBIS STYLES GOA VAGATOR,GOA,india,Inde,asia,missing
C2A7,C2A7,Grand Mercure Goa Candolim,MEI,GRAND MERCURE,CANDOLIM,Inde,"Pilerne-Candolim Rd, Saipem, Village Marra",403515,https://all.accor.com/hotel/C2A7/index.fr.shtml,catalog_api,india,GRAND MERCURE GOA CANDOLIM,CANDOLIM,india,Inde,asia,missing
A6P4,A6P4,Novotel Goa Dona Sylvia Resort,NOV,NOVOTEL,GOA,Inde,"Cavelossim Beach, Salcete",403731,https://all.accor.com/hotel/A6P4/index.fr.shtml,catalog_api,india,NOVOTEL GOA DONA SYLVIA RESORT,GOA,india,Inde,asia,missing
C464,C464,Angsana Oasis Spa et Resort,ANG,ANGSANA,BANGALORE,Inde,"Main Doddaballapur Road, Addevishvanathapura Village, Rajunukunte",560064,https://all.accor.com/hotel/C464/index.fr.shtml,catalog_api,india,ANGSANA OASIS SPA ET RESORT,BANGALORE,india,Inde,asia,missing
C460,C460,Pullman Chennai Anna Salai,PUL,PULLMAN,CHENNAI,Inde,"636, Anna Salai, Teynampet",600035,https://all.accor.com/hotel/C460/index.fr.shtml,catalog_api,india,PULLMAN CHENNAI ANNA SALAI,CHENNAI,india,Inde,asia,missing
B2W1,B2W1,ibis Bengaluru Hebbal,IBH,IBIS,BANGALORE,Inde,"Opp Manyata Business Park, Hebbal Outer Ring Road, Nagawara",560045,https://all.accor.com/hotel/B2W1/index.fr.shtml,catalog_api,india,IBIS BENGALURU HEBBAL,BANGALORE,india,Inde,asia,missing
B9J2,B9J2,Novotel Jodhpur ITI Circle,NOV,NOVOTEL,JODHPUR,Inde,"Plot No 21 A Light  Industrial, Area Sector G, Near Iti Circle Shastri Nagar",342001,https://all.accor.com/hotel/B9J2/index.fr.shtml,catalog_api,india,NOVOTEL JODHPUR ITI CIRCLE,JODHPUR,india,Inde,asia,missing
C2L5,C2L5,ibis Styles Mysuru,IBS,IBIS STYLES,MYSURU,Inde,Plot 17 2 KRS Road Metagalli,570016,https://all.accor.com/hotel/C2L5/index.fr.shtml,catalog_api,india,IBIS STYLES MYSURU,MYSURU,india,Inde,asia,missing
C0N5,C0N5,Mercure Chandigarh Tribune Chowk (Ouverture prochaine),MER,MERCURE,CHANDIGARH,Inde,"Plot No 51, Industrial Area Phase 2, Near Tribune Chowk",160002,https://all.accor.com/hotel/C0N5/index.fr.shtml,catalog_api,india,MERCURE CHANDIGARH TRIBUNE CHOWK OUVERTURE PROCHAINE,CHANDIGARH,india,Inde,asia,missing
B7I3,B7I3,Novotel Chandigarh Tribune Chowk,NOV,NOVOTEL,CHANDIGARH,Inde,"Plot No 181 3B, Industrial Area Phase 1",160002,https://all.accor.com/hotel/B7I3/index.fr.shtml,catalog_api,india,NOVOTEL CHANDIGARH TRIBUNE CHOWK,CHANDIGARH,india,Inde,asia,missing
B283,B283,Novotel Kochi Infopark,NOV,NOVOTEL,KOCHI,Inde,Kakkanad,682030,https://all.accor.com/hotel/B283/index.fr.shtml,catalog_api,india,NOVOTEL KOCHI INFOPARK,KOCHI,india,Inde,asia,missing
C2H0,C2H0,Swissôtel Nusantara,SWI,SWISSÔTEL,PENAJAM PASER UTARA,Indonésie,"IBU KOTA NUSANTARA, Desa Bumi Harapan Lot No.1.Co.20, Kecamatan Sepaku",76147,https://all.accor.com/hotel/C2H0/index.fr.shtml,catalog_api,indonesia,SWISSOTEL NUSANTARA,PENAJAM PASER UTARA,indonesia,Indonésie,asia,missing
B5E4,B5E4,Mercure Samarinda,MER,MERCURE,SAMARINDA,Indonésie,"Jalan Mulawarman No 171, Pelabuhan, Kecamatan Samarinda Kota",75112,https://all.accor.com/hotel/B5E4/index.fr.shtml,catalog_api,indonesia,MERCURE SAMARINDA,SAMARINDA,indonesia,Indonésie,asia,missing
B5E5,B5E5,ibis Samarinda,IBH,IBIS,SAMARINDA,Indonésie,"Jalan Mulawarman No 171, Pelabuhan, Kecamatan Samarinda Kota",75112,https://all.accor.com/hotel/B5E5/index.fr.shtml,catalog_api,indonesia,IBIS SAMARINDA,SAMARINDA,indonesia,Indonésie,asia,missing
B836,B836,Centre de congrès Novotel Pontianak,NOV,NOVOTEL,PONTIANAK,Indonésie,"Jalan Budi Karya 88, Benua Melayu Darat, Pontianak Selatan",78122,https://all.accor.com/hotel/B836/index.fr.shtml,catalog_api,indonesia,CENTRE DE CONGRES NOVOTEL PONTIANAK,PONTIANAK,indonesia,Indonésie,asia,missing
B749,B749,ibis Surabaya Tidar,IBH,IBIS,SURABAYA,Indonésie,"Jalan Tidar No 74, Sawahan",60251,https://all.accor.com/hotel/B749/index.fr.shtml,catalog_api,indonesia,IBIS SURABAYA TIDAR,SURABAYA,indonesia,Indonésie,asia,missing
B066,B066,Majapahit Hotel Surabaya - MGallery Collection,MGA,MGALLERY,SURABAYA,Indonésie,"Jalan Tunjungan 65, Kec Genteng, 60275",60275,https://all.accor.com/hotel/B066/index.fr.shtml,catalog_api,indonesia,MAJAPAHIT HOTEL SURABAYA MGALLERY COLLECTION,SURABAYA,indonesia,Indonésie,asia,missing
B750,B750,Mercure Surabaya Manyar,MER,MERCURE,SURABAYA,Indonésie,"JL Manyar Kertoarjo No 44, Mulyorejo, Jawa Timur",60116,https://all.accor.com/hotel/B750/index.fr.shtml,catalog_api,indonesia,MERCURE SURABAYA MANYAR,SURABAYA,indonesia,Indonésie,asia,missing
6155,6155,Mercure Surabaya Grand Mirama,MER,MERCURE,SURABAYA,Indonésie,Jl Raya Darmo 68 - 78,60264,https://all.accor.com/hotel/6155/index.fr.shtml,catalog_api,indonesia,MERCURE SURABAYA GRAND MIRAMA,SURABAYA,indonesia,Indonésie,asia,missing
B208,B208,Mövenpick Surabaya City,MOV,MÖVENPICK,SURABAYA,Indonésie,"Jl Ahmad Yani No 71, Margorejo, Wonocolo",60238,https://all.accor.com/hotel/B208/index.fr.shtml,catalog_api,indonesia,MOVENPICK SURABAYA CITY,SURABAYA,indonesia,Indonésie,asia,missing
B2V1,B2V1,Mercure Makassar Nexa Pettarani,MER,MERCURE,MAKASSAR,Indonésie,"Jl A P Pettarani No 4, Gunung Sari, Rappocini",90222,https://all.accor.com/hotel/B2V1/index.fr.shtml,catalog_api,indonesia,MERCURE MAKASSAR NEXA PETTARANI,MAKASSAR,indonesia,Indonésie,asia,missing
B911,B911,ibis Styles Semarang Simpang Lima,IBS,IBIS STYLES,SEMARANG,Indonésie,"Jalan Pahlawan no 2-2A, Simpang Lima",50241,https://all.accor.com/hotel/B911/index.fr.shtml,catalog_api,indonesia,IBIS STYLES SEMARANG SIMPANG LIMA,SEMARANG,indonesia,Indonésie,asia,missing
C1Y9,C1Y9,Mercure Madiun,MER,MERCURE,MADIUN,Indonésie,"Jl H Agus Salim No 50, Madiun",63129,https://all.accor.com/hotel/C1Y9/index.fr.shtml,catalog_api,indonesia,MERCURE MADIUN,MADIUN,indonesia,Indonésie,asia,missing
6530,6530,ibis Styles Solo,IBS,IBIS STYLES,SOLO,Indonésie,"Jalan Gajah Mada 23, Jawa Tengah",57131,https://all.accor.com/hotel/6530/index.fr.shtml,catalog_api,indonesia,IBIS STYLES SOLO,SOLO,indonesia,Indonésie,asia,missing
C622,C622,Mercure Solo,MER,MERCURE,SURAKARTA,Indonésie,"Jalan Slamet Riyadi No 437, Sondakan, Laweyan",57147,https://all.accor.com/hotel/C622/index.fr.shtml,catalog_api,indonesia,MERCURE SOLO,SURAKARTA,indonesia,Indonésie,asia,missing
C0I4,C0I4,Grand Mercure Solo Baru,MEI,GRAND MERCURE,SOLO,Indonésie,"JL IR SOEKARNO, SOLO BARU, SUKOHARJO",57552,https://all.accor.com/hotel/C0I4/index.fr.shtml,catalog_api,indonesia,GRAND MERCURE SOLO BARU,SOLO,indonesia,Indonésie,asia,missing
C1H6,C1H6,Homm Saranam Baturiti,HOM,HOM,BALI,Indonésie,"Kec. Baturiti, Kab. Tabanan",82191,https://all.accor.com/hotel/C1H6/index.fr.shtml,catalog_api,indonesia,HOMM SARANAM BATURITI,BALI,indonesia,Indonésie,asia,missing
B9B5,B9B5,"Buahan, évasion au Banyan Tree",BAN,BANYAN TREE,BALI,Indonésie,"Banjar Selat, Desa Buahan Kaja, Payangan Gianyar",80572,https://all.accor.com/hotel/B9B5/index.fr.shtml,catalog_api,indonesia,BUAHAN EVASION AU BANYAN TREE,BALI,indonesia,Indonésie,asia,missing
A222,A222,Novotel Bali Ubud Resort,NOV,NOVOTEL,BALI,Indonésie,"Banjar Semaon, Desa Puhu, Payangan GIANYAR",80572,https://all.accor.com/hotel/A222/index.fr.shtml,catalog_api,indonesia,NOVOTEL BALI UBUD RESORT,BALI,indonesia,Indonésie,asia,missing
C270,C270,Garrya Bianti Yogyakarta,GAR,GAR,YOGYAKARTA,Indonésie,"Gabugan, Pandowoharjo, Sleman, Yogyakarta Special Province",55512,https://all.accor.com/hotel/C270/index.fr.shtml,catalog_api,indonesia,GARRYA BIANTI YOGYAKARTA,YOGYAKARTA,indonesia,Indonésie,asia,missing
A088,A088,Novotel Suites Yogyakarta Malioboro,SUI,NOVOTEL SUITES,YOGYAKARTA,Indonésie,"Jl. Perwakilan No. 1, Suryatmajan, Danurejan",55213,https://all.accor.com/hotel/A088/index.fr.shtml,catalog_api,indonesia,NOVOTEL SUITES YOGYAKARTA MALIOBORO,YOGYAKARTA,indonesia,Indonésie,asia,missing
B3U5,B3U5,Peppers Seminyak,PEP,PEPPERS,SEMINYAK,Indonésie,"Jl Pura Telaga Waja, Petitenget, Seminyak",80361,https://all.accor.com/hotel/B3U5/index.fr.shtml,catalog_api,indonesia,PEPPERS SEMINYAK,SEMINYAK,indonesia,Indonésie,asia,missing
C4D5,C4D5,Grand Seminyak Lifestyle Boutique Bali Resort,SAM,SAM,SEMINYAK,Indonésie,"JL Camplung Tanduk  Dhyana Pura, Plage de Seminyak",80361,https://all.accor.com/hotel/C4D5/index.fr.shtml,catalog_api,indonesia,GRAND SEMINYAK LIFESTYLE BOUTIQUE BALI RESORT,SEMINYAK,indonesia,Indonésie,asia,missing
B777,B777,TRIBE Bali Kuta Beach,TRI,TRIBE,BADUNG,Indonésie,"Jalan Pantai Kuta no 99, Kuta, Legian",80361,https://all.accor.com/hotel/B777/index.fr.shtml,catalog_api,indonesia,TRIBE BALI KUTA BEACH,BADUNG,indonesia,Indonésie,asia,missing
B5Z8,B5Z8,"Aéroport international ibis Yogyakarta, Kulon Progo",IBH,IBIS,YOGYAKARTA,Indonésie,"Jl Wates Purworejo KM 10 95, Kulon Progo",55654,https://all.accor.com/hotel/B5Z8/index.fr.shtml,catalog_api,indonesia,AEROPORT INTERNATIONAL IBIS YOGYAKARTA KULON PROGO,YOGYAKARTA,indonesia,Indonésie,asia,missing
B5Q9,B5Q9,Novotel Yogyakarta International Airport Kulon Progo,NOV,NOVOTEL,YOGYAKARTA,Indonésie,Jl Wates Purworejo KM 10 95,55654,https://all.accor.com/hotel/B5Q9/index.fr.shtml,catalog_api,indonesia,NOVOTEL YOGYAKARTA INTERNATIONAL AIRPORT KULON PROGO,YOGYAKARTA,indonesia,Indonésie,asia,missing
B4P2,B4P2,Mövenpick Resort & Spa Jimbaran Bali,MOV,MÖVENPICK,JIMBARAN BALI,Indonésie,"Jl. Wanagiri No 1, Jimbaran, South Kuta Bali",80362,https://all.accor.com/hotel/B4P2/index.fr.shtml,catalog_api,indonesia,MOVENPICK RESORT SPA JIMBARAN BALI,JIMBARAN BALI,indonesia,Indonésie,asia,missing
B695,B695,Raffles Bali,RAF,RAFFLES,JIMBARAN,Indonésie,"Jalan Karang Mas Sejahtera 1A, Jimbaran, Bali",80361,https://all.accor.com/hotel/B695/index.fr.shtml,catalog_api,indonesia,RAFFLES BALI,JIMBARAN,indonesia,Indonésie,asia,missing
C150,C150,Nusa Dua Beach Hotel and Spa - Handwritten Collection,SOU,SOU,NUSA DUA,Indonésie,"KAWASAN PARIWISATA NUSA DUA, LOT NORTH 4, NUSA DUA",80363,https://all.accor.com/hotel/C150/index.fr.shtml,catalog_api,indonesia,NUSA DUA BEACH HOTEL AND SPA HANDWRITTEN COLLECTION,NUSA DUA,indonesia,Indonésie,asia,missing
A1K2,A1K2,Pullman Lombok Merujani Mandalika Beach Resort,PUL,PULLMAN,KUTA LOMBOK TENGAH,Indonésie,"ITDC Tourism Complex BS2 Kuta, Pujut",83573,https://all.accor.com/hotel/A1K2/index.fr.shtml,catalog_api,indonesia,PULLMAN LOMBOK MERUJANI MANDALIKA BEACH RESORT,KUTA LOMBOK TENGAH,indonesia,Indonésie,asia,missing
B3Z6,B3Z6,Novotel Karawang,NOV,NOVOTEL,KARAWANG,Indonésie,"Jl Interchange Karawang Barat, Margakaya Teluk Jambe Barat, Karawang Jawa Barat",41361,https://all.accor.com/hotel/B3Z6/index.fr.shtml,catalog_api,indonesia,NOVOTEL KARAWANG,KARAWANG,indonesia,Indonésie,asia,missing
B2U4,B2U4,Mercure Bandung Nexa Supratman,MER,MERCURE,BANDUNG,Indonésie,JL. Supratman No. 66,40122,https://all.accor.com/hotel/B2U4/index.fr.shtml,catalog_api,indonesia,MERCURE BANDUNG NEXA SUPRATMAN,BANDUNG,indonesia,Indonésie,asia,missing
C278,C278,Mercure Garut City Center,MER,MERCURE,GARUT,Indonésie,"Jalan Guntur No. 02, Pakuwon, Kecamatan Garut Kota",44118,https://all.accor.com/hotel/C278/index.fr.shtml,catalog_api,indonesia,MERCURE GARUT CITY CENTER,GARUT,indonesia,Indonésie,asia,missing
A3N3,A3N3,ibis Styles Bekasi Jatibening,IBS,IBIS STYLES,BEKASI,Indonésie,"Jalan Raya Caman No.21, Jatibening, Pondok Gede, Bekasi, Jawa Barat",17412,https://all.accor.com/hotel/A3N3/index.fr.shtml,catalog_api,indonesia,IBIS STYLES BEKASI JATIBENING,BEKASI,indonesia,Indonésie,asia,missing
C252,C252,Novotel Jakarta Pulo Mas,NOV,NOVOTEL,JAKARTA,Indonésie,"Jalan Pulomas Selatan No 31, Kayu Putih, Kecamatan Pulo Gadung",13210,https://all.accor.com/hotel/C252/index.fr.shtml,catalog_api,indonesia,NOVOTEL JAKARTA PULO MAS,JAKARTA,indonesia,Indonésie,asia,missing
A610,A610,Mercure Jakarta Batavia,MER,MERCURE,JAKARTA,Indonésie,"Jalan Kali Besar Barat No 44 46, Roa Malaka, Tambora Kota Jakarta Barat",11230,https://all.accor.com/hotel/A610/index.fr.shtml,catalog_api,indonesia,MERCURE JAKARTA BATAVIA,JAKARTA,indonesia,Indonésie,asia,missing
C0Q3,C0Q3,Hôtel Mövenpick Centre-ville de Jakarta,MOV,MÖVENPICK,JAKARTA,Indonésie,"JALAN PECENONGAN No 7-17, KEBON KELAPA",10120,https://all.accor.com/hotel/C0Q3/index.fr.shtml,catalog_api,indonesia,HOTEL MOVENPICK CENTRE VILLE DE JAKARTA,JAKARTA,indonesia,Indonésie,asia,missing
A1K6,A1K6,Mercure Jakarta Cikini,MER,MERCURE,JAKARTA,Indonésie,"Jalan Cikini Raya No 66, Menteng - Jakarta Pusat",10330,https://all.accor.com/hotel/A1K6/index.fr.shtml,catalog_api,indonesia,MERCURE JAKARTA CIKINI,JAKARTA,indonesia,Indonésie,asia,missing
B590,B590,Swissotel Jakarta PIK Avenue,SWI,SWISSÔTEL,JAKARTA,Indonésie,"Jalan Pantai Indah Kapuk, Kamal Muara Penjaringan, North Jakarta",14470,https://all.accor.com/hotel/B590/index.fr.shtml,catalog_api,indonesia,SWISSOTEL JAKARTA PIK AVENUE,JAKARTA,indonesia,Indonésie,asia,missing
A5Y7,A5Y7,Raffles Jakarta,RAF,RAFFLES,JAKARTA,Indonésie,"Ciputra World 1, Jl Prof Dr Satrio Kav 3 5",12940,https://all.accor.com/hotel/A5Y7/index.fr.shtml,catalog_api,indonesia,RAFFLES JAKARTA,JAKARTA,indonesia,Indonésie,asia,missing
B764,B764,Swissôtel Living Jakarta Mega Kuningan,SWL,SWL,DJAKARTA SUD,Indonésie,"Jl Guru Mughni Kav 10-3 No 5, Kuningan Timur, Setiabudi",12930,https://all.accor.com/hotel/B764/index.fr.shtml,catalog_api,indonesia,SWISSOTEL LIVING JAKARTA MEGA KUNINGAN,DJAKARTA SUD,indonesia,Indonésie,asia,missing
B151,B151,Mercure Jakarta Gatot Subroto,MER,MERCURE,JAKARTA,Indonésie,"Jalan Gatot Subroto Kav. 1, Kuningan Barat, Jakarta Selatan",12790,https://all.accor.com/hotel/B151/index.fr.shtml,catalog_api,indonesia,MERCURE JAKARTA GATOT SUBROTO,JAKARTA,indonesia,Indonésie,asia,missing
C1I1,C1I1,Hôtel 25hours Jakarta The Oddbird,TWF,25HOURS,JAKARTA,Indonésie,"District 8 SCBD Lot 28, Jalan Jendral Sudirman",12190,https://all.accor.com/hotel/C1I1/index.fr.shtml,catalog_api,indonesia,HOTEL 25HOURS JAKARTA THE ODDBIRD,JAKARTA,indonesia,Indonésie,asia,missing
A5G1,A5G1,Fairmont Jakarta,FAI,FAIRMONT,JAKARTA,Indonésie,Jl Asia Afrika No8,10270,https://all.accor.com/hotel/A5G1/index.fr.shtml,catalog_api,indonesia,FAIRMONT JAKARTA,JAKARTA,indonesia,Indonésie,asia,missing
A1K5,A1K5,ibis Styles Jakarta Simatupang,IBS,IBIS STYLES,JAKARTA,Indonésie,"Jl Cilandak Tengah No 23, Cilandak Barat, Jakarta Selatan",12430,https://all.accor.com/hotel/A1K5/index.fr.shtml,catalog_api,indonesia,IBIS STYLES JAKARTA SIMATUPANG,JAKARTA,indonesia,Indonésie,asia,missing
B1R6,B1R6,Mercure Tangerang Centre,MER,MERCURE,TANGERANG,Indonésie,"Jl.  Mh Thamrin No 5, Cikokol Tangerang, Banten",15117,https://all.accor.com/hotel/B1R6/index.fr.shtml,catalog_api,indonesia,MERCURE TANGERANG CENTRE,TANGERANG,indonesia,Indonésie,asia,missing
B281,B281,ibis Styles Serpong BSD City,IBS,IBIS STYLES,TANGERANG,Indonésie,"Kav Taman Kota Barat Lot II No 9, BSD City, Serpong",15345,https://all.accor.com/hotel/B281/index.fr.shtml,catalog_api,indonesia,IBIS STYLES SERPONG BSD CITY,TANGERANG,indonesia,Indonésie,asia,missing
C250,C250,Novotel Tangerang BSD City,NOV,NOVOTEL,BSD CITY,Indonésie,"Jalan BSD CBD 55 Lot I8, Pagedangan, Kabupaten Tangerang",15339,https://all.accor.com/hotel/C250/index.fr.shtml,catalog_api,indonesia,NOVOTEL TANGERANG BSD CITY,BSD CITY,indonesia,Indonésie,asia,missing
A6P9,A6P9,Mercure Tangerang BSD City,MER,MERCURE,TANGERANG,Indonésie,"Jl Edutown, CBD 55 Kavling Lot II No 8, BSD City Pagedangan",15339,https://all.accor.com/hotel/A6P9/index.fr.shtml,catalog_api,indonesia,MERCURE TANGERANG BSD CITY,TANGERANG,indonesia,Indonésie,asia,missing
A1K4,A1K4,ibis Styles Bogor Pajajaran,IBS,IBIS STYLES,BOGOR,Indonésie,"Jalan Raya Pajajaran No 37, Kelurahan Babakan Bogor, West Java",16128,https://all.accor.com/hotel/A1K4/index.fr.shtml,catalog_api,indonesia,IBIS STYLES BOGOR PAJAJARAN,BOGOR,indonesia,Indonésie,asia,missing
C5Z9,C5Z9,Mercure Cibadak Sukabumi Resort,MER,MERCURE,KABUPATEN SUKABUMI,Indonésie,"Jalan Raya Nagrak, Cisarua, Nagrak",43356,https://all.accor.com/hotel/C5Z9/index.fr.shtml,catalog_api,indonesia,MERCURE CIBADAK SUKABUMI RESORT,KABUPATEN SUKABUMI,indonesia,Indonésie,asia,missing
B9X8,B9X8,Mövenpick Resort & Spa Bintan Lagoon,MOV,MÖVENPICK,BINTAN,Indonésie,"Jalan Indera Segara Site A12, Sebong Lagoi Teluk Sebong, Kab Bintan Kepulauan Riau",29155,https://all.accor.com/hotel/B9X8/index.fr.shtml,catalog_api,indonesia,MOVENPICK RESORT SPA BINTAN LAGOON,BINTAN,indonesia,Indonésie,asia,missing
C6A5,C6A5,Mövenpick Resort Carita,MOV,MÖVENPICK,SERANG,Indonésie,"Jalan Raya Anyer - Carita, Pasauran, Cinangka",42167,https://all.accor.com/hotel/C6A5/index.fr.shtml,catalog_api,indonesia,MOVENPICK RESORT CARITA,SERANG,indonesia,Indonésie,asia,missing
B1X4,B1X4,Cassia Bintan,CAS,CASSIA,BINTAN,Indonésie,"Jalan Teluk Berembang, Laguna Bintan Resort, Lagoi Bintan Resorts",29155,https://all.accor.com/hotel/B1X4/index.fr.shtml,catalog_api,indonesia,CASSIA BINTAN,BINTAN,indonesia,Indonésie,asia,missing
B1W6,B1W6,Homm Laguna Bintan,HOM,HOM,BINTAN,Indonésie,"Jalan Teluk Berembang, Lagoi",29155,https://all.accor.com/hotel/B1W6/index.fr.shtml,catalog_api,indonesia,HOMM LAGUNA BINTAN,BINTAN,indonesia,Indonésie,asia,missing
B1U7,B1U7,Banyan Tree Bintan,BAN,BANYAN TREE,LAGOI,Indonésie,"Jalan Teluk Berembang, Laguna Bintan Resort, Lagoi",29155,https://all.accor.com/hotel/B1U7/index.fr.shtml,catalog_api,indonesia,BANYAN TREE BINTAN,LAGOI,indonesia,Indonésie,asia,missing
B549,B549,Grand Mercure Batam Centre,MEI,GRAND MERCURE,BATAM,Indonésie,"Jalan Raja H Fisabilillah, Teluk Tering, Batam Centre, Kecamatan Batam Kota",29461,https://all.accor.com/hotel/B549/index.fr.shtml,catalog_api,indonesia,GRAND MERCURE BATAM CENTRE,BATAM,indonesia,Indonésie,asia,missing
B063,B063,Mercure Bengkulu,MER,MERCURE,BENGKULU,Indonésie,"Jalan S Parman n° 27, Bengkulu",38227,https://all.accor.com/hotel/B063/index.fr.shtml,catalog_api,indonesia,MERCURE BENGKULU,BENGKULU,indonesia,Indonésie,asia,missing
A6S6,A6S6,ibis Styles Medan Pattimura,IBS,IBIS STYLES,MEDAN,Indonésie,"Jalan Pattimura No 442, Kelurahan Darat, Kecamatan Medan Baru",20153,https://all.accor.com/hotel/A6S6/index.fr.shtml,catalog_api,indonesia,IBIS STYLES MEDAN PATTIMURA,MEDAN,indonesia,Indonésie,asia,missing
B6X1,B6X1,Mercure Jayapura,MER,MERCURE,JAYAPURA,Indonésie,"Jl Ahmad Yani, Gurabesi No 12, Jayapura",99111,https://all.accor.com/hotel/B6X1/index.fr.shtml,catalog_api,indonesia,MERCURE JAYAPURA,JAYAPURA,indonesia,Indonésie,asia,missing
B4K4,B4K4,Station Mövenpick Khao Yai,MOV,MÖVENPICK,NAKORN RATCHASIMA,Thaïlande,T Wangsai A.Pakchong Nakornratch,30130,https://all.accor.com/hotel/B4K4/index.fr.shtml,catalog_api,thailand,STATION MOVENPICK KHAO YAI,NAKORN RATCHASIMA,thailand,Thaïlande,asia,missing
B346,B346,Novotel Bangkok Future Park Rangsit,NOV,NOVOTEL,BANGKOK,Thaïlande,"114 Paholyothin Road, Prachathipat, Thanyaburi",12130,https://all.accor.com/hotel/B346/index.fr.shtml,catalog_api,thailand,NOVOTEL BANGKOK FUTURE PARK RANGSIT,BANGKOK,thailand,Thaïlande,asia,missing
A9G9,A9G9,ibis Styles Bangkok Ratchada,IBS,IBIS STYLES,BANGKOK,Thaïlande,"212 Ratchadaphisek Road, Huai Khwang",10310,https://all.accor.com/hotel/A9G9/index.fr.shtml,catalog_api,thailand,IBIS STYLES BANGKOK RATCHADA,BANGKOK,thailand,Thaïlande,asia,missing
C3L2,C3L2,Cassia Rama 9 Bangkok,CAS,CASSIA,BANGKOK,Thaïlande,"395 1063 Rama 9 Road, Bangkapi, Huai Khwang",10310,https://all.accor.com/hotel/C3L2/index.fr.shtml,catalog_api,thailand,CASSIA RAMA 9 BANGKOK,BANGKOK,thailand,Thaïlande,asia,missing
C0Y8,C0Y8,Grand Mercure Bangkok Atrium,MEI,GRAND MERCURE,BANGKOK,Thaïlande,"1880 New Phetchaburi Road, Bangkapi, Huay Kwang",10310,https://all.accor.com/hotel/C0Y8/index.fr.shtml,catalog_api,thailand,GRAND MERCURE BANGKOK ATRIUM,BANGKOK,thailand,Thaïlande,asia,missing
C0I3,C0I3,Mercure Bangkok Siam Ratchathewi,MER,MERCURE,BANGKOK,Thaïlande,"199 Phaya Thai road, Ratchathewi district",10400,https://all.accor.com/hotel/C0I3/index.fr.shtml,catalog_api,thailand,MERCURE BANGKOK SIAM RATCHATHEWI,BANGKOK,thailand,Thaïlande,asia,missing
C0I2,C0I2,ibis Bangkok Siam Ratchathewi,IBH,IBIS,BANGKOK,Thaïlande,"199 Phaya Thai road, Phetchaburi, Ratchathewi",10400,https://all.accor.com/hotel/C0I2/index.fr.shtml,catalog_api,thailand,IBIS BANGKOK SIAM RATCHATHEWI,BANGKOK,thailand,Thaïlande,asia,missing
B4U9,B4U9,Mövenpick BDMS Wellness Resort Bangkok,MOV,MÖVENPICK,BANGKOK,Thaïlande,2 Wireless Rd Lumpini Pathumwan,10330,https://all.accor.com/hotel/B4U9/index.fr.shtml,catalog_api,thailand,MOVENPICK BDMS WELLNESS RESORT BANGKOK,BANGKOK,thailand,Thaïlande,asia,missing
A247,A247,Mercure Bangkok Sukhumvit 11,MER,MERCURE,BANGKOK,Thaïlande,"18 Sukhumvit Soi 11, Nana, Khlongtoey",10110,https://all.accor.com/hotel/A247/index.fr.shtml,catalog_api,thailand,MERCURE BANGKOK SUKHUMVIT 11,BANGKOK,thailand,Thaïlande,asia,missing
B4K2,B4K2,Mövenpick Hotel Sukhumvit 15 Bangkok,MOV,MÖVENPICK,BANGKOK,Thaïlande,"Sukhumvit Soi 15 Sukhumvit Road, Klong Toei Nuea Wattana",10110,https://all.accor.com/hotel/B4K2/index.fr.shtml,catalog_api,thailand,MOVENPICK HOTEL SUKHUMVIT 15 BANGKOK,BANGKOK,thailand,Thaïlande,asia,missing
C0G7,C0G7,TRIBE Living Bangkok Sukhumvit 39,TRI,TRIBE,BANGKOK,Thaïlande,"122 Soi Sukhumvit 39, Sukhumvit Road, Klongton Nuea, Bangkok, 10110",10110,https://all.accor.com/hotel/C0G7/index.fr.shtml,catalog_api,thailand,TRIBE LIVING BANGKOK SUKHUMVIT 39,BANGKOK,thailand,Thaïlande,asia,missing
A246,A246,Novotel Bangkok Sukhumvit 4,NOV,NOVOTEL,BANGKOK,Thaïlande,"27 Sukhumvit 4, Klongtoey",10110,https://all.accor.com/hotel/A246/index.fr.shtml,catalog_api,thailand,NOVOTEL BANGKOK SUKHUMVIT 4,BANGKOK,thailand,Thaïlande,asia,missing
A237,A237,ibis Styles Bangkok Sukhumvit 4,IBS,IBIS STYLES,BANGKOK,Thaïlande,"Sukhumvit Road Soi 4, Klongtoey",10110,https://all.accor.com/hotel/A237/index.fr.shtml,catalog_api,thailand,IBIS STYLES BANGKOK SUKHUMVIT 4,BANGKOK,thailand,Thaïlande,asia,missing
B776,B776,Novotel Living Bangkok Sukhumvit Legacy,NOL,NOL,BANGKOK,Thaïlande,"12-14 Sukhumvit 29 Alley, Klong Toey Nua, Watthana",10110,https://all.accor.com/hotel/B776/index.fr.shtml,catalog_api,thailand,NOVOTEL LIVING BANGKOK SUKHUMVIT LEGACY,BANGKOK,thailand,Thaïlande,asia,missing
C7B4,C7B4,greet Bangkok Sukhumvit 16 Jono,GRE,GREET,BANGKOK,Thaïlande,"70 SOI SUKHUMVIT 16, SAMMITR, KLONGTOEI",10110,https://all.accor.com/hotel/C7B4/index.fr.shtml,catalog_api,thailand,GREET BANGKOK SUKHUMVIT 16 JONO,BANGKOK,thailand,Thaïlande,asia,missing
C1G0,C1G0,Fairmont Bangkok Sukhumvit (ouverture au 2e semestre 2026),FAI,FAIRMONT,BANGKOK,Thaïlande,"10 1 Sukhumvit 20 Alley, Khwaeng Khlong Toei, Khet Klong Toei",10110,https://all.accor.com/hotel/C1G0/index.fr.shtml,catalog_api,thailand,FAIRMONT BANGKOK SUKHUMVIT OUVERTURE AU 2E SEMESTRE 2026,BANGKOK,thailand,Thaïlande,asia,missing
B0M2,B0M2,Mercure Bangkok Sukhumvit 24,MER,MERCURE,BANGKOK,Thaïlande,"5.1 Sukhumvit Road Soi 24, Khlong Tan, Klongtoey,, Bangkok, Thaïlande",10110,https://all.accor.com/hotel/B0M2/index.fr.shtml,catalog_api,thailand,MERCURE BANGKOK SUKHUMVIT 24,BANGKOK,thailand,Thaïlande,asia,missing
B0M5,B0M5,Ibis Bangkok Sukhumvit 24,IBH,IBIS,BANGKOK,Thaïlande,"5.1 Sukhumvit 24 Road, Klong Tan, Klong Toey",10110,https://all.accor.com/hotel/B0M5/index.fr.shtml,catalog_api,thailand,IBIS BANGKOK SUKHUMVIT 24,BANGKOK,thailand,Thaïlande,asia,missing
C0H0,C0H0,Homm Sukhumvit34 Bangkok,HOM,HOM,BANGKOK,Thaïlande,"40 SUKHUMVIT34, SUKHUMVITROAD KLONGTAN, KLONGTOEY",10110,https://all.accor.com/hotel/C0H0/index.fr.shtml,catalog_api,thailand,HOMM SUKHUMVIT34 BANGKOK,BANGKOK,thailand,Thaïlande,asia,missing
B6N1,B6N1,ibis Styles Bangkok Silom,IBS,IBIS STYLES,BANGKOK,Thaïlande,"289 Silom Road Silom, Bangrak District",10500,https://all.accor.com/hotel/B6N1/index.fr.shtml,catalog_api,thailand,IBIS STYLES BANGKOK SILOM,BANGKOK,thailand,Thaïlande,asia,missing
C0Q6,C0Q6,Mercure Bangkok Surawong,MER,MERCURE,BANGKOK,Thaïlande,"222 Surawong Road, Si Phraya Bangrak District",10500,https://all.accor.com/hotel/C0Q6/index.fr.shtml,catalog_api,thailand,MERCURE BANGKOK SURAWONG,BANGKOK,thailand,Thaïlande,asia,missing
B1U6,B1U6,Banyan Tree Bangkok,BAN,BANYAN TREE,BANGKOK,Thaïlande,21/100 South Sathon Road,10120,https://all.accor.com/hotel/B1U6/index.fr.shtml,catalog_api,thailand,BANYAN TREE BANGKOK,BANGKOK,thailand,Thaïlande,asia,missing
6537,6537,ibis Bangkok Sathorn,IBH,IBIS,BANGKOK,Thaïlande,"Soi Ngam Duphli Rama IV, Sathorn",10120,https://all.accor.com/hotel/6537/index.fr.shtml,catalog_api,thailand,IBIS BANGKOK SATHORN,BANGKOK,thailand,Thaïlande,asia,missing
C2F8,C2F8,Novotel Koh Si Chang,NOV,NOVOTEL,CHONBURI,Thaïlande,"333 Tha Thewawong, Koh Si Chang",20120,https://all.accor.com/hotel/C2F8/index.fr.shtml,catalog_api,thailand,NOVOTEL KOH SI CHANG,CHONBURI,thailand,Thaïlande,asia,missing
A0E9,A0E9,Veranda Resort Pattaya - MGallery Collection,MGA,MGALLERY,CHONBURI,Thaïlande,"211 Moo 1, Na Jomtien, Sattahip",20250,https://all.accor.com/hotel/A0E9/index.fr.shtml,catalog_api,thailand,VERANDA RESORT PATTAYA MGALLERY COLLECTION,CHONBURI,thailand,Thaïlande,asia,missing
B4J6,B4J6,Mövenpick Siam Na Jomtien Pattaya,MOV,MÖVENPICK,PATTAYA,Thaïlande,"55 Moo 2 Sukhumvit Road, Na Jomtien, Sattahip, Chonburi",20250,https://all.accor.com/hotel/B4J6/index.fr.shtml,catalog_api,thailand,MOVENPICK SIAM NA JOMTIEN PATTAYA,PATTAYA,thailand,Thaïlande,asia,missing
B631,B631,Novotel Rayong Star Convention Centre,NOV,NOVOTEL,RAYONG,Thaïlande,"109 Sukhumvit Road, Tha Pradu, Muang Rayong District",21000,https://all.accor.com/hotel/B631/index.fr.shtml,catalog_api,thailand,NOVOTEL RAYONG STAR CONVENTION CENTRE,RAYONG,thailand,Thaïlande,asia,missing
1130,1130,Novotel Rayong Rim Pae Resort,NOV,NOVOTEL,RAYONG,Thaïlande,"4/5 Moo 3, Pae Klaeng Kram Road, CHARK PONG KLAENG",21190,https://all.accor.com/hotel/1130/index.fr.shtml,catalog_api,thailand,NOVOTEL RAYONG RIM PAE RESORT,RAYONG,thailand,Thaïlande,asia,missing
B2E7,B2E7,Mercure Rayong Lomtalay Villas & Resort,MER,MERCURE,RAYONG,Thaïlande,"129 2 Tambon Kram Moo 3, Amphur Klaeng, Thaïlande",21190,https://all.accor.com/hotel/B2E7/index.fr.shtml,catalog_api,thailand,MERCURE RAYONG LOMTALAY VILLAS RESORT,RAYONG,thailand,Thaïlande,asia,missing
B4K3,B4K3,Mövenpick Asara Resort & Spa Hua Hin,MOV,MÖVENPICK,PRACHUAP KIRIKHAN,Thaïlande,"53 Hua Hin 5 Alley, Tambon Hua Hin ,  Amphur Hua Hin",77110,https://all.accor.com/hotel/B4K3/index.fr.shtml,catalog_api,thailand,MOVENPICK ASARA RESORT SPA HUA HIN,PRACHUAP KIRIKHAN,thailand,Thaïlande,asia,missing
7276,7276,ibis Hua Hin,IBH,IBIS,HUA HIN,Thaïlande,"Petchkasem Road   Hua Hin 87, Prachubkirikhan",77110,https://all.accor.com/hotel/7276/index.fr.shtml,catalog_api,thailand,IBIS HUA HIN,HUA HIN,thailand,Thaïlande,asia,missing
B4F8,B4F8,Hôtel Novotel Chiangmai Nimman Journeyhub,NOV,NOVOTEL,CHIANG MAI,Thaïlande,"7*77 Moo 2, Huay Kaew Road, Chang Phueak, Muang",50300,https://all.accor.com/hotel/B4F8/index.fr.shtml,catalog_api,thailand,HOTEL NOVOTEL CHIANGMAI NIMMAN JOURNEYHUB,CHIANG MAI,thailand,Thaïlande,asia,missing
B9U9,B9U9,ibis Chiang Mai Nimman Journeyhub,IBH,IBIS,CHIANG MAI,Thaïlande,"7-17 Moo 2,  Huay Kaew Road, Chang Phueak, Muang",50300,https://all.accor.com/hotel/B9U9/index.fr.shtml,catalog_api,thailand,IBIS CHIANG MAI NIMMAN JOURNEYHUB,CHIANG MAI,thailand,Thaïlande,asia,missing
C100,C100,Garrya Tongsai Bay Samui,GAR,GAR,SURAT THANI,Thaïlande,"84 Moo 5, Bo Phut, Ko Samui",84320,https://all.accor.com/hotel/C100/index.fr.shtml,catalog_api,thailand,GARRYA TONGSAI BAY SAMUI,SURAT THANI,thailand,Thaïlande,asia,missing
C2P4,C2P4,Homm Chura Samui,HOM,HOM,SURATTHANI,Thaïlande,"99 9 MOO 2 CHAWENG BEACH ROAD, TUMBON BOPHUT, AMPHORE KOH SAMUI",84320,https://all.accor.com/hotel/C2P4/index.fr.shtml,catalog_api,thailand,HOMM CHURA SAMUI,SURATTHANI,thailand,Thaïlande,asia,missing
B1U2,B1U2,Banyan Tree Samui,BAN,BANYAN TREE,SAMUI,Thaïlande,"99/9 Moo 4, Maret, Samui",84310,https://all.accor.com/hotel/B1U2/index.fr.shtml,catalog_api,thailand,BANYAN TREE SAMUI,SAMUI,thailand,Thaïlande,asia,missing
B436,B436,Resort Pullman Khao Lak,PUL,PULLMAN,PHANG NGA,Thaïlande,"46 109 Moo 2 Soi 46 Laem Son, Bangmuang, Takua Pa District",82190,https://all.accor.com/hotel/B436/index.fr.shtml,catalog_api,thailand,RESORT PULLMAN KHAO LAK,PHANG NGA,thailand,Thaïlande,asia,missing
B130,B130,Grand Mercure Khao Lak Bangsak,MEI,GRAND MERCURE,PHANG NGA,Thaïlande,"71 Moo7, Bangmuang District, Ampur Takuapa",82190,https://all.accor.com/hotel/B130/index.fr.shtml,catalog_api,thailand,GRAND MERCURE KHAO LAK BANGSAK,PHANG NGA,thailand,Thaïlande,asia,missing
B809,B809,Banyan Tree Krabi,BAN,BANYAN TREE,KRABI,Thaïlande,"279 Moo 3, Tambon Nongtalay, Amphoe Muang",81180,https://all.accor.com/hotel/B809/index.fr.shtml,catalog_api,thailand,BANYAN TREE KRABI,KRABI,thailand,Thaïlande,asia,missing
6184,6184,Sofitel Krabi Phokeethra Golf & Spa Resort,SOF,SOFITEL,KRABI,Thaïlande,"200 Moo 3 T.Nongtalay, A.Muang Krabi",81180,https://all.accor.com/hotel/6184/index.fr.shtml,catalog_api,thailand,SOFITEL KRABI PHOKEETHRA GOLF SPA RESORT,KRABI,thailand,Thaïlande,asia,missing
B6F7,B6F7,Grand Mercure Krabi Ao Nang,MEI,GRAND MERCURE,KRABI,Thaïlande,"9-9 Moo 2, Tambon Aonang, Muang Krabi",81180,https://all.accor.com/hotel/B6F7/index.fr.shtml,catalog_api,thailand,GRAND MERCURE KRABI AO NANG,KRABI,thailand,Thaïlande,asia,missing
C600,C600,Splash Beach Resort Phuket,SAM,SAM,PHUKET,Thaïlande,"65/ 47 Moo 4, Mai Khao Soi 4, Thalang",83110,https://all.accor.com/hotel/C600/index.fr.shtml,catalog_api,thailand,SPLASH BEACH RESORT PHUKET,PHUKET,thailand,Thaïlande,asia,missing
7488,7488,Pullman Phuket Arcadia Naithon Beach,PUL,PULLMAN,PHUKET,Thaïlande,"22/2 Moo 4  Naithon Beach, Amphur Talang",83110,https://all.accor.com/hotel/7488/index.fr.shtml,catalog_api,thailand,PULLMAN PHUKET ARCADIA NAITHON BEACH,PHUKET,thailand,Thaïlande,asia,missing
B1U8,B1U8,Banyan Tree Phuket,BAN,BANYAN TREE,PHUKET,Thaïlande,"33 33 27 Moo Srisoonthorn Rd, Cherngtalay Amphur Talang",83110,https://all.accor.com/hotel/B1U8/index.fr.shtml,catalog_api,thailand,BANYAN TREE PHUKET,PHUKET,thailand,Thaïlande,asia,missing
B4J4,B4J4,Mövenpick Phuket Bangtao,MOV,MÖVENPICK,PHUKET,Thaïlande,35 Moo 4 Cherngtalay Thalang,83110,https://all.accor.com/hotel/B4J4/index.fr.shtml,catalog_api,thailand,MOVENPICK PHUKET BANGTAO,PHUKET,thailand,Thaïlande,asia,missing
B1W2,B1W2,Angsana Laguna Phuket,ANG,ANGSANA,PHUKET,Thaïlande,10 Moo 4 Srisoonthorn Road,83110,https://all.accor.com/hotel/B1W2/index.fr.shtml,catalog_api,thailand,ANGSANA LAGUNA PHUKET,PHUKET,thailand,Thaïlande,asia,missing
C2B8,C2B8,Homm Suites Laguna,HOM,HOM,PHUKET,Thaïlande,"61 Moo 4 Srisoonthorn Road, Cherntalay Talang",83110,https://all.accor.com/hotel/C2B8/index.fr.shtml,catalog_api,thailand,HOMM SUITES LAGUNA,PHUKET,thailand,Thaïlande,asia,missing
B1X3,B1X3,Cassia Phuket,CAS,CASSIA,PHUKET,Thaïlande,"64 Moo 4 Srisoonthorn Road, Thalang",83110,https://all.accor.com/hotel/B1X3/index.fr.shtml,catalog_api,thailand,CASSIA PHUKET,PHUKET,thailand,Thaïlande,asia,missing
C2H9,C2H9,ibis Styles Phuket Bangtao,IBS,IBIS STYLES,PHUKET,Thaïlande,"199 Moo 5, Choeng Thale, Thalang",83110,https://all.accor.com/hotel/C2H9/index.fr.shtml,catalog_api,thailand,IBIS STYLES PHUKET BANGTAO,PHUKET,thailand,Thaïlande,asia,missing
C2K2,C2K2,Navera Phuket – MGallery Collection (Opening in 2026),MGA,MGALLERY,PHUKET,Thaïlande,"125 Moo 3 Surin Beach, Srisoonthorn Road, Cherngtalay, Thalang District",83110,https://all.accor.com/hotel/C2K2/index.fr.shtml,catalog_api,thailand,NAVERA PHUKET MGALLERY COLLECTION OPENING IN 2026,PHUKET,thailand,Thaïlande,asia,missing
B653,B653,Kamaliss MontAzure Phuket - MGallery Collection,MGA,MGALLERY,PHUKET,Thaïlande,"118 17, Moo 3, KAMALA KATHU",83150,https://all.accor.com/hotel/B653/index.fr.shtml,catalog_api,thailand,KAMALISS MONTAZURE PHUKET MGALLERY COLLECTION,PHUKET,thailand,Thaïlande,asia,missing
C267,C267,Andaman Beach Hotel Phuket - Handwritten Collection,SOU,SOU,PHUKET,Thaïlande,"17 SLASH 1 TO 3, SOI PRABARAMEE 4, PATONG",83150,https://all.accor.com/hotel/C267/index.fr.shtml,catalog_api,thailand,ANDAMAN BEACH HOTEL PHUKET HANDWRITTEN COLLECTION,PHUKET,thailand,Thaïlande,asia,missing
C543,C543,Mercure Phuket Patong Journeyhub,MER,MERCURE,PHUKET,Thaïlande,"240 8 Phangmuangsai Kor Road, Patong Kathu",83150,https://all.accor.com/hotel/C543/index.fr.shtml,catalog_api,thailand,MERCURE PHUKET PATONG JOURNEYHUB,PHUKET,thailand,Thaïlande,asia,missing
B2E1,B2E1,Mövenpick Myth Hotel Patong Phuket,MOV,MÖVENPICK,PHUKET,Thaïlande,"27/9 Rat U Thit 200 Pee Road, Patong Sub District, Kathu District",83150,https://all.accor.com/hotel/B2E1/index.fr.shtml,catalog_api,thailand,MOVENPICK MYTH HOTEL PATONG PHUKET,PHUKET,thailand,Thaïlande,asia,missing
A742,A742,TRIBE Phuket Patong,TRI,TRIBE,PHUKET,Thaïlande,"203-2 Phang Mueang, Sai Kor Road Patong, Kathu District",83150,https://all.accor.com/hotel/A742/index.fr.shtml,catalog_api,thailand,TRIBE PHUKET PATONG,PHUKET,thailand,Thaïlande,asia,missing
B9E6,B9E6,Homm Bliss Southbeach Patong,HOM,HOM,PHUKET,Thaïlande,"40 Thaveewong Road Patong, Kathu",83110,https://all.accor.com/hotel/B9E6/index.fr.shtml,catalog_api,thailand,HOMM BLISS SOUTHBEACH PATONG,PHUKET,thailand,Thaïlande,asia,missing
A245,A245,Avista Hideaway Patong Resort & Spa Phuket - MGallery Collection,MGA,MGALLERY,PHUKET,Thaïlande,"39/9 Muen Ngern Road, Tri Trang Beach, Patong District Amphur Kathu",83150,https://all.accor.com/hotel/A245/index.fr.shtml,catalog_api,thailand,AVISTA HIDEAWAY PATONG RESORT SPA PHUKET MGALLERY COLLECTION,PHUKET,thailand,Thaïlande,asia,missing
B775,B775,V Villas Phuket - MGallery Collection,MGA,MGALLERY,PHUKET,Thaïlande,"Moo 8 Ao Yon Road, Vichit Muang",83000,https://all.accor.com/hotel/B775/index.fr.shtml,catalog_api,thailand,V VILLAS PHUKET MGALLERY COLLECTION,PHUKET,thailand,Thaïlande,asia,missing
A2E5,A2E5,Pullman Phuket Panwa Beach Resort,PUL,PULLMAN,PHUKET,Thaïlande,"44 5 Moo 8 Sakdidesh Road, Vichit Muang, Sous-quartier : Wichit",83000,https://all.accor.com/hotel/A2E5/index.fr.shtml,catalog_api,thailand,PULLMAN PHUKET PANWA BEACH RESORT,PHUKET,thailand,Thaïlande,asia,missing
C1D6,C1D6,Pullman Phuket Karon Beach Resort,PUL,PULLMAN,PHUKET,Thaïlande,"333 PATAK ROAD, Karon Beach, Muang Phuket",83100,https://all.accor.com/hotel/C1D6/index.fr.shtml,catalog_api,thailand,PULLMAN PHUKET KARON BEACH RESORT,PHUKET,thailand,Thaïlande,asia,missing
A224,A224,Avista Grande Karon Resort & Spa Phuket - MGallery Collection,MGA,MGALLERY,PHUKET,Thaïlande,"38 Soi Luang Phor Chuan Soi 1, Karon District, Amphur Muang",83100,https://all.accor.com/hotel/A224/index.fr.shtml,catalog_api,thailand,AVISTA GRANDE KARON RESORT SPA PHUKET MGALLERY COLLECTION,PHUKET,thailand,Thaïlande,asia,missing
A206,A206,Novotel Phuket Kata Avista Resort & Spa,NOV,NOVOTEL,PHUKET,Thaïlande,"4/1, 4 LEAM SAI ROAD, Karon District, Amphur Muang",83100,https://all.accor.com/hotel/A206/index.fr.shtml,catalog_api,thailand,NOVOTEL PHUKET KATA AVISTA RESORT SPA,PHUKET,thailand,Thaïlande,asia,missing
C376,C376,The Amayen - Handwritten Collection,SOU,SOU,PHU YEN,Vietnam,"LOT B2 DOC LAP STREET, BINH KIEN WARD, TUY HOA CITY, PHU YEN PROVINCE",56000,https://all.accor.com/hotel/C376/index.fr.shtml,catalog_api,vietnam,THE AMAYEN HANDWRITTEN COLLECTION,PHU YEN,vietnam,Vietnam,asia,missing
C561,C561,The Morning Glow - Handwritten Collection,SOU,SOU,KHANH HOA,Vietnam,"62-65 Pham Van Dong Street, NORTH NHA TRANG WARD",57000,https://all.accor.com/hotel/C561/index.fr.shtml,catalog_api,vietnam,THE MORNING GLOW HANDWRITTEN COLLECTION,KHANH HOA,vietnam,Vietnam,asia,missing
C3J0,C3J0,Mercure Nha Trang Beach,MER,MERCURE,NHA TRANG,Vietnam,"88A Tran Phu street, True",57100,https://all.accor.com/hotel/C3J0/index.fr.shtml,catalog_api,vietnam,MERCURE NHA TRANG BEACH,NHA TRANG,vietnam,Vietnam,asia,missing
B8H0,B8H0,Grand Mercure Dalat,MEI,GRAND MERCURE,DA LAT,Vietnam,"03 Nguyen Du Street, Ward 09",670000,https://all.accor.com/hotel/B8H0/index.fr.shtml,catalog_api,vietnam,GRAND MERCURE DALAT,DA LAT,vietnam,Vietnam,asia,missing
B4G8,B4G8,Mövenpick Resort Cam Ranh,MOV,MÖVENPICK,QUARTIER CAM LAM,Vietnam,"Plot D 12 Abc, Cam Hai Dong, Cam Ranh",57615,https://all.accor.com/hotel/B4G8/index.fr.shtml,catalog_api,vietnam,MOVENPICK RESORT CAM RANH,QUARTIER CAM LAM,vietnam,Vietnam,asia,missing
B1W4,B1W4,Angsana Lang Co Vietnam,ANG,ANGSANA,TEINTE,Vietnam,"Canh Duong village, Chan May Lang Co Commune",53000,https://all.accor.com/hotel/B1W4/index.fr.shtml,catalog_api,vietnam,ANGSANA LANG CO VIETNAM,TEINTE,vietnam,Vietnam,asia,missing
B1V7,B1V7,Banyan Tree Lang Co Vietnam,BAN,BANYAN TREE,HUE,Vietnam,"Canh Duong village, Chan May Lang Co Commune",530000,https://all.accor.com/hotel/B1V7/index.fr.shtml,catalog_api,vietnam,BANYAN TREE LANG CO VIETNAM,HUE,vietnam,Vietnam,asia,missing
B6Y9,B6Y9,Mövenpick Resort Phan Thiet,MOV,MÖVENPICK,PHAN THIET,Vietnam,"Hon Gio - Thuan Quy Street, Tien Hoa Hamlet, Tien Thanh Commune Binh Thuan",77100,https://all.accor.com/hotel/B6Y9/index.fr.shtml,catalog_api,vietnam,MOVENPICK RESORT PHAN THIET,PHAN THIET,vietnam,Vietnam,asia,missing
C1W1,C1W1,Novotel Living Saigon South,NOL,NOL,HO CHI MINH CITY,Vietnam,"No 2 Street C, Tan My Ward",700000,https://all.accor.com/hotel/C1W1/index.fr.shtml,catalog_api,vietnam,NOVOTEL LIVING SAIGON SOUTH,HO CHI MINH CITY,vietnam,Vietnam,asia,missing
C1H5,C1H5,Dhawa Ho Tram,DHA,DHAWA,BA RIA - VUNG TAU,Vietnam,"Coastal Road, Ho Tram Beach, Phuoc Thuan Town",78507,https://all.accor.com/hotel/C1H5/index.fr.shtml,catalog_api,vietnam,DHAWA HO TRAM,BA RIA VUNG TAU,vietnam,Vietnam,asia,missing
C1H4,C1H4,Angsana Ho Tram,ANG,ANGSANA,BA RIA - VUNG TAU,Vietnam,"Coastal Road, Ho Tram Beach, Xuyen Moc, Ba Ria Vung Tau",78507,https://all.accor.com/hotel/C1H4/index.fr.shtml,catalog_api,vietnam,ANGSANA HO TRAM,BA RIA VUNG TAU,vietnam,Vietnam,asia,missing
B2U9,B2U9,ibis Styles Vung Tau,IBS,IBIS STYLES,VUNG TAU,Vietnam,"117 Thuy Van Street, Vung Tau Ward",700000,https://all.accor.com/hotel/B2U9/index.fr.shtml,catalog_api,vietnam,IBIS STYLES VUNG TAU,VUNG TAU,vietnam,Vietnam,asia,missing
B738,B738,Mercure Vung Tau,MER,MERCURE,HÔ-CHI-MINH-VILLE,Vietnam,"03 06 Ha Long Street, Vung Tau Ward",700000,https://all.accor.com/hotel/B738/index.fr.shtml,catalog_api,vietnam,MERCURE VUNG TAU,HO CHI MINH VILLE,vietnam,Vietnam,asia,missing
B6Q0,B6Q0,Villas et résidences Mövenpick Phu Quoc,MOV,MÖVENPICK,KIEN GIANG,Vietnam,"Ong Lang Beach, Cua Duong Village, District de Phu Quoc",92000,https://all.accor.com/hotel/B6Q0/index.fr.shtml,catalog_api,vietnam,VILLAS ET RESIDENCES MOVENPICK PHU QUOC,KIEN GIANG,vietnam,Vietnam,asia,missing
B4V5,B4V5,Mövenpick Resort Waverly Phu Quoc,MOV,MÖVENPICK,PHU QUOC,Vietnam,"Ong Lang Hamlet, Cua Duong Village, Phu Quoc District",92000,https://all.accor.com/hotel/B4V5/index.fr.shtml,catalog_api,vietnam,MOVENPICK RESORT WAVERLY PHU QUOC,PHU QUOC,vietnam,Vietnam,asia,missing
A248,A248,Pullman Phu Quoc Beach Resort,PUL,PULLMAN,PHU QUOC,Vietnam,"Group 6 Ban Quy Hamlet, Duong To Commune, Phu Quoc Special Zone",0,https://all.accor.com/hotel/A248/index.fr.shtml,catalog_api,vietnam,PULLMAN PHU QUOC BEACH RESORT,PHU QUOC,vietnam,Vietnam,asia,missing
B2Q9,B2Q9,Premier Residences Phu Quoc Emerald Bay | Géré par Accor,SAM,SAM,PHU QUOC,Vietnam,"Khem Beach, Phu Quoc Special Zone, An Giang",920000,https://all.accor.com/hotel/B2Q9/index.fr.shtml,catalog_api,vietnam,PREMIER RESIDENCES PHU QUOC EMERALD BAY GERE PAR ACCOR,PHU QUOC,vietnam,Vietnam,asia,missing
B2R4,B2R4,Premier Village Phu Quoc Resort - géré par Accor,SAM,SAM,PHU QUOC,Vietnam,"Ong Doi Cape, An Thoi Ward, Phu Quoc",920000,https://all.accor.com/hotel/B2R4/index.fr.shtml,catalog_api,vietnam,PREMIER VILLAGE PHU QUOC RESORT GERE PAR ACCOR,PHU QUOC,vietnam,Vietnam,asia,missing
C428,C428,Rixos Phu Quoc Vietnam - Ultra tout compris,RIX,RIXOS HOTELS,PHU QUOC,Vietnam,"Khu pho Hon Thom An Thoi, Dac khu Phu Quoc, Tinh An Giang",920000,https://all.accor.com/hotel/C428/index.fr.shtml,catalog_api,vietnam,RIXOS PHU QUOC VIETNAM ULTRA TOUT COMPRIS,PHU QUOC,vietnam,Vietnam,asia,missing
A8E7,A8E7,Pullman Ninh Binh,PUL,PULLMAN,NINH BINH,Vietnam,"128 Le Thai To Street, Xuan Thanh Urban Area, Hoa Lu Ward",430000,https://all.accor.com/hotel/A8E7/index.fr.shtml,catalog_api,vietnam,PULLMAN NINH BINH,NINH BINH,vietnam,Vietnam,asia,missing
C324,C324,Angsana Quan Lan Ha Long Bay,ANG,ANGSANA,HA LONG,Vietnam,"Son Hao Village, Quan Lan Island, Ha Long Bay",205470,https://all.accor.com/hotel/C324/index.fr.shtml,catalog_api,vietnam,ANGSANA QUAN LAN HA LONG BAY,HA LONG,vietnam,Vietnam,asia,missing
B4S6,B4S6,Pullman Hai Phong Grand Hotel,PUL,PULLMAN,HAI PHONG,Vietnam,"No.12 Old Tran Phu Street, Ngo Quyen District",180000,https://all.accor.com/hotel/B4S6/index.fr.shtml,catalog_api,vietnam,PULLMAN HAI PHONG GRAND HOTEL,HAI PHONG,vietnam,Vietnam,asia,missing
B1Y7,B1Y7,Legacy Yen Tu Hotel Uong Bi - MGallery Collection,MGA,MGALLERY,UONG BI,Vietnam,"Thuong Yen Cong Commune, Quang Ninh Province",200000,https://all.accor.com/hotel/B1Y7/index.fr.shtml,catalog_api,vietnam,LEGACY YEN TU HOTEL UONG BI MGALLERY COLLECTION,UONG BI,vietnam,Vietnam,asia,missing
B4G6,B4G6,Mövenpick Hotel Hanoi Centre,MOV,MÖVENPICK,HANOÏ,Vietnam,"83A Ly Thuong Kiet Street, Tran Hung Dao, Hoan Kiem, Hanoi",10000,https://all.accor.com/hotel/B4G6/index.fr.shtml,catalog_api,vietnam,MOVENPICK HOTEL HANOI CENTRE,HANOI,vietnam,Vietnam,asia,missing
B9U0,B9U0,Fairmont Hanoi,FAI,FAIRMONT,HANOÏ,Vietnam,"10 Tran Nguyen Han, Hoan Kiem",100000,https://all.accor.com/hotel/B9U0/index.fr.shtml,catalog_api,vietnam,FAIRMONT HANOI,HANOI,vietnam,Vietnam,asia,missing
C265,C265,Mövenpick Living West Hanoi,MOL,MOL,HANOÏ,Vietnam,"21 Duy Tan Street, Cau Giay Ward",100000,https://all.accor.com/hotel/C265/index.fr.shtml,catalog_api,vietnam,MOVENPICK LIVING WEST HANOI,HANOI,vietnam,Vietnam,asia,missing
C301,C301,Garrya Mu Cang Chai,GAR,GAR,LAO CAI PROVINCE,Vietnam,"Pu Nhu Village, La Pan Tan Commune, Mu Cang Chai District",33500,https://all.accor.com/hotel/C301/index.fr.shtml,catalog_api,vietnam,GARRYA MU CANG CHAI,LAO CAI PROVINCE,vietnam,Vietnam,asia,missing
A5V2,A5V2,Hotel de la Coupole Sapa - MGallery Collection,MGA,MGALLERY,SAPA,Vietnam,"1, Hoang Lien Street, Sapa District, Lao Cai Province",33000,https://all.accor.com/hotel/A5V2/index.fr.shtml,catalog_api,vietnam,HOTEL DE LA COUPOLE SAPA MGALLERY COLLECTION,SAPA,vietnam,Vietnam,asia,missing
B6J9,B6J9,ibis budget Singapore Clarke Quay,IBB,IBIS BUDGET,SINGAPOUR,Singapour,20 Hong Kong Street,059663,https://all.accor.com/hotel/B6J9/index.fr.shtml,catalog_api,singapore,IBIS BUDGET SINGAPORE CLARKE QUAY,SINGAPOUR,singapore,Singapour,asia,missing
A5D3,A5D3,Swissôtel The Stamford Singapour,SWI,SWISSÔTEL,SINGAPORE,Singapour,2 Stamford Road,178882,https://all.accor.com/hotel/A5D3/index.fr.shtml,catalog_api,singapore,SWISSOTEL THE STAMFORD SINGAPOUR,SINGAPORE,singapore,Singapour,asia,missing
B5L7,B5L7,Pullman Singapore Hill Street,PUL,PULLMAN,SINGAPOUR,Singapour,1 HILL STREET,179949,https://all.accor.com/hotel/B5L7/index.fr.shtml,catalog_api,singapore,PULLMAN SINGAPORE HILL STREET,SINGAPOUR,singapore,Singapour,asia,missing
A5G8,A5G8,Fairmont Singapore,FAI,FAIRMONT,SINGAPOUR,Singapour,80 Bras Basah Road,189560,https://all.accor.com/hotel/A5G8/index.fr.shtml,catalog_api,singapore,FAIRMONT SINGAPORE,SINGAPOUR,singapore,Singapour,asia,missing
A5E1,A5E1,Raffles Singapore,RAF,RAFFLES,SINGAPOUR,Singapour,1 Beach Road,189673,https://all.accor.com/hotel/A5E1/index.fr.shtml,catalog_api,singapore,RAFFLES SINGAPORE,SINGAPOUR,singapore,Singapour,asia,missing
C2S1,C2S1,Mercure ICON Singapore City Centre,MER,MERCURE,SINGAPOUR,Singapour,8 Club Street,069472,https://all.accor.com/hotel/C2S1/index.fr.shtml,catalog_api,singapore,MERCURE ICON SINGAPORE CITY CENTRE,SINGAPOUR,singapore,Singapour,asia,missing
C7F0,C7F0,Novotel Singapore Robertson Quay (ouverture en août 2026),NOV,NOVOTEL,SINGAPORE,Singapour,1 Unity St,237983,https://all.accor.com/hotel/C7F0/index.fr.shtml,catalog_api,singapore,NOVOTEL SINGAPORE ROBERTSON QUAY OUVERTURE EN AOUT 2026,SINGAPORE,singapore,Singapour,asia,missing
B6H8,B6H8,ibis budget Singapore Bugis,IBB,IBIS BUDGET,SINGAPOUR,Singapour,33 Middle Road,188942,https://all.accor.com/hotel/B6H8/index.fr.shtml,catalog_api,singapore,IBIS BUDGET SINGAPORE BUGIS,SINGAPOUR,singapore,Singapour,asia,missing
C3S7,C3S7,Hotel Waterloo Singapore - Handwritten Collection,SOU,SOU,SINGAPOUR,Singapour,78 Waterloo Street,189870,https://all.accor.com/hotel/C3S7/index.fr.shtml,catalog_api,singapore,HOTEL WATERLOO SINGAPORE HANDWRITTEN COLLECTION,SINGAPOUR,singapore,Singapour,asia,missing
A0D7,A0D7,Mercure Singapore Bugis,MER,MERCURE,SINGAPORE,Singapour,122 Middle Road,188973,https://all.accor.com/hotel/A0D7/index.fr.shtml,catalog_api,singapore,MERCURE SINGAPORE BUGIS,SINGAPORE,singapore,Singapour,asia,missing
B7F8,B7F8,Mondrian Singapore Duxton,MOD,MOD,SINGAPOUR,Singapour,"16A Duxton Hill, 16A Duxton Hill, 16A Duxton Hill",089970,https://all.accor.com/hotel/B7F8/index.fr.shtml,catalog_api,singapore,MONDRIAN SINGAPORE DUXTON,SINGAPOUR,singapore,Singapour,asia,missing
A152,A152,Sofitel Singapore City Centre,SOF,SOFITEL,SINGAPOUR,Singapour,9 Wallich Street,078885,https://all.accor.com/hotel/A152/index.fr.shtml,catalog_api,singapore,SOFITEL SINGAPORE CITY CENTRE,SINGAPOUR,singapore,Singapour,asia,missing
B6I1,B6I1,ibis Styles Singapore Albert,IBS,IBIS STYLES,SINGAPOUR,Singapour,175 Albert Street,189970,https://all.accor.com/hotel/B6I1/index.fr.shtml,catalog_api,singapore,IBIS STYLES SINGAPORE ALBERT,SINGAPOUR,singapore,Singapour,asia,missing
C1A7,C1A7,Mama Shelter Singapore Orchard,MSH,MAMA SHELTER,SINGAPOUR,Singapour,110 Killiney Road,239549,https://all.accor.com/hotel/C1A7/index.fr.shtml,catalog_api,singapore,MAMA SHELTER SINGAPORE ORCHARD,SINGAPOUR,singapore,Singapour,asia,missing
B6J6,B6J6,ibis budget Singapore Selegie,IBB,IBIS BUDGET,SINGAPOUR,Singapour,183 Selegie Road,188329,https://all.accor.com/hotel/B6J6/index.fr.shtml,catalog_api,singapore,IBIS BUDGET SINGAPORE SELEGIE,SINGAPOUR,singapore,Singapour,asia,missing
B9H8,B9H8,Pullman Singapore Orchard,PUL,PULLMAN,SINGAPOUR,Singapour,270 Orchard Road,238857,https://all.accor.com/hotel/B9H8/index.fr.shtml,catalog_api,singapore,PULLMAN SINGAPORE ORCHARD,SINGAPOUR,singapore,Singapour,asia,missing
C269,C269,Novotel Singapore on Kitchener,NOV,NOVOTEL,SINGAPOUR,Singapour,181 Kitchener Rd,208533,https://all.accor.com/hotel/C269/index.fr.shtml,catalog_api,singapore,NOVOTEL SINGAPORE ON KITCHENER,SINGAPOUR,singapore,Singapour,asia,missing
B6J7,B6J7,ibis Budget Singapore Imperial,IBB,IBIS BUDGET,RAFFLES SHENZHEN,Singapour,28 Penhas Road,208187,https://all.accor.com/hotel/B6J7/index.fr.shtml,catalog_api,singapore,IBIS BUDGET SINGAPORE IMPERIAL,RAFFLES SHENZHEN,singapore,Singapour,asia,missing
B6I2,B6I2,Mercure Singapore Tyrwhitt,MER,MERCURE,SINGAPOUR,Singapour,165 Tyrwhitt Road,207569,https://all.accor.com/hotel/B6I2/index.fr.shtml,catalog_api,singapore,MERCURE SINGAPORE TYRWHITT,SINGAPOUR,singapore,Singapour,asia,missing
B9G6,B9G6,Novotel Living Singapore Orchard,NOL,NOL,SINGAPOUR,Singapour,8 Claymore Hill,229572,https://all.accor.com/hotel/B9G6/index.fr.shtml,catalog_api,singapore,NOVOTEL LIVING SINGAPORE ORCHARD,SINGAPOUR,singapore,Singapour,asia,missing
B6H4,B6H4,ibis budget Singapore Emerald,IBB,IBIS BUDGET,SINGAPOUR,Singapour,20 Lorong 6 Geylang,399174,https://all.accor.com/hotel/B6H4/index.fr.shtml,catalog_api,singapore,IBIS BUDGET SINGAPORE EMERALD,SINGAPOUR,singapore,Singapour,asia,missing
B6H7,B6H7,ibis budget Singapore Ametrine,IBB,IBIS BUDGET,SINGAPOUR,Singapour,10 Lorong 10 Geylang,399043,https://all.accor.com/hotel/B6H7/index.fr.shtml,catalog_api,singapore,IBIS BUDGET SINGAPORE AMETRINE,SINGAPOUR,singapore,Singapour,asia,missing
B6I0,B6I0,ibis budget Singapore Sapphire,IBB,IBIS BUDGET,SINGAPOUR,Singapour,3 Lorong 10 Geylang,399037,https://all.accor.com/hotel/B6I0/index.fr.shtml,catalog_api,singapore,IBIS BUDGET SINGAPORE SAPPHIRE,SINGAPOUR,singapore,Singapour,asia,missing
B6J8,B6J8,ibis budget Singapore Pearl,IBB,IBIS BUDGET,SINGAPOUR,Singapour,21 Lorong 14 Geylang,398961,https://all.accor.com/hotel/B6J8/index.fr.shtml,catalog_api,singapore,IBIS BUDGET SINGAPORE PEARL,SINGAPOUR,singapore,Singapour,asia,missing
B6H6,B6H6,ibis budget Singapore Crystal,IBB,IBIS BUDGET,SINGAPOUR,Singapour,50 Lorong 18 Geylang,398824,https://all.accor.com/hotel/B6H6/index.fr.shtml,catalog_api,singapore,IBIS BUDGET SINGAPORE CRYSTAL,SINGAPOUR,singapore,Singapour,asia,missing
B9T2,B9T2,ibis budget Singapore Gold,IBB,IBIS BUDGET,SINGAPOUR,Singapour,123 Sims Avenue,387446,https://all.accor.com/hotel/B9T2/index.fr.shtml,catalog_api,singapore,IBIS BUDGET SINGAPORE GOLD,SINGAPOUR,singapore,Singapour,asia,missing
B6H5,B6H5,ibis budget Singapore Ruby,IBB,IBIS BUDGET,SINGAPOUR,Singapour,10 Lorong 20 Geylang,398730,https://all.accor.com/hotel/B6H5/index.fr.shtml,catalog_api,singapore,IBIS BUDGET SINGAPORE RUBY,SINGAPOUR,singapore,Singapour,asia,missing
B6H9,B6H9,ibis budget Singapore Mount Faber,IBB,IBIS BUDGET,SINGAPOUR,Singapour,400 Telok Blangah Road,098838,https://all.accor.com/hotel/B6H9/index.fr.shtml,catalog_api,singapore,IBIS BUDGET SINGAPORE MOUNT FABER,SINGAPOUR,singapore,Singapour,asia,missing
C266,C266,Hôtel Faber Park Singapore - Handwritten Collection,SOU,SOU,SINGAPOUR,Singapour,448 Telok Blangah Road,099593,https://all.accor.com/hotel/C266/index.fr.shtml,catalog_api,singapore,HOTEL FABER PARK SINGAPORE HANDWRITTEN COLLECTION,SINGAPOUR,singapore,Singapour,asia,missing
B5Q2,B5Q2,Raffles Sentosa Singapore,RAF,RAFFLES,SINGAPOUR,Singapour,"4, BUKIT MANIS ROAD, Sentosa",099947,https://all.accor.com/hotel/B5Q2/index.fr.shtml,catalog_api,singapore,RAFFLES SENTOSA SINGAPORE,SINGAPOUR,singapore,Singapour,asia,missing
B6J5,B6J5,ibis budget Singapore Joo Chiat,IBB,IBIS BUDGET,SINGAPOUR,Singapour,219 Joo Chiat Road,427485,https://all.accor.com/hotel/B6J5/index.fr.shtml,catalog_api,singapore,IBIS BUDGET SINGAPORE JOO CHIAT,SINGAPOUR,singapore,Singapour,asia,missing
B6I3,B6I3,ibis budget Singapore West Coast,IBB,IBIS BUDGET,SINGAPOUR,Singapour,418 Pasir Panjang Road,118759,https://all.accor.com/hotel/B6I3/index.fr.shtml,catalog_api,singapore,IBIS BUDGET SINGAPORE WEST COAST,SINGAPOUR,singapore,Singapour,asia,missing
C3Q7,C3Q7,Mandai Rainforest Resort by Banyan Tree,BAN,BANYAN TREE,SINGAPOUR,Singapour,60 Mandai Lake Road,729979,https://all.accor.com/hotel/C3Q7/index.fr.shtml,catalog_api,singapore,MANDAI RAINFOREST RESORT BY BANYAN TREE,SINGAPOUR,singapore,Singapour,asia,missing
9280,9280,Mercure Selangor Selayang,MER,MERCURE,KUALA LUMPUR,Malaisie,"NO B G 12 DATARAN EMERALD, JALAN PS 11 PRIMA SELAYANG, BATU CAVES",68100,https://all.accor.com/hotel/9280/index.fr.shtml,catalog_api,malaysia,MERCURE SELANGOR SELAYANG,KUALA LUMPUR,malaysia,Malaisie,asia,missing
B3C1,B3C1,Banyan Tree Kuala Lumpur,BAN,BANYAN TREE,KUALA LUMPUR,Malaisie,2 Jalan Conlay,50450,https://all.accor.com/hotel/B3C1/index.fr.shtml,catalog_api,malaysia,BANYAN TREE KUALA LUMPUR,KUALA LUMPUR,malaysia,Malaisie,asia,missing
A0C5,A0C5,Pullman Kuala Lumpur City Centre - Hotel & Residences,PUL,PULLMAN,KUALA LUMPUR,Malaisie,No 4 Jalan Conlay,50450,https://all.accor.com/hotel/A0C5/index.fr.shtml,catalog_api,malaysia,PULLMAN KUALA LUMPUR CITY CENTRE HOTEL RESIDENCES,KUALA LUMPUR,malaysia,Malaisie,asia,missing
B4Z2,B4Z2,Pavillon Hôtel Kuala Lumpur géré par Banyan Tree,BAN,BANYAN TREE,KUALA LUMPUR,Malaisie,"170 Jalan Bukit Bintang, Kuala Lumpur",55100,https://all.accor.com/hotel/B4Z2/index.fr.shtml,catalog_api,malaysia,PAVILLON HOTEL KUALA LUMPUR GERE PAR BANYAN TREE,KUALA LUMPUR,malaysia,Malaisie,asia,missing
C3K9,C3K9,ibis Styles Kuala Lumpur Bukit Bintang,IBS,IBIS STYLES,KUALA LUMPUR,Malaisie,"No 16, Jalan Alor, Bukit Bintang",50200,https://all.accor.com/hotel/C3K9/index.fr.shtml,catalog_api,malaysia,IBIS STYLES KUALA LUMPUR BUKIT BINTANG,KUALA LUMPUR,malaysia,Malaisie,asia,missing
C3M1,C3M1,Grand Mercure Kuala Lumpur Bukit Bintang,MEI,GRAND MERCURE,KUALA LUMPUR,Malaisie,"117 Jalan Pudu, Kuala Lumpur",55100,https://all.accor.com/hotel/C3M1/index.fr.shtml,catalog_api,malaysia,GRAND MERCURE KUALA LUMPUR BUKIT BINTANG,KUALA LUMPUR,malaysia,Malaisie,asia,missing
A123,A123,Sofitel Kuala Lumpur Damansara,SOF,SOFITEL,KUALA LUMPUR,Malaisie,"No 6 Jalan Damanlela, Bukit Damansara, Kuala Lumpur",50490,https://all.accor.com/hotel/A123/index.fr.shtml,catalog_api,malaysia,SOFITEL KUALA LUMPUR DAMANSARA,KUALA LUMPUR,malaysia,Malaisie,asia,missing
A545,A545,Mercure Kuala Lumpur Trion,MER,MERCURE,KUALA LUMPUR,Malaisie,"JALAN DUA, OFF JALAN CHAN SOW LIN, SUNGAI BESI",55200,https://all.accor.com/hotel/A545/index.fr.shtml,catalog_api,malaysia,MERCURE KUALA LUMPUR TRION,KUALA LUMPUR,malaysia,Malaisie,asia,missing
A8V8,A8V8,ibis PJCC Petaling Jaya,IBH,IBIS,PETALING JAYA,Malaisie,"1 JALAN PJS 5-29, TAMAN DESARIA",46150,https://all.accor.com/hotel/A8V8/index.fr.shtml,catalog_api,malaysia,IBIS PJCC PETALING JAYA,PETALING JAYA,malaysia,Malaisie,asia,missing
A7M8,A7M8,Mercure Kuala Lumpur Glenmarie,MER,MERCURE,SHAH ALAM,Malaisie,"Jalan Kontraktor U1 14, Seksyen U1",40150,https://all.accor.com/hotel/A7M8/index.fr.shtml,catalog_api,malaysia,MERCURE KUALA LUMPUR GLENMARIE,SHAH ALAM,malaysia,Malaisie,asia,missing
B8Z0,B8Z0,Mercure Living Putrajaya,MEL,MEL,PUTRAJAYA,Malaisie,"Block A, Menara Shaftsbury Putrajaya, Jalan Alamanda Presint 1",62000,https://all.accor.com/hotel/B8Z0/index.fr.shtml,catalog_api,malaysia,MERCURE LIVING PUTRAJAYA,PUTRAJAYA,malaysia,Malaisie,asia,missing
B4P4,B4P4,Hôtel Mövenpick et Centre de convention Klia,MOV,MÖVENPICK,SEPANG,Malaisie,"Kompleks TH Sepang, Jalan Masjid KLIA, Sepang",64000,https://all.accor.com/hotel/B4P4/index.fr.shtml,catalog_api,malaysia,HOTEL MOVENPICK ET CENTRE DE CONVENTION KLIA,SEPANG,malaysia,Malaisie,asia,missing
B687,B687,ibis Styles Sepang KLIA,IBS,IBIS STYLES,SEPANG,Malaisie,"Jalan KLIA 1/60, KLIA",64000,https://all.accor.com/hotel/B687/index.fr.shtml,catalog_api,malaysia,IBIS STYLES SEPANG KLIA,SEPANG,malaysia,Malaisie,asia,missing
B4R7,B4R7,Mercure Penang Beach,MER,MERCURE,PENANG,Malaisie,"505 Jalan Tanjung Bungah, TANJUNG BUNGAH",11200,https://all.accor.com/hotel/B4R7/index.fr.shtml,catalog_api,malaysia,MERCURE PENANG BEACH,PENANG,malaysia,Malaisie,asia,missing
B7Q0,B7Q0,"Angsana Teluk Bahang, Penang",ANG,ANGSANA,PENANG,Malaisie,"11 Jalan Teluk Bahang, Teluk Bahang",11050,https://all.accor.com/hotel/B7Q0/index.fr.shtml,catalog_api,malaysia,ANGSANA TELUK BAHANG PENANG,PENANG,malaysia,Malaisie,asia,missing
A3M7,A3M7,Mercure Langkawi Pantai Cenang,MER,MERCURE,KEDAH DARUL AMAN,Malaisie,"Lot 2500 Jalan Pantai Cenang, Mukim Kedawang, Pulau Langkawi",07000,https://all.accor.com/hotel/A3M7/index.fr.shtml,catalog_api,malaysia,MERCURE LANGKAWI PANTAI CENANG,KEDAH DARUL AMAN,malaysia,Malaisie,asia,missing
A0K9,A0K9,ibis Styles Johor Iskandar Puteri,IBS,IBIS STYLES,JOHOR BAHRU,Malaisie,"1 Nusa Sentrum Complex, Jalan SiLC 2:9 Silc, Kawasan Perindustrian SiLC",79200,https://all.accor.com/hotel/A0K9/index.fr.shtml,catalog_api,malaysia,IBIS STYLES JOHOR ISKANDAR PUTERI,JOHOR BAHRU,malaysia,Malaisie,asia,missing
B585,B585,Novotel Johor Bahru City Centre,NOV,NOVOTEL,JOHOR BAHRU,Malaisie,"03 01, Pangsapuri Vistana Tropika, Jalan Harimau Taman Abad",80250,https://all.accor.com/hotel/B585/index.fr.shtml,catalog_api,malaysia,NOVOTEL JOHOR BAHRU CITY CENTRE,JOHOR BAHRU,malaysia,Malaisie,asia,missing
A1K1,A1K1,Mercure Miri City Centre,MER,MERCURE,MIRI SARAWAK,Malaisie,"LOT 2368 BLOCK 9, MCLD, JALAN MERBAU",98000,https://all.accor.com/hotel/A1K1/index.fr.shtml,catalog_api,malaysia,MERCURE MIRI CITY CENTRE,MIRI SARAWAK,malaysia,Malaisie,asia,missing
C1R1,C1R1,Grand Mercure Yatsugatake Resort & Spa,MEI,GRAND MERCURE,YAMANASHI,Japon,"8240-1039, Nishiide, Oizumi cho Hokuto shi",409-1501,https://all.accor.com/hotel/C1R1/index.fr.shtml,catalog_api,japan,GRAND MERCURE YATSUGATAKE RESORT SPA,YAMANASHI,japan,Japon,asia,missing
C1Q8,C1Q8,Mercure Nagano Matsushiro Resort & Spa,MER,MERCURE,NAGANO,Japon,"1372-1 Nishiderao, Matsushiromachi, Naganoshi",381-1215,https://all.accor.com/hotel/C1Q8/index.fr.shtml,catalog_api,japan,MERCURE NAGANO MATSUSHIRO RESORT SPA,NAGANO,japan,Japon,asia,missing
C5T3,C5T3,Hôtel Madarao Kogen,SAM,SAM,IIYAMA,Japon,"Iiyama shi, True, Ooaza Iiyama 11421 392",389-2257,https://all.accor.com/hotel/C5T3/index.fr.shtml,catalog_api,japan,HOTEL MADARAO KOGEN,IIYAMA,japan,Japon,asia,missing
C5R4,C5R4,Lime Resort Myoko,SAM,SAM,NIIGATA,Japon,"Niigataken Myokoshi, True, Ooaza Sekigawa 2251 2",8492112,https://all.accor.com/hotel/C5R4/index.fr.shtml,catalog_api,japan,LIME RESORT MYOKO,NIIGATA,japan,Japon,asia,missing
B9G5,B9G5,Mercure Hida Takayama,MER,MERCURE,GIFU,Japon,"4 311 1 Hanasatomachi, Takayama, 5060026",5060026,https://all.accor.com/hotel/B9G5/index.fr.shtml,catalog_api,japan,MERCURE HIDA TAKAYAMA,GIFU,japan,Japon,asia,missing
C1P0,C1P0,Mercure Toyama Tonami Resort & Spa,MER,MERCURE,TOYAMA,Japon,"330 Tenno, Yasukawa, Tonami Toyama",939-1438,https://all.accor.com/hotel/C1P0/index.fr.shtml,catalog_api,japan,MERCURE TOYAMA TONAMI RESORT SPA,TOYAMA,japan,Japon,asia,missing
C1F1,C1F1,Mercure Tokyo Hibiya,MER,MERCURE,TOKYO,Japon,"1-5-2, UCHISAIWAICHO, CHIYODA",100-0011,https://all.accor.com/hotel/C1F1/index.fr.shtml,catalog_api,japan,MERCURE TOKYO HIBIYA,TOKYO,japan,Japon,asia,missing
B137,B137,Pullman Tokyo Tamachi,PUL,PULLMAN,TOKYO,Japon,"3 1 21 Shibaura, Minato",1080023,https://all.accor.com/hotel/B137/index.fr.shtml,catalog_api,japan,PULLMAN TOKYO TAMACHI,TOKYO,japan,Japon,asia,missing
B9H6,B9H6,ibis Styles Tokyo Ginza,IBS,IBIS STYLES,TOKYO,Japon,"7 10 9, Ginza, Chuo ku",104-0061,https://all.accor.com/hotel/B9H6/index.fr.shtml,catalog_api,japan,IBIS STYLES TOKYO GINZA,TOKYO,japan,Japon,asia,missing
B6R8,B6R8,Fairmont Tokyo,FAI,FAIRMONT,TOKYO,Japon,"1-1-1 Shibaura, Minato ku",1050023,https://all.accor.com/hotel/B6R8/index.fr.shtml,catalog_api,japan,FAIRMONT TOKYO,TOKYO,japan,Japon,asia,missing
C185,C185,ibis Styles Tokyo Ginza East,IBS,IBIS STYLES,TOKYO,Japon,"1-2-13, SHINTOMI, CHUO",104-0041,https://all.accor.com/hotel/C185/index.fr.shtml,catalog_api,japan,IBIS STYLES TOKYO GINZA EAST,TOKYO,japan,Japon,asia,missing
B7G7,B7G7,Mercure Tokyo Haneda Airport,MER,MERCURE,TOKYO,Japon,"1 2 11, Haneda, Ohta-ku",144-0043,https://all.accor.com/hotel/B7G7/index.fr.shtml,catalog_api,japan,MERCURE TOKYO HANEDA AIRPORT,TOKYO,japan,Japon,asia,missing
C1Q1,C1Q1,Mercure Noto Resort & Spa,MER,MERCURE,ISHIKAWA,Japon,"Ra-1 Yaguradani, Shikamachi, Hakui gun",925-0156,https://all.accor.com/hotel/C1Q1/index.fr.shtml,catalog_api,japan,MERCURE NOTO RESORT SPA,ISHIKAWA,japan,Japon,asia,missing
B2X6,B2X6,ibis Styles Tokyo Bay,IBS,IBIS STYLES,CHIBA,Japon,"2 1 1 Hinode, Urayasu, Urayasu",279-0013,https://all.accor.com/hotel/B2X6/index.fr.shtml,catalog_api,japan,IBIS STYLES TOKYO BAY,CHIBA,japan,Japon,asia,missing
B4F6,B4F6,ibis Styles Nagoya,IBS,IBIS STYLES,NAGOYA,Japon,4 22 24 Meieki Nakamura Ku,4500002,https://all.accor.com/hotel/B4F6/index.fr.shtml,catalog_api,japan,IBIS STYLES NAGOYA,NAGOYA,japan,Japon,asia,missing
C1P4,C1P4,Grand Mercure Lake Hamana Resort & Spa,MEI,GRAND MERCURE,SHIZUOKA,Japon,"4396 ‐1, Yamazaki, Yutocho, Chuo ku, Hamamatsu shi",431-0101,https://all.accor.com/hotel/C1P4/index.fr.shtml,catalog_api,japan,GRAND MERCURE LAKE HAMANA RESORT SPA,SHIZUOKA,japan,Japon,asia,missing
C1I6,C1I6,Grand Mercure Nasu Highlands Resort & Spa,MEI,GRAND MERCURE,TOCHIGI,Japon,"4449-2 Takakuhei, Nasu-machi, Nasugun",325-0302,https://all.accor.com/hotel/C1I6/index.fr.shtml,catalog_api,japan,GRAND MERCURE NASU HIGHLANDS RESORT SPA,TOCHIGI,japan,Japon,asia,missing
C1P2,C1P2,Grand Mercure Minamiboso Resort & Spa,MEI,GRAND MERCURE,CHIBA,Japon,"1212 Tadara, Tomiuracho, Minamiboso shi",299-2404,https://all.accor.com/hotel/C1P2/index.fr.shtml,catalog_api,japan,GRAND MERCURE MINAMIBOSO RESORT SPA,CHIBA,japan,Japon,asia,missing
C1Q7,C1Q7,Grand Mercure Lake Biwa Resort & Spa,MEI,GRAND MERCURE,SHIGA,Japon,"38, Oshima Cho, Nagahama Shi",526-0066,https://all.accor.com/hotel/C1Q7/index.fr.shtml,catalog_api,japan,GRAND MERCURE LAKE BIWA RESORT SPA,SHIGA,japan,Japon,asia,missing
C1P1,C1P1,Mercure Urabandai Resort & Spa,MER,MERCURE,FUKUSHIMA,Japon,"1093-309 Aza Kengamine, OazaHibara Kitashiobaramura, Yamagun",969-2701,https://all.accor.com/hotel/C1P1/index.fr.shtml,catalog_api,japan,MERCURE URABANDAI RESORT SPA,FUKUSHIMA,japan,Japon,asia,missing
C1Q3,C1Q3,Grand Mercure Ise-shima Resort & Spa,MEI,GRAND MERCURE,MIE,Japon,"939‐6, Kasatori, Isobe cho Shima shi",517-0204,https://all.accor.com/hotel/C1Q3/index.fr.shtml,catalog_api,japan,GRAND MERCURE ISE SHIMA RESORT SPA,MIE,japan,Japon,asia,missing
C381,C381,Banyan Tree Higashiyama Kyoto,BAN,BANYAN TREE,KYOTO,Japon,"7 Seikanji Ryozan Cho, Higashiyama Ward",605-0861,https://all.accor.com/hotel/C381/index.fr.shtml,catalog_api,japan,BANYAN TREE HIGASHIYAMA KYOTO,KYOTO,japan,Japon,asia,missing
C015,C015,Dhawa Yura Kyoto,DHA,DHAWA,KYOTO,Japon,"84 OHASHICHO, HIGASHIYAMA WARD, KYOTO CITY",6050009,https://all.accor.com/hotel/C015/index.fr.shtml,catalog_api,japan,DHAWA YURA KYOTO,KYOTO,japan,Japon,asia,missing
B9H7,B9H7,ibis Styles Kyoto Shijo,IBS,IBIS STYLES,KYOTO,Japon,"8 Kakkyoyamacho, Kakkyoyamacho, Shimogyo Ku Shijo Dori",600-8493,https://all.accor.com/hotel/B9H7/index.fr.shtml,catalog_api,japan,IBIS STYLES KYOTO SHIJO,KYOTO,japan,Japon,asia,missing
C016,C016,Garrya Nijo Castle Kyoto,GAR,GAR,KYOTO,Japon,"180 1 Ichino cho, Nakagyo Ward, KYOTO CITY",6048305,https://all.accor.com/hotel/C016/index.fr.shtml,catalog_api,japan,GARRYA NIJO CASTLE KYOTO,KYOTO,japan,Japon,asia,missing
B4F4,B4F4,Mercure Kyoto Station,MER,MERCURE,KYOTO,Japon,288 Aburanokojicho Shimogyo ku,600-8231,https://all.accor.com/hotel/B4F4/index.fr.shtml,catalog_api,japan,MERCURE KYOTO STATION,KYOTO,japan,Japon,asia,missing
C166,C166,Novotel Nara,NOV,NOVOTEL,NARA,Japon,"7 1 45 Omiya cho, Ville de Nara",630-8115,https://all.accor.com/hotel/C166/index.fr.shtml,catalog_api,japan,NOVOTEL NARA,NARA,japan,Japon,asia,missing
C1P6,C1P6,Mercure Kyoto Miyazu Resort & Spa,MER,MERCURE,KYOTO,Japon,"58, Koaza Iwamoto, Aza Tai Miyazu shi",626-0068,https://all.accor.com/hotel/C1P6/index.fr.shtml,catalog_api,japan,MERCURE KYOTO MIYAZU RESORT SPA,KYOTO,japan,Japon,asia,missing
C1P9,C1P9,Grand Mercure Nara Kashihara,MEI,GRAND MERCURE,NARA,Japon,"652-2, Kume cho, Kashihara",645-0012,https://all.accor.com/hotel/C1P9/index.fr.shtml,catalog_api,japan,GRAND MERCURE NARA KASHIHARA,NARA,japan,Japon,asia,missing
C1R2,C1R2,Mercure Miyagi Zao Resort & Spa,MER,MERCURE,MIYAGI,Japon,"1-1 oni-ishihara Togatta-onsen, Zaomachi, Kattagum",989-0916,https://all.accor.com/hotel/C1R2/index.fr.shtml,catalog_api,japan,MERCURE MIYAGI ZAO RESORT SPA,MIYAGI,japan,Japon,asia,missing
B5X1,B5X1,ibis budget Osaka Umeda,IBB,IBIS BUDGET,OSAKA,Japon,"3 25 Banzai Cho, Kita Ku",5300028,https://all.accor.com/hotel/B5X1/index.fr.shtml,catalog_api,japan,IBIS BUDGET OSAKA UMEDA,OSAKA,japan,Japon,asia,missing
A5U8,A5U8,ibis Osaka Umeda,IBH,IBIS,OSAKA,Japon,"1 5, Komatsubara Cho, Kita ku",5300018,https://all.accor.com/hotel/A5U8/index.fr.shtml,catalog_api,japan,IBIS OSAKA UMEDA,OSAKA,japan,Japon,asia,missing
B9I7,B9I7,Mercure Tokyu Stay Osaka Namba,MER,MERCURE,OSAKA,Japon,"2 2 4 Nishishinsaibashi, Chuo ku",5420086,https://all.accor.com/hotel/B9I7/index.fr.shtml,catalog_api,japan,MERCURE TOKYU STAY OSAKA NAMBA,OSAKA,japan,Japon,asia,missing
A5C3,A5C3,Swissôtel Nankai Osaka,SWI,SWISSÔTEL,OSAKA,Japon,5 1 60 Namba Chuo ku,542 0076,https://all.accor.com/hotel/A5C3/index.fr.shtml,catalog_api,japan,SWISSOTEL NANKAI OSAKA,OSAKA,japan,Japon,asia,missing
C1Q2,C1Q2,Mercure Wakayama Kushimoto Resort & Spa,MER,MERCURE,WAKAYAMA,Japon,"1184-10 Sangodai, Kushimoto cho, Higashimuro gum",649-3510,https://all.accor.com/hotel/C1Q2/index.fr.shtml,catalog_api,japan,MERCURE WAKAYAMA KUSHIMOTO RESORT SPA,WAKAYAMA,japan,Japon,asia,missing
C1Q5,C1Q5,Grand Mercure Wakayama Minabe Resort & Spa,MEI,GRAND MERCURE,WAKAYAMA,Japon,"348 Omezudomari Oaza Yamauchi, Minabe cho, Hidaka gun",645-0012,https://all.accor.com/hotel/C1Q5/index.fr.shtml,catalog_api,japan,GRAND MERCURE WAKAYAMA MINABE RESORT SPA,WAKAYAMA,japan,Japon,asia,missing
C1R3,C1R3,Grand Mercure Awaji Island Resort & Spa,MEI,GRAND MERCURE,HYOGO,Japon,"317, Fukurahei, Minamiawaji City",656-0503,https://all.accor.com/hotel/C1R3/index.fr.shtml,catalog_api,japan,GRAND MERCURE AWAJI ISLAND RESORT SPA,HYOGO,japan,Japon,asia,missing
C1P7,C1P7,Mercure Tottori Daisen Resort & Spa,MER,MERCURE,TOTTORI,Japon,"1647-13 Maruyama, Houki cho, Saihaku gun",689-4108,https://all.accor.com/hotel/C1P7/index.fr.shtml,catalog_api,japan,MERCURE TOTTORI DAISEN RESORT SPA,TOTTORI,japan,Japon,asia,missing
C1N8,C1N8,Mercure Kochi Tosa Resort & Spa,MER,MERCURE,KOCHI,Japon,"2995 Ko, Nishibun, Geiseimura Akigun",781-5703,https://all.accor.com/hotel/C1N8/index.fr.shtml,catalog_api,japan,MERCURE KOCHI TOSA RESORT SPA,KOCHI,japan,Japon,asia,missing
C5E8,C5E8,Mercure Tokyu Stay Hiroshima (ouverture mai 2026),MER,MERCURE,HIROSHIMA,Japon,"8-19 Teppou-cho, Naka-ku Hiroshima-shi, 730-0017",730-0017,https://all.accor.com/hotel/C5E8/index.fr.shtml,catalog_api,japan,MERCURE TOKYU STAY HIROSHIMA OUVERTURE MAI 2026,HIROSHIMA,japan,Japon,asia,missing
C1N6,C1N6,Grand Mercure Beppu Bay Resort & Spa,MEI,GRAND MERCURE,OITA,Japon,"1825, Hiramichi Irie, Hiji Hayami gun",879-1508,https://all.accor.com/hotel/C1N6/index.fr.shtml,catalog_api,japan,GRAND MERCURE BEPPU BAY RESORT SPA,OITA,japan,Japon,asia,missing
C1N7,C1N7,Mercure Fukuoka Munakata Resort & Spa,MER,MERCURE,FUKUOKA,Japon,"1303, Tano, Munakata shi",811-3514,https://all.accor.com/hotel/C1N7/index.fr.shtml,catalog_api,japan,MERCURE FUKUOKA MUNAKATA RESORT SPA,FUKUOKA,japan,Japon,asia,missing
C6U9,C6U9,Mercure Niseko Resort (Ouverture en novembre 2026),MER,MERCURE,HOKKAIDO,Japon,"Niseko Hirafu 4-jo 1-3-3, Kutchan cho Abuta gun",044-0087,https://all.accor.com/hotel/C6U9/index.fr.shtml,catalog_api,japan,MERCURE NISEKO RESORT OUVERTURE EN NOVEMBRE 2026,HOKKAIDO,japan,Japon,asia,missing
C1P3,C1P3,Grand Mercure Sapporo Odori Park,MEI,GRAND MERCURE,HOKKAIDO,Japon,"1 Nishi11chome, Kita1jo, Chuo-ku, sapporo",060-0001,https://all.accor.com/hotel/C1P3/index.fr.shtml,catalog_api,japan,GRAND MERCURE SAPPORO ODORI PARK,HOKKAIDO,japan,Japon,asia,missing
C082,C082,Hotel Sosei Sapporo - MGallery Collection,MGA,MGALLERY,SAPPORO,Japon,"Sapporo Factory West Hall, Higashi 3 Chome Kita 2 Jo, Chuo Ku",0600032,https://all.accor.com/hotel/C082/index.fr.shtml,catalog_api,japan,HOTEL SOSEI SAPPORO MGALLERY COLLECTION,SAPPORO,japan,Japon,asia,missing
C1P5,C1P5,Mercure Saga Karatsu Resort,MER,MERCURE,SAGA,Japon,"4-9-20, Higashikaratsu, Karatsu shi",847-0017,https://all.accor.com/hotel/C1P5/index.fr.shtml,catalog_api,japan,MERCURE SAGA KARATSU RESORT,SAGA,japan,Japon,asia,missing
C1T0,C1T0,Homm Stay Yumiha Okinawa,HOM,HOM,OKINAWA,Japon,"Kunigami gun, 2455 1 Yamada Onnason",9040416,https://all.accor.com/hotel/C1T0/index.fr.shtml,catalog_api,japan,HOMM STAY YUMIHA OKINAWA,OKINAWA,japan,Japon,asia,missing
C1Q6,C1Q6,Grand Mercure Okinawa Cape Zanpa Resort,MEI,GRAND MERCURE,OKINAWA,Japon,"1575, Uza, Nakagamigun Yomitanson",9040328,https://all.accor.com/hotel/C1Q6/index.fr.shtml,catalog_api,japan,GRAND MERCURE OKINAWA CAPE ZANPA RESORT,OKINAWA,japan,Japon,asia,missing
B2P9,B2P9,Hôtel Novotel Okinawa Naha,NOV,NOVOTEL,OKINAWA,Japon,"40 Matsugawa, Naha",902 0062,https://all.accor.com/hotel/B2P9/index.fr.shtml,catalog_api,japan,HOTEL NOVOTEL OKINAWA NAHA,OKINAWA,japan,Japon,asia,missing
C2G2,C2G2,ibis Styles Ambassador Jeonju City Centre,IBS,IBIS STYLES,JEONJU SI JEONBUK DO,Corée du Sud,"74-50 JEONJUGAEKSA 4 GIL, WANSAN GU",54999,https://all.accor.com/hotel/C2G2/index.fr.shtml,catalog_api,south korea,IBIS STYLES AMBASSADOR JEONJU CITY CENTRE,JEONJU SI JEONBUK DO,south-korea,Corée du Sud,asia,missing
7163,7163,Grand Mercure Ambassador Changwon,MEI,GRAND MERCURE,CHANGWON,Corée du Sud,"332 Woni-daero,, Sungsangu, Changwon",51408,https://all.accor.com/hotel/7163/index.fr.shtml,catalog_api,south korea,GRAND MERCURE AMBASSADOR CHANGWON,CHANGWON,south-korea,Corée du Sud,asia,missing
A3N6,A3N6,Mercure Ambassador Ulsan,MER,MERCURE,ULSAN,Corée du Sud,"7 Gangdongsanha 2 ro BukGu, Bukgu",683260,https://all.accor.com/hotel/A3N6/index.fr.shtml,catalog_api,south korea,MERCURE AMBASSADOR ULSAN,ULSAN,south-korea,Corée du Sud,asia,missing
B220,B220,Sofitel Ambassador Seoul Hotel & Serviced Residences,SOF,SOFITEL,SÉOUL,Corée du Sud,"209 Jamsilro, Songpagu",05552,https://all.accor.com/hotel/B220/index.fr.shtml,catalog_api,south korea,SOFITEL AMBASSADOR SEOUL HOTEL SERVICED RESIDENCES,SEOUL,south-korea,Corée du Sud,asia,missing
C3E4,C3E4,Grand Mercure Imperial Palace Séoul,MEI,GRAND MERCURE,SÉOUL,Corée du Sud,"640 Eonju-ro, Gangnam-gu",06098,https://all.accor.com/hotel/C3E4/index.fr.shtml,catalog_api,south korea,GRAND MERCURE IMPERIAL PALACE SEOUL,SEOUL,south-korea,Corée du Sud,asia,missing
C173,C173,Pullman Ambassador Seoul Eastpole,PUL,PULLMAN,SÉOUL,Corée du Sud,"410 ACHASAN-RO, GWANGJIN-GU",05050,https://all.accor.com/hotel/C173/index.fr.shtml,catalog_api,south korea,PULLMAN AMBASSADOR SEOUL EASTPOLE,SEOUL,south-korea,Corée du Sud,asia,missing
B771,B771,Mondrian Seoul Itaewon,MOD,MOD,SÉOUL,Corée du Sud,"23 Jangmun Ro, Yongsan Gu",04392,https://all.accor.com/hotel/B771/index.fr.shtml,catalog_api,south korea,MONDRIAN SEOUL ITAEWON,SEOUL,south-korea,Corée du Sud,asia,missing
B200,B200,Fairmont Ambassador Seoul,FAI,FAIRMONT,SÉOUL,Corée du Sud,"Fairmont Seoul 108 Yeoui dAero, 108 Yeoui Daero Yeongdeungpo Gu",07335,https://all.accor.com/hotel/B200/index.fr.shtml,catalog_api,south korea,FAIRMONT AMBASSADOR SEOUL,SEOUL,south-korea,Corée du Sud,asia,missing
B1V3,B1V3,Banyan Tree Club & Spa Seoul,BAN,BANYAN TREE,SEOUL,Corée du Sud,San 55 Jangchung Dong Jung Gu,100857,https://all.accor.com/hotel/B1V3/index.fr.shtml,catalog_api,south korea,BANYAN TREE CLUB SPA SEOUL,SEOUL,south-korea,Corée du Sud,asia,missing
B5E0,B5E0,Hotel Naru Seoul - MGallery Collection,MGA,MGALLERY,SÉOUL,Corée du Sud,"8 Mapodaero, Mapogu",04176,https://all.accor.com/hotel/B5E0/index.fr.shtml,catalog_api,south korea,HOTEL NARU SEOUL MGALLERY COLLECTION,SEOUL,south-korea,Corée du Sud,asia,missing
A5U6,A5U6,Novotel Ambassador Seoul Dongdaemun Hotels & Residences,NOV,NOVOTEL,SEOUL,Corée du Sud,"238 Euljiro, Jung Gu",04561,https://all.accor.com/hotel/A5U6/index.fr.shtml,catalog_api,south korea,NOVOTEL AMBASSADOR SEOUL DONGDAEMUN HOTELS RESIDENCES,SEOUL,south-korea,Corée du Sud,asia,missing
C6M1,C6M1,Mercure Ambassador Seoul Dongdaemun (ouverture en juillet 2026),MER,MERCURE,SEOUL,Corée du Sud,369 Dongho-ro Jung-gu,04546,https://all.accor.com/hotel/C6M1/index.fr.shtml,catalog_api,south korea,MERCURE AMBASSADOR SEOUL DONGDAEMUN OUVERTURE EN JUILLET 2026,SEOUL,south-korea,Corée du Sud,asia,missing
B696,B696,Mercure Ambassador Seoul Hongdae,MER,MERCURE,SÉOUL,Corée du Sud,"144 Yanghwa Ro, Mapo Gu",04050,https://all.accor.com/hotel/B696/index.fr.shtml,catalog_api,south korea,MERCURE AMBASSADOR SEOUL HONGDAE,SEOUL,south-korea,Corée du Sud,asia,missing
C0G5,C0G5,Mercure Ambassador Seoul Magok,MER,MERCURE,SÉOUL,Corée du Sud,143 Magokjungang ro Gangseo gu,07797,https://all.accor.com/hotel/C0G5/index.fr.shtml,catalog_api,south korea,MERCURE AMBASSADOR SEOUL MAGOK,SEOUL,south-korea,Corée du Sud,asia,missing
B7P1,B7P1,ibis Styles Ambassador Incheon Airport,IBS,IBIS STYLES,INCHEON,Corée du Sud,"340 Je2terminal daero, Jung gu IBC II",22382,https://all.accor.com/hotel/B7P1/index.fr.shtml,catalog_api,south korea,IBIS STYLES AMBASSADOR INCHEON AIRPORT,INCHEON,south-korea,Corée du Sud,asia,missing
C318,C318,Cassia Sokcho,CAS,CASSIA,SOKCHO,Corée du Sud,"120 Daepohanghuimang-gil, Sokcho, Gangwondo",24901,https://all.accor.com/hotel/C318/index.fr.shtml,catalog_api,south korea,CASSIA SOKCHO,SOKCHO,south-korea,Corée du Sud,asia,missing
C3E6,C3E6,Homm Marina Sokcho,HOM,HOM,GANGWON-DO,Corée du Sud,4014 Donghae daero Sokcho si,24885,https://all.accor.com/hotel/C3E6/index.fr.shtml,catalog_api,south korea,HOMM MARINA SOKCHO,GANGWON DO,south-korea,Corée du Sud,asia,missing
B8C1,B8C1,Mercure Ambassador Jeju,MER,MERCURE,SEOGWIPOSI,Corée du Sud,365 Hanchangro Andeokmyeon,63526,https://all.accor.com/hotel/B8C1/index.fr.shtml,catalog_api,south korea,MERCURE AMBASSADOR JEJU,SEOGWIPOSI,south-korea,Corée du Sud,asia,missing
B4P1,B4P1,Mövenpick Resort & Spa Boracay,MOV,MÖVENPICK,BORACAY MALAY AKLAN,Philippines,Punta Bunga Cove Barangay Yapak,5608,https://all.accor.com/hotel/B4P1/index.fr.shtml,catalog_api,philippines,MOVENPICK RESORT SPA BORACAY,BORACAY MALAY AKLAN,philippines,Philippines,asia,missing
A5E3,A5E3,Raffles Makati,RAF,RAFFLES,MAKATI,Philippines,"1 Raffles Drive, Makati Avenue",1224,https://all.accor.com/hotel/A5E3/index.fr.shtml,catalog_api,philippines,RAFFLES MAKATI,MAKATI,philippines,Philippines,asia,missing
A5G3,A5G3,Fairmont Makati,FAI,FAIRMONT,MAKATI,Philippines,"1 Raffles Drive, Makati Avenue",1224,https://all.accor.com/hotel/A5G3/index.fr.shtml,catalog_api,philippines,FAIRMONT MAKATI,MAKATI,philippines,Philippines,asia,missing
B133,B133,ibis Styles Manila Araneta City,IBS,IBIS STYLES,QUEZON,Philippines,"General Roxas Avenue, Araneta City, Quezon City",0810,https://all.accor.com/hotel/B133/index.fr.shtml,catalog_api,philippines,IBIS STYLES MANILA ARANETA CITY,QUEZON,philippines,Philippines,asia,missing
C2H4,C2H4,Ibis Styles Subic,IBS,IBIS STYLES,OLONGAPO,Philippines,"Rizal Hwy cor Sta Rita Road, Subic Bay Freeport Zone",2222,https://all.accor.com/hotel/C2H4/index.fr.shtml,catalog_api,philippines,IBIS STYLES SUBIC,OLONGAPO,philippines,Philippines,asia,missing
B6N4,B6N4,Swissôtel Clark Philippines,SWI,SWISSÔTEL,"CLARK FREEPORT ZONE, ANGELES",Philippines,"LOT2A, LOT2B, LOT2E1 MANUEL A., ROXAS HIGHWAY, COIN, HIGHWAY",2023,https://all.accor.com/hotel/B6N4/index.fr.shtml,catalog_api,philippines,SWISSOTEL CLARK PHILIPPINES,CLARK FREEPORT ZONE ANGELES,philippines,Philippines,asia,missing
C586,C586,Mercure Mactan Cebu,MER,MERCURE,LAPU LAPU CITY,Philippines,"Newtown Boulevard, The Mactan Newtown",6015,https://all.accor.com/hotel/C586/index.fr.shtml,catalog_api,philippines,MERCURE MACTAN CEBU,LAPU LAPU CITY,philippines,Philippines,asia,missing
B4N9,B4N9,Mövenpick Cebu,MOV,MÖVENPICK,CEBU,Philippines,"Punta Engaño, Mactan Island",6015,https://all.accor.com/hotel/B4N9/index.fr.shtml,catalog_api,philippines,MOVENPICK CEBU,CEBU,philippines,Philippines,asia,missing
C0Q8,C0Q8,South Palms Resort and Spa Panglao - MGallery Collection,MGA,MGALLERY,PANGLAO,Philippines,"Barangay Tawala, Île de Panglao, Province de Bohol",6340,https://all.accor.com/hotel/C0Q8/index.fr.shtml,catalog_api,philippines,SOUTH PALMS RESORT AND SPA PANGLAO MGALLERY COLLECTION,PANGLAO,philippines,Philippines,asia,missing
B5M5,B5M5,TRIBE Phnom Penh Post Office Square,TRI,TRIBE,PHNOM PENH,Cambodge,"No 47 Corner ST 01 and ST 94, Village 9 Sangat Wat Phnom, Khan Daun Penh",12021,https://all.accor.com/hotel/B5M5/index.fr.shtml,catalog_api,cambodia,TRIBE PHNOM PENH POST OFFICE SQUARE,PHNOM PENH,cambodia,Cambodge,asia,missing
A5E0,A5E0,Raffles Hotel Le Royal Phnom Penh,RAF,RAFFLES,PHNOM PENH,Cambodge,"92 Rukhak Vithei Daun Penh, Sangkat Wat Phnom",120211,https://all.accor.com/hotel/A5E0/index.fr.shtml,catalog_api,cambodia,RAFFLES HOTEL LE ROYAL PHNOM PENH,PHNOM PENH,cambodia,Cambodge,asia,missing
B2E8,B2E8,Novotel Phnom Penh BKK 1,NOV,NOVOTEL,PHNOM PENH,Cambodge,"Street 51 corner street 294, Boeung Keng Kang 1",120102,https://all.accor.com/hotel/B2E8/index.fr.shtml,catalog_api,cambodia,NOVOTEL PHNOM PENH BKK 1,PHNOM PENH,cambodia,Cambodge,asia,missing
B9Q9,B9Q9,ibis budget Phnom Penh Riverside,IBB,IBIS BUDGET,PHNOM PENH,Cambodge,"No 11 Street 78, Sangkat Tonle Bassac, Khan Chamkar Mon",120101,https://all.accor.com/hotel/B9Q9/index.fr.shtml,catalog_api,cambodia,IBIS BUDGET PHNOM PENH RIVERSIDE,PHNOM PENH,cambodia,Cambodge,asia,missing
A5D9,A5D9,Raffles Grand Hotel d'Angkor Siem Reap,RAF,RAFFLES,SIEM REAP,Cambodge,"1 Vithei Charles de Gaulle, Khum Svay Dang Kum",17252,https://all.accor.com/hotel/A5D9/index.fr.shtml,catalog_api,cambodia,RAFFLES GRAND HOTEL D ANGKOR SIEM REAP,SIEM REAP,cambodia,Cambodge,asia,missing
A611,A611,Novotel Sihanoukville Holiday Resort,NOV,NOVOTEL,SIHANOUKVILLE,Cambodge,"2 Thnou Street, Village 1, Commune 3, Mittapheap District",180403,https://all.accor.com/hotel/A611/index.fr.shtml,catalog_api,cambodia,NOVOTEL SIHANOUKVILLE HOLIDAY RESORT,SIHANOUKVILLE,cambodia,Cambodge,asia,missing
B1X0,B1X0,Homm Souvannaphoum Luang Prabang,HOM,HOM,LUANG PRABANG,République démocratique populaire lao,"Rue Chao Fa Ngum, Ban Thatluang, nil",23624,https://all.accor.com/hotel/B1X0/index.fr.shtml,catalog_api,laos,HOMM SOUVANNAPHOUM LUANG PRABANG,LUANG PRABANG,laos,Laos,asia,missing
A095,A095,Sofitel Inle Lake Myat Min,SOF,SOFITEL,NYAUNG SHWE,Myanmar,"Thalae Oo Village, Inle Lake",140102,https://all.accor.com/hotel/A095/index.fr.shtml,catalog_api,myanmar,SOFITEL INLE LAKE MYAT MIN,NYAUNG SHWE,myanmar,Myanmar,asia,missing
A3N7,A3N7,Mercure Yangon Kaba Aye,MER,MERCURE,YANGON,Myanmar,"17 Kaba Aye Pagoda Road, Yankin Township",11081,https://all.accor.com/hotel/A3N7/index.fr.shtml,catalog_api,myanmar,MERCURE YANGON KABA AYE,YANGON,myanmar,Myanmar,asia,missing
B0M3,B0M3,Pullman Yangon Centrepoint,PUL,PULLMAN,YANGON,Myanmar,"65 Corner Of Sule Pagoda Rd, And Merchant St, Kyauktada Township",11182,https://all.accor.com/hotel/B0M3/index.fr.shtml,catalog_api,myanmar,PULLMAN YANGON CENTREPOINT,YANGON,myanmar,Myanmar,asia,missing
B1D8,B1D8,Novotel Ulaanbaatar,NOV,NOVOTEL,ULAANBAATAR,Mongolie,"Baga toiruu 6th khoroo, Sukhbaatar District",14201,https://all.accor.com/hotel/B1D8/index.fr.shtml,catalog_api,mongolia,NOVOTEL ULAANBAATAR,ULAANBAATAR,mongolia,Mongolie,asia,missing
B1W5,B1W5,Angsana Velavaru,ANG,ANGSANA,MALE,Maldives,"Dhaalu Atoll, Velavaru Island",20177,https://all.accor.com/hotel/B1W5/index.fr.shtml,catalog_api,maldives,ANGSANA VELAVARU,MALE,maldives,Maldives,asia,missing
C4Z3,C4Z3,V Villas Maldives at Mirihi - MGallery Collection,MGA,MGALLERY,ATOLL DU SUD D'ARI,Maldives,"Mirihi Island, South Ari Atoll, PO Box 2034",00190,https://all.accor.com/hotel/C4Z3/index.fr.shtml,catalog_api,maldives,V VILLAS MALDIVES AT MIRIHI MGALLERY COLLECTION,ATOLL DU SUD D ARI,maldives,Maldives,asia,missing
B986,B986,SO/ Maldives,SO,SO/,MALE,Maldives,"Lagon de Emboodhoo, Atoll de Kaafu",20028,https://all.accor.com/hotel/B986/index.fr.shtml,catalog_api,maldives,SO MALDIVES,MALE,maldives,Maldives,asia,missing
B1W0,B1W0,Banyan Tree Vabbinfaru,BAN,BANYAN TREE,MALE,Maldives,"Vabbinfaru, Kaafu, Maldives",08110,https://all.accor.com/hotel/B1W0/index.fr.shtml,catalog_api,maldives,BANYAN TREE VABBINFARU,MALE,maldives,Maldives,asia,missing
B1W1,B1W1,Dhawa Ihuru,DHA,DHAWA,MALE,Maldives,Kaafu Atoll,08300,https://all.accor.com/hotel/B1W1/index.fr.shtml,catalog_api,maldives,DHAWA IHURU,MALE,maldives,Maldives,asia,missing
B4P5,B4P5,Kuredhivaru Resort & Spa Maldives,SAM,SAM,ATOLL DE NOONU,Maldives,"Île de Kuredhivaru,",20076,https://all.accor.com/hotel/B4P5/index.fr.shtml,catalog_api,maldives,KUREDHIVARU RESORT SPA MALDIVES,ATOLL DE NOONU,maldives,Maldives,asia,missing
B0K7,B0K7,Mercure Alice Springs Resort,MER,MERCURE,ALICE SPRINGS,Australie,34 Stott Terrace,0870,https://all.accor.com/hotel/B0K7/index.fr.shtml,catalog_api,australia,MERCURE ALICE SPRINGS RESORT,ALICE SPRINGS,australia,Australie,oceania,missing
C6W3,C6W3,Greet Hotel Alice Springs,GRE,GREET,ALICE SPRINGS,Australie,20 Gregory Terrace,870,https://all.accor.com/hotel/C6W3/index.fr.shtml,catalog_api,australia,GREET HOTEL ALICE SPRINGS,ALICE SPRINGS,australia,Australie,oceania,missing
C6W4,C6W4,Mantra Alice Springs,MTA,MANTRA,ALICE SPRINGS,Australie,11 Leichhardt Terrace,870,https://all.accor.com/hotel/C6W4/index.fr.shtml,catalog_api,australia,MANTRA ALICE SPRINGS,ALICE SPRINGS,australia,Australie,oceania,missing
B3X7,B3X7,The Lost Camel Hotel - Membre de Mercure Hotels,MER,MERCURE,YULARA,Australie,"Yulara Drive, Ayers Rock",0872,https://all.accor.com/hotel/B3X7/index.fr.shtml,catalog_api,australia,THE LOST CAMEL HOTEL MEMBRE DE MERCURE HOTELS,YULARA,australia,Australie,oceania,missing
C2D4,C2D4,BreakFree Port Pirie,BKF,BREAKFREE,PORT PIRIE,Australie,166 - 172 Warnertown Road,5540,https://all.accor.com/hotel/C2D4/index.fr.shtml,catalog_api,australia,BREAKFREE PORT PIRIE,PORT PIRIE,australia,Australie,oceania,missing
C590,C590,Clare Country Club,SAM,SAM,CLARE,Australie,"White Hut Rd, True",5453,https://all.accor.com/hotel/C590/index.fr.shtml,catalog_api,australia,CLARE COUNTRY CLUB,CLARE,australia,Australie,oceania,missing
C588,C588,Mercure Barossa Valley (ouverture novembre 2025),MER,MERCURE,TANUNDA,Australie,235 Murray Street,5352,https://all.accor.com/hotel/C588/index.fr.shtml,catalog_api,australia,MERCURE BAROSSA VALLEY OUVERTURE NOVEMBRE 2025,TANUNDA,australia,Australie,oceania,missing
A7W0,A7W0,ibis Styles Adelaide Manor,IBS,IBIS STYLES,ADELAIDE,Australie,"574 Main North Road, Gepps Cross",5094,https://all.accor.com/hotel/A7W0/index.fr.shtml,catalog_api,australia,IBIS STYLES ADELAIDE MANOR,ADELAIDE,australia,Australie,oceania,missing
B3V6,B3V6,La série art Watson Adelaide,ART,ART SERIES,WALKERVILLE,Australie,33 Warwick Street,5081,https://all.accor.com/hotel/B3V6/index.fr.shtml,catalog_api,australia,LA SERIE ART WATSON ADELAIDE,WALKERVILLE,australia,Australie,oceania,missing
C5U3,C5U3,Mantra Meridien Adelaide,MTA,MANTRA,ADELAIDE,Australie,"21 Melbourne St North Adelaide, True",5006,https://all.accor.com/hotel/C5U3/index.fr.shtml,catalog_api,australia,MANTRA MERIDIEN ADELAIDE,ADELAIDE,australia,Australie,oceania,missing
C5U2,C5U2,Breakfree North Adelaide,BKF,BREAKFREE,ADELAIDE DU NORD,Australie,21 Melbourne St North Adelaide,5006,https://all.accor.com/hotel/C5U2/index.fr.shtml,catalog_api,australia,BREAKFREE NORTH ADELAIDE,ADELAIDE DU NORD,australia,Australie,oceania,missing
B3I0,B3I0,BreakFree Adelaide,BKF,BREAKFREE,ADELAIDE,Australie,255 Hindley Street,5000,https://all.accor.com/hotel/B3I0/index.fr.shtml,catalog_api,australia,BREAKFREE ADELAIDE,ADELAIDE,australia,Australie,oceania,missing
A014,A014,Sofitel Adelaide,SOF,SOFITEL,ADELAÏDE,Australie,108 Currie Street,5000,https://all.accor.com/hotel/A014/index.fr.shtml,catalog_api,australia,SOFITEL ADELAIDE,ADELAIDE,australia,Australie,oceania,missing
C6J6,C6J6,Mantra Adelaide Central,MTA,MANTRA,ADELAIDE,Australie,82 King William Street,5000,https://all.accor.com/hotel/C6J6/index.fr.shtml,catalog_api,australia,MANTRA ADELAIDE CENTRAL,ADELAIDE,australia,Australie,oceania,missing
B3U8,B3U8,Peppers Waymouth,PEP,PEPPERS,ADELAIDE,Australie,55 Waymouth Street,5000,https://all.accor.com/hotel/B3U8/index.fr.shtml,catalog_api,australia,PEPPERS WAYMOUTH,ADELAIDE,australia,Australie,oceania,missing
B217,B217,Pullman Adelaide,PUL,PULLMAN,ADELAIDE,Australie,16 Hindmarsh Square,5000,https://all.accor.com/hotel/B217/index.fr.shtml,catalog_api,australia,PULLMAN ADELAIDE,ADELAIDE,australia,Australie,oceania,missing
B3M5,B3M5,Mantra Hindmarsh Square,MTA,MANTRA,ADELAIDE,Australie,55 67 Hindmarsh Square,5000,https://all.accor.com/hotel/B3M5/index.fr.shtml,catalog_api,australia,MANTRA HINDMARSH SQUARE,ADELAIDE,australia,Australie,oceania,missing
C587,C587,Adabco Boutique Hotel Adelaide,SAM,SAM,ADELAÏDE,Australie,"219-223 Wakefield Street, True, Adelaide",5000,https://all.accor.com/hotel/C587/index.fr.shtml,catalog_api,australia,ADABCO BOUTIQUE HOTEL ADELAIDE,ADELAIDE,australia,Australie,oceania,missing
C2E8,C2E8,Mantra Tonsley Adelaide,MTA,MANTRA,TONSLEY,Australie,2 MAB CIRCUIT,5042,https://all.accor.com/hotel/C2E8/index.fr.shtml,catalog_api,australia,MANTRA TONSLEY ADELAIDE,TONSLEY,australia,Australie,oceania,missing
B8Y5,B8Y5,BreakFree Wirrina Cove,BKF,BREAKFREE,ADELAIDE,Australie,"172 Paradise Drive, Wirrina Cove",5204,https://all.accor.com/hotel/B8Y5/index.fr.shtml,catalog_api,australia,BREAKFREE WIRRINA COVE,ADELAIDE,australia,Australie,oceania,missing
7509,7509,Mercure Hotel Mildura,MER,MERCURE,MILDURA,Australie,120 Eighth Street,3500,https://all.accor.com/hotel/7509/index.fr.shtml,catalog_api,australia,MERCURE HOTEL MILDURA,MILDURA,australia,Australie,oceania,missing
B3M0,B3M0,Mantra Frangipani - Broome,MTA,MANTRA,BROOME,Australie,15 Millington Road,6726,https://all.accor.com/hotel/B3M0/index.fr.shtml,catalog_api,australia,MANTRA FRANGIPANI BROOME,BROOME,australia,Australie,oceania,missing
B3P6,B3P6,Mantra on the Esplanade - Darwin,MTA,MANTRA,DARWIN,Australie,88 The Esplanade,800,https://all.accor.com/hotel/B3P6/index.fr.shtml,catalog_api,australia,MANTRA ON THE ESPLANADE DARWIN,DARWIN,australia,Australie,oceania,missing
B3N2,B3N2,Mantra Pandanas,MTA,MANTRA,DARWIN,Australie,43 Knuckey Street,800,https://all.accor.com/hotel/B3N2/index.fr.shtml,catalog_api,australia,MANTRA PANDANAS,DARWIN,australia,Australie,oceania,missing
A207,A207,Novotel Darwin Airport,NOV,NOVOTEL,DARWIN,Australie,2 Sir Norman Brearly Drive,0820,https://all.accor.com/hotel/A207/index.fr.shtml,catalog_api,australia,NOVOTEL DARWIN AIRPORT,DARWIN,australia,Australie,oceania,missing
A209,A209,Mercure Darwin Airport Resort,MER,MERCURE,DARWIN,Australie,1 Sir Norman Brearly Drive,0820,https://all.accor.com/hotel/A209/index.fr.shtml,catalog_api,australia,MERCURE DARWIN AIRPORT RESORT,DARWIN,australia,Australie,oceania,missing
C2K6,C2K6,Hôtel Ibis Darwin Airport,IBH,IBIS,DARWIN,Australie,2 Henry Wrigley Drive,820,https://all.accor.com/hotel/C2K6/index.fr.shtml,catalog_api,australia,HOTEL IBIS DARWIN AIRPORT,DARWIN,australia,Australie,oceania,missing
B3S8,B3S8,Peppers Blue on Blue Resort,PEP,PEPPERS,NELLY BAY,Australie,123 Sooning Street,4819,https://all.accor.com/hotel/B3S8/index.fr.shtml,catalog_api,australia,PEPPERS BLUE ON BLUE RESORT,NELLY BAY,australia,Australie,oceania,missing
C5W6,C5W6,Mantra Mount Gambier,MTA,MANTRA,MOUNT GAMBIER,Australie,96 Jubilee Highway,5290,https://all.accor.com/hotel/C5W6/index.fr.shtml,catalog_api,australia,MANTRA MOUNT GAMBIER,MOUNT GAMBIER,australia,Australie,oceania,missing
B3J7,B3J7,Breakfree Royal Harbour,BKF,BREAKFREE,CAIRNS,Australie,60 Abbott Street,4870,https://all.accor.com/hotel/B3J7/index.fr.shtml,catalog_api,australia,BREAKFREE ROYAL HARBOUR,CAIRNS,australia,Australie,oceania,missing
B3L8,B3L8,Mantra Esplanade - Cairns,MTA,MANTRA,CAIRNS,Australie,53 57 The Esplanade,4870,https://all.accor.com/hotel/B3L8/index.fr.shtml,catalog_api,australia,MANTRA ESPLANADE CAIRNS,CAIRNS,australia,Australie,oceania,missing
B3R6,B3R6,Mantra Trilogy,MTA,MANTRA,CAIRNS,Australie,101 105 Esplanade,4870,https://all.accor.com/hotel/B3R6/index.fr.shtml,catalog_api,australia,MANTRA TRILOGY,CAIRNS,australia,Australie,oceania,missing
B3K2,B3K2,Mantra Amphora,MTA,MANTRA,PALM COVE,Australie,49 Williams Esplanade,4879,https://all.accor.com/hotel/B3K2/index.fr.shtml,catalog_api,australia,MANTRA AMPHORA,PALM COVE,australia,Australie,oceania,missing
B3S6,B3S6,Peppers Beach Club And Spa,PEP,PEPPERS,PALM COVE,Australie,123 Williams Esplanade,4879,https://all.accor.com/hotel/B3S6/index.fr.shtml,catalog_api,australia,PEPPERS BEACH CLUB AND SPA,PALM COVE,australia,Australie,oceania,missing
B3Q5,B3Q5,Mantra Portsea,MTA,MANTRA,PORT DOUGLAS,Australie,76 Davidson Street,4877,https://all.accor.com/hotel/B3Q5/index.fr.shtml,catalog_api,australia,MANTRA PORTSEA,PORT DOUGLAS,australia,Australie,oceania,missing
B3S5,B3S5,Peppers Beach Club - Port Douglas,PEP,PEPPERS,PORT DOUGLAS,Australie,20 22 Davidson Street,4877,https://all.accor.com/hotel/B3S5/index.fr.shtml,catalog_api,australia,PEPPERS BEACH CLUB PORT DOUGLAS,PORT DOUGLAS,australia,Australie,oceania,missing
B3M3,B3M3,Mantra Heritage,MTA,MANTRA,PORT DOUGLAS,Australie,16 Warner Street,4877,https://all.accor.com/hotel/B3M3/index.fr.shtml,catalog_api,australia,MANTRA HERITAGE,PORT DOUGLAS,australia,Australie,oceania,missing
B3M6,B3M6,Mantra In The Village,MTA,MANTRA,PORT DOUGLAS,Australie,"Cnr Grant Street And Warner, Street",4877,https://all.accor.com/hotel/B3M6/index.fr.shtml,catalog_api,australia,MANTRA IN THE VILLAGE,PORT DOUGLAS,australia,Australie,oceania,missing
B3P7,B3P7,Mantra On The Inlet,MTA,MANTRA,PORT DOUGLAS,Australie,"Cnr Wharf Street and Macrossan, Street",4877,https://all.accor.com/hotel/B3P7/index.fr.shtml,catalog_api,australia,MANTRA ON THE INLET,PORT DOUGLAS,australia,Australie,oceania,missing
B3K4,B3K4,Mantra Aqueous,MTA,MANTRA,PORT DOUGLAS,Australie,3 Davidson Street,4877,https://all.accor.com/hotel/B3K4/index.fr.shtml,catalog_api,australia,MANTRA AQUEOUS,PORT DOUGLAS,australia,Australie,oceania,missing
B6S3,B6S3,Mercure Bendigo Schaller,MER,MERCURE,BENDIGO,Australie,60 Lucan Street,3550,https://all.accor.com/hotel/B6S3/index.fr.shtml,catalog_api,australia,MERCURE BENDIGO SCHALLER,BENDIGO,australia,Australie,oceania,missing
B3L3,B3L3,Mantra Club Croc Airlie Beach,MTA,MANTRA,AIRLIE BEACH,Australie,"240 Shute Harbour Road, Cannonvale",4802,https://all.accor.com/hotel/B3L3/index.fr.shtml,catalog_api,australia,MANTRA CLUB CROC AIRLIE BEACH,AIRLIE BEACH,australia,Australie,oceania,missing
B7Z6,B7Z6,The Sebel Whitsundays Airlie Beach,SEB,SEBEL,AIRLIE BEACH,Australie,3 HERMITAGE DRIVE,4802,https://all.accor.com/hotel/B7Z6/index.fr.shtml,catalog_api,australia,THE SEBEL WHITSUNDAYS AIRLIE BEACH,AIRLIE BEACH,australia,Australie,oceania,missing
B6X4,B6X4,Mantra Mackay,MTA,MANTRA,MACKAY,Australie,"Mackay Harbour, 40 Mulherin Road",4740,https://all.accor.com/hotel/B6X4/index.fr.shtml,catalog_api,australia,MANTRA MACKAY,MACKAY,australia,Australie,oceania,missing
C3L7,C3L7,Mantra Shepparton,MTA,MANTRA,SHEPPARTON,Australie,7 WYNDHAM STREET,3630,https://all.accor.com/hotel/C3L7/index.fr.shtml,catalog_api,australia,MANTRA SHEPPARTON,SHEPPARTON,australia,Australie,oceania,missing
A020,A020,Mercure Ballarat - Hotel & Convention Centre,MER,MERCURE,BALLARAT,Australie,613 Main Road,3350,https://all.accor.com/hotel/A020/index.fr.shtml,catalog_api,australia,MERCURE BALLARAT HOTEL CONVENTION CENTRE,BALLARAT,australia,Australie,oceania,missing
B6V8,B6V8,Mercure Rockhampton,MER,MERCURE,ROCKHAMPTON,Australie,86 Victoria Parade,4700,https://all.accor.com/hotel/B6V8/index.fr.shtml,catalog_api,australia,MERCURE ROCKHAMPTON,ROCKHAMPTON,australia,Australie,oceania,missing
B7C4,B7C4,Mantra Melbourne Melton,MTA,MANTRA,MELTON,Australie,2 Ferris Rd Cobblebank,3338,https://all.accor.com/hotel/B7C4/index.fr.shtml,catalog_api,australia,MANTRA MELBOURNE MELTON,MELTON,australia,Australie,oceania,missing
B038,B038,Mercure Orange,MER,MERCURE,ORANGE,Australie,94 Byng Street,2800,https://all.accor.com/hotel/B038/index.fr.shtml,catalog_api,australia,MERCURE ORANGE,ORANGE,australia,Australie,oceania,missing
5044,5044,ibis budget Melbourne Airport,IBB,IBIS BUDGET,TULLAMARINE,Australie,"Caldwell Drive, Melbourne Airport",3045,https://all.accor.com/hotel/5044/index.fr.shtml,catalog_api,australia,IBIS BUDGET MELBOURNE AIRPORT,TULLAMARINE,australia,Australie,oceania,missing
B329,B329,ibis Styles Melbourne Airport,IBS,IBIS STYLES,MELBOURNE,Australie,"1 Grants Road, Melbourne Airport, Tullamarine",3045,https://all.accor.com/hotel/B329/index.fr.shtml,catalog_api,australia,IBIS STYLES MELBOURNE AIRPORT,MELBOURNE,australia,Australie,oceania,missing
B327,B327,Novotel Melbourne Airport,NOV,NOVOTEL,MELBOURNE,Australie,"1 Grants Road, Melbourne Airport, Tullamarine",3045,https://all.accor.com/hotel/B327/index.fr.shtml,catalog_api,australia,NOVOTEL MELBOURNE AIRPORT,MELBOURNE,australia,Australie,oceania,missing
B3R7,B3R7,Mantra Melbourne Airport,MTA,MANTRA,TULLAMARINE,Australie,2 Trade Park Drive,3043,https://all.accor.com/hotel/B3R7/index.fr.shtml,catalog_api,australia,MANTRA MELBOURNE AIRPORT,TULLAMARINE,australia,Australie,oceania,missing
B2V4,B2V4,Mercure Albury,MER,MERCURE,ALBURY,Australie,579 Olive Street,2640,https://all.accor.com/hotel/B2V4/index.fr.shtml,catalog_api,australia,MERCURE ALBURY,ALBURY,australia,Australie,oceania,missing
B3X4,B3X4,Mantra Albury,MTA,MANTRA,ALBURY,Australie,524 Smollett St,2640,https://all.accor.com/hotel/B3X4/index.fr.shtml,catalog_api,australia,MANTRA ALBURY,ALBURY,australia,Australie,oceania,missing
B453,B453,Mantra Melbourne Epping,MTA,MANTRA,EPPING,Australie,250 Cooper Street,3076,https://all.accor.com/hotel/B453/index.fr.shtml,catalog_api,australia,MANTRA MELBOURNE EPPING,EPPING,australia,Australie,oceania,missing
B4G4,B4G4,The Sebel Melbourne Moonee Ponds,SEB,SEBEL,MOONEE PONDS,Australie,41 Homer Street,3039,https://all.accor.com/hotel/B4G4/index.fr.shtml,catalog_api,australia,THE SEBEL MELBOURNE MOONEE PONDS,MOONEE PONDS,australia,Australie,oceania,missing
B3K5,B3K5,Novotel Melbourne Preston,NOV,NOVOTEL,PRESTON,Australie,215 Bell Street,3072,https://all.accor.com/hotel/B3K5/index.fr.shtml,catalog_api,australia,NOVOTEL MELBOURNE PRESTON,PRESTON,australia,Australie,oceania,missing
B3I3,B3I3,together co-living,SAM,SAM,PRESTON,Australie,205 Bell Street,3072,https://all.accor.com/hotel/B3I3/index.fr.shtml,catalog_api,australia,TOGETHER CO LIVING,PRESTON,australia,Australie,oceania,missing
B3V4,B3V4,The Larwill,ART,ART SERIES,PARKVILLE,Australie,48 Flemington Road,3052,https://all.accor.com/hotel/B3V4/index.fr.shtml,catalog_api,australia,THE LARWILL,PARKVILLE,australia,Australie,oceania,missing
B3T4,B3T4,Peppers Southern Cross Melbourne,PEP,PEPPERS,DOCKLANDS,Australie,679 La Trobe Street,3008,https://all.accor.com/hotel/B3T4/index.fr.shtml,catalog_api,australia,PEPPERS SOUTHERN CROSS MELBOURNE,DOCKLANDS,australia,Australie,oceania,missing
B6L6,B6L6,Mercure Melbourne La Trobe Street,MER,MERCURE,MELBOURNE OUEST,Australie,492 La Trobe Street,3003,https://all.accor.com/hotel/B6L6/index.fr.shtml,catalog_api,australia,MERCURE MELBOURNE LA TROBE STREET,MELBOURNE OUEST,australia,Australie,oceania,missing
1564,1564,ibis Melbourne - Hotel & Apartments,IBH,IBIS,MELBOURNE,Australie,15-21 Therry Street,3000,https://all.accor.com/hotel/1564/index.fr.shtml,catalog_api,australia,IBIS MELBOURNE HOTEL APARTMENTS,MELBOURNE,australia,Australie,oceania,missing
A0B1,A0B1,Novotel Melbourne Central,NOV,NOVOTEL,MELBOURNE,Australie,"399, rue Little Lonsdale",3000,https://all.accor.com/hotel/A0B1/index.fr.shtml,catalog_api,australia,NOVOTEL MELBOURNE CENTRAL,MELBOURNE,australia,Australie,oceania,missing
A0E4,A0E4,ibis Melbourne Central,IBH,IBIS,MELBOURNE,Australie,399 Little Lonsdale Street,3000,https://all.accor.com/hotel/A0E4/index.fr.shtml,catalog_api,australia,IBIS MELBOURNE CENTRAL,MELBOURNE,australia,Australie,oceania,missing
B6L9,B6L9,Mövenpick Hotel Melbourne On Spencer,MOV,MÖVENPICK,MELBOURNE,Australie,"160 Spencer, Street",3000,https://all.accor.com/hotel/B6L9/index.fr.shtml,catalog_api,australia,MOVENPICK HOTEL MELBOURNE ON SPENCER,MELBOURNE,australia,Australie,oceania,missing
B3N9,B3N9,Mantra on Little Bourke - Melbourne,MTA,MANTRA,MELBOURNE,Australie,471 Little Bourke Street,3000,https://all.accor.com/hotel/B3N9/index.fr.shtml,catalog_api,australia,MANTRA ON LITTLE BOURKE MELBOURNE,MELBOURNE,australia,Australie,oceania,missing
C1I8,C1I8,Batman's Hill on Collins,SAM,SAM,MELBOURNE,Australie,623 Collins Street,3000,https://all.accor.com/hotel/C1I8/index.fr.shtml,catalog_api,australia,BATMAN S HILL ON COLLINS,MELBOURNE,australia,Australie,oceania,missing
B3P4,B3P4,Mantra on Russell - Melbourne,MTA,MANTRA,MELBOURNE,Australie,222 Russell Street,3000,https://all.accor.com/hotel/B3P4/index.fr.shtml,catalog_api,australia,MANTRA ON RUSSELL MELBOURNE,MELBOURNE,australia,Australie,oceania,missing
B064,B064,Novotel Melbourne South Wharf,NOV,NOVOTEL,SOUTH WHARF,Australie,7 Convention Centre Place,3006,https://all.accor.com/hotel/B064/index.fr.shtml,catalog_api,australia,NOVOTEL MELBOURNE SOUTH WHARF,SOUTH WHARF,australia,Australie,oceania,missing
C4B0,C4B0,Hyde Melbourne Place,HYD,HYDE,MELBOURNE,Australie,130 RUSSELL STREET,3000,https://all.accor.com/hotel/C4B0/index.fr.shtml,catalog_api,australia,HYDE MELBOURNE PLACE,MELBOURNE,australia,Australie,oceania,missing
B3K0,B3K0,Mantra 100 Exhibition - Melbourne,MTA,MANTRA,MELBOURNE,Australie,100 Exhibition Street,3000,https://all.accor.com/hotel/B3K0/index.fr.shtml,catalog_api,australia,MANTRA 100 EXHIBITION MELBOURNE,MELBOURNE,australia,Australie,oceania,missing
1902,1902,Sofitel Melbourne on Collins,SOF,SOFITEL,MELBOURNE,Australie,25 Collins Street,3000,https://all.accor.com/hotel/1902/index.fr.shtml,catalog_api,australia,SOFITEL MELBOURNE ON COLLINS,MELBOURNE,australia,Australie,oceania,missing
B983,B983,Mercure Melbourne Southbank,MER,MERCURE,SOUTHBANK,Australie,9 Riverside Quay,3006,https://all.accor.com/hotel/B983/index.fr.shtml,catalog_api,australia,MERCURE MELBOURNE SOUTHBANK,SOUTHBANK,australia,Australie,oceania,missing
C3N3,C3N3,ibis Styles Melbourne Southbank,IBS,IBIS STYLES,SOUTHBANK,Australie,167 City Road,3006,https://all.accor.com/hotel/C3N3/index.fr.shtml,catalog_api,australia,IBIS STYLES MELBOURNE SOUTHBANK,SOUTHBANK,australia,Australie,oceania,missing
B456,B456,Shadow Play Melbourne by Peppers,PEP,PEPPERS,SOUTHBANK,Australie,308 320 City Road,3000,https://all.accor.com/hotel/B456/index.fr.shtml,catalog_api,australia,SHADOW PLAY MELBOURNE BY PEPPERS,SOUTHBANK,australia,Australie,oceania,missing
B3Q9,B3Q9,Mantra Southbank - Melbourne,MTA,MANTRA,SOUTHBANK,Australie,31 City Road,3006,https://all.accor.com/hotel/B3Q9/index.fr.shtml,catalog_api,australia,MANTRA SOUTHBANK MELBOURNE,SOUTHBANK,australia,Australie,oceania,missing
B3N7,B3N7,Mantra on Jolimont - Melbourne,MTA,MANTRA,EAST MELBOURNE,Australie,133 Jolimont Road,3002,https://all.accor.com/hotel/B3N7/index.fr.shtml,catalog_api,australia,MANTRA ON JOLIMONT MELBOURNE,EAST MELBOURNE,australia,Australie,oceania,missing
C358,C358,The Sebel Melbourne Kew,SEB,SEBEL,KEW,Australie,2 Ridgeway Avenue,3101,https://all.accor.com/hotel/C358/index.fr.shtml,catalog_api,australia,THE SEBEL MELBOURNE KEW,KEW,australia,Australie,oceania,missing
B3V5,B3V5,The Olsen Melbourne - Art Series,ART,ART SERIES,SOUTH YARRA,Australie,637 641 Chapel Street,3141,https://all.accor.com/hotel/B3V5/index.fr.shtml,catalog_api,australia,THE OLSEN MELBOURNE ART SERIES,SOUTH YARRA,australia,Australie,oceania,missing
C5W0,C5W0,Novotel St Kilda,NOV,NOVOTEL,ST KILDA,Australie,35 - 37 FITZROY STREET,3182,https://all.accor.com/hotel/C5W0/index.fr.shtml,catalog_api,australia,NOVOTEL ST KILDA,ST KILDA,australia,Australie,oceania,missing
B322,B322,Mercure Melbourne Doncaster,MER,MERCURE,DONCASTER,Australie,6 Tower Street,3108,https://all.accor.com/hotel/B322/index.fr.shtml,catalog_api,australia,MERCURE MELBOURNE DONCASTER,DONCASTER,australia,Australie,oceania,missing
B3V1,B3V1,The Chen Melbourne - Art Series,ART,ART SERIES,BOX HILL,Australie,850 Whitehorse Road,3128,https://all.accor.com/hotel/B3V1/index.fr.shtml,catalog_api,australia,THE CHEN MELBOURNE ART SERIES,BOX HILL,australia,Australie,oceania,missing
B4G3,B4G3,Le Sebel Melbourne Malvern,SEB,SEBEL,MELBOURNE,Australie,"803 Dandenong Road, Malvern",3145,https://all.accor.com/hotel/B4G3/index.fr.shtml,catalog_api,australia,LE SEBEL MELBOURNE MALVERN,MELBOURNE,australia,Australie,oceania,missing
B3M9,B3M9,Mantra Lorne,MTA,MANTRA,LORNE,Australie,Mountjoy Parade,3232,https://all.accor.com/hotel/B3M9/index.fr.shtml,catalog_api,australia,MANTRA LORNE,LORNE,australia,Australie,oceania,missing
B2U8,B2U8,Hotel Chadstone Melbourne - MGallery Collection,MGA,MGALLERY,CHADSTONE,Australie,1341 Dandenong Road,3148,https://all.accor.com/hotel/B2U8/index.fr.shtml,catalog_api,australia,HOTEL CHADSTONE MELBOURNE MGALLERY COLLECTION,CHADSTONE,australia,Australie,oceania,missing
B8X3,B8X3,Peppers Marysville Ouverture avril 2021,PEP,PEPPERS,MARYSVILLE,Australie,32 34 Murchison Street,3779,https://all.accor.com/hotel/B8X3/index.fr.shtml,catalog_api,australia,PEPPERS MARYSVILLE OUVERTURE AVRIL 2021,MARYSVILLE,australia,Australie,oceania,missing
C188,C188,Peppers Gladstone,PEP,PEPPERS,GLADSTONE,Australie,Cnr Bell et O Connel Street,4680,https://all.accor.com/hotel/C188/index.fr.shtml,catalog_api,australia,PEPPERS GLADSTONE,GLADSTONE,australia,Australie,oceania,missing
B3T9,B3T9,Peppers Moonah Links,PEP,PEPPERS,FINGAL,Australie,55 Peter Thomson Drive,3939,https://all.accor.com/hotel/B3T9/index.fr.shtml,catalog_api,australia,PEPPERS MOONAH LINKS,FINGAL,australia,Australie,oceania,missing
A205,A205,Mercure Tamworth,MER,MERCURE,TAMWORTH,Australie,"Scully Park, Kent Street, PO Box 3040",2340,https://all.accor.com/hotel/A205/index.fr.shtml,catalog_api,australia,MERCURE TAMWORTH,TAMWORTH,australia,Australie,oceania,missing
C0A4,C0A4,Mercure Pakenham,MER,MERCURE,PAKENHAM,Australie,77 Racecourse Road,3810,https://all.accor.com/hotel/C0A4/index.fr.shtml,catalog_api,australia,MERCURE PAKENHAM,PAKENHAM,australia,Australie,oceania,missing
B390,B390,Mercure Canberra Belconnen,MER,MERCURE,CANBERRA,Australie,"59 Cameron Avenue, Belconnen",2617,https://all.accor.com/hotel/B390/index.fr.shtml,catalog_api,australia,MERCURE CANBERRA BELCONNEN,CANBERRA,australia,Australie,oceania,missing
B3N0,B3N0,Mantra Macarthur Hotel - Canberra,MTA,MANTRA,TURNER,Australie,219 Northbourne Avenue,2612,https://all.accor.com/hotel/B3N0/index.fr.shtml,catalog_api,australia,MANTRA MACARTHUR HOTEL CANBERRA,TURNER,australia,Australie,oceania,missing
B3P2,B3P2,Mantra on Northbourne - Canberra,MTA,MANTRA,CANBERRA,Australie,84 Northbourne Avenue,2612,https://all.accor.com/hotel/B3P2/index.fr.shtml,catalog_api,australia,MANTRA ON NORTHBOURNE CANBERRA,CANBERRA,australia,Australie,oceania,missing
B3T5,B3T5,Peppers Gallery Hotel,PEP,PEPPERS,ACTON,Australie,15 Edinburgh Avenue,2601,https://all.accor.com/hotel/B3T5/index.fr.shtml,catalog_api,australia,PEPPERS GALLERY HOTEL,ACTON,australia,Australie,oceania,missing
B3I4,B3I4,Breakfree Capital Tower,BKF,BREAKFREE,CANBERRA,Australie,2 Marcus Clarke Street,2601,https://all.accor.com/hotel/B3I4/index.fr.shtml,catalog_api,australia,BREAKFREE CAPITAL TOWER,CANBERRA,australia,Australie,oceania,missing
B4D4,B4D4,The Sebel Canberra Civic,SEB,SEBEL,CANBERRA,Australie,"197 London Circuit, Canberra",2601,https://all.accor.com/hotel/B4D4/index.fr.shtml,catalog_api,australia,THE SEBEL CANBERRA CIVIC,CANBERRA,australia,Australie,oceania,missing
C047,C047,The Sebel Canberra Campbell,SEB,SEBEL,CANBERRA,Australie,16 Provan Street,2612,https://all.accor.com/hotel/C047/index.fr.shtml,catalog_api,australia,THE SEBEL CANBERRA CAMPBELL,CANBERRA,australia,Australie,oceania,missing
B8W8,B8W8,BreakFree Queanbeyan,BKF,BREAKFREE,QUEANBEYAN,Australie,11 Antill Street,2620,https://all.accor.com/hotel/B8W8/index.fr.shtml,catalog_api,australia,BREAKFREE QUEANBEYAN,QUEANBEYAN,australia,Australie,oceania,missing
B5L8,B5L8,Mantra Traralgon,MTA,MANTRA,TRARALGON,Australie,192 Franklin Street,3844,https://all.accor.com/hotel/B5L8/index.fr.shtml,catalog_api,australia,MANTRA TRARALGON,TRARALGON,australia,Australie,oceania,missing
C0F1,C0F1,Pullman Sydney Penrith,PUL,PULLMAN,PENRITH,Australie,81 Mulgoa Road,2750,https://all.accor.com/hotel/C0F1/index.fr.shtml,catalog_api,australia,PULLMAN SYDNEY PENRITH,PENRITH,australia,Australie,oceania,missing
5676,5676,ibis budget Perth Airport,IBB,IBIS BUDGET,REDCLIFFE,Australie,317-319 Great Eastern Highway,6104,https://all.accor.com/hotel/5676/index.fr.shtml,catalog_api,australia,IBIS BUDGET PERTH AIRPORT,REDCLIFFE,australia,Australie,oceania,missing
B3N6,B3N6,Mantra on Hay - Perth,MTA,MANTRA,PERTH,Australie,201 Hay Street,6004,https://all.accor.com/hotel/B3N6/index.fr.shtml,catalog_api,australia,MANTRA ON HAY PERTH,PERTH,australia,Australie,oceania,missing
B973,B973,Mercure Perth On Hay,MER,MERCURE,PERTH,Australie,417 Hay Street,6000,https://all.accor.com/hotel/B973/index.fr.shtml,catalog_api,australia,MERCURE PERTH ON HAY,PERTH,australia,Australie,oceania,missing
C2B1,C2B1,Hyde Perth,HYD,HYDE,PERTH,Australie,"37 Pier Street, Perth",6000,https://all.accor.com/hotel/C2B1/index.fr.shtml,catalog_api,australia,HYDE PERTH,PERTH,australia,Australie,oceania,missing
1754,1754,Mercure Perth,MER,MERCURE,PERTH,Australie,10  Irwin Street,6000,https://all.accor.com/hotel/1754/index.fr.shtml,catalog_api,australia,MERCURE PERTH,PERTH,australia,Australie,oceania,missing
B6H3,B6H3,Novotel Perth Murray Street,NOV,NOVOTEL,PERTH,Australie,"388 Murray Street, Street",6000,https://all.accor.com/hotel/B6H3/index.fr.shtml,catalog_api,australia,NOVOTEL PERTH MURRAY STREET,PERTH,australia,Australie,oceania,missing
B455,B455,The Adnate Perth - Art Series,ART,ART SERIES,PERTH,Australie,900 Hay Street,6000,https://all.accor.com/hotel/B455/index.fr.shtml,catalog_api,australia,THE ADNATE PERTH ART SERIES,PERTH,australia,Australie,oceania,missing
B3T3,B3T3,Peppers Craigieburn Resort,PEP,PEPPERS,BOWRAL,Australie,Centennial Road,2576,https://all.accor.com/hotel/B3T3/index.fr.shtml,catalog_api,australia,PEPPERS CRAIGIEBURN RESORT,BOWRAL,australia,Australie,oceania,missing
B389,B389,The Sebel West Perth Aire Apartments,SEB,SEBEL,WEST PERTH,Australie,659 Murray Street,6005,https://all.accor.com/hotel/B389/index.fr.shtml,catalog_api,australia,THE SEBEL WEST PERTH AIRE APARTMENTS,WEST PERTH,australia,Australie,oceania,missing
B3T7,B3T7,Peppers Manor House,PEP,PEPPERS,FORET DE SUTTON,Australie,Kater Road,2577,https://all.accor.com/hotel/B3T7/index.fr.shtml,catalog_api,australia,PEPPERS MANOR HOUSE,FORET DE SUTTON,australia,Australie,oceania,missing
B3V7,B3V7,Tribe Perth,TRI,TRIBE,WEST PERTH,Australie,4 Walker Avenue,6005,https://all.accor.com/hotel/B3V7/index.fr.shtml,catalog_api,australia,TRIBE PERTH,WEST PERTH,australia,Australie,oceania,missing
C0T1,C0T1,Wonil Hotel Perth - Handwritten Collection,SOU,SOU,PERTH,Australie,21 Hackett Drive,6009,https://all.accor.com/hotel/C0T1/index.fr.shtml,catalog_api,australia,WONIL HOTEL PERTH HANDWRITTEN COLLECTION,PERTH,australia,Australie,oceania,missing
B326,B326,Mercure Sydney Rouse Hill,MER,MERCURE,ROUSE HILL,Australie,Cnr of Commercial & Windsor Road,2155,https://all.accor.com/hotel/B326/index.fr.shtml,catalog_api,australia,MERCURE SYDNEY ROUSE HILL,ROUSE HILL,australia,Australie,oceania,missing
B978,B978,Mercure Sydney Blacktown,MER,MERCURE,ARNDELL PARK,Australie,170 Reservoir Road,2148,https://all.accor.com/hotel/B978/index.fr.shtml,catalog_api,australia,MERCURE SYDNEY BLACKTOWN,ARNDELL PARK,australia,Australie,oceania,missing
C1E3,C1E3,Mantra Castle Hill Sydney,MTA,MANTRA,SYDNEY,Australie,8 GLADSTONE ROAD,2154,https://all.accor.com/hotel/C1E3/index.fr.shtml,catalog_api,australia,MANTRA CASTLE HILL SYDNEY,SYDNEY,australia,Australie,oceania,missing
A2E6,A2E6,Novotel Sydney Cabramatta (ouverture mi-août 2025),NOV,NOVOTEL,CANLEY VALE,Australie,1 Bartley Street,2166,https://all.accor.com/hotel/A2E6/index.fr.shtml,catalog_api,australia,NOVOTEL SYDNEY CABRAMATTA OUVERTURE MI AOUT 2025,CANLEY VALE,australia,Australie,oceania,missing
A0C4,A0C4,Mercure Maitland Monte Pio,MER,MERCURE,MAITLAND,Australie,"Cnr New England Highway, And Dwyer Street",2320,https://all.accor.com/hotel/A0C4/index.fr.shtml,catalog_api,australia,MERCURE MAITLAND MONTE PIO,MAITLAND,australia,Australie,oceania,missing
B042,B042,The William Inglis Hotel Warwick Farm - MGallery Collection,MGA,MGALLERY,WARWICK FARM,Australie,155 Governor Macquarie Drive,2170,https://all.accor.com/hotel/B042/index.fr.shtml,catalog_api,australia,THE WILLIAM INGLIS HOTEL WARWICK FARM MGALLERY COLLECTION,WARWICK FARM,australia,Australie,oceania,missing
C143,C143,The Sebel Parramatta,SEB,SEBEL,PARRAMATTA,Australie,5 Victoria Road,2150,https://all.accor.com/hotel/C143/index.fr.shtml,catalog_api,australia,THE SEBEL PARRAMATTA,PARRAMATTA,australia,Australie,oceania,missing
B3Q3,B3Q3,Mantra Parramatta,MTA,MANTRA,PARRAMATTA,Australie,Cnr Parkes St and Valentine Ave,2150,https://all.accor.com/hotel/B3Q3/index.fr.shtml,catalog_api,australia,MANTRA PARRAMATTA,PARRAMATTA,australia,Australie,oceania,missing
B975,B975,Mercure Sydney Bankstown,MER,MERCURE,BANKSTOWN,Australie,"8 Greenfield Parade, Entry from 6 Mona Street",2200,https://all.accor.com/hotel/B975/index.fr.shtml,catalog_api,australia,MERCURE SYDNEY BANKSTOWN,BANKSTOWN,australia,Australie,oceania,missing
B976,B976,Mercure Sydney Macquarie Park,MER,MERCURE,NORTH RYDE,Australie,81 Talavera Road,2113,https://all.accor.com/hotel/B976/index.fr.shtml,catalog_api,australia,MERCURE SYDNEY MACQUARIE PARK,NORTH RYDE,australia,Australie,oceania,missing
B3Q2,B3Q2,Mantra Hervey Bay,MTA,MANTRA,URANGAN HERVEY BAY,Australie,Buccaneer Drive,4655,https://all.accor.com/hotel/B3Q2/index.fr.shtml,catalog_api,australia,MANTRA HERVEY BAY,URANGAN HERVEY BAY,australia,Australie,oceania,missing
B3K7,B3K7,Breakfree Great Sandy Straits,BKF,BREAKFREE,URANGAN,Australie,17 Buccaneer Drive,4655,https://all.accor.com/hotel/B3K7/index.fr.shtml,catalog_api,australia,BREAKFREE GREAT SANDY STRAITS,URANGAN,australia,Australie,oceania,missing
B3L0,B3L0,Mantra Chatswood,MTA,MANTRA,CHATSWOOD,Australie,10 Brown Street,2067,https://all.accor.com/hotel/B3L0/index.fr.shtml,catalog_api,australia,MANTRA CHATSWOOD,CHATSWOOD,australia,Australie,oceania,missing
B3L9,B3L9,Mantra Ettalong Beach,MTA,MANTRA,ETTALONG,Australie,53 The Esplanade,2257,https://all.accor.com/hotel/B3L9/index.fr.shtml,catalog_api,australia,MANTRA ETTALONG BEACH,ETTALONG,australia,Australie,oceania,missing
C584,C584,Mercure Sydney St Leonards,MER,MERCURE,GREENWICH,Australie,194 Pacific Highway,2065,https://all.accor.com/hotel/C584/index.fr.shtml,catalog_api,australia,MERCURE SYDNEY ST LEONARDS,GREENWICH,australia,Australie,oceania,missing
A0X0,A0X0,Novotel Brisbane South Bank,NOV,NOVOTEL,SOUTH BRISBANE,Australie,38 Cordelia St,4101,https://all.accor.com/hotel/A0X0/index.fr.shtml,catalog_api,australia,NOVOTEL BRISBANE SOUTH BANK,SOUTH BRISBANE,australia,Australie,oceania,missing
C2T8,C2T8,Mercure Brisbane Spring Hill,MER,MERCURE,SPRING HILL,Australie,345 Wickham Terrace,4000,https://all.accor.com/hotel/C2T8/index.fr.shtml,catalog_api,australia,MERCURE BRISBANE SPRING HILL,SPRING HILL,australia,Australie,oceania,missing
B3I6,B3I6,Mantra South Bank - Brisbane,MTA,MANTRA,SOUTH BANK,Australie,161 Grey Street,4101,https://all.accor.com/hotel/B3I6/index.fr.shtml,catalog_api,australia,MANTRA SOUTH BANK BRISBANE,SOUTH BANK,australia,Australie,oceania,missing
B3V3,B3V3,La série art Johnson Brisbane,ART,ART SERIES,SPRING HILL,Australie,477 Boundary Street,4000,https://all.accor.com/hotel/B3V3/index.fr.shtml,catalog_api,australia,LA SERIE ART JOHNSON BRISBANE,SPRING HILL,australia,Australie,oceania,missing
B3R3,B3R3,Mantra Terrace,MTA,MANTRA,BRISBANE,Australie,52 Astor Terrace,4000,https://all.accor.com/hotel/B3R3/index.fr.shtml,catalog_api,australia,MANTRA TERRACE,BRISBANE,australia,Australie,oceania,missing
B3I2,B3I2,Mantra on Mary - Brisbane,MTA,MANTRA,BRISBANE,Australie,70 Mary Street,4000,https://all.accor.com/hotel/B3I2/index.fr.shtml,catalog_api,australia,MANTRA ON MARY BRISBANE,BRISBANE,australia,Australie,oceania,missing
B3T0,B3T0,Mantra Midtown,MTA,MANTRA,BRISBANE,Australie,127 Charlotte Street,4000,https://all.accor.com/hotel/B3T0/index.fr.shtml,catalog_api,australia,MANTRA MIDTOWN,BRISBANE,australia,Australie,oceania,missing
B3P3,B3P3,Mantra on Queen - Brisbane,MTA,MANTRA,BRISBANE,Australie,570 Queen Street,4000,https://all.accor.com/hotel/B3P3/index.fr.shtml,catalog_api,australia,MANTRA ON QUEEN BRISBANE,BRISBANE,australia,Australie,oceania,missing
B3I1,B3I1,FV by Peppers,PEP,PEPPERS,FORTITUDE VALLEY,Australie,191 Brunswick Street,4006,https://all.accor.com/hotel/B3I1/index.fr.shtml,catalog_api,australia,FV BY PEPPERS,FORTITUDE VALLEY,australia,Australie,oceania,missing
C4W9,C4W9,The Sebel Darling Harbour the Pinnacle,SEB,SEBEL,104 PYRMONT STREET,Australie,"104 Pyrmont Street, Pyrmont",2009,https://all.accor.com/hotel/C4W9/index.fr.shtml,catalog_api,australia,THE SEBEL DARLING HARBOUR THE PINNACLE,104 PYRMONT STREET,australia,Australie,oceania,missing
C332,C332,"Hôtel The Woolstore 1888, Sydney - Handwritten Collection",SOU,SOU,PYRMONT,Australie,139 MURRAY STREET,2009,https://all.accor.com/hotel/C332/index.fr.shtml,catalog_api,australia,HOTEL THE WOOLSTORE 1888 SYDNEY HANDWRITTEN COLLECTION,PYRMONT,australia,Australie,oceania,missing
C142,C142,Breakfree on Broadway Sydney,BKF,BREAKFREE,GLEBE,Australie,253 Broadway,2037,https://all.accor.com/hotel/C142/index.fr.shtml,catalog_api,australia,BREAKFREE ON BROADWAY SYDNEY,GLEBE,australia,Australie,oceania,missing
8764,8764,The Sebel Quay West Suites Sydney,SEB,SEBEL,SYDNEY,Australie,"98 Gloucester Street, The Rocks",2000,https://all.accor.com/hotel/8764/index.fr.shtml,catalog_api,australia,THE SEBEL QUAY WEST SUITES SYDNEY,SYDNEY,australia,Australie,oceania,missing
B984,B984,Novotel Sydney City Centre,NOV,NOVOTEL,SYDNEY,Australie,7 to 9 York Street,2000,https://all.accor.com/hotel/B984/index.fr.shtml,catalog_api,australia,NOVOTEL SYDNEY CITY CENTRE,SYDNEY,australia,Australie,oceania,missing
B3K1,B3K1,Mantra 2 Bond Street - Sydney,MTA,MANTRA,SYDNEY,Australie,Cnr George St and Bond St,2000,https://all.accor.com/hotel/B3K1/index.fr.shtml,catalog_api,australia,MANTRA 2 BOND STREET SYDNEY,SYDNEY,australia,Australie,oceania,missing
B3J3,B3J3,The Clarence Hotel Sydney,SAM,SAM,SYDNEY,Australie,193 Clarence Street,2000,https://all.accor.com/hotel/B3J3/index.fr.shtml,catalog_api,australia,THE CLARENCE HOTEL SYDNEY,SYDNEY,australia,Australie,oceania,missing
B3N8,B3N8,Mantra On Kent,MTA,MANTRA,SYDNEY,Australie,433 Kent St,2000,https://all.accor.com/hotel/B3N8/index.fr.shtml,catalog_api,australia,MANTRA ON KENT,SYDNEY,australia,Australie,oceania,missing
1656,1656,The Brighton Hotel Sydney - MGallery Collection,MGA,MGALLERY,SYDNEY,Australie,Cnr Grand Pde and Princess St,2216,https://all.accor.com/hotel/1656/index.fr.shtml,catalog_api,australia,THE BRIGHTON HOTEL SYDNEY MGALLERY COLLECTION,SYDNEY,australia,Australie,oceania,missing
A5D0,A5D0,Swissôtel Sydney,SWI,SWISSÔTEL,SYDNEY,Australie,68 Market Street,2000,https://all.accor.com/hotel/A5D0/index.fr.shtml,catalog_api,australia,SWISSOTEL SYDNEY,SYDNEY,australia,Australie,oceania,missing
B980,B980,The Sebel Sydney Martin Place,SEB,SEBEL,SYDNEY,Australie,165 PHILLIP STREET,2000,https://all.accor.com/hotel/B980/index.fr.shtml,catalog_api,australia,THE SEBEL SYDNEY MARTIN PLACE,SYDNEY,australia,Australie,oceania,missing
B3J5,B3J5,Mantra Sydney Central,MTA,MANTRA,SYDNEY,Australie,438 Sussex Street,2000,https://all.accor.com/hotel/B3J5/index.fr.shtml,catalog_api,australia,MANTRA SYDNEY CENTRAL,SYDNEY,australia,Australie,oceania,missing
B1B3,B1B3,The Porter House Hotel Sydney - MGallery Collection,MGA,MGALLERY,SYDNEY,Australie,203 Castlereagh Street,2000,https://all.accor.com/hotel/B1B3/index.fr.shtml,catalog_api,australia,THE PORTER HOUSE HOTEL SYDNEY MGALLERY COLLECTION,SYDNEY,australia,Australie,oceania,missing
A1G7,A1G7,Hotel Morris Sydney - Handwritten Collection,SOU,SOU,SYDNEY,Australie,"412 Pitt Street, Haymarket",2000,https://all.accor.com/hotel/A1G7/index.fr.shtml,catalog_api,australia,HOTEL MORRIS SYDNEY HANDWRITTEN COLLECTION,SYDNEY,australia,Australie,oceania,missing
B981,B981,ibis Styles Sydney Central,IBS,IBIS STYLES,SYDNEY,Australie,27 Wentworth Ave,2010,https://all.accor.com/hotel/B981/index.fr.shtml,catalog_api,australia,IBIS STYLES SYDNEY CENTRAL,SYDNEY,australia,Australie,oceania,missing
B3S0,B3S0,Mantra Wollongong,MTA,MANTRA,WOLLONGONG,Australie,6 10 Gladstone Avenue,2500,https://all.accor.com/hotel/B3S0/index.fr.shtml,catalog_api,australia,MANTRA WOLLONGONG,WOLLONGONG,australia,Australie,oceania,missing
B977,B977,Mercure Sydney Manly Warringah,MER,MERCURE,BROOKVALE,Australie,"4, rue Victor",2100,https://all.accor.com/hotel/B977/index.fr.shtml,catalog_api,australia,MERCURE SYDNEY MANLY WARRINGAH,BROOKVALE,australia,Australie,oceania,missing
C494,C494,The Sydney Boulevard Hotel,SAM,SAM,SYDNEY,Australie,"90 William Street, Sydney",2011,https://all.accor.com/hotel/C494/index.fr.shtml,catalog_api,australia,THE SYDNEY BOULEVARD HOTEL,SYDNEY,australia,Australie,oceania,missing
B3R2,B3R2,Mantra Sydney Airport,MTA,MANTRA,MASCOT,Australie,3 Ross Smith Avenue,2020,https://all.accor.com/hotel/B3R2/index.fr.shtml,catalog_api,australia,MANTRA SYDNEY AIRPORT,MASCOT,australia,Australie,oceania,missing
A617,A617,Elysium Noosa Resort - MGallery Collection,MGA,MGALLERY,NOOSA,Australie,"14-16 Hastings Street, Entrée de l’hôtel via Noosa Parade, PO Box 886, Noosa Heads Qld 4567",4567,https://all.accor.com/hotel/A617/index.fr.shtml,catalog_api,australia,ELYSIUM NOOSA RESORT MGALLERY COLLECTION,NOOSA,australia,Australie,oceania,missing
5675,5675,ibis budget Sydney Est,IBB,IBIS BUDGET,SYDNEY,Australie,"191-201 William Street, Darlinghurst",2010,https://all.accor.com/hotel/5675/index.fr.shtml,catalog_api,australia,IBIS BUDGET SYDNEY EST,SYDNEY,australia,Australie,oceania,missing
B3M2,B3M2,Mantra Geraldton,MTA,MANTRA,GERALDTON,Australie,221 Foreshore Drive,6530,https://all.accor.com/hotel/B3M2/index.fr.shtml,catalog_api,australia,MANTRA GERALDTON,GERALDTON,australia,Australie,oceania,missing
B3U0,B3U0,Peppers Noosa Resort & Villas,PEP,PEPPERS,NOOSA HEADS,Australie,33A Viewland Drive,4567,https://all.accor.com/hotel/B3U0/index.fr.shtml,catalog_api,australia,PEPPERS NOOSA RESORT VILLAS,NOOSA HEADS,australia,Australie,oceania,missing
B8G8,B8G8,Hôtel 25hours Sydney The Olympia,TWF,25HOURS,PADDINGTON,Australie,1 Oxford Street,2021,https://all.accor.com/hotel/B8G8/index.fr.shtml,catalog_api,australia,HOTEL 25HOURS SYDNEY THE OLYMPIA,PADDINGTON,australia,Australie,oceania,missing
B3M1,B3M1,Mantra French Quarter,MTA,MANTRA,NOOSA HEADS,Australie,1 Halse Lane,4567,https://all.accor.com/hotel/B3M1/index.fr.shtml,catalog_api,australia,MANTRA FRENCH QUARTER,NOOSA HEADS,australia,Australie,oceania,missing
3512,3512,ibis budget Brisbane Airport,IBB,IBIS BUDGET,HENDRA,Australie,"18 Navigator Place, Cnr. Nudgee Road",4011,https://all.accor.com/hotel/3512/index.fr.shtml,catalog_api,australia,IBIS BUDGET BRISBANE AIRPORT,HENDRA,australia,Australie,oceania,missing
B3J9,B3J9,Breakfree Alexandra Beach,BKF,BREAKFREE,ALEXANDRA HEADLANDS,Australie,180 Alexandra Parade,4572,https://all.accor.com/hotel/B3J9/index.fr.shtml,catalog_api,australia,BREAKFREE ALEXANDRA BEACH,ALEXANDRA HEADLANDS,australia,Australie,oceania,missing
C1X8,C1X8,Peppers Manly Beach,PEP,PEPPERS,"MANLY, SYDNEY",Australie,8 South Steyne,2095,https://all.accor.com/hotel/C1X8/index.fr.shtml,catalog_api,australia,PEPPERS MANLY BEACH,MANLY SYDNEY,australia,Australie,oceania,missing
B979,B979,Mercure Brisbane Garden City,MER,MERCURE,UPPER MOUNT GRAVATT,Australie,18 MacGregor Street,4122,https://all.accor.com/hotel/B979/index.fr.shtml,catalog_api,australia,MERCURE BRISBANE GARDEN CITY,UPPER MOUNT GRAVATT,australia,Australie,oceania,missing
B6V9,B6V9,Mercure Sunshine Coast Kawana Waters,MER,MERCURE,BIRTINYA,Australie,9 Florey Boulevard,4575,https://all.accor.com/hotel/B6V9/index.fr.shtml,catalog_api,australia,MERCURE SUNSHINE COAST KAWANA WATERS,BIRTINYA,australia,Australie,oceania,missing
B3N3,B3N3,Mantra Mooloolaba Beach,MTA,MANTRA,MOOLOOLABA,Australie,7 Venning St,4557,https://all.accor.com/hotel/B3N3/index.fr.shtml,catalog_api,australia,MANTRA MOOLOOLABA BEACH,MOOLOOLABA,australia,Australie,oceania,missing
B3X0,B3X0,Mantra Sirocco,MTA,MANTRA,MOOLOOLABA,Australie,59 75 Mooloolaba Esplanade,4557,https://all.accor.com/hotel/B3X0/index.fr.shtml,catalog_api,australia,MANTRA SIROCCO,MOOLOOLABA,australia,Australie,oceania,missing
B3S1,B3S1,Mantra Zanzibar,MTA,MANTRA,MOOLOOLABA,Australie,47 51 Mooloolaba Esplanade,4557,https://all.accor.com/hotel/B3S1/index.fr.shtml,catalog_api,australia,MANTRA ZANZIBAR,MOOLOOLABA,australia,Australie,oceania,missing
B2R3,B2R3,The Sebel Brisbane Margate Beach,SEB,SEBEL,BRISBANE,Australie,"1 McCulloch Avenue, Margate Beach",4019,https://all.accor.com/hotel/B2R3/index.fr.shtml,catalog_api,australia,THE SEBEL BRISBANE MARGATE BEACH,BRISBANE,australia,Australie,oceania,missing
B3P0,B3P0,Breakfree Grand Pacific,BKF,BREAKFREE,CALOUNDRA,Australie,100 Bulcock Street,4551,https://all.accor.com/hotel/B3P0/index.fr.shtml,catalog_api,australia,BREAKFREE GRAND PACIFIC,CALOUNDRA,australia,Australie,oceania,missing
B974,B974,Mercure Newcastle,MER,MERCURE,NEWCASTLE,Australie,12 Steel Street,2302,https://all.accor.com/hotel/B974/index.fr.shtml,catalog_api,australia,MERCURE NEWCASTLE,NEWCASTLE,australia,Australie,oceania,missing
B3K3,B3K3,Mantra Nelson Bay,MTA,MANTRA,NELSON BAY,Australie,1A Tomaree Street,2315,https://all.accor.com/hotel/B3K3/index.fr.shtml,catalog_api,australia,MANTRA NELSON BAY,NELSON BAY,australia,Australie,oceania,missing
C1F0,C1F0,Mantra Bunbury Lighthouse,MTA,MANTRA,BUNBURY,Australie,2 Carey Street,6230,https://all.accor.com/hotel/C1F0/index.fr.shtml,catalog_api,australia,MANTRA BUNBURY LIGHTHOUSE,BUNBURY,australia,Australie,oceania,missing
B3V8,B3V8,Mantra Southport Sharks Hotel,MTA,MANTRA,SOUTHPORT,Australie,Melia Ct,4215,https://all.accor.com/hotel/B3V8/index.fr.shtml,catalog_api,australia,MANTRA SOUTHPORT SHARKS HOTEL,SOUTHPORT,australia,Australie,oceania,missing
B3I5,B3I5,Mantra Circle on Cavill - Surfers Paradise,MTA,MANTRA,SURFERS PARADISE,Australie,9 Ferny Avenue,4217,https://all.accor.com/hotel/B3I5/index.fr.shtml,catalog_api,australia,MANTRA CIRCLE ON CAVILL SURFERS PARADISE,SURFERS PARADISE,australia,Australie,oceania,missing
B3W7,B3W7,Mantra Towers Of Chevron,MTA,MANTRA,SURFERS PARADISE,Australie,23 Ferny Avenue,4217,https://all.accor.com/hotel/B3W7/index.fr.shtml,catalog_api,australia,MANTRA TOWERS OF CHEVRON,SURFERS PARADISE,australia,Australie,oceania,missing
B3S2,B3S2,Mantra Crown Towers,MTA,MANTRA,SURFERS PARADISE,Australie,5 19 Palm Avenue,4217,https://all.accor.com/hotel/B3S2/index.fr.shtml,catalog_api,australia,MANTRA CROWN TOWERS,SURFERS PARADISE,australia,Australie,oceania,missing
B3R1,B3R1,Mantra Sun City Resort,MTA,MANTRA,SURFERS PARADISE,Australie,3400 Gold Coast Highway,4217,https://all.accor.com/hotel/B3R1/index.fr.shtml,catalog_api,australia,MANTRA SUN CITY RESORT,SURFERS PARADISE,australia,Australie,oceania,missing
B3Q0,B3Q0,Mantra On View,MTA,MANTRA,SURFERS PARADISE,Australie,22 View Avenue,4217,https://all.accor.com/hotel/B3Q0/index.fr.shtml,catalog_api,australia,MANTRA ON VIEW,SURFERS PARADISE,australia,Australie,oceania,missing
A7P0,A7P0,Novotel Surfers Paradise,NOV,NOVOTEL,SURFERS PARADISE,Australie,"Cnr Of Surfers Paradise Blvd, And Hanlan Street",4217,https://all.accor.com/hotel/A7P0/index.fr.shtml,catalog_api,australia,NOVOTEL SURFERS PARADISE,SURFERS PARADISE,australia,Australie,oceania,missing
B3M4,B3M4,Breakfree Imperial Surf,BKF,BREAKFREE,SURFERS PARADISE,Australie,80 The Esplanade,4217,https://all.accor.com/hotel/B3M4/index.fr.shtml,catalog_api,australia,BREAKFREE IMPERIAL SURF,SURFERS PARADISE,australia,Australie,oceania,missing
B3P9,B3P9,Breakfree Moroccan,BKF,BREAKFREE,SURFERS PARADISE,Australie,14 View Avenue,4217,https://all.accor.com/hotel/B3P9/index.fr.shtml,catalog_api,australia,BREAKFREE MOROCCAN,SURFERS PARADISE,australia,Australie,oceania,missing
B3L1,B3L1,Breakfree Beachpoint,BKF,BREAKFREE,SURFERS PARADISE,Australie,"Cnr Staghorn Avenue And The, Esplanade",4217,https://all.accor.com/hotel/B3L1/index.fr.shtml,catalog_api,australia,BREAKFREE BEACHPOINT,SURFERS PARADISE,australia,Australie,oceania,missing
B3M8,B3M8,Mantra Legends,MTA,MANTRA,SURFERS PARADISE,Australie,25 Laycock St,4217,https://all.accor.com/hotel/B3M8/index.fr.shtml,catalog_api,australia,MANTRA LEGENDS,SURFERS PARADISE,australia,Australie,oceania,missing
B3S9,B3S9,Paradise Centre,MTA,MANTRA,SURFERS PARADISE,Australie,3 Hanlan Street,4217,https://all.accor.com/hotel/B3S9/index.fr.shtml,catalog_api,australia,PARADISE CENTRE,SURFERS PARADISE,australia,Australie,oceania,missing
B3U6,B3U6,Peppers Soul - Surfers Paradise,PEP,PEPPERS,SURFERS PARADISE,Australie,8 The Esplanade,4217,https://all.accor.com/hotel/B3U6/index.fr.shtml,catalog_api,australia,PEPPERS SOUL SURFERS PARADISE,SURFERS PARADISE,australia,Australie,oceania,missing
B3J1,B3J1,Mantra Wings,MTA,MANTRA,SURFERS PARADISE,Australie,18 Fern Street,4217,https://all.accor.com/hotel/B3J1/index.fr.shtml,catalog_api,australia,MANTRA WINGS,SURFERS PARADISE,australia,Australie,oceania,missing
B3I9,B3I9,Breakfree Longbeach,BKF,BREAKFREE,SURFERS PARADISE,Australie,28 Northcliffe Terrace,4217,https://all.accor.com/hotel/B3I9/index.fr.shtml,catalog_api,australia,BREAKFREE LONGBEACH,SURFERS PARADISE,australia,Australie,oceania,missing
B3I8,B3I8,BreakFree Acapulco Surfers Paradise,BKF,BREAKFREE,SURFERS PARADISE,Australie,2 Thornton Street,4217,https://all.accor.com/hotel/B3I8/index.fr.shtml,catalog_api,australia,BREAKFREE ACAPULCO SURFERS PARADISE,SURFERS PARADISE,australia,Australie,oceania,missing
B3R9,B3R9,Mantra Broadbeach on the Park,MTA,MANTRA,BROADBEACH,Australie,2685 Gold Coast Highway,4218,https://all.accor.com/hotel/B3R9/index.fr.shtml,catalog_api,australia,MANTRA BROADBEACH ON THE PARK,BROADBEACH,australia,Australie,oceania,missing
B3J0,B3J0,Mantra Sierra Grand,MTA,MANTRA,BROADBEACH,Australie,22 Surf Parade,4218,https://all.accor.com/hotel/B3J0/index.fr.shtml,catalog_api,australia,MANTRA SIERRA GRAND,BROADBEACH,australia,Australie,oceania,missing
B3J6,B3J6,Peppers Broadbeach,PEP,PEPPERS,BROADBEACH,Australie,21 Elizabeth Ave,4218,https://all.accor.com/hotel/B3J6/index.fr.shtml,catalog_api,australia,PEPPERS BROADBEACH,BROADBEACH,australia,Australie,oceania,missing
B3Q8,B3Q8,Breakfree Diamond Beach,BKF,BREAKFREE,BROADBEACH,Australie,10 16 Alexandra Avenue,4218,https://all.accor.com/hotel/B3Q8/index.fr.shtml,catalog_api,australia,BREAKFREE DIAMOND BEACH,BROADBEACH,australia,Australie,oceania,missing
B7G6,B7G6,Mondrian Gold Coast,MOD,MOD,BURLEIGH HEADS,Australie,3 First Avenue,4220,https://all.accor.com/hotel/B7G6/index.fr.shtml,catalog_api,australia,MONDRIAN GOLD COAST,BURLEIGH HEADS,australia,Australie,oceania,missing
B3H8,B3H8,Breakfree Aanuka Beach,BKF,BREAKFREE,COFFS HARBOUR,Australie,11 Firman Drive,2450,https://all.accor.com/hotel/B3H8/index.fr.shtml,catalog_api,australia,BREAKFREE AANUKA BEACH,COFFS HARBOUR,australia,Australie,oceania,missing
B3L5,B3L5,Mantra Coolangatta Beach,MTA,MANTRA,COOLANGATTA,Australie,88 Marine Parade,4225,https://all.accor.com/hotel/B3L5/index.fr.shtml,catalog_api,australia,MANTRA COOLANGATTA BEACH,COOLANGATTA,australia,Australie,oceania,missing
B3R8,B3R8,Mantra Twin Towns,MTA,MANTRA,COOLANGATTA,Australie,Cnr of Griffith St and Wharf St,2485,https://all.accor.com/hotel/B3R8/index.fr.shtml,catalog_api,australia,MANTRA TWIN TOWNS,COOLANGATTA,australia,Australie,oceania,missing
C074,C074,The Sebel Twin Towns Coolangatta,SEB,SEBEL,COOLANGATTA,Australie,A l'angle de Griffith et Stuart,4225,https://all.accor.com/hotel/C074/index.fr.shtml,catalog_api,australia,THE SEBEL TWIN TOWNS COOLANGATTA,COOLANGATTA,australia,Australie,oceania,missing
B3Q6,B3Q6,Mantra Quayside,MTA,MANTRA,PORT MACQUARIE,Australie,Cnr William St And Short St,2444,https://all.accor.com/hotel/B3Q6/index.fr.shtml,catalog_api,australia,MANTRA QUAYSIDE,PORT MACQUARIE,australia,Australie,oceania,missing
B198,B198,ibis Styles Port Macquarie,IBS,IBIS STYLES,PORT MACQUARIE,Australie,1 Stewart St,2224,https://all.accor.com/hotel/B198/index.fr.shtml,catalog_api,australia,IBIS STYLES PORT MACQUARIE,PORT MACQUARIE,australia,Australie,oceania,missing
B3R4,B3R4,Mantra The Observatory,MTA,MANTRA,PORT MACQUARIE,Australie,40 William Street,2444,https://all.accor.com/hotel/B3R4/index.fr.shtml,catalog_api,australia,MANTRA THE OBSERVATORY,PORT MACQUARIE,australia,Australie,oceania,missing
B3U3,B3U3,Peppers Salt Resort & Spa Kingscliff,PEP,PEPPERS,SUD DE KINGSCLIFF,Australie,Bells Boulevard,2487,https://all.accor.com/hotel/B3U3/index.fr.shtml,catalog_api,australia,PEPPERS SALT RESORT SPA KINGSCLIFF,SUD DE KINGSCLIFF,australia,Australie,oceania,missing
B3P5,B3P5,Mantra on Salt Beach - Kingscliff,MTA,MANTRA,KINGSCLIFF,Australie,Gunnamatta Avenue,2487,https://all.accor.com/hotel/B3P5/index.fr.shtml,catalog_api,australia,MANTRA ON SALT BEACH KINGSCLIFF,KINGSCLIFF,australia,Australie,oceania,missing
C589,C589,The Sebel Byron Bay,SEB,SEBEL,BYRON BAY,Australie,24 Fletcher Street,2481,https://all.accor.com/hotel/C589/index.fr.shtml,catalog_api,australia,THE SEBEL BYRON BAY,BYRON BAY,australia,Australie,oceania,missing
C4A0,C4A0,Bayview Geographe Resort,SAM,SAM,BUSSELTON,Australie,555 Bussell Highway,6280,https://all.accor.com/hotel/C4A0/index.fr.shtml,catalog_api,australia,BAYVIEW GEOGRAPHE RESORT,BUSSELTON,australia,Australie,oceania,missing
C045,C045,Novotel Devonport,NOV,NOVOTEL,DEVONPORT,Australie,"2 Best Street, Corner of Rooke and Best Street",7310,https://all.accor.com/hotel/C045/index.fr.shtml,catalog_api,australia,NOVOTEL DEVONPORT,DEVONPORT,australia,Australie,oceania,missing
B3T2,B3T2,Peppers Cradle Mountain,PEP,PEPPERS,MONT CRADLE,Australie,4038 Cradle Mountain Road,7306,https://all.accor.com/hotel/B3T2/index.fr.shtml,catalog_api,australia,PEPPERS CRADLE MOUNTAIN,MONT CRADLE,australia,Australie,oceania,missing
B3X5,B3X5,Peppers Silo Hotel,PEP,PEPPERS,INVERMAY,Australie,89 to 91 Lindsay Street,7248,https://all.accor.com/hotel/B3X5/index.fr.shtml,catalog_api,australia,PEPPERS SILO HOTEL,INVERMAY,australia,Australie,oceania,missing
B3U4,B3U4,Peppers Seaport Hotel,PEP,PEPPERS,LAUNCESTON,Australie,28 Seaport Boulevard,7250,https://all.accor.com/hotel/B3U4/index.fr.shtml,catalog_api,australia,PEPPERS SEAPORT HOTEL,LAUNCESTON,australia,Australie,oceania,missing
A019,A019,Mercure Launceston,MER,MERCURE,LAUNCESTON,Australie,3 Brisbane Street,7250,https://all.accor.com/hotel/A019/index.fr.shtml,catalog_api,australia,MERCURE LAUNCESTON,LAUNCESTON,australia,Australie,oceania,missing
B3K9,B3K9,Mantra Charles Hotel - Launceston,MTA,MANTRA,LAUNCESTON,Australie,287 Charles Street,7250,https://all.accor.com/hotel/B3K9/index.fr.shtml,catalog_api,australia,MANTRA CHARLES HOTEL LAUNCESTON,LAUNCESTON,australia,Australie,oceania,missing
B3L4,B3L4,Mantra Collins Hotel,MTA,MANTRA,HOBART,Australie,58 Collins Street,7000,https://all.accor.com/hotel/B3L4/index.fr.shtml,catalog_api,australia,MANTRA COLLINS HOTEL,HOBART,australia,Australie,oceania,missing
B7N8,B7N8,Mövenpick Hotel Hobart,MOV,MÖVENPICK,HOBART,Australie,"28 Elizabeth, Street",7000,https://all.accor.com/hotel/B7N8/index.fr.shtml,catalog_api,australia,MOVENPICK HOTEL HOBART,HOBART,australia,Australie,oceania,missing
B040,B040,ibis Styles Hobart,IBS,IBIS STYLES,HOBART,Australie,"173 Macquarie, Street",7000,https://all.accor.com/hotel/B040/index.fr.shtml,catalog_api,australia,IBIS STYLES HOBART,HOBART,australia,Australie,oceania,missing
B3Q1,B3Q1,Mantra One Sandy Bay Road - Hobart,MTA,MANTRA,HOBART,Australie,1 Sandy Bay Road,7000,https://all.accor.com/hotel/B3Q1/index.fr.shtml,catalog_api,australia,MANTRA ONE SANDY BAY ROAD HOBART,HOBART,australia,Australie,oceania,missing
C5G4,C5G4,Mantra Hobart Airport (ouverture prévue en novembre 2025),MTA,MANTRA,CAMBRIDGE,Australie,"1 Holyman Ave, True",7170,https://all.accor.com/hotel/C5G4/index.fr.shtml,catalog_api,australia,MANTRA HOBART AIRPORT OUVERTURE PREVUE EN NOVEMBRE 2025,CAMBRIDGE,australia,Australie,oceania,missing
A0G1,A0G1,The Sebel Wellington Lower Hutt,SEB,SEBEL,WELLINGTON,Nouvelle-Zélande,"High Street, Lower Hutt, Wellington",5010,https://all.accor.com/hotel/A0G1/index.fr.shtml,catalog_api,new zealand,THE SEBEL WELLINGTON LOWER HUTT,WELLINGTON,new-zealand,Nouvelle-Zélande,oceania,missing
A018,A018,Mercure Wellington Abel Tasman,MER,MERCURE,WELLINGTON,Nouvelle-Zélande,"169 Willis Street, Te Aro",6011,https://all.accor.com/hotel/A018/index.fr.shtml,catalog_api,new zealand,MERCURE WELLINGTON ABEL TASMAN,WELLINGTON,new-zealand,Nouvelle-Zélande,oceania,missing
1991,1991,Mövenpick Hotel Wellington,MOV,MÖVENPICK,WELLINGTON,Nouvelle-Zélande,345 The Terrace,6001,https://all.accor.com/hotel/1991/index.fr.shtml,catalog_api,new zealand,MOVENPICK HOTEL WELLINGTON,WELLINGTON,new-zealand,Nouvelle-Zélande,oceania,missing
C493,C493,Wairakei Resort Taupo,SAM,SAM,TAUPO,Nouvelle-Zélande,"640 Wairakei Drive, TAUPO",3384,https://all.accor.com/hotel/C493/index.fr.shtml,catalog_api,new zealand,WAIRAKEI RESORT TAUPO,TAUPO,new-zealand,Nouvelle-Zélande,oceania,missing
A7W3,A7W3,Pullman Rotorua,PUL,PULLMAN,ROTORUA,Nouvelle-Zélande,1135 Arawa St,3010,https://all.accor.com/hotel/A7W3/index.fr.shtml,catalog_api,new zealand,PULLMAN ROTORUA,ROTORUA,new-zealand,Nouvelle-Zélande,oceania,missing
5689,5689,ibis Rotorua,IBH,IBIS,ROTORUA,Nouvelle-Zélande,"Lake End, Rangiuru Street, PO  Box 348",3010,https://all.accor.com/hotel/5689/index.fr.shtml,catalog_api,new zealand,IBIS ROTORUA,ROTORUA,new-zealand,Nouvelle-Zélande,oceania,missing
B3T1,B3T1,Peppers Clearwater Resort,PEP,PEPPERS,CHRISTCHURCH,Nouvelle-Zélande,Clearwater Avenue,8053,https://all.accor.com/hotel/B3T1/index.fr.shtml,catalog_api,new zealand,PEPPERS CLEARWATER RESORT,CHRISTCHURCH,new-zealand,Nouvelle-Zélande,oceania,missing
B3J2,B3J2,Breakfree On Cashel,BKF,BREAKFREE,CHRISTCHURCH,Nouvelle-Zélande,165 Cashel Street,8011,https://all.accor.com/hotel/B3J2/index.fr.shtml,catalog_api,new zealand,BREAKFREE ON CASHEL,CHRISTCHURCH,new-zealand,Nouvelle-Zélande,oceania,missing
A542,A542,Novotel Christchurch Airport,NOV,NOVOTEL,CHRISTCHURCH,Nouvelle-Zélande,"30 Dury Road, Christchurch Airport, PO Box 14041",8053,https://all.accor.com/hotel/A542/index.fr.shtml,catalog_api,new zealand,NOVOTEL CHRISTCHURCH AIRPORT,CHRISTCHURCH,new-zealand,Nouvelle-Zélande,oceania,missing
C636,C636,MERCURE TAURANGA,MER,MERCURE,TAURANGA,Nouvelle-Zélande,28 BROWN STREET,3110,https://all.accor.com/hotel/C636/index.fr.shtml,catalog_api,new zealand,MERCURE TAURANGA,TAURANGA,new-zealand,Nouvelle-Zélande,oceania,missing
C024,C024,Fable Terrace Downs Resort - MGallery Collection,MGA,MGALLERY,WINDWHISTLE,Nouvelle-Zélande,"623 Coleridge Road, Windwhistle, Canterbury",7572,https://all.accor.com/hotel/C024/index.fr.shtml,catalog_api,new zealand,FABLE TERRACE DOWNS RESORT MGALLERY COLLECTION,WINDWHISTLE,new-zealand,Nouvelle-Zélande,oceania,missing
A8U9,A8U9,Pullman Auckland Airport,PUL,PULLMAN,AUCKLAND,Nouvelle-Zélande,"Auckland International Airport, 37 Tom Pearce Drive, P.O.BOX 53163, Auckland Airport",2022,https://all.accor.com/hotel/A8U9/index.fr.shtml,catalog_api,new zealand,PULLMAN AUCKLAND AIRPORT,AUCKLAND,new-zealand,Nouvelle-Zélande,oceania,missing
A8Q4,A8Q4,The Sebel Auckland Manukau,SEB,SEBEL,AUCKLAND,Nouvelle-Zélande,"16 Lakewood Court, Manukau",2104,https://all.accor.com/hotel/A8Q4/index.fr.shtml,catalog_api,new zealand,THE SEBEL AUCKLAND MANUKAU,AUCKLAND,new-zealand,Nouvelle-Zélande,oceania,missing
B1R9,B1R9,Mercure Auckland Queen Street,MER,MERCURE,AUCKLAND,Nouvelle-Zélande,500 Queen Street,1010,https://all.accor.com/hotel/B1R9/index.fr.shtml,catalog_api,new zealand,MERCURE AUCKLAND QUEEN STREET,AUCKLAND,new-zealand,Nouvelle-Zélande,oceania,missing
C0N8,C0N8,JO&JOE Auckland,JOE,JO&JOE,AUCKLAND,Nouvelle-Zélande,16-20 Fort Street,1010,https://all.accor.com/hotel/C0N8/index.fr.shtml,catalog_api,new zealand,JO JOE AUCKLAND,AUCKLAND,new-zealand,Nouvelle-Zélande,oceania,missing
C0N9,C0N9,TRIBE Auckland Fort Street,TRI,TRIBE,CENTRE D'AFFAIRES D'AUCKLAND,Nouvelle-Zélande,"40 Fort Street, Auckland CBD",1010,https://all.accor.com/hotel/C0N9/index.fr.shtml,catalog_api,new zealand,TRIBE AUCKLAND FORT STREET,CENTRE D AFFAIRES D AUCKLAND,new-zealand,Nouvelle-Zélande,oceania,missing
B0H7,B0H7,Fable Auckland - MGallery Collection,MGA,MGALLERY,AUCKLAND,Nouvelle-Zélande,"58 60 Queen Street, Auckland Cbd",1010,https://all.accor.com/hotel/B0H7/index.fr.shtml,catalog_api,new zealand,FABLE AUCKLAND MGALLERY COLLECTION,AUCKLAND,new-zealand,Nouvelle-Zélande,oceania,missing
B3M7,B3M7,Mantra Lake Tekapo,MTA,MANTRA,LAC TEKAPO,Nouvelle-Zélande,1 Beauchamp Place,7999,https://all.accor.com/hotel/B3M7/index.fr.shtml,catalog_api,new zealand,MANTRA LAKE TEKAPO,LAC TEKAPO,new-zealand,Nouvelle-Zélande,oceania,missing
B3Q7,B3Q7,Peppers Bluewater Resort,PEP,PEPPERS,LAC TEKAPO,Nouvelle-Zélande,State Highway 8,7945,https://all.accor.com/hotel/B3Q7/index.fr.shtml,catalog_api,new zealand,PEPPERS BLUEWATER RESORT,LAC TEKAPO,new-zealand,Nouvelle-Zélande,oceania,missing
B3J8,B3J8,Mantra The Point Queenstown,MTA,MANTRA,QUEENSTOWN,Nouvelle-Zélande,239 Frankton Road,9300,https://all.accor.com/hotel/B3J8/index.fr.shtml,catalog_api,new zealand,MANTRA THE POINT QUEENSTOWN,QUEENSTOWN,new-zealand,Nouvelle-Zélande,oceania,missing
5688,5688,Sofitel Queenstown Hotel and Spa,SOF,SOFITEL,QUEENSTOWN,Nouvelle-Zélande,"8 Duke Street, PO Box 1797",9300,https://all.accor.com/hotel/5688/index.fr.shtml,catalog_api,new zealand,SOFITEL QUEENSTOWN HOTEL AND SPA,QUEENSTOWN,new-zealand,Nouvelle-Zélande,oceania,missing
B3S7,B3S7,Peppers Beacon,PEP,PEPPERS,QUEENSTOWN,Nouvelle-Zélande,34 Lake Esplanade,9300,https://all.accor.com/hotel/B3S7/index.fr.shtml,catalog_api,new zealand,PEPPERS BEACON,QUEENSTOWN,new-zealand,Nouvelle-Zélande,oceania,missing
A0B2,A0B2,ibis Styles Invercargill,IBS,IBIS STYLES,INVERCARGILL,Nouvelle-Zélande,15 Tay Street,9810,https://all.accor.com/hotel/A0B2/index.fr.shtml,catalog_api,new zealand,IBIS STYLES INVERCARGILL,INVERCARGILL,new-zealand,Nouvelle-Zélande,oceania,missing
C5Z3,C5Z3,The Sebel Nuku Loaloa,SEB,SEBEL,NADI,Fidji,"Cnr Nadi Bay Rd Wailoaloa Rd, Nadi, Fiji",679,https://all.accor.com/hotel/C5Z3/index.fr.shtml,catalog_api,fiji,THE SEBEL NUKU LOALOA,NADI,fiji,Fidji,oceania,missing
C5Z4,C5Z4,Tribe Na Tomba,TRI,TRIBE,NADI,Fidji,"Denarau Island, Nadi, Fiji",679,https://all.accor.com/hotel/C5Z4/index.fr.shtml,catalog_api,fiji,TRIBE NA TOMBA,NADI,fiji,Fidji,oceania,missing
A583,A583,"Fairmont Heritage Place, Franz Klammer Lodge",FAI,FAIRMONT,TELLURIDE,États-Unis,567 Mountain Village Blvd,81435,https://all.accor.com/hotel/A583/index.fr.shtml,catalog_api,united states,FAIRMONT HERITAGE PLACE FRANZ KLAMMER LODGE,TELLURIDE,united-states,États-Unis,americas,missing
A579,A579,Fairmont Scottsdale Princess,FAI,FAIRMONT,SCOTTSDALE,États-Unis,7575 East Princess Drive,85255,https://all.accor.com/hotel/A579/index.fr.shtml,catalog_api,united states,FAIRMONT SCOTTSDALE PRINCESS,SCOTTSDALE,united-states,États-Unis,americas,missing
C598,C598,Treasure Island TI Las Vegas - Collection manuscrite,SOU,SOU,LAS VEGAS,États-Unis,3300 Las Vegas Blvd S,89109,https://all.accor.com/hotel/C598/index.fr.shtml,catalog_api,united states,TREASURE ISLAND TI LAS VEGAS COLLECTION MANUSCRITE,LAS VEGAS,united-states,États-Unis,americas,missing
A558,A558,Fairmont Dallas,FAI,FAIRMONT,DALLAS,États-Unis,1717 N Akard Street,75201,https://all.accor.com/hotel/A558/index.fr.shtml,catalog_api,united states,FAIRMONT DALLAS,DALLAS,united-states,États-Unis,americas,missing
B505,B505,21c Museum Hotel Bentonville,21C,21C,BENTONVILLE,États-Unis,200 NE A Street,72712,https://all.accor.com/hotel/B505/index.fr.shtml,catalog_api,united states,21C MUSEUM HOTEL BENTONVILLE,BENTONVILLE,united-states,États-Unis,americas,missing
A574,A574,Fairmont Grand Del Mar,FAI,FAIRMONT,SAN DIEGO,États-Unis,5300 Grand Del Mar Court,92130,https://all.accor.com/hotel/A574/index.fr.shtml,catalog_api,united states,FAIRMONT GRAND DEL MAR,SAN DIEGO,united-states,États-Unis,americas,missing
C0G0,C0G0,Fairmont Breakers Long Beach,FAI,FAIRMONT,LONG BEACH,États-Unis,210 E Ocean Blvd,90802,https://all.accor.com/hotel/C0G0/index.fr.shtml,catalog_api,united states,FAIRMONT BREAKERS LONG BEACH,LONG BEACH,united-states,États-Unis,americas,missing
A8J5,A8J5,Fairmont Century Plaza Los Angeles at Beverly Hills,FAI,FAIRMONT,LOS ANGELES,États-Unis,2025 Avenue of the Stars,90067,https://all.accor.com/hotel/A8J5/index.fr.shtml,catalog_api,united states,FAIRMONT CENTURY PLAZA LOS ANGELES AT BEVERLY HILLS,LOS ANGELES,united-states,États-Unis,americas,missing
A578,A578,Fairmont Miramar Hotel & Bungalows,FAI,FAIRMONT,SANTA MONICA,États-Unis,101 Wilshire Boulevard,90401,https://all.accor.com/hotel/A578/index.fr.shtml,catalog_api,united states,FAIRMONT MIRAMAR HOTEL BUNGALOWS,SANTA MONICA,united-states,États-Unis,americas,missing
A7Z4,A7Z4,Fairmont Austin,FAI,FAIRMONT,AUSTIN,États-Unis,101 Red River Street,78701,https://all.accor.com/hotel/A7Z4/index.fr.shtml,catalog_api,united states,FAIRMONT AUSTIN,AUSTIN,united-states,États-Unis,americas,missing
A581,A581,Fairmont Sonoma Mission Inn & Spa,FAI,FAIRMONT,SONOMA,États-Unis,100 Boyes Blvd,95476,https://all.accor.com/hotel/A581/index.fr.shtml,catalog_api,united states,FAIRMONT SONOMA MISSION INN SPA,SONOMA,united-states,États-Unis,americas,missing
C344,C344,Hotel Stratford - Handwritten Collection,SOU,SOU,SAN FRANCISCO,États-Unis,242 Powell Street,94102,https://all.accor.com/hotel/C344/index.fr.shtml,catalog_api,united states,HOTEL STRATFORD HANDWRITTEN COLLECTION,SAN FRANCISCO,united-states,États-Unis,americas,missing
A576,A576,Fairmont San Francisco,FAI,FAIRMONT,SAN FRANCISCO,États-Unis,950 Mason Street,94108,https://all.accor.com/hotel/A576/index.fr.shtml,catalog_api,united states,FAIRMONT SAN FRANCISCO,SAN FRANCISCO,united-states,États-Unis,americas,missing
A575,A575,"Fairmont Heritage Place, Ghirardelli Square",FAI,FAIRMONT,SAN FRANCISCO,États-Unis,900 North Point St,94109,https://all.accor.com/hotel/A575/index.fr.shtml,catalog_api,united states,FAIRMONT HERITAGE PLACE GHIRARDELLI SQUARE,SAN FRANCISCO,united-states,États-Unis,americas,missing
B6S8,B6S8,21c Museum Hotel St Louis,21C,21C,SAINT LOUIS,États-Unis,1528 Locust street,63103,https://all.accor.com/hotel/B6S8/index.fr.shtml,catalog_api,united states,21C MUSEUM HOTEL ST LOUIS,SAINT LOUIS,united-states,États-Unis,americas,missing
B9A1,B9A1,The Hoxton Portland,HOX,HOX,PORTLAND,États-Unis,15 NW 4th Avenue,97209,https://all.accor.com/hotel/B9A1/index.fr.shtml,catalog_api,united states,THE HOXTON PORTLAND,PORTLAND,united-states,États-Unis,americas,missing
A580,A580,"Fairmont Olympic Hotel, Seattle",FAI,FAIRMONT,SEATTLE,États-Unis,411 University Street,98101,https://all.accor.com/hotel/A580/index.fr.shtml,catalog_api,united states,FAIRMONT OLYMPIC HOTEL SEATTLE,SEATTLE,united-states,États-Unis,americas,missing
C0C3,C0C3,Hotel Ändra Seattle - MGallery Collection,MGA,MGALLERY,SEATTLE,États-Unis,"2000, 4th ave",98121,https://all.accor.com/hotel/C0C3/index.fr.shtml,catalog_api,united states,HOTEL ANDRA SEATTLE MGALLERY COLLECTION,SEATTLE,united-states,États-Unis,americas,missing
A557,A557,"Fairmont Chicago, Millennium Park",FAI,FAIRMONT,CHICAGO,États-Unis,200 North Columbus Drive,60601,https://all.accor.com/hotel/A557/index.fr.shtml,catalog_api,united states,FAIRMONT CHICAGO MILLENNIUM PARK,CHICAGO,united-states,États-Unis,americas,missing
A5A7,A5A7,Swissôtel Chicago,SWI,SWISSÔTEL,CHICAGO,États-Unis,323 East Upper Wacker Drive,60601-9722,https://all.accor.com/hotel/A5A7/index.fr.shtml,catalog_api,united states,SWISSOTEL CHICAGO,CHICAGO,united-states,États-Unis,americas,missing
B5Q3,B5Q3,Fairmont New Orleans (Opening 2026),FAI,FAIRMONT,NEW ORLEANS,États-Unis,1010 COMMON STREET,70112,https://all.accor.com/hotel/B5Q3/index.fr.shtml,catalog_api,united states,FAIRMONT NEW ORLEANS OPENING 2026,NEW ORLEANS,united-states,États-Unis,americas,missing
B504,B504,21c Museum Hotel Louisville,21C,21C,LOUISVILLE,États-Unis,700 West Main Street,40202,https://all.accor.com/hotel/B504/index.fr.shtml,catalog_api,united states,21C MUSEUM HOTEL LOUISVILLE,LOUISVILLE,united-states,États-Unis,americas,missing
B507,B507,21c Museum Hotel Cincinnati,21C,21C,CINCINNATI,États-Unis,609 Walnut Street,45202,https://all.accor.com/hotel/B507/index.fr.shtml,catalog_api,united states,21C MUSEUM HOTEL CINCINNATI,CINCINNATI,united-states,États-Unis,americas,missing
B510,B510,21C Museum Hotel Lexington,21C,21C,LEXINGTON,États-Unis,167 West Main Street,40507,https://all.accor.com/hotel/B510/index.fr.shtml,catalog_api,united states,21C MUSEUM HOTEL LEXINGTON,LEXINGTON,united-states,États-Unis,americas,missing
A571,A571,Fairmont Pittsburgh,FAI,FAIRMONT,PITTSBURGH,États-Unis,510 Market Street,15222,https://all.accor.com/hotel/A571/index.fr.shtml,catalog_api,united states,FAIRMONT PITTSBURGH,PITTSBURGH,united-states,États-Unis,americas,missing
B508,B508,21C Museum Hotel Durham,21C,21C,DURHAM,États-Unis,111 North Corcoran Street,27701,https://all.accor.com/hotel/B508/index.fr.shtml,catalog_api,united states,21C MUSEUM HOTEL DURHAM,DURHAM,united-states,États-Unis,americas,missing
A590,A590,Fairmont Washington D.C. Georgetown,FAI,FAIRMONT,"WASHINGTON, D.C.",États-Unis,2401 M Street NW,20037,https://all.accor.com/hotel/A590/index.fr.shtml,catalog_api,united states,FAIRMONT WASHINGTON D C GEORGETOWN,WASHINGTON D C,united-states,États-Unis,americas,missing
C4P2,C4P2,Park Royal Orlando géré par Accor,SAM,SAM,KISSIMMEE,États-Unis,"1500 N Thacker Ave, True",34741,https://all.accor.com/hotel/C4P2/index.fr.shtml,catalog_api,united states,PARK ROYAL ORLANDO GERE PAR ACCOR,KISSIMMEE,united-states,États-Unis,americas,missing
2741,2741,Sofitel Philadelphia at Rittenhouse Square,SOF,SOFITEL,PHILADELPHIE,États-Unis,120 South 17th Street,19103,https://all.accor.com/hotel/2741/index.fr.shtml,catalog_api,united states,SOFITEL PHILADELPHIA AT RITTENHOUSE SQUARE,PHILADELPHIE,united-states,États-Unis,americas,missing
C0Q9,C0Q9,Faena New-York,FAE,FAE,NEW YORK,États-Unis,500A WEST 18TH STREET,10011,https://all.accor.com/hotel/C0Q9/index.fr.shtml,catalog_api,united states,FAENA NEW YORK,NEW YORK,united-states,États-Unis,americas,missing
C5U9,C5U9,Hard Rock Hotel New York - Partenaire de ALL Accor,HAR,HAR,NEW YORK,États-Unis,159 W 48 Street,10036,https://all.accor.com/hotel/C5U9/index.fr.shtml,catalog_api,united states,HARD ROCK HOTEL NEW YORK PARTENAIRE DE ALL ACCOR,NEW YORK,united-states,États-Unis,americas,missing
2185,2185,Sofitel New York,SOF,SOFITEL,NEW YORK CITY,États-Unis,45 West 44th Street,10036,https://all.accor.com/hotel/2185/index.fr.shtml,catalog_api,united states,SOFITEL NEW YORK,NEW YORK CITY,united-states,États-Unis,americas,missing
A568,A568,The Plaza - Un hôtel Fairmont,FAI,FAIRMONT,NEW YORK,États-Unis,768 Fifth Avenue,10019,https://all.accor.com/hotel/A568/index.fr.shtml,catalog_api,united states,THE PLAZA UN HOTEL FAIRMONT,NEW YORK,united-states,États-Unis,americas,missing
B4Z0,B4Z0,Novotel Miami Brickell,NOV,NOVOTEL,MIAMI,États-Unis,1500 Southwest 1st Ave,33129,https://all.accor.com/hotel/B4Z0/index.fr.shtml,catalog_api,united states,NOVOTEL MIAMI BRICKELL,MIAMI,united-states,États-Unis,americas,missing
B5C8,B5C8,SLS LUX Brickell,SLS,SLS,MIAMI,États-Unis,805 South Miami Avenue,33130,https://all.accor.com/hotel/B5C8/index.fr.shtml,catalog_api,united states,SLS LUX BRICKELL,MIAMI,united-states,États-Unis,americas,missing
C4P0,C4P0,Park Royal Miami Beach géré par Accor,SAM,SAM,MIAMI BEACH,États-Unis,6495 Indian Creek Dr,33141,https://all.accor.com/hotel/C4P0/index.fr.shtml,catalog_api,united states,PARK ROYAL MIAMI BEACH GERE PAR ACCOR,MIAMI BEACH,united-states,États-Unis,americas,missing
B8D2,B8D2,Casa Faena Miami Beach,SAM,SAM,MIAMI BEACH,États-Unis,3500 Collins Avenue,33140,https://all.accor.com/hotel/B8D2/index.fr.shtml,catalog_api,united states,CASA FAENA MIAMI BEACH,MIAMI BEACH,united-states,États-Unis,americas,missing
B8B5,B8B5,Faena Miami Beach,FAE,FAE,MIAMI BEACH,États-Unis,3201 Collins Avenue,33140,https://all.accor.com/hotel/B8B5/index.fr.shtml,catalog_api,united states,FAENA MIAMI BEACH,MIAMI BEACH,united-states,États-Unis,americas,missing
C246,C246,Delano Miami Beach,DEL,DELANO,MIAMI BEACH,États-Unis,1685 Collins Ave,33139,https://all.accor.com/hotel/C246/index.fr.shtml,catalog_api,united states,DELANO MIAMI BEACH,MIAMI BEACH,united-states,États-Unis,americas,missing
A554,A554,"Fairmont Copley Plaza, Boston",FAI,FAIRMONT,BOSTON,États-Unis,138 St James Avenue,02116,https://all.accor.com/hotel/A554/index.fr.shtml,catalog_api,united states,FAIRMONT COPLEY PLAZA BOSTON,BOSTON,united-states,États-Unis,americas,missing
B3X2,B3X2,Raffles Boston,RAF,RAFFLES,BOSTON,États-Unis,40 Trinity Place,02116,https://all.accor.com/hotel/B3X2/index.fr.shtml,catalog_api,united states,RAFFLES BOSTON,BOSTON,united-states,États-Unis,americas,missing
A559,A559,Fairmont Hotel Macdonald,FAI,FAIRMONT,EDMONTON,Canada,10065 100th Street,T5J 0N6,https://all.accor.com/hotel/A559/index.fr.shtml,catalog_api,canada,FAIRMONT HOTEL MACDONALD,EDMONTON,canada,Canada,americas,missing
A555,A555,Fairmont Palliser,FAI,FAIRMONT,CALGARY,Canada,133 9th Avenue SW,T2P 2M3,https://all.accor.com/hotel/A555/index.fr.shtml,catalog_api,canada,FAIRMONT PALLISER,CALGARY,canada,Canada,americas,missing
A550,A550,Fairmont Banff Springs,FAI,FAIRMONT,BANFF,Canada,405 Spray Avenue,T1L1J4,https://all.accor.com/hotel/A550/index.fr.shtml,catalog_api,canada,FAIRMONT BANFF SPRINGS,BANFF,canada,Canada,americas,missing
C1W0,C1W0,"Rimrock Banff, Emblems Collection",EMB,EMB,BANFF,Canada,300 Mountain Ave,T1L1J2,https://all.accor.com/hotel/C1W0/index.fr.shtml,catalog_api,canada,RIMROCK BANFF EMBLEMS COLLECTION,BANFF,canada,Canada,americas,missing
A563,A563,Fairmont Chateau Lake Louise,FAI,FAIRMONT,LAKE LOUISE,Canada,111 Lake Louise Drive,T0L 1E0,https://all.accor.com/hotel/A563/index.fr.shtml,catalog_api,canada,FAIRMONT CHATEAU LAKE LOUISE,LAKE LOUISE,canada,Canada,americas,missing
A562,A562,Fairmont Jasper Park Lodge,FAI,FAIRMONT,JASPER,Canada,"1 Old Lodge Road, PO Box 40",T0E 1E0,https://all.accor.com/hotel/A562/index.fr.shtml,catalog_api,canada,FAIRMONT JASPER PARK LODGE,JASPER,canada,Canada,americas,missing
A592,A592,Fairmont Winnipeg,FAI,FAIRMONT,WINNIPEG,Canada,2 Lombard Place,R3B0Y3,https://all.accor.com/hotel/A592/index.fr.shtml,catalog_api,canada,FAIRMONT WINNIPEG,WINNIPEG,canada,Canada,americas,missing
A591,A591,Fairmont Chateau Whistler,FAI,FAIRMONT,WHISTLER,Canada,4599 Chateau Boulevard,V8E 0Z5,https://all.accor.com/hotel/A591/index.fr.shtml,catalog_api,canada,FAIRMONT CHATEAU WHISTLER,WHISTLER,canada,Canada,americas,missing
A587,A587,Fairmont Waterfront,FAI,FAIRMONT,VANCOUVER,Canada,900 Canada Place Way,V6C 3L5,https://all.accor.com/hotel/A587/index.fr.shtml,catalog_api,canada,FAIRMONT WATERFRONT,VANCOUVER,canada,Canada,americas,missing
A585,A585,Fairmont Pacific Rim,FAI,FAIRMONT,VANCOUVER,Canada,1038 Canada Place,V6C 0B9,https://all.accor.com/hotel/A585/index.fr.shtml,catalog_api,canada,FAIRMONT PACIFIC RIM,VANCOUVER,canada,Canada,americas,missing
A584,A584,Fairmont Hotel Vancouver,FAI,FAIRMONT,VANCOUVER,Canada,900 West Georgia Street,V6C 2W6,https://all.accor.com/hotel/A584/index.fr.shtml,catalog_api,canada,FAIRMONT HOTEL VANCOUVER,VANCOUVER,canada,Canada,americas,missing
B9D9,B9D9,Hotel Belmont Vancouver - MGallery Collection,MGA,MGALLERY,VANCOUVER,Canada,654 Nelson Street,V6B 6K4,https://all.accor.com/hotel/B9D9/index.fr.shtml,catalog_api,canada,HOTEL BELMONT VANCOUVER MGALLERY COLLECTION,VANCOUVER,canada,Canada,americas,missing
A586,A586,Fairmont Vancouver Airport,FAI,FAIRMONT,RICHMOND,Canada,"Vancouver International Airport, 3111 Grant McConachie Way",V7B 0A6,https://all.accor.com/hotel/A586/index.fr.shtml,catalog_api,canada,FAIRMONT VANCOUVER AIRPORT,RICHMOND,canada,Canada,americas,missing
A588,A588,Fairmont Empress,FAI,FAIRMONT,VICTORIA,Canada,721 Government Street,V8W 1W5,https://all.accor.com/hotel/A588/index.fr.shtml,catalog_api,canada,FAIRMONT EMPRESS,VICTORIA,canada,Canada,americas,missing
A551,A551,Fairmont Royal York,FAI,FAIRMONT,TORONTO,Canada,100 Front Street W.,M5J 1E3,https://all.accor.com/hotel/A551/index.fr.shtml,catalog_api,canada,FAIRMONT ROYAL YORK,TORONTO,canada,Canada,americas,missing
A570,A570,Fairmont Château Laurier,FAI,FAIRMONT,OTTAWA,Canada,1 Rideau Street,K1N8S7,https://all.accor.com/hotel/A570/index.fr.shtml,catalog_api,canada,FAIRMONT CHATEAU LAURIER,OTTAWA,canada,Canada,americas,missing
A565,A565,Fairmont Tremblant,FAI,FAIRMONT,MONT TREMBLANT,Canada,"3045 Chemin de la Chapelle, CITQ 128365",J8E1E1,https://all.accor.com/hotel/A565/index.fr.shtml,catalog_api,canada,FAIRMONT TREMBLANT,MONT TREMBLANT,canada,Canada,americas,missing
A566,A566,Fairmont Le Château Montebello,FAI,FAIRMONT,MONTEBELLO,Canada,392 Notre Dame,J0V 1L0,https://all.accor.com/hotel/A566/index.fr.shtml,catalog_api,canada,FAIRMONT LE CHATEAU MONTEBELLO,MONTEBELLO,canada,Canada,americas,missing
A567,A567,Fairmont The Queen Elizabeth,FAI,FAIRMONT,MONTRÉAL,Canada,"900, boul. René Lévesque Ouest",H3B 4A5,https://all.accor.com/hotel/A567/index.fr.shtml,catalog_api,canada,FAIRMONT THE QUEEN ELIZABETH,MONTREAL,canada,Canada,americas,missing
A572,A572,Fairmont Le Château Frontenac,FAI,FAIRMONT,VILLE DE QUEBEC,Canada,"1 rue des Carrières, CITQ No. 040703",G1R 5J5,https://all.accor.com/hotel/A572/index.fr.shtml,catalog_api,canada,FAIRMONT LE CHATEAU FRONTENAC,VILLE DE QUEBEC,canada,Canada,americas,missing
A556,A556,Fairmont Le Manoir Richelieu,FAI,FAIRMONT,CHARLEVOIX,Canada,181 rue Richelieu,G5A 1X7,https://all.accor.com/hotel/A556/index.fr.shtml,catalog_api,canada,FAIRMONT LE MANOIR RICHELIEU,CHARLEVOIX,canada,Canada,americas,missing
B356,B356,Ibis Budget Aguascalientes,IBB,IBIS BUDGET,AGUASCALIENTES,Mexique,"Blvd Aguascalientes Zacatecas, Km 6, Fracc Arroyo El Molino",20123,https://all.accor.com/hotel/B356/index.fr.shtml,catalog_api,mexico,IBIS BUDGET AGUASCALIENTES,AGUASCALIENTES,mexico,Mexique,americas,missing
A8V0,A8V0,ibis Torreón,IBH,IBIS,TORREON,Mexique,"Carretera Torreon, San Pedro 2200",27420,https://all.accor.com/hotel/A8V0/index.fr.shtml,catalog_api,mexico,IBIS TORREON,TORREON,mexico,Mexique,americas,missing
A7F5,A7F5,ibis Mazatlan Marina,IBH,IBIS,MAZATLAN,Mexique,"Avenida Del Delfin 6300, Esq Quinta Avenida, Marina Mazatlan",82112,https://all.accor.com/hotel/A7F5/index.fr.shtml,catalog_api,mexico,IBIS MAZATLAN MARINA,MAZATLAN,mexico,Mexique,americas,missing
C4N7,C4N7,Park Royal Mazatlan géré par AccorHotels,SAM,SAM,MAZATLAN,Mexique,"Av Sábalo Cerritos, 3110",82100,https://all.accor.com/hotel/C4N7/index.fr.shtml,catalog_api,mexico,PARK ROYAL MAZATLAN GERE PAR ACCORHOTELS,MAZATLAN,mexico,Mexique,americas,missing
C280,C280,Marival Distinct All-Suites & World Spa  Handwritten Collection,SOU,SOU,NUEVO VALLARTA,Mexique,"AV PASEO COCOTEROS LOTE 53, VILLA 8 11",63735,https://all.accor.com/hotel/C280/index.fr.shtml,catalog_api,mexico,MARIVAL DISTINCT ALL SUITES WORLD SPA HANDWRITTEN COLLECTION,NUEVO VALLARTA,mexico,Mexique,americas,missing
C2A1,C2A1,Marival Emotions Resort & Suites Riviera Nayarit by Mercure,MER,MERCURE,NUEVO VALLARTA,Mexique,"BLVD NUEVO VALLARTA, PASEO COCOTEROS",63732,https://all.accor.com/hotel/C2A1/index.fr.shtml,catalog_api,mexico,MARIVAL EMOTIONS RESORT SUITES RIVIERA NAYARIT BY MERCURE,NUEVO VALLARTA,mexico,Mexique,americas,missing
C4T7,C4T7,Club Regina Puerto Vallarta géré par Accor,SAM,SAM,PUERTO VALLARTA,Mexique,Av Paseo de la Marina Sur 205,48335,https://all.accor.com/hotel/C4T7/index.fr.shtml,catalog_api,mexico,CLUB REGINA PUERTO VALLARTA GERE PAR ACCOR,PUERTO VALLARTA,mexico,Mexique,americas,missing
C4Q4,C4Q4,Park Royal Home Stay Los Tules géré par Accor,SAM,SAM,PUERTO VALLARTA,Mexique,"Blvd Francisco Medina Ascencio, 2135 KM 2, Zona Hotelera",48333,https://all.accor.com/hotel/C4Q4/index.fr.shtml,catalog_api,mexico,PARK ROYAL HOME STAY LOS TULES GERE PAR ACCOR,PUERTO VALLARTA,mexico,Mexique,americas,missing
C2A2,C2A2,Armony Marival Resort & Spa Punta de Mita - MGallery collection,MGA,MGALLERY,PUNTA DE MITA,Mexique,"Carretera Punta de Mita Km 8.3, Playa Destiladeras",63734,https://all.accor.com/hotel/C2A2/index.fr.shtml,catalog_api,mexico,ARMONY MARIVAL RESORT SPA PUNTA DE MITA MGALLERY COLLECTION,PUNTA DE MITA,mexico,Mexique,americas,missing
A6I0,A6I0,ibis Mexico Tlalnepantla,IBH,IBIS,TLALNEPANTLA,Mexique,"Av Sor Juana Ines De La Cruz, Numero 132 Colonia, Tlalnepantla Centro",54000,https://all.accor.com/hotel/A6I0/index.fr.shtml,catalog_api,mexico,IBIS MEXICO TLALNEPANTLA,TLALNEPANTLA,mexico,Mexique,americas,missing
B5Q7,B5Q7,Novotel Mexico City Toreo,NOV,NOVOTEL,NAUCALPAN,Mexique,"Av Primero De Mayo 120, Torre 2, San Andres Atoto",53500,https://all.accor.com/hotel/B5Q7/index.fr.shtml,catalog_api,mexico,NOVOTEL MEXICO CITY TOREO,NAUCALPAN,mexico,Mexique,americas,missing
C0D9,C0D9,The Paragon Hotel Mexico City Santa Fe By Accor,SAM,SAM,MEXICO CITY CDMX,Mexique,"Juan Salvador Agraz 97, Santa Fe, Cuajimalpa de Morelos",05348,https://all.accor.com/hotel/C0D9/index.fr.shtml,catalog_api,mexico,THE PARAGON HOTEL MEXICO CITY SANTA FE BY ACCOR,MEXICO CITY CDMX,mexico,Mexique,americas,missing
C4B4,C4B4,Hyde Mexico City Reforma,HYD,HYDE,MEXICO CITY,Mexique,"Av. Paseo de la Reforma 355, True",06500,https://all.accor.com/hotel/C4B4/index.fr.shtml,catalog_api,mexico,HYDE MEXICO CITY REFORMA,MEXICO CITY,mexico,Mexique,americas,missing
C655,C655,SO/ Mexico City,SO,SO/,MEXICO CITY,Mexique,Av. Paseo de la Reforma 355,06500,https://all.accor.com/hotel/C655/index.fr.shtml,catalog_api,mexico,SO MEXICO CITY,MEXICO CITY,mexico,Mexique,americas,missing
C4I1,C4I1,Mama Shelter Mexico City (Ouverture fin 2026),MSH,MAMA SHELTER,MEXICO CITY,Mexique,"Avenida Alvaro Obregon 152, Roma Norte",06700,https://all.accor.com/hotel/C4I1/index.fr.shtml,catalog_api,mexico,MAMA SHELTER MEXICO CITY OUVERTURE FIN 2026,MEXICO CITY,mexico,Mexique,americas,missing
C0B7,C0B7,Mondrian Mexico City Condesa,MOD,MOD,MEXICO,Mexique,"Aguascalientes 156, Hipodromo Condesa, Cuauhtemoc",06100,https://all.accor.com/hotel/C0B7/index.fr.shtml,catalog_api,mexico,MONDRIAN MEXICO CITY CONDESA,MEXICO,mexico,Mexique,americas,missing
B904,B904,Novotel Mexico City Centro Histórico,NOV,NOVOTEL,MEXICO CITY,Mexique,"Av. 20 de Noviembre, 196",06090,https://all.accor.com/hotel/B904/index.fr.shtml,catalog_api,mexico,NOVOTEL MEXICO CITY CENTRO HISTORICO,MEXICO CITY,mexico,Mexique,americas,missing
B552,B552,Novotel Mexico City World Trade Center,NOV,NOVOTEL,MEXICO,Mexique,"AV Insurgentes Sur 710, Col Del Valle Norte, Delegacion Benito Juarez",03100,https://all.accor.com/hotel/B552/index.fr.shtml,catalog_api,mexico,NOVOTEL MEXICO CITY WORLD TRADE CENTER,MEXICO,mexico,Mexique,americas,missing
B9Z5,B9Z5,Banyan Tree Puebla,BAN,BANYAN TREE,PUEBLA,Mexique,"10 Norte. 1402, Col. Barrio del Alto, Puebla",72000,https://all.accor.com/hotel/B9Z5/index.fr.shtml,catalog_api,mexico,BANYAN TREE PUEBLA,PUEBLA,mexico,Mexique,americas,missing
C4P4,C4P4,Club Regina Los Cabos géré par Accor,SAM,SAM,SAN JOSÉ DEL CABO,Mexique,"Carr Transpeninsular Kilometro, Tourist Corridor, 22.5",23400,https://all.accor.com/hotel/C4P4/index.fr.shtml,catalog_api,mexico,CLUB REGINA LOS CABOS GERE PAR ACCOR,SAN JOSE DEL CABO,mexico,Mexique,americas,missing
B1U9,B1U9,Banyan Tree Cabo Marqués,BAN,BANYAN TREE,ACAPULCO,Mexique,"Boulevard Cabo marques Lote 1, Col. Punta Diamante",39907,https://all.accor.com/hotel/B1U9/index.fr.shtml,catalog_api,mexico,BANYAN TREE CABO MARQUES,ACAPULCO,mexico,Mexique,americas,missing
C4N9,C4N9,Park Royal Huatulco géré par Accor,SAM,SAM,HUATULCO,Mexique,"Blvd Benito Juárez, Bahía Tangolunda, 8",70989,https://all.accor.com/hotel/C4N9/index.fr.shtml,catalog_api,mexico,PARK ROYAL HUATULCO GERE PAR ACCOR,HUATULCO,mexico,Mexique,americas,missing
B802,B802,"Hacienda Xcanatun, Angsana Heritage Collection",ANG,ANGSANA,MERIDA,Mexique,"Calle 20, Sn, Comisaria Xcanatun",97302,https://all.accor.com/hotel/B802/index.fr.shtml,catalog_api,mexico,HACIENDA XCANATUN ANGSANA HERITAGE COLLECTION,MERIDA,mexico,Mexique,americas,missing
A7V8,A7V8,Ibis Styles Merida Galerías,IBS,IBIS STYLES,MERIDA,Mexique,"Calle 3 numéro 218, N * 24 et 60, Colonia Xcumpich",97205,https://all.accor.com/hotel/A7V8/index.fr.shtml,catalog_api,mexico,IBIS STYLES MERIDA GALERIAS,MERIDA,mexico,Mexique,americas,missing
B5V5,B5V5,"Fairmont Heritage Place, Mayakoba",FAI,FAIRMONT,PLAYA DEL CARMEN,Mexique,"Carretera Federal Cun Playa, Km 298, Mayakoba",77710,https://all.accor.com/hotel/B5V5/index.fr.shtml,catalog_api,mexico,FAIRMONT HERITAGE PLACE MAYAKOBA,PLAYA DEL CARMEN,mexico,Mexique,americas,missing
A573,A573,Fairmont Mayakoba,FAI,FAIRMONT,RIVIERA MAYA,Mexique,"Carretera Federal Cancún, Playa del Carmen km 298",77710,https://all.accor.com/hotel/A573/index.fr.shtml,catalog_api,mexico,FAIRMONT MAYAKOBA,RIVIERA MAYA,mexico,Mexique,americas,missing
B1T9,B1T9,Banyan Tree Mayakoba,BAN,BANYAN TREE,PLAYA DEL CARMEN,Mexique,"Carretera Federal, Chetumal Puerto Juárez Km. 298, Playa del Carmen, Quintana Roo,",77710,https://all.accor.com/hotel/B1T9/index.fr.shtml,catalog_api,mexico,BANYAN TREE MAYAKOBA,PLAYA DEL CARMEN,mexico,Mexique,americas,missing
C383,C383,SLS PLAYA MUJERES,SLS,SLS,CANCUN,Mexique,Manzana 1 Supermanzana 3,77400,https://all.accor.com/hotel/C383/index.fr.shtml,catalog_api,mexico,SLS PLAYA MUJERES,CANCUN,mexico,Mexique,americas,missing
B5B2,B5B2,SLS Cancun,SLS,SLS,CANCUN,Mexique,"Boulevard Kukulcan km 1, Zona Turistica Puerto Cancun, Lote 1 02 Uc 1 Mz 27",77500,https://all.accor.com/hotel/B5B2/index.fr.shtml,catalog_api,mexico,SLS CANCUN,CANCUN,mexico,Mexique,americas,missing
C6K0,C6K0,Mondrian Cancun,MOD,MOD,CANCUN QUINTANA ROO,Mexique,"Blvd. Kukulcan Km.16.5, Lotes 56-A-1 y 56-A-2 Quintana Roo, Segunda Etapa Turistica",77500,https://all.accor.com/hotel/C6K0/index.fr.shtml,catalog_api,mexico,MONDRIAN CANCUN,CANCUN QUINTANA ROO,mexico,Mexique,americas,missing
C4P3,C4P3,"Club Regina Cancun, géré par Accor",SAM,SAM,CANCUN,Mexique,"Blvd Kukulcan Km 20, Zona Hotelera",77500,https://all.accor.com/hotel/C4P3/index.fr.shtml,catalog_api,mexico,CLUB REGINA CANCUN GERE PAR ACCOR,CANCUN,mexico,Mexique,americas,missing
C268,C268,Banyan Tree Veya Valle de Guadalupe,BAN,BANYAN TREE,VALLE DE GUADALUPE,Mexique,"Camino sin nombre no.Parcela 179, Col. El Porvenir, Valle de Guadalupe",22755,https://all.accor.com/hotel/C268/index.fr.shtml,catalog_api,mexico,BANYAN TREE VEYA VALLE DE GUADALUPE,VALLE DE GUADALUPE,mexico,Mexique,americas,missing
A0V4,A0V4,Hôtel ibis Tijuana Zona Rio,IBH,IBIS,TIJUANA,Mexique,"Gen. Rodolfo Sánchez Blvd, 9170, Zona Urbana Rio",22010,https://all.accor.com/hotel/A0V4/index.fr.shtml,catalog_api,mexico,HOTEL IBIS TIJUANA ZONA RIO,TIJUANA,mexico,Mexique,americas,missing
B7E2,B7E2,ibis Barra do Garças,IBH,IBIS,BARRA DO GARÇAS,Brésil,"Av Senador Varjao, 5341, Vila Sao Jose",78605084,https://all.accor.com/hotel/B7E2/index.fr.shtml,catalog_api,brazil,IBIS BARRA DO GARCAS,BARRA DO GARCAS,brazil,Brésil,americas,missing
B7C8,B7C8,Ibis Primavera do Leste,IBH,IBIS,PRIMAVERA DO LESTE,Brésil,,78850000,https://all.accor.com/hotel/B7C8/index.fr.shtml,catalog_api,brazil,IBIS PRIMAVERA DO LESTE,PRIMAVERA DO LESTE,brazil,Brésil,americas,missing
B300,B300,Ibis Styles Rondonopolis,IBS,IBIS STYLES,RONDONOPOLIS,Brésil,"Av Paulista 363, Qd 2 Lote 02",78730631,https://all.accor.com/hotel/B300/index.fr.shtml,catalog_api,brazil,IBIS STYLES RONDONOPOLIS,RONDONOPOLIS,brazil,Brésil,americas,missing
C1X6,C1X6,ibis Styles Goiânia Station Mall,IBS,IBIS STYLES,GOIANIA,Brésil,"WESTERN AVENUE 1690, Secteur Chemin de Fer du Nord",74063020,https://all.accor.com/hotel/C1X6/index.fr.shtml,catalog_api,brazil,IBIS STYLES GOIANIA STATION MALL,GOIANIA,brazil,Brésil,americas,missing
B0I3,B0I3,ibis Styles Brasilia Aeroporto,IBS,IBIS STYLES,BRASILIA,Brésil,"Aeroporto Int De Brasilia, Setor De Concessionarias, Lote 02",71608900,https://all.accor.com/hotel/B0I3/index.fr.shtml,catalog_api,brazil,IBIS STYLES BRASILIA AEROPORTO,BRASILIA,brazil,Brésil,americas,missing
A747,A747,Ibis Cuiabá Shopping,IBH,IBIS,CUIABÁ,Brésil,"Rua das Tulipas, 1400",78043162,https://all.accor.com/hotel/A747/index.fr.shtml,catalog_api,brazil,IBIS CUIABA SHOPPING,CUIABA,brazil,Brésil,americas,missing
B9G7,B9G7,IBIS TANGARA DA SERRA,IBH,IBIS,TANGARA DA SERRA,Brésil,,78304000,https://all.accor.com/hotel/B9G7/index.fr.shtml,catalog_api,brazil,IBIS TANGARA DA SERRA,TANGARA DA SERRA,brazil,Brésil,americas,missing
C1T2,C1T2,Novotel Uberlândia,NOV,NOVOTEL,UBERLANDIA,Brésil,"Av Paulo Gracindo, 5",38411-145,https://all.accor.com/hotel/C1T2/index.fr.shtml,catalog_api,brazil,NOVOTEL UBERLANDIA,UBERLANDIA,brazil,Brésil,americas,missing
A1H2,A1H2,Ibis Votuporanga,IBH,IBIS,VOTUPORANGA,Brésil,"Avenida Nasser Marão 3823, Saint Cosmas",15.504-000,https://all.accor.com/hotel/A1H2/index.fr.shtml,catalog_api,brazil,IBIS VOTUPORANGA,VOTUPORANGA,brazil,Brésil,americas,missing
B3D3,B3D3,ibis styles Rio Preto Monte Líbano,IBS,IBIS STYLES,SAO JOSE DO RIO PRETO,Brésil,"Rodovia Washington Luiz, Km 445, Entre Mirassol e Rio Preto",15138899,https://all.accor.com/hotel/B3D3/index.fr.shtml,catalog_api,brazil,IBIS STYLES RIO PRETO MONTE LIBANO,SAO JOSE DO RIO PRETO,brazil,Brésil,americas,missing
B8E6,B8E6,ibis Styles Barretos,IBS,IBIS STYLES,BARRETOS,Brésil,RUA LUIZ DURIGAN 1744,14783-075,https://all.accor.com/hotel/B8E6/index.fr.shtml,catalog_api,brazil,IBIS STYLES BARRETOS,BARRETOS,brazil,Brésil,americas,missing
B874,B874,ibis Styles Araxá,IBS,IBIS STYLES,ARAXA,Brésil,,38183390,https://all.accor.com/hotel/B874/index.fr.shtml,catalog_api,brazil,IBIS STYLES ARAXA,ARAXA,brazil,Brésil,americas,missing
C0S2,C0S2,ibis Styles Presidente Prudente Portal D'Oeste,IBS,IBIS STYLES,PRESIDENT PRUDENTE,Brésil,"Avenida Brasil, 1501, Vila São Jorge",19013000,https://all.accor.com/hotel/C0S2/index.fr.shtml,catalog_api,brazil,IBIS STYLES PRESIDENTE PRUDENTE PORTAL D OESTE,PRESIDENT PRUDENTE,brazil,Brésil,americas,missing
C0H2,C0H2,ibis Araguaina,IBH,IBIS,ARAGUAINA,Brésil,"Av Marginal Neblina, Lote 8 A",77817805,https://all.accor.com/hotel/C0H2/index.fr.shtml,catalog_api,brazil,IBIS ARAGUAINA,ARAGUAINA,brazil,Brésil,americas,missing
A1C8,A1C8,ibis budget Ribeirão Preto Vila do Golf,IBB,IBIS BUDGET,RIBEIRÃO PRETO,Brésil,,14027250,https://all.accor.com/hotel/A1C8/index.fr.shtml,catalog_api,brazil,IBIS BUDGET RIBEIRAO PRETO VILA DO GOLF,RIBEIRAO PRETO,brazil,Brésil,americas,missing
A1F2,A1F2,Ibis Ribeirão Preto Vila do Golf,IBH,IBIS,RIBEIRAO PRETO,Brésil,,14.027-250,https://all.accor.com/hotel/A1F2/index.fr.shtml,catalog_api,brazil,IBIS RIBEIRAO PRETO VILA DO GOLF,RIBEIRAO PRETO,brazil,Brésil,americas,missing
B8R6,B8R6,Hôtel Matão by Mercure,MER,MERCURE,MATÃO,Brésil,"Avenida Baldan, 1900, Res. Olivio Benassi",15993000,https://all.accor.com/hotel/B8R6/index.fr.shtml,catalog_api,brazil,HOTEL MATAO BY MERCURE,MATAO,brazil,Brésil,americas,missing
C5A9,C5A9,Ibis Styles Bonito (ouverture en octobre 2025).,IBS,IBIS STYLES,BONITO,Brésil,"RUA DEZENOVE DE NOVEMBRO 300, VILA JARAGUA",79290000,https://all.accor.com/hotel/C5A9/index.fr.shtml,catalog_api,brazil,IBIS STYLES BONITO OUVERTURE EN OCTOBRE 2025,BONITO,brazil,Brésil,americas,missing
B8R5,B8R5,Hotel Araraquara by Mercure,BME,BME,ARARAQUARA,Brésil,"Av. Rodrigo Grillo, 108, Jardim das Flores",14801-794,https://all.accor.com/hotel/B8R5/index.fr.shtml,catalog_api,brazil,HOTEL ARARAQUARA BY MERCURE,ARARAQUARA,brazil,Brésil,americas,missing
B304,B304,Ibis Styles Parauapebas,IBS,IBIS STYLES,PARAUAPEBAS,Brésil,"Rod Pa 275, Lote Zona De Servicos 03C, Nucleo Res E De Serv Carajas",68515000,https://all.accor.com/hotel/B304/index.fr.shtml,catalog_api,brazil,IBIS STYLES PARAUAPEBAS,PARAUAPEBAS,brazil,Brésil,americas,missing
A044,A044,Ibis Guaxupé,IBH,IBIS,GUAXUPE,Brésil,"Av. Conde Ribeiro do Valle, 543, Centro",37830026,https://all.accor.com/hotel/A044/index.fr.shtml,catalog_api,brazil,IBIS GUAXUPE,GUAXUPE,brazil,Brésil,americas,missing
3264,3264,ibis Sao Carlos,IBH,IBIS,SAO CARLOS,Brésil,"Avenida Passeio dos ipes 140, Parque Faber",13561-385,https://all.accor.com/hotel/3264/index.fr.shtml,catalog_api,brazil,IBIS SAO CARLOS,SAO CARLOS,brazil,Brésil,americas,missing
B8E2,B8E2,Ibis Jaú,IBH,IBIS,JAU,Brésil,Avenida Deputado Zien Nassif 470,17204-350,https://all.accor.com/hotel/B8E2/index.fr.shtml,catalog_api,brazil,IBIS JAU,JAU,brazil,Brésil,americas,missing
A0Y5,A0Y5,ibis Nova Serrana,IBH,IBIS,NOVA SERRANA,Brésil,,35519000,https://all.accor.com/hotel/A0Y5/index.fr.shtml,catalog_api,brazil,IBIS NOVA SERRANA,NOVA SERRANA,brazil,Brésil,americas,missing
B6V7,B6V7,Novotel Lencois Paulista,NOV,NOVOTEL,LENCOIS PAULISTA,Brésil,"Av Mal. Cast. Branco, 60, Jardim Ubirama",18683430,https://all.accor.com/hotel/B6V7/index.fr.shtml,catalog_api,brazil,NOVOTEL LENCOIS PAULISTA,LENCOIS PAULISTA,brazil,Brésil,americas,missing
B5R1,B5R1,ibis Styles Poços de Caldas,IBS,IBIS STYLES,POÇOS DE CALDAS,Brésil,Rua Pernambuco 280,37701021,https://all.accor.com/hotel/B5R1/index.fr.shtml,catalog_api,brazil,IBIS STYLES POCOS DE CALDAS,POCOS DE CALDAS,brazil,Brésil,americas,missing
A0G9,A0G9,ibis Styles Itauna,IBS,IBIS STYLES,ITAUNA,Brésil,"Rua Silvio De Matos 177, Bairro Cerqueira Lima",35680360,https://all.accor.com/hotel/A0G9/index.fr.shtml,catalog_api,brazil,IBIS STYLES ITAUNA,ITAUNA,brazil,Brésil,americas,missing
B681,B681,ibis Styles Confins Airport,IBS,IBIS STYLES,LAGOA SANTA,Brésil,,33400-000,https://all.accor.com/hotel/B681/index.fr.shtml,catalog_api,brazil,IBIS STYLES CONFINS AIRPORT,LAGOA SANTA,brazil,Brésil,americas,missing
C2T1,C2T1,ibis Mogi Guaçu Shopping,IBH,IBIS,MOGI GUACU,Brésil,"Avenida Mogi Mirim 211, Centro",13844-110,https://all.accor.com/hotel/C2T1/index.fr.shtml,catalog_api,brazil,IBIS MOGI GUACU SHOPPING,MOGI GUACU,brazil,Brésil,americas,missing
B9Y6,B9Y6,TRIBE Belo Horizonte Savassi,TRI,TRIBE,BELO HORIZONTE,Brésil,"Rua da Bahia 2200, Lourdes",30160-019,https://all.accor.com/hotel/B9Y6/index.fr.shtml,catalog_api,brazil,TRIBE BELO HORIZONTE SAVASSI,BELO HORIZONTE,brazil,Brésil,americas,missing
B544,B544,ibis Lavras,IBH,IBIS,LAVRAS,Brésil,"AV TOTONHO REZENDE 350, Serra Verde",37200000,https://all.accor.com/hotel/B544/index.fr.shtml,catalog_api,brazil,IBIS LAVRAS,LAVRAS,brazil,Brésil,americas,missing
C0V8,C0V8,ibis Styles Campinas Alphaville,IBS,IBIS STYLES,CAMPINAS,Brésil,,13098320,https://all.accor.com/hotel/C0V8/index.fr.shtml,catalog_api,brazil,IBIS STYLES CAMPINAS ALPHAVILLE,CAMPINAS,brazil,Brésil,americas,missing
9399,9399,Novotel Itu Terras de São José Golf & Resort,NOV,NOVOTEL,ITU,Brésil,"Al. São Paulo Golf, sans numéro, Terras De São Jose I",13306440,https://all.accor.com/hotel/9399/index.fr.shtml,catalog_api,brazil,NOVOTEL ITU TERRAS DE SAO JOSE GOLF RESORT,ITU,brazil,Brésil,americas,missing
B0V0,B0V0,ibis Styles Sorocaba Santa Rosalia,IBS,IBIS STYLES,SOROCABA,Brésil,"Avenida Dom Aguirre, 3065, Jardim Santa Rosalia",18081029,https://all.accor.com/hotel/B0V0/index.fr.shtml,catalog_api,brazil,IBIS STYLES SOROCABA SANTA ROSALIA,SOROCABA,brazil,Brésil,americas,missing
B2W0,B2W0,ibis budget Capão Bonito,IBB,IBIS BUDGET,CAPAO BONITO,Brésil,"Rua Yoiti Ikeda, 300",18305485,https://all.accor.com/hotel/B2W0/index.fr.shtml,catalog_api,brazil,IBIS BUDGET CAPAO BONITO,CAPAO BONITO,brazil,Brésil,americas,missing
2211,2211,Ibis Sao Paulo Barra Funda,IBH,IBIS,SAO PAULO,Brésil,"Rua Eduardo Viana 163, BARRA FUNDA",01133040,https://all.accor.com/hotel/2211/index.fr.shtml,catalog_api,brazil,IBIS SAO PAULO BARRA FUNDA,SAO PAULO,brazil,Brésil,americas,missing
B727,B727,Ibis Budget Guarulhos Airport,IBB,IBIS BUDGET,GUARULHOS,Brésil,"Avenida Lauro de Gusmão Silveira, 1125, Pq Ind do Jardim Sao Geraldo",07140-010,https://all.accor.com/hotel/B727/index.fr.shtml,catalog_api,brazil,IBIS BUDGET GUARULHOS AIRPORT,GUARULHOS,brazil,Brésil,americas,missing
5021,5021,ibis Guarulhos,IBH,IBIS,GUARULHOS,Brésil,"R. General Osorio 19, Centro, Guarulhos - SP",07024000,https://all.accor.com/hotel/5021/index.fr.shtml,catalog_api,brazil,IBIS GUARULHOS,GUARULHOS,brazil,Brésil,americas,missing
5524,5524,ibis budget SP Centro São João,IBB,IBIS BUDGET,SÃO PAULO,Brésil,"Avenida Sao João, 1140, Centro",01036100,https://all.accor.com/hotel/5524/index.fr.shtml,catalog_api,brazil,IBIS BUDGET SP CENTRO SAO JOAO,SAO PAULO,brazil,Brésil,americas,missing
B5N9,B5N9,IBIS STYLES SP DOWNTOWN,IBS,IBIS STYLES,SAO PAULO,Brésil,,01026-000,https://all.accor.com/hotel/B5N9/index.fr.shtml,catalog_api,brazil,IBIS STYLES SP DOWNTOWN,SAO PAULO,brazil,Brésil,americas,missing
A1B6,A1B6,ibis Styles SP Faria Lima,IBS,IBIS STYLES,SAO PAULO,Brésil,"Rua Tavares Cabral 61, Pinheiros",5423030,https://all.accor.com/hotel/A1B6/index.fr.shtml,catalog_api,brazil,IBIS STYLES SP FARIA LIMA,SAO PAULO,brazil,Brésil,americas,missing
C6U2,C6U2,Grand Mercure São Paulo Pinheiros,MEI,GRAND MERCURE,SAO PAULO,Brésil,"AV REBOUCAS 2636, Pinheiros",05402-400,https://all.accor.com/hotel/C6U2/index.fr.shtml,catalog_api,brazil,GRAND MERCURE SAO PAULO PINHEIROS,SAO PAULO,brazil,Brésil,americas,missing
3467,3467,Mercure Sao Paulo Jardins,MER,MERCURE,SAO PAULO,Brésil,"Alameda Itu 1151, At Rua Augusta, JARDINS",01421001,https://all.accor.com/hotel/3467/index.fr.shtml,catalog_api,brazil,MERCURE SAO PAULO JARDINS,SAO PAULO,brazil,Brésil,americas,missing
B8P3,B8P3,Novotel São Paulo Jardins,NOV,NOVOTEL,SÃO PAULO,Brésil,"Alameda Campinas, 1435, Paulista Garden",01404002,https://all.accor.com/hotel/B8P3/index.fr.shtml,catalog_api,brazil,NOVOTEL SAO PAULO JARDINS,SAO PAULO,brazil,Brésil,americas,missing
B288,B288,Grand Mercure SP Itaim Bibi,MEI,GRAND MERCURE,SAO PAULO,Brésil,"Rua Tenente Negrao, 200, Itaim Bibi",04530030,https://all.accor.com/hotel/B288/index.fr.shtml,catalog_api,brazil,GRAND MERCURE SP ITAIM BIBI,SAO PAULO,brazil,Brésil,americas,missing
B2J4,B2J4,Mercure São Paulo Grand Plaza Paulista,MER,MERCURE,SAO PAULO,Brésil,"Rua Leoncio De Carvalho, 201",04003010,https://all.accor.com/hotel/B2J4/index.fr.shtml,catalog_api,brazil,MERCURE SAO PAULO GRAND PLAZA PAULISTA,SAO PAULO,brazil,Brésil,americas,missing
A0H3,A0H3,Ibis Arujá,IBH,IBIS,ARUJÁ,Brésil,,07400405,https://all.accor.com/hotel/A0H3/index.fr.shtml,catalog_api,brazil,IBIS ARUJA,ARUJA,brazil,Brésil,americas,missing
3538,3538,Mercure Sao Paulo Moema,MER,MERCURE,SAO PAULO,Brésil,"Avenida Lavandisca,  365, Moema",04515010,https://all.accor.com/hotel/3538/index.fr.shtml,catalog_api,brazil,MERCURE SAO PAULO MOEMA,SAO PAULO,brazil,Brésil,americas,missing
A7V9,A7V9,ibis Styles Taubate,IBS,IBIS STYLES,TAUBATE,Brésil,"Virgilio Cardoso Pinna 8043, Piracangagua II",12092774,https://all.accor.com/hotel/A7V9/index.fr.shtml,catalog_api,brazil,IBIS STYLES TAUBATE,TAUBATE,brazil,Brésil,americas,missing
B445,B445,Ibis Budget São Caetano,IBB,IBIS BUDGET,SÃO CAETANO DO SUL,Brésil,,09550-250,https://all.accor.com/hotel/B445/index.fr.shtml,catalog_api,brazil,IBIS BUDGET SAO CAETANO,SAO CAETANO DO SUL,brazil,Brésil,americas,missing
B0H6,B0H6,Ibis Styles Vitória da Conquista,IBS,IBIS STYLES,VITORIA DA CONQUISTA,Brésil,"Av Luis Eduardo Magalhaes 180, Esplanada Do Parque, Qd 02",45026-000,https://all.accor.com/hotel/B0H6/index.fr.shtml,catalog_api,brazil,IBIS STYLES VITORIA DA CONQUISTA,VITORIA DA CONQUISTA,brazil,Brésil,americas,missing
A487,A487,Ibis Ponta Grossa,IBH,IBIS,PONTA GROSSA,Brésil,,84010350,https://all.accor.com/hotel/A487/index.fr.shtml,catalog_api,brazil,IBIS PONTA GROSSA,PONTA GROSSA,brazil,Brésil,americas,missing
B0H5,B0H5,IBIS GUARAPUAVA,IBH,IBIS,GUARAPUAVA,Brésil,"Av Prof Laura Pacheco Bastos 413, Cidade dos Lagos",85010000,https://all.accor.com/hotel/B0H5/index.fr.shtml,catalog_api,brazil,IBIS GUARAPUAVA,GUARAPUAVA,brazil,Brésil,americas,missing
B8P5,B8P5,Grand Mercure Curitiba Rayon,MEI,GRAND MERCURE,CURITIBA,Brésil,"Rua Visconde de Nacar 1424, Centro",80410-201,https://all.accor.com/hotel/B8P5/index.fr.shtml,catalog_api,brazil,GRAND MERCURE CURITIBA RAYON,CURITIBA,brazil,Brésil,americas,missing
5519,5519,ibis budget Curitiba Centro,IBB,IBIS BUDGET,CURITIBA,Brésil,"Rua Mariano Torres 927, Centro",80060120,https://all.accor.com/hotel/5519/index.fr.shtml,catalog_api,brazil,IBIS BUDGET CURITIBA CENTRO,CURITIBA,brazil,Brésil,americas,missing
B1Z5,B1Z5,Ibis Styles Foz do Iguaçu,IBS,IBIS STYLES,FOZ DO IGUACU,Brésil,"Av. José Maria de Brito, 1085",85863-730,https://all.accor.com/hotel/B1Z5/index.fr.shtml,catalog_api,brazil,IBIS STYLES FOZ DO IGUACU,FOZ DO IGUACU,brazil,Brésil,americas,missing
7380,7380,ibis Foz Do Iguacu,IBH,IBIS,FOZ DO IGUACU,Brésil,"Rua Almirante Barroso 866, Centro",85851010,https://all.accor.com/hotel/7380/index.fr.shtml,catalog_api,brazil,IBIS FOZ DO IGUACU,FOZ DO IGUACU,brazil,Brésil,americas,missing
B608,B608,Ibis Styles Curitiba Airport,IBS,IBIS STYLES,SÃO JOSÉ DOS PINHAIS,Brésil,"Avenida Rocha Pombo, 2600",83005430,https://all.accor.com/hotel/B608/index.fr.shtml,catalog_api,brazil,IBIS STYLES CURITIBA AIRPORT,SAO JOSE DOS PINHAIS,brazil,Brésil,americas,missing
A1X5,A1X5,Santa Teresa Hotel in Rio - MGallery Collection,MGA,MGALLERY,RIO DE JANEIRO,Brésil,Rua Almirante Alexandrino 660,20241260,https://all.accor.com/hotel/A1X5/index.fr.shtml,catalog_api,brazil,SANTA TERESA HOTEL IN RIO MGALLERY COLLECTION,RIO DE JANEIRO,brazil,Brésil,americas,missing
B467,B467,JO&JOE Rio de Janeiro Largo do Boticário,JOE,JO&JOE,RIO DE JANEIRO,Brésil,"Beco do Boticario, 26, Cosme Velho",22241120,https://all.accor.com/hotel/B467/index.fr.shtml,catalog_api,brazil,JO JOE RIO DE JANEIRO LARGO DO BOTICARIO,RIO DE JANEIRO,brazil,Brésil,americas,missing
B290,B290,Pullman RJ São Conrado (en rénovation),PUL,PULLMAN,RIO DE JANEIRO,Brésil,"Avenida Aquarela Do Brasil, 75",22610010,https://all.accor.com/hotel/B290/index.fr.shtml,catalog_api,brazil,PULLMAN RJ SAO CONRADO EN RENOVATION,RIO DE JANEIRO,brazil,Brésil,americas,missing
B2Z6,B2Z6,Ibis Styles RJ Botafogo,IBS,IBIS STYLES,RIO DE JANEIRO,Brésil,"Rua Sao Clemente 30, Botafogo",22260000,https://all.accor.com/hotel/B2Z6/index.fr.shtml,catalog_api,brazil,IBIS STYLES RJ BOTAFOGO,RIO DE JANEIRO,brazil,Brésil,americas,missing
B215,B215,Mercure Rio Boutique Copacabana,MER,MERCURE,RIO DE JANEIRO,Brésil,"Avenida Atlantica, 2554, 2554, Copacabana",22041001,https://all.accor.com/hotel/B215/index.fr.shtml,catalog_api,brazil,MERCURE RIO BOUTIQUE COPACABANA,RIO DE JANEIRO,brazil,Brésil,americas,missing
B292,B292,Grand Mercure Rio de Janeiro Copacabana,MEI,GRAND MERCURE,RIO DE JANEIRO,Brésil,"48 Rua Souza Lima, Copacabana",22070001,https://all.accor.com/hotel/B292/index.fr.shtml,catalog_api,brazil,GRAND MERCURE RIO DE JANEIRO COPACABANA,RIO DE JANEIRO,brazil,Brésil,americas,missing
B205,B205,Novotel Rio de Janeiro Leme,NOV,NOVOTEL,RIO DE JANEIRO,Brésil,"Rua Gustavo Sampaio, 320",22010010,https://all.accor.com/hotel/B205/index.fr.shtml,catalog_api,brazil,NOVOTEL RIO DE JANEIRO LEME,RIO DE JANEIRO,brazil,Brésil,americas,missing
B8Z1,B8Z1,Ibis Styles Petrolina,IBS,IBIS STYLES,PETROLINA,Brésil,"Avenida Cardoso de Sá 377, Bairro Centro",56302-110,https://all.accor.com/hotel/B8Z1/index.fr.shtml,catalog_api,brazil,IBIS STYLES PETROLINA,PETROLINA,brazil,Brésil,americas,missing
A010,A010,ibis Styles Sao Mateus,IBS,IBIS STYLES,SAO MATEUS,Brésil,"Rod Governador Mario Covas 335, Km 67, Morada Do Ribeirao",29936450,https://all.accor.com/hotel/A010/index.fr.shtml,catalog_api,brazil,IBIS STYLES SAO MATEUS,SAO MATEUS,brazil,Brésil,americas,missing
C3P8,C3P8,Ibis Styles Macaé,IBS,IBIS STYLES,MACAÉ,Brésil,Avenida Atlântica,27920-325,https://all.accor.com/hotel/C3P8/index.fr.shtml,catalog_api,brazil,IBIS STYLES MACAE,MACAE,brazil,Brésil,americas,missing
9362,9362,ibis Chapeco,IBH,IBIS,CHAPECO,Brésil,"Avenida Sao Pedro 2300E, Engenho Braun",89809440,https://all.accor.com/hotel/9362/index.fr.shtml,catalog_api,brazil,IBIS CHAPECO,CHAPECO,brazil,Brésil,americas,missing
B1F1,B1F1,ibis budget Navegantes Itajaí,IBB,IBIS BUDGET,ITAJAI,Brésil,"Avenida Vereador Abrahao, Joao Francisco 587, Centro",88302-101,https://all.accor.com/hotel/B1F1/index.fr.shtml,catalog_api,brazil,IBIS BUDGET NAVEGANTES ITAJAI,ITAJAI,brazil,Brésil,americas,missing
A7F9,A7F9,Ibis Budget Balneario Camboriu,IBB,IBIS BUDGET,BALNEARIO CAMBORIU,Brésil,Rua 1131 n 345,88330000,https://all.accor.com/hotel/A7F9/index.fr.shtml,catalog_api,brazil,IBIS BUDGET BALNEARIO CAMBORIU,BALNEARIO CAMBORIU,brazil,Brésil,americas,missing
B726,B726,ibis Plaza Balneario Camboriu,IBH,IBIS,BALNEÁRIO CAMBORIÚ,Brésil,"Rua: 1131, No. 345., Centro",88330-7209,https://all.accor.com/hotel/B726/index.fr.shtml,catalog_api,brazil,IBIS PLAZA BALNEARIO CAMBORIU,BALNEARIO CAMBORIU,brazil,Brésil,americas,missing
B275,B275,Novotel Salvador Rio Vermelho,NOV,NOVOTEL,SALVADOR,Brésil,"Rua Monte Conselho 505, Rio Vermelho",41940370,https://all.accor.com/hotel/B275/index.fr.shtml,catalog_api,brazil,NOVOTEL SALVADOR RIO VERMELHO,SALVADOR,brazil,Brésil,americas,missing
B8G4,B8G4,Conect Smart Salvador by Accor,IBB,IBIS BUDGET,SALVADOR,Brésil,"Ruas das Alfazemas, 752, Caminho das Árvores",41820710,https://all.accor.com/hotel/B8G4/index.fr.shtml,catalog_api,brazil,CONECT SMART SALVADOR BY ACCOR,SALVADOR,brazil,Brésil,americas,missing
B1Z6,B1Z6,Ibis Styles Belém Batista Campos,IBS,IBIS STYLES,BELEM,Brésil,"Travessa Presidente Pernambuco, 116, Bairro Batista Campos",66015200,https://all.accor.com/hotel/B1Z6/index.fr.shtml,catalog_api,brazil,IBIS STYLES BELEM BATISTA CAMPOS,BELEM,brazil,Brésil,americas,missing
B9K8,B9K8,Ibis Styles Belem do Pará,IBS,IBIS STYLES,BELÉM,Brésil,"Avenida Gentil Bittencourt 85, Batista Campos",66105140,https://all.accor.com/hotel/B9K8/index.fr.shtml,catalog_api,brazil,IBIS STYLES BELEM DO PARA,BELEM,brazil,Brésil,americas,missing
A7P1,A7P1,Grand Mercure Belém do Pará,MEI,GRAND MERCURE,BELEM,Brésil,Av Nazare 375,66035115,https://all.accor.com/hotel/A7P1/index.fr.shtml,catalog_api,brazil,GRAND MERCURE BELEM DO PARA,BELEM,brazil,Brésil,americas,missing
B1Z9,B1Z9,Ibis Styles Belém Nazaré,IBS,IBIS STYLES,BELEM,Brésil,"Av Nossa Senhora De Nazare, 569, Bairro Nazare",66035135,https://all.accor.com/hotel/B1Z9/index.fr.shtml,catalog_api,brazil,IBIS STYLES BELEM NAZARE,BELEM,brazil,Brésil,americas,missing
B203,B203,Mercure Belem Boulevard,MER,MERCURE,BELEM,Brésil,"Trav Dom Romualdo De Seixas, 1560, Umarizal",66055200,https://all.accor.com/hotel/B203/index.fr.shtml,catalog_api,brazil,MERCURE BELEM BOULEVARD,BELEM,brazil,Brésil,americas,missing
B9K6,B9K6,Ibis Styles Belem Hangar,IBS,IBIS STYLES,BELEM,Brésil,"Avenida Duque de Caxias 1538, Marco",66093030,https://all.accor.com/hotel/B9K6/index.fr.shtml,catalog_api,brazil,IBIS STYLES BELEM HANGAR,BELEM,brazil,Brésil,americas,missing
A0H2,A0H2,ibis Erechim,IBH,IBIS,ERECHIM,Brésil,"Rua Carlos Miranda, 71",99709-292,https://all.accor.com/hotel/A0H2/index.fr.shtml,catalog_api,brazil,IBIS ERECHIM,ERECHIM,brazil,Brésil,americas,missing
3221,3221,ibis Manaus Distrito Industrial,IBH,IBIS,MANAUS,Brésil,"Avenida Mandii  4, Distrito Industrial",69075140,https://all.accor.com/hotel/3221/index.fr.shtml,catalog_api,brazil,IBIS MANAUS DISTRITO INDUSTRIAL,MANAUS,brazil,Brésil,americas,missing
C1D3,C1D3,ibis Styles Manaus,IBS,IBIS STYLES,MANAUS,Brésil,"R. Monsenhor Coutinho 560, Centro",69010110,https://all.accor.com/hotel/C1D3/index.fr.shtml,catalog_api,brazil,IBIS STYLES MANAUS,MANAUS,brazil,Brésil,americas,missing
B5A2,B5A2,ibis Tubarão,IBH,IBIS,TUBARÃO,Brésil,"Rua Paraguai 145, Vila Moema",88705350,https://all.accor.com/hotel/B5A2/index.fr.shtml,catalog_api,brazil,IBIS TUBARAO,TUBARAO,brazil,Brésil,americas,missing
A8F7,A8F7,Novotel Criciuma,NOV,NOVOTEL,CRICIUMA,Brésil,"Av. Jorge Elias de Lucques, 599, Notre-Dame de La Salette",88813390,https://all.accor.com/hotel/A8F7/index.fr.shtml,catalog_api,brazil,NOVOTEL CRICIUMA,CRICIUMA,brazil,Brésil,americas,missing
B8W9,B8W9,Ibis Serra Talhada,IBH,IBIS,SERRA TALHADA,Brésil,"AV DUQUE DE GODOY SOUSA, 01 NOSSA SRA DA PENHA",56903525,https://all.accor.com/hotel/B8W9/index.fr.shtml,catalog_api,brazil,IBIS SERRA TALHADA,SERRA TALHADA,brazil,Brésil,americas,missing
A0G6,A0G6,ibis Igrejinha,IBH,IBIS,IGREJINHA,Brésil,"Av Pres Tancredo De A Neves, 5650",95650000,https://all.accor.com/hotel/A0G6/index.fr.shtml,catalog_api,brazil,IBIS IGREJINHA,IGREJINHA,brazil,Brésil,americas,missing
B9I8,B9I8,Ibis Arcoverde,IBH,IBIS,ARCOVERDE,Brésil,"Rua JC Monteiro do Amorim, SN",56511130,https://all.accor.com/hotel/B9I8/index.fr.shtml,catalog_api,brazil,IBIS ARCOVERDE,ARCOVERDE,brazil,Brésil,americas,missing
B609,B609,ibis Styles Porto Alegre Moinhos de Vento,IBS,IBIS STYLES,PORTO ALEGRE,Brésil,"Rua 24 de Outubro, 1513, Auxiliadora",90510003,https://all.accor.com/hotel/B609/index.fr.shtml,catalog_api,brazil,IBIS STYLES PORTO ALEGRE MOINHOS DE VENTO,PORTO ALEGRE,brazil,Brésil,americas,missing
B9Y0,B9Y0,Manhattan Porto Alegre by Mercure,MER,MERCURE,PORTO ALEGRE,Brésil,,90430060,https://all.accor.com/hotel/B9Y0/index.fr.shtml,catalog_api,brazil,MANHATTAN PORTO ALEGRE BY MERCURE,PORTO ALEGRE,brazil,Brésil,americas,missing
B760,B760,ibis Styles Garanhuns,IBS,IBIS STYLES,GARANHUNS,Brésil,"Rua Francisco Gueiros, SN, Heliópolis",55296930,https://all.accor.com/hotel/B760/index.fr.shtml,catalog_api,brazil,IBIS STYLES GARANHUNS,GARANHUNS,brazil,Brésil,americas,missing
B0H9,B0H9,Ibis Styles Maceió Pajuçara,IBS,IBIS STYLES,MACEIÓ,Brésil,Av Dr Antonio Gouveia 901,57030170,https://all.accor.com/hotel/B0H9/index.fr.shtml,catalog_api,brazil,IBIS STYLES MACEIO PAJUCARA,MACEIO,brazil,Brésil,americas,missing
B1F2,B1F2,ibis Caucaia Porto do Pecém,IBH,IBIS,CAUCAIA,Brésil,"Rodovia Estruturante, CE 085, KM 27, Cauipe",61637012,https://all.accor.com/hotel/B1F2/index.fr.shtml,catalog_api,brazil,IBIS CAUCAIA PORTO DO PECEM,CAUCAIA,brazil,Brésil,americas,missing
B669,B669,ibis CARUARU,IBH,IBIS,CARUARU,Brésil,"R. Dep. Souto Filho, 111, Maurício de Nassau",55012-310,https://all.accor.com/hotel/B669/index.fr.shtml,catalog_api,brazil,IBIS CARUARU,CARUARU,brazil,Brésil,americas,missing
C2Z2,C2Z2,ibis Styles Fortaleza Giga Mall,IBS,IBIS STYLES,FORTALEZA,Brésil,Rue José Hipólito,60871-170,https://all.accor.com/hotel/C2Z2/index.fr.shtml,catalog_api,brazil,IBIS STYLES FORTALEZA GIGA MALL,FORTALEZA,brazil,Brésil,americas,missing
B858,B858,Ibis Styles Maragogi,IBS,IBIS STYLES,MARAGOGI,Brésil,"Rodovia AL 101 Norte,  993",57955000,https://all.accor.com/hotel/B858/index.fr.shtml,catalog_api,brazil,IBIS STYLES MARAGOGI,MARAGOGI,brazil,Brésil,americas,missing
B6N3,B6N3,Ibis Pelotas,IBH,IBIS,PELOTAS,Brésil,"Avenida Dom Joaquim 1458, Tres Vendas",96020260,https://all.accor.com/hotel/B6N3/index.fr.shtml,catalog_api,brazil,IBIS PELOTAS,PELOTAS,brazil,Brésil,americas,missing
A0T0,A0T0,ibis budget Recife Jaboatão,IBB,IBIS BUDGET,JABOATÃO DOS GUARARAPES,Brésil,"Rua Coronel Francisco Galvão 159, Piedade",54400-140,https://all.accor.com/hotel/A0T0/index.fr.shtml,catalog_api,brazil,IBIS BUDGET RECIFE JABOATAO,JABOATAO DOS GUARARAPES,brazil,Brésil,americas,missing
B8N0,B8N0,Novotel de Recife Marina,NOV,NOVOTEL,RECIFE,Brésil,"Santa Rita Pier 46, Bairro São José, 50020455",50020455,https://all.accor.com/hotel/B8N0/index.fr.shtml,catalog_api,brazil,NOVOTEL DE RECIFE MARINA,RECIFE,brazil,Brésil,americas,missing
B306,B306,Ibis Styles Boa Vista,IBS,IBIS STYLES,BOA VISTA,Brésil,Av Joao De Alencar 2315,69311137,https://all.accor.com/hotel/B306/index.fr.shtml,catalog_api,brazil,IBIS STYLES BOA VISTA,BOA VISTA,brazil,Brésil,americas,missing
A029,A029,Mercure Santa Rosa La Pampa,MER,MERCURE,SANTA ROSA,Argentine,"Av Santiago Marzo N 25, Interseccion Ruta 5 Y 35",L6300BCS,https://all.accor.com/hotel/A029/index.fr.shtml,catalog_api,argentina,MERCURE SANTA ROSA LA PAMPA,SANTA ROSA,argentina,Argentine,americas,missing
B1R7,B1R7,Palladio Hotel Buenos Aires - MGallery Collection,MGA,MGALLERY,BUENOS AIRES,Argentine,Avenida Callao 924,C1023AAP,https://all.accor.com/hotel/B1R7/index.fr.shtml,catalog_api,argentina,PALLADIO HOTEL BUENOS AIRES MGALLERY COLLECTION,BUENOS AIRES,argentina,Argentine,americas,missing
B723,B723,SLS BUENOS AIRES PUERTO MADERO,SLS,SLS,BUENOS AIRES,Argentine,"JUANA MANSO, 1725, Puerto Madero",C1107CHI,https://all.accor.com/hotel/B723/index.fr.shtml,catalog_api,argentina,SLS BUENOS AIRES PUERTO MADERO,BUENOS AIRES,argentina,Argentine,americas,missing
B8G3,B8G3,Faena Buenos Aires,FAE,FAE,CIUDAD AUTONOMA BUENOS AIRES,Argentine,"MARTHA SALOTTI, 445, Puerto Madero",C1107CMB,https://all.accor.com/hotel/B8G3/index.fr.shtml,catalog_api,argentina,FAENA BUENOS AIRES,CIUDAD AUTONOMA BUENOS AIRES,argentina,Argentine,americas,missing
B2V8,B2V8,ibis Styles Buenos Aires Florida,IBS,IBIS STYLES,BUENOS AIRES,Argentine,,1043,https://all.accor.com/hotel/B2V8/index.fr.shtml,catalog_api,argentina,IBIS STYLES BUENOS AIRES FLORIDA,BUENOS AIRES,argentina,Argentine,americas,missing
C4N6,C4N6,Park Royal Buenos Aires managed by Accor,SAM,SAM,BUENOS AIRES,Argentine,"Suipacha 1092, C1008AAV",1008,https://all.accor.com/hotel/C4N6/index.fr.shtml,catalog_api,argentina,PARK ROYAL BUENOS AIRES MANAGED BY ACCOR,BUENOS AIRES,argentina,Argentine,americas,missing
B8I7,B8I7,Mercure Rosario,MER,MERCURE,ROSARIO,Argentine,Boulevard Rondeau 101,2000,https://all.accor.com/hotel/B8I7/index.fr.shtml,catalog_api,argentina,MERCURE ROSARIO,ROSARIO,argentina,Argentine,americas,missing
C2M2,C2M2,ibis Puerto General San Martin,IBH,IBIS,PUERTO GENERAL SAN MARTIN,Argentine,El espinillo,2202,https://all.accor.com/hotel/C2M2/index.fr.shtml,catalog_api,argentina,IBIS PUERTO GENERAL SAN MARTIN,PUERTO GENERAL SAN MARTIN,argentina,Argentine,americas,missing
A092,A092,Novotel Santiago Providencia,NOV,NOVOTEL,SANTIAGO,Chili,"Avenida Holanda, 222, Providencia",7510084,https://all.accor.com/hotel/A092/index.fr.shtml,catalog_api,chile,NOVOTEL SANTIAGO PROVIDENCIA,SANTIAGO,chile,Chili,americas,missing
B461,B461,Pullman Santiago El Bosque,PUL,PULLMAN,SANTIAGO,Chili,Roger De Flor 2770 Las Condes,7550000,https://all.accor.com/hotel/B461/index.fr.shtml,catalog_api,chile,PULLMAN SANTIAGO EL BOSQUE,SANTIAGO,chile,Chili,americas,missing
B470,B470,Pullman Santiago Vitacura,PUL,PULLMAN,SANTIAGO,Chili,Av Vitacura 3201 Vitacura,7630578,https://all.accor.com/hotel/B470/index.fr.shtml,catalog_api,chile,PULLMAN SANTIAGO VITACURA,SANTIAGO,chile,Chili,americas,missing
B469,B469,Novotel Santiago Las Condes,NOV,NOVOTEL,SANTIAGO,Chili,"Av Alonso de Cordova 5199, Las Condes",7560873,https://all.accor.com/hotel/B469/index.fr.shtml,catalog_api,chile,NOVOTEL SANTIAGO LAS CONDES,SANTIAGO,chile,Chili,americas,missing
B463,B463,Pullman Viña del Mar San Martín,PUL,PULLMAN,VIÑA DEL MAR,Chili,Av San martin 667,2520096,https://all.accor.com/hotel/B463/index.fr.shtml,catalog_api,chile,PULLMAN VINA DEL MAR SAN MARTIN,VINA DEL MAR,chile,Chili,americas,missing
C0I8,C0I8,Novotel Puerto Montt,NOV,NOVOTEL,PUERTO MONTT,Chili,,123245,https://all.accor.com/hotel/C0I8/index.fr.shtml,catalog_api,chile,NOVOTEL PUERTO MONTT,PUERTO MONTT,chile,Chili,americas,missing
B5W1,B5W1,Novotel Arica,NOV,NOVOTEL,ARICA,Chili,,100000,https://all.accor.com/hotel/B5W1/index.fr.shtml,catalog_api,chile,NOVOTEL ARICA,ARICA,chile,Chili,americas,missing
B429,B429,ibis Budget Bogota Marly,IBB,IBIS BUDGET,BOGOTA,Colombie,"CARRERA 8, 49",110231,https://all.accor.com/hotel/B429/index.fr.shtml,catalog_api,colombia,IBIS BUDGET BOGOTA MARLY,BOGOTA,colombia,Colombie,americas,missing
A535,A535,Mercure Bogotá BH Zona Financiera,MER,MERCURE,BOGOTA,Colombie,Carrera 7 65 01,110231,https://all.accor.com/hotel/A535/index.fr.shtml,catalog_api,colombia,MERCURE BOGOTA BH ZONA FINANCIERA,BOGOTA,colombia,Colombie,americas,missing
A536,A536,Mercure Bogotá bh Retiro,MER,MERCURE,BOGOTA,Colombie,Av Cll 80 no 10-11,110221,https://all.accor.com/hotel/A536/index.fr.shtml,catalog_api,colombia,MERCURE BOGOTA BH RETIRO,BOGOTA,colombia,Colombie,americas,missing
B471,B471,Mercure Bogotá Calle 100 (ex Atton),MER,MERCURE,BOGOTÁ,Colombie,Transv. 23 98 27 Chico N.,110010,https://all.accor.com/hotel/B471/index.fr.shtml,catalog_api,colombia,MERCURE BOGOTA CALLE 100 EX ATTON,BOGOTA,colombia,Colombie,americas,missing
B468,B468,Novotel Bogotá Parque 93 (Ex-Atton),NOV,NOVOTEL,BOGOTÁ,Colombie,,110111,https://all.accor.com/hotel/B468/index.fr.shtml,catalog_api,colombia,NOVOTEL BOGOTA PARQUE 93 EX ATTON,BOGOTA,colombia,Colombie,americas,missing
B201,B201,ibis Chia,IBH,IBIS,CHIA,Colombie,,2500001,https://all.accor.com/hotel/B201/index.fr.shtml,catalog_api,colombia,IBIS CHIA,CHIA,colombia,Colombie,americas,missing
B465,B465,Novotel Medellín El Tesoro,NOV,NOVOTEL,MEDELLIN,Colombie,Cra 25 1 Sur 45 El Poblad,50022,https://all.accor.com/hotel/B465/index.fr.shtml,catalog_api,colombia,NOVOTEL MEDELLIN EL TESORO,MEDELLIN,colombia,Colombie,americas,missing
B206,B206,Ibis budget Medellín Itagüí Metro,IBB,IBIS BUDGET,ITAGÜI,Colombie,Calle 50 40 17,55413,https://all.accor.com/hotel/B206/index.fr.shtml,catalog_api,colombia,IBIS BUDGET MEDELLIN ITAGUI METRO,ITAGUI,colombia,Colombie,americas,missing
B780,B780,TRIBE Medellín,TRI,TRIBE,MEDELLIN,Colombie,"CARRERA 35, 10 75",50021,https://all.accor.com/hotel/B780/index.fr.shtml,catalog_api,colombia,TRIBE MEDELLIN,MEDELLIN,colombia,Colombie,americas,missing
C450,C450,ibis Styles Medellin Laureles,IBS,IBIS STYLES,MEDELLÍN,Colombie,,50030,https://all.accor.com/hotel/C450/index.fr.shtml,catalog_api,colombia,IBIS STYLES MEDELLIN LAURELES,MEDELLIN,colombia,Colombie,americas,missing
A0T1,A0T1,ibis Cali Granada,IBH,IBIS,CALI,Colombie,"Av 8 Norte 21 Norte 40, Quartier de Granada",760042,https://all.accor.com/hotel/A0T1/index.fr.shtml,catalog_api,colombia,IBIS CALI GRANADA,CALI,colombia,Colombie,americas,missing
A3X0,A3X0,ibis Cúcuta,IBH,IBIS,CUCUTA,Colombie,Avenida 0 14 68,540006,https://all.accor.com/hotel/A3X0/index.fr.shtml,catalog_api,colombia,IBIS CUCUTA,CUCUTA,colombia,Colombie,americas,missing
B047,B047,ibis Apartadó,IBH,IBIS,APARTADO,Colombie,Carrera 100 88 21,57841,https://all.accor.com/hotel/B047/index.fr.shtml,catalog_api,colombia,IBIS APARTADO,APARTADO,colombia,Colombie,americas,missing
B0P5,B0P5,Sofitel Barú Cartagena,SOF,SOFITEL,CARTAGENA,Colombie,"KM 7 Sector Cartagena, Departamento Bolivar, Baru",130017,https://all.accor.com/hotel/B0P5/index.fr.shtml,catalog_api,colombia,SOFITEL BARU CARTAGENA,CARTAGENA,colombia,Colombie,americas,missing
A232,A232,Hôtel Boutique Bovedas de Santa Clara By Accor,SAM,SAM,CARTAGENA,Colombie,"Cra 8 39 114, Barrio San Diego",130001,https://all.accor.com/hotel/A232/index.fr.shtml,catalog_api,colombia,HOTEL BOUTIQUE BOVEDAS DE SANTA CLARA BY ACCOR,CARTAGENA,colombia,Colombie,americas,missing
A015,A015,Ibis Budget Barranquilla,IBB,IBIS BUDGET,BARRANQUILLA,Colombie,Cra 50 Nr 84  82,80001,https://all.accor.com/hotel/A015/index.fr.shtml,catalog_api,colombia,IBIS BUDGET BARRANQUILLA,BARRANQUILLA,colombia,Colombie,americas,missing
B211,B211,ibis Styles Lima San Isidro,IBS,IBIS STYLES,LIMA,Pérou,"C/Micaela Bastidas 190, San Isidro",15047,https://all.accor.com/hotel/B211/index.fr.shtml,catalog_api,peru,IBIS STYLES LIMA SAN ISIDRO,LIMA,peru,Pérou,americas,missing
B462,B462,Pullman Lima San Isidro,PUL,PULLMAN,LIMA,Pérou,Av Jorge Basadre 595 San Isidro,15073,https://all.accor.com/hotel/B462/index.fr.shtml,catalog_api,peru,PULLMAN LIMA SAN ISIDRO,LIMA,peru,Pérou,americas,missing
A5B8,A5B8,Swissôtel Lima,SWI,SWISSÔTEL,LIMA,Pérou,"Av Santo Toribio 173, -Via Central 150 Centro, Empresarial Real san Isidro",15073,https://all.accor.com/hotel/A5B8/index.fr.shtml,catalog_api,peru,SWISSOTEL LIMA,LIMA,peru,Pérou,americas,missing
B4Y8,B4Y8,Manto Hotel Lima - MGallery Collection,MGA,MGALLERY,LIMA,Pérou,Calle Los Libertadores 490,15073,https://all.accor.com/hotel/B4Y8/index.fr.shtml,catalog_api,peru,MANTO HOTEL LIMA MGALLERY COLLECTION,LIMA,peru,Pérou,americas,missing
A9A3,A9A3,ibis Styles Lima Benavides Miraflores,IBS,IBIS STYLES,LIMA,Pérou,,1508,https://all.accor.com/hotel/A9A3/index.fr.shtml,catalog_api,peru,IBIS STYLES LIMA BENAVIDES MIRAFLORES,LIMA,peru,Pérou,americas,missing
A8F5,A8F5,ibis budget Lima Miraflores,IBB,IBIS BUDGET,LIMA,Pérou,"CALLE ALCANFORES 677, MIRAFLORES",LIMA 18,https://all.accor.com/hotel/A8F5/index.fr.shtml,catalog_api,peru,IBIS BUDGET LIMA MIRAFLORES,LIMA,peru,Pérou,americas,missing
B464,B464,Pullman Lima Miraflores,PUL,PULLMAN,LIMA,Pérou,Juan Fanning 515 - 525,15074,https://all.accor.com/hotel/B464/index.fr.shtml,catalog_api,peru,PULLMAN LIMA MIRAFLORES,LIMA,peru,Pérou,americas,missing
A8F4,A8F4,Ibis Trujillo,IBH,IBIS,TRUJILLO,Pérou,,13008,https://all.accor.com/hotel/A8F4/index.fr.shtml,catalog_api,peru,IBIS TRUJILLO,TRUJILLO,peru,Pérou,americas,missing
3254,3254,Novotel Cusco,NOV,NOVOTEL,CUSCO,Pérou,Calle San Augustin 239 -,08002,https://all.accor.com/hotel/3254/index.fr.shtml,catalog_api,peru,NOVOTEL CUSCO,CUSCO,peru,Pérou,americas,missing
