hotel_code_accor,hotel_code_norm,hotel_name,hotel_brand_code,hotel_brand,hotel_city,hotel_country,hotel_adresse,hotel_code_postal,url_hotel,source,source_query,hotel_name_norm,city_norm,country_slug,country_label,region,match_type
B644,B644,Ibis Lanzhou East Market Hotel,IBH,IBIS,LANZHOU,Chine,"No.2698 Donggang East Road, Chengguan District, Lanzhou City",730020,https://all.accor.com/hotel/B644/index.fr.shtml,catalog_api,china,IBIS LANZHOU EAST MARKET HOTEL,LANZHOU,china,Chine,asia,missing
B5Y5,B5Y5,ibis Styles Lanzhou Wulipu,IBS,IBIS STYLES,LANZHOU,Chine,"No.2698 Donggang East Road, Chengguan District, Lanzhou City",730000,https://all.accor.com/hotel/B5Y5/index.fr.shtml,catalog_api,china,IBIS STYLES LANZHOU WULIPU,LANZHOU,china,Chine,asia,missing
C244,C244,Mercure Lanzhou University Tianshui,MER,MERCURE,LANZHOU,Chine,"166 South Tianshui Road, Chengguan District",730030,https://all.accor.com/hotel/C244/index.fr.shtml,catalog_api,china,MERCURE LANZHOU UNIVERSITY TIANSHUI,LANZHOU,china,Chine,asia,missing
B2X9,B2X9,ibis Lanzhou Dongfanghong Plaza Hotel,IBH,IBIS,LANZHOU,Chine,"NO.276, Pingliang Road, Chengguan District",730000,https://all.accor.com/hotel/B2X9/index.fr.shtml,catalog_api,china,IBIS LANZHOU DONGFANGHONG PLAZA HOTEL,LANZHOU,china,Chine,asia,missing
B5S0,B5S0,Ibis Lanzhou Railway Bureau Hotel,IBH,IBIS,LANZHOU,Chine,"298 Democracy East Road, Chengguan District, Lanzhou City",730000,https://all.accor.com/hotel/B5S0/index.fr.shtml,catalog_api,china,IBIS LANZHOU RAILWAY BUREAU HOTEL,LANZHOU,china,Chine,asia,missing
B3B9,B3B9,Mercure Lanzhou Downtown,MER,MERCURE,LANZHOU,Chine,"No 5160 South Binhe Road, Chengguan District",730000,https://all.accor.com/hotel/B3B9/index.fr.shtml,catalog_api,china,MERCURE LANZHOU DOWNTOWN,LANZHOU,china,Chine,asia,missing
B7S4,B7S4,Mercure Lanzhou Dongfanghong,MER,MERCURE,LANZHOU,Chine,"No 4 6 Guangchang South Road, Chengguan District, Lanzhou Gansu Province",730000,https://all.accor.com/hotel/B7S4/index.fr.shtml,catalog_api,china,MERCURE LANZHOU DONGFANGHONG,LANZHOU,china,Chine,asia,missing
B645,B645,Ibis Lanzhou Square west entrance Hotel,IBH,IBIS,LANZHOU,Chine,"Lanzhou City, Gansu Province, Qingyang Road No. 19",730030,https://all.accor.com/hotel/B645/index.fr.shtml,catalog_api,china,IBIS LANZHOU SQUARE WEST ENTRANCE HOTEL,LANZHOU,china,Chine,asia,missing
B7D6,B7D6,Mercure Lanzhou Zhengning Road (ouverture décembre 2020),MER,MERCURE,LANZHOU,Chine,"No 11 South Yongchang Road, Chengguan District",730000,https://all.accor.com/hotel/B7D6/index.fr.shtml,catalog_api,china,MERCURE LANZHOU ZHENGNING ROAD OUVERTURE DECEMBRE 2020,LANZHOU,china,Chine,asia,missing
C0G4,C0G4,Mercure Lanzhou West,MER,MERCURE,LANZHOU,Chine,"87 Xinjin West Road, Qilihe District",730000,https://all.accor.com/hotel/C0G4/index.fr.shtml,catalog_api,china,MERCURE LANZHOU WEST,LANZHOU,china,Chine,asia,missing
B514,B514,Ibis Lanzhou West Railway Station Hotel,IBH,IBIS,LANZHOU,Chine,"No. 15 Building, Tianhe Yuan District, Lanxi Qilihe District",730050,https://all.accor.com/hotel/B514/index.fr.shtml,catalog_api,china,IBIS LANZHOU WEST RAILWAY STATION HOTEL,LANZHOU,china,Chine,asia,missing
B0Z9,B0Z9,ibis Lanzhou Peili Square Hotel,IBH,IBIS,LANZHOU,Chine,"No 43-5, Anning East road, Anning District",730070,https://all.accor.com/hotel/B0Z9/index.fr.shtml,catalog_api,china,IBIS LANZHOU PEILI SQUARE HOTEL,LANZHOU,china,Chine,asia,missing
B2Y6,B2Y6,Ibis Lanzhou Customs House Hotel,IBH,IBIS,LANZHOU,Chine,"No.240, South Wanxin Road, Anning District",730070,https://all.accor.com/hotel/B2Y6/index.fr.shtml,catalog_api,china,IBIS LANZHOU CUSTOMS HOUSE HOTEL,LANZHOU,china,Chine,asia,missing
B577,B577,Ibis Lanzhou Xigu Yumen Street Hotel,IBH,IBIS,LANZHOU,Chine,"598-9 Xigu Middle Road, Xigu District, Lanzhou City",730060,https://all.accor.com/hotel/B577/index.fr.shtml,catalog_api,china,IBIS LANZHOU XIGU YUMEN STREET HOTEL,LANZHOU,china,Chine,asia,missing
B496,B496,IBIS LANZHOU NEW AREAPCR,IBH,IBIS,YONGDENGXIANLANZHOU,Chine,,,https://all.accor.com/hotel/B496/index.fr.shtml,catalog_api,china,IBIS LANZHOU NEW AREAPCR,YONGDENGXIANLANZHOU,china,Chine,asia,missing
B8T3,B8T3,Mercure Tianshui Downtown,MER,MERCURE,TIANSHUI,Chine,Bldg6 Fortune Mansion Minshan Rd,741000,https://all.accor.com/hotel/B8T3/index.fr.shtml,catalog_api,china,MERCURE TIANSHUI DOWNTOWN,TIANSHUI,china,Chine,asia,missing
B2H5,B2H5,Ibis Pingliang Kongtong West road Hotel,IBH,IBIS,PINGLIANG,Chine,"No.17 West Kongtong Road, Kongtong District, Pingliang",744000,https://all.accor.com/hotel/B2H5/index.fr.shtml,catalog_api,china,IBIS PINGLIANG KONGTONG WEST ROAD HOTEL,PINGLIANG,china,Chine,asia,missing
B6D8,B6D8,Ibis Styles Xi'ning Railway Sta,IBS,IBIS STYLES,XINING,Chine,"No.88 Delingha Road, Chengdong District, Xining City Qinghai",810007,https://all.accor.com/hotel/B6D8/index.fr.shtml,catalog_api,china,IBIS STYLES XI NING RAILWAY STA,XINING,china,Chine,asia,missing
B698,B698,Mercure Xining Haihu CBD,MER,MERCURE,XINING,Chine,"NO 66 Wusi West Road, Haihu District",810000,https://all.accor.com/hotel/B698/index.fr.shtml,catalog_api,china,MERCURE XINING HAIHU CBD,XINING,china,Chine,asia,missing
B708,B708,Ibis Longnan Railway Station,IBH,IBIS,LONGNAN,Chine,"Dongjiang No.1 Road, Wudu District, Longnan City",746000,https://all.accor.com/hotel/B708/index.fr.shtml,catalog_api,china,IBIS LONGNAN RAILWAY STATION,LONGNAN,china,Chine,asia,missing
C4W4,C4W4,NOVOTEL Jiuzhaigou,NOV,NOVOTEL,TIBETAN AUTONOMOUS PREFECTURE,Chine,"No 5 Jiuzhai Avenue, JIUZHAIGOU COUNTY",623400,https://all.accor.com/hotel/C4W4/index.fr.shtml,catalog_api,china,NOVOTEL JIUZHAIGOU,TIBETAN AUTONOMOUS PREFECTURE,china,Chine,asia,missing
B1V8,B1V8,Banyan Tree Jiuzhaigou,BAN,BANYAN TREE,PROVINCE DU SICHUAN - ABA,Chine,"No 1 Baohai Road Bao Hua Town, Jiuzhaigou County",623400,https://all.accor.com/hotel/B1V8/index.fr.shtml,catalog_api,china,BANYAN TREE JIUZHAIGOU,PROVINCE DU SICHUAN ABA,china,Chine,asia,missing
B314,B314,Ibis Baoji Hi-Tech Zone Hotel,IBH,IBIS,BAOJI,Chine,"Hongye Building, Science And Technology Innovati, 195 Gaoxin Avenue",721006,https://all.accor.com/hotel/B314/index.fr.shtml,catalog_api,china,IBIS BAOJI HI TECH ZONE HOTEL,BAOJI,china,Chine,asia,missing
C3D0,C3D0,Novotel Yinchuan Huirong,NOV,NOVOTEL,YINCHUAN,Chine,Huirong Center Tower B,750001,https://all.accor.com/hotel/C3D0/index.fr.shtml,catalog_api,china,NOVOTEL YINCHUAN HUIRONG,YINCHUAN,china,Chine,asia,missing
C1M9,C1M9,Ibis Styles Yinchuan Ningda,IBS,IBIS STYLES,YINCHUAN,Chine,"No.52 Huaiyuan Eest Road, Xixia District, Yinchuan",750000,https://all.accor.com/hotel/C1M9/index.fr.shtml,catalog_api,china,IBIS STYLES YINCHUAN NINGDA,YINCHUAN,china,Chine,asia,missing
B325,B325,Mercure Yinchuan Xinhua,MER,MERCURE,YINCHUAN,Chine,"No 6 Building, West Xinhua District, Xingqing District",750001,https://all.accor.com/hotel/B325/index.fr.shtml,catalog_api,china,MERCURE YINCHUAN XINHUA,YINCHUAN,china,Chine,asia,missing
C272,C272,Novotel Yinchuan Lanxigu,NOV,NOVOTEL,YINCHUAN,Chine,"No 26 Guoshang East Street, LanxiValley Business Plaza, Xingqing District",750000,https://all.accor.com/hotel/C272/index.fr.shtml,catalog_api,china,NOVOTEL YINCHUAN LANXIGU,YINCHUAN,china,Chine,asia,missing
B108,B108,ibis Guangyuan City Square Hotel,IBH,IBIS,GUANGYUAN,Chine,"Building 2, City Square, Lizhou District",628000,https://all.accor.com/hotel/B108/index.fr.shtml,catalog_api,china,IBIS GUANGYUAN CITY SQUARE HOTEL,GUANGYUAN,china,Chine,asia,missing
B765,B765,Ibis Xianyang Normal University Hotel,IBH,IBIS,XIANYANG,Chine,"No.46, Middle Section Of Wenlin Road, Weicheng District",712000,https://all.accor.com/hotel/B765/index.fr.shtml,catalog_api,china,IBIS XIANYANG NORMAL UNIVERSITY HOTEL,XIANYANG,china,Chine,asia,missing
C0E4,C0E4,Mercure Xi'an International Airport,MER,MERCURE,XIANYANG,Chine,"No 15 Yingbin Road, Weicheng District",712034,https://all.accor.com/hotel/C0E4/index.fr.shtml,catalog_api,china,MERCURE XI AN INTERNATIONAL AIRPORT,XIANYANG,china,Chine,asia,missing
C0K3,C0K3,Ibis Xianyang Qidi Science Park,IBH,IBIS,XIANYANG,Chine,"Building B Qidi C&E Center, Tsinghua Science Park, Xianyang City",710000,https://all.accor.com/hotel/C0K3/index.fr.shtml,catalog_api,china,IBIS XIANYANG QIDI SCIENCE PARK,XIANYANG,china,Chine,asia,missing
B1L0,B1L0,Novotel Xian Xixian,NOV,NOVOTEL,XIAN,Chine,"No 1 Xiyi Road Fengjing Avenue, XiXian New Area.",712000,https://all.accor.com/hotel/B1L0/index.fr.shtml,catalog_api,china,NOVOTEL XIAN XIXIAN,XIAN,china,Chine,asia,missing
B5H8,B5H8,Ibis Xi an Jianzhang Road Fengdong New Area Hotel,IBH,IBIS,XIAN,Chine,"Jianzhang&Fengchan RD. Junction, Fengdong New Town, Xi An",710086,https://all.accor.com/hotel/B5H8/index.fr.shtml,catalog_api,china,IBIS XI AN JIANZHANG ROAD FENGDONG NEW AREA HOTEL,XIAN,china,Chine,asia,missing
C386,C386,Mercure Xi'an New Software City,MER,MERCURE,XI'AN,Chine,"Southwest corner of West Third, Ring Road and Tiangu Road, Xi'an High tech Zone",710000,https://all.accor.com/hotel/C386/index.fr.shtml,catalog_api,china,MERCURE XI AN NEW SOFTWARE CITY,XI AN,china,Chine,asia,missing
B103,B103,ibis Xi'an North Railway Station Hotel,IBH,IBIS,XIAN,Chine,"Floor 28, Shouchuang Builidng, Wenjing Road",710016,https://all.accor.com/hotel/B103/index.fr.shtml,catalog_api,china,IBIS XI AN NORTH RAILWAY STATION HOTEL,XIAN,china,Chine,asia,missing
B5R5,B5R5,Mercure Xi an North,MER,MERCURE,XI AN,Chine,"Unit B Building 71 Capital, Ville internat. de Fengcheng, Twelve Rd District de Weiyang",710000,https://all.accor.com/hotel/B5R5/index.fr.shtml,catalog_api,china,MERCURE XI AN NORTH,XI AN,china,Chine,asia,missing
C053,C053,Mercure Xian Gaoxin Dazhai Road,MER,MERCURE,XI'AN,Chine,"No 2 Dazhai Road, Yanta District",710077,https://all.accor.com/hotel/C053/index.fr.shtml,catalog_api,china,MERCURE XIAN GAOXIN DAZHAI ROAD,XI AN,china,Chine,asia,missing
B569,B569,Ibis Styles Xi 'an Daxing New District G park Hotel,IBS,IBIS STYLES,XIAN,Chine,"Shops Of Daxing Market Square, 6 Daxing East Road, Lianhu District",710016,https://all.accor.com/hotel/B569/index.fr.shtml,catalog_api,china,IBIS STYLES XI AN DAXING NEW DISTRICT G PARK HOTEL,XIAN,china,Chine,asia,missing
A473,A473,Mercure Xian Salut Tech Zone,MER,MERCURE,XIAN,Chine,"No 31 The 6Th Keji Road, Yanta District",712000,https://all.accor.com/hotel/A473/index.fr.shtml,catalog_api,china,MERCURE XIAN SALUT TECH ZONE,XIAN,china,Chine,asia,missing
C3D1,C3D1,Novotel Xi'an Daming Palace,NOV,NOVOTEL,XI AN,Chine,"No.33 Weiyang Road, Weiyang District",710000,https://all.accor.com/hotel/C3D1/index.fr.shtml,catalog_api,china,NOVOTEL XI AN DAMING PALACE,XI AN,china,Chine,asia,missing
B6D3,B6D3,Mercure Xi'an High-tech Zone Center,MER,MERCURE,XIAN,Chine,"No 15 Gaoxin Road, High Tech Zone",710075,https://all.accor.com/hotel/B6D3/index.fr.shtml,catalog_api,china,MERCURE XI AN HIGH TECH ZONE CENTER,XIAN,china,Chine,asia,missing
B2N3,B2N3,ibis xi'an North Second Ring Weiyang Rd Hotel,IBH,IBIS,XIAN,Chine,"No 111-1 Weiyang Road, Weiyang District",710016,https://all.accor.com/hotel/B2N3/index.fr.shtml,catalog_api,china,IBIS XI AN NORTH SECOND RING WEIYANG RD HOTEL,XIAN,china,Chine,asia,missing
C1S1,C1S1,Mercure Xi'an Daming Palace,MER,MERCURE,XI'AN,Chine,"No 80 Weiyang Road, Weiyang District",710000,https://all.accor.com/hotel/C1S1/index.fr.shtml,catalog_api,china,MERCURE XI AN DAMING PALACE,XI AN,china,Chine,asia,missing
B5Z0,B5Z0,Mercure Xian City Centre,MER,MERCURE,XI'AN,Chine,"No 30 Lianhu Road, Lianhu District",710000,https://all.accor.com/hotel/B5Z0/index.fr.shtml,catalog_api,china,MERCURE XIAN CITY CENTRE,XI AN,china,Chine,asia,missing
C0X5,C0X5,Ibis Xi'an Huimin Street Hotel,IBH,IBIS,XIAN,Chine,"No. 36 Yandian Street, Beilin District, Xi'an City",710000,https://all.accor.com/hotel/C0X5/index.fr.shtml,catalog_api,china,IBIS XI AN HUIMIN STREET HOTEL,XIAN,china,Chine,asia,missing
B518,B518,Ibis Xi?an Bell and Drum Tower Square Muslim Quarter Hotel,IBH,IBIS,XIAN,Chine,"No. 45 West Street, Lianhu District, Xi'an City",710000,https://all.accor.com/hotel/B518/index.fr.shtml,catalog_api,china,IBIS XI AN BELL AND DRUM TOWER SQUARE MUSLIM QUARTER HOTEL,XIAN,china,Chine,asia,missing
B3C8,B3C8,Ibis Xi an Shanxi Province People Hospital Hotel,IBH,IBIS,XIAN,Chine,"New Western Medical Trade BLDG, No. 46 Hanguang Road, Beilin District",710065,https://all.accor.com/hotel/B3C8/index.fr.shtml,catalog_api,china,IBIS XI AN SHANXI PROVINCE PEOPLE HOSPITAL HOTEL,XIAN,china,Chine,asia,missing
B6R1,B6R1,Mercure The Bell Tower de Xi'an,MER,MERCURE,XI'AN,Chine,"No 28 North Street, Lianhu District",710004,https://all.accor.com/hotel/B6R1/index.fr.shtml,catalog_api,china,MERCURE THE BELL TOWER DE XI AN,XI AN,china,Chine,asia,missing
B4D5,B4D5,Mercure Xi'an Downtown,MER,MERCURE,XI AN,Chine,"No 8 Xixin Street, Xincheng District",710000,https://all.accor.com/hotel/B4D5/index.fr.shtml,catalog_api,china,MERCURE XI AN DOWNTOWN,XI AN,china,Chine,asia,missing
B6K7,B6K7,Novotel Xian The Bell Tower,NOV,NOVOTEL,XI'AN,Chine,"No 16 Anban Street, Xincheng District",710004,https://all.accor.com/hotel/B6K7/index.fr.shtml,catalog_api,china,NOVOTEL XIAN THE BELL TOWER,XI AN,china,Chine,asia,missing
B1E3,B1E3,ibis Xi'an South Gate Hotel,IBH,IBIS,XIAN,Chine,"No. 95, S.Guanzheng Street, Beilin District",710068,https://all.accor.com/hotel/B1E3/index.fr.shtml,catalog_api,china,IBIS XI AN SOUTH GATE HOTEL,XIAN,china,Chine,asia,missing
B6B9,B6B9,Ibis Xi'an Bell Tower East Hotel,IBH,IBIS,XIAN,Chine,"1 / F, Ju Garden Building, 1 Ju Garden",710001,https://all.accor.com/hotel/B6B9/index.fr.shtml,catalog_api,china,IBIS XI AN BELL TOWER EAST HOTEL,XIAN,china,Chine,asia,missing
B8U6,B8U6,Novotel Xian Aden,NOV,NOVOTEL,XI'AN,Chine,"No 5588 Ouya Dadao, Intl Trade and Logistecs Park",710026,https://all.accor.com/hotel/B8U6/index.fr.shtml,catalog_api,china,NOVOTEL XIAN ADEN,XI AN,china,Chine,asia,missing
C0M2,C0M2,Mercure Xi'an Stadium Hotel,MER,MERCURE,XI'AN,Chine,"No 18 Chang'an Road, Beilin District",710001,https://all.accor.com/hotel/C0M2/index.fr.shtml,catalog_api,china,MERCURE XI AN STADIUM HOTEL,XI AN,china,Chine,asia,missing
C106,C106,Mercure Xi'an Chanba,MER,MERCURE,XI'AN,Chine,"No 2552 Beichen East Road, Chanba Ecotope, Weiyang District",710016,https://all.accor.com/hotel/C106/index.fr.shtml,catalog_api,china,MERCURE XI AN CHANBA,XI AN,china,Chine,asia,missing
B9P0,B9P0,Mercure Xi'an History Museum,MER,MERCURE,XI'AN,Chine,No 371 Cuihua Road,710061,https://all.accor.com/hotel/B9P0/index.fr.shtml,catalog_api,china,MERCURE XI AN HISTORY MUSEUM,XI AN,china,Chine,asia,missing
B4Z8,B4Z8,Mercure Xian Dayan Pagoda (ouverture janvier 2020),MER,MERCURE,XIAN,Chine,"No 6 Yanta West Road, Yanta District",710000,https://all.accor.com/hotel/B4Z8/index.fr.shtml,catalog_api,china,MERCURE XIAN DAYAN PAGODA OUVERTURE JANVIER 2020,XIAN,china,Chine,asia,missing
C0Z9,C0Z9,Dhawa Xi'an Chanba,DHA,DHAWA,XI'AN,Chine,NO 269 Huawen Road,710000,https://all.accor.com/hotel/C0Z9/index.fr.shtml,catalog_api,china,DHAWA XI AN CHANBA,XI AN,china,Chine,asia,missing
B517,B517,Ibis Xian Xingqing Palace Park Hotel,IBH,IBIS,XIAN,Chine,"Renhouzhuang South Road, Beilin District, Xi 'an City",710048,https://all.accor.com/hotel/B517/index.fr.shtml,catalog_api,china,IBIS XIAN XINGQING PALACE PARK HOTEL,XIAN,china,Chine,asia,missing
C2I8,C2I8,Novotel Xi'an Xinxing,NOV,NOVOTEL,XI'AN,Chine,9 Huzhu Road,710000,https://all.accor.com/hotel/C2I8/index.fr.shtml,catalog_api,china,NOVOTEL XI AN XINXING,XI AN,china,Chine,asia,missing
B1Q8,B1Q8,ibis Xi'an Qinglong Temple Hotel,IBH,IBIS,XIAN,Chine,"No. 18, Yan Xiang Road, Yanta District",710054,https://all.accor.com/hotel/B1Q8/index.fr.shtml,catalog_api,china,IBIS XI AN QINGLONG TEMPLE HOTEL,XIAN,china,Chine,asia,missing
B493,B493,Mercure Xian Qujiang,MER,MERCURE,XIAN,Chine,"No 3001 Northeast Corner, Yanxiang Road And South Third, Ring Road Qujiang New District",712000,https://all.accor.com/hotel/B493/index.fr.shtml,catalog_api,china,MERCURE XIAN QUJIANG,XIAN,china,Chine,asia,missing
C2X0,C2X0,Swissôtel Xi’an Xinxing Hot Spring,SWI,SWISSÔTEL,XI'AN,Chine,"1006 Liuxue Road, Baqiao District",710038,https://all.accor.com/hotel/C2X0/index.fr.shtml,catalog_api,china,SWISSOTEL XI AN XINXING HOT SPRING,XI AN,china,Chine,asia,missing
C0X1,C0X1,Ibis Xi'an Baqiao Hongqing,IBH,IBIS,XIAN,Chine,"No. 268 Middle Section, Of Tianhongzheng Street, Baqiao District Xi'an",710038,https://all.accor.com/hotel/C0X1/index.fr.shtml,catalog_api,china,IBIS XI AN BAQIAO HONGQING,XIAN,china,Chine,asia,missing
B5Y6,B5Y6,Mercure Yan an Downtown,MER,MERCURE,YAN'AN,Chine,"Fan Gong road, Baota District",9000576,https://all.accor.com/hotel/B5Y6/index.fr.shtml,catalog_api,china,MERCURE YAN AN DOWNTOWN,YAN AN,china,Chine,asia,missing
B1X5,B1X5,Angsana Xi'an Lintong,ANG,ANGSANA,XIAN,Chine,"No 8 East Yuechen Road, Lintong District Xi'an",710600,https://all.accor.com/hotel/B1X5/index.fr.shtml,catalog_api,china,ANGSANA XI AN LINTONG,XIAN,china,Chine,asia,missing
B6C9,B6C9,Ibis Styles Mianyang Station,IBS,IBIS STYLES,MIANYANG,Chine,"No.38 West Jiannan Road, Fucheng District",621000,https://all.accor.com/hotel/B6C9/index.fr.shtml,catalog_api,china,IBIS STYLES MIANYANG STATION,MIANYANG,china,Chine,asia,missing
B9Q8,B9Q8,GARRYA XI'AN LINTONG,GAR,GAR,XI'AN,Chine,"No 8 Fenghuang Avenue, Lintong District",710600,https://all.accor.com/hotel/B9Q8/index.fr.shtml,catalog_api,china,GARRYA XI AN LINTONG,XI AN,china,Chine,asia,missing
C0L0,C0L0,Ibis Deyang Wuzhou Plaza Hotel,IBH,IBIS,DEYANG,Chine,"No. 713 Section 2, Taishan South Road, Jingyang District Deyang City",618000,https://all.accor.com/hotel/C0L0/index.fr.shtml,catalog_api,china,IBIS DEYANG WUZHOU PLAZA HOTEL,DEYANG,china,Chine,asia,missing
C2C1,C2C1,JO&JOE Chengdu Dujiangyan,JOE,JO&JOE,DUJIANGYAN,Chine,"No 747 Caihong Avenue, Dujiangyan City, Sichuan Province",0,https://all.accor.com/hotel/C2C1/index.fr.shtml,catalog_api,china,JO JOE CHENGDU DUJIANGYAN,DUJIANGYAN,china,Chine,asia,missing
A381,A381,ibis Chengdu Dujiangyan Hotel,IBH,IBIS,DUJIANGYAN,Chine,Lejia Square,611830,https://all.accor.com/hotel/A381/index.fr.shtml,catalog_api,china,IBIS CHENGDU DUJIANGYAN HOTEL,DUJIANGYAN,china,Chine,asia,missing
B2T5,B2T5,Ocean Spring Resort Chengdu - MGallery Collection,MGA,MGALLERY,CHENGDU,Chine,"No 36 Hai Quan Wan Road, Sous-district de Guancang, Xian de Jintang",610499,https://all.accor.com/hotel/B2T5/index.fr.shtml,catalog_api,china,OCEAN SPRING RESORT CHENGDU MGALLERY COLLECTION,CHENGDU,china,Chine,asia,missing
B5X2,B5X2,Novotel Huashan,NOV,NOVOTEL,HUAYIN,Chine,"Intersection Of Huayue Road And, Dongyue Road",714200,https://all.accor.com/hotel/B5X2/index.fr.shtml,catalog_api,china,NOVOTEL HUASHAN,HUAYIN,china,Chine,asia,missing
B575,B575,Mercure Chengdu Xindu,MER,MERCURE,CHENGDU,Chine,"No.969 Shulong Avenue, Chengdu, Sichuan",610599,https://all.accor.com/hotel/B575/index.fr.shtml,catalog_api,china,MERCURE CHENGDU XINDU,CHENGDU,china,Chine,asia,missing
C0Q1,C0Q1,Angsana Chengdu Wenjiang,ANG,ANGSANA,CHENGDU,Chine,No 199 Weigan Branch Road,611132,https://all.accor.com/hotel/C0Q1/index.fr.shtml,catalog_api,china,ANGSANA CHENGDU WENJIANG,CHENGDU,china,Chine,asia,missing
B6E8,B6E8,Ibis Ankang Hanbin Hotel,IBH,IBIS,ANKANG,Chine,"92 Bashan Zhong Lu, Hanbin District, Ankang City",725000,https://all.accor.com/hotel/B6E8/index.fr.shtml,catalog_api,china,IBIS ANKANG HANBIN HOTEL,ANKANG,china,Chine,asia,missing
B4S3,B4S3,Ibis Chengdu Hi-Tech Zone Longhu Hotel,IBH,IBIS,CHENGDU,Chine,"28 Tianjie, Longhu Times, 89 Cooperative Road",611731,https://all.accor.com/hotel/B4S3/index.fr.shtml,catalog_api,china,IBIS CHENGDU HI TECH ZONE LONGHU HOTEL,CHENGDU,china,Chine,asia,missing
A379,A379,ibis Chengdu Zoo Subway Station,IBH,IBIS,CHENGDU,Chine,"9th Building, Jinke Center, NO.2",610051,https://all.accor.com/hotel/A379/index.fr.shtml,catalog_api,china,IBIS CHENGDU ZOO SUBWAY STATION,CHENGDU,china,Chine,asia,missing
B705,B705,Mercure Chengdu Jinniu Wanda Plaza,MER,MERCURE,CHENGDU,Chine,"No17 West 2nd Rd North Station, Jinniu District, Sichuan Province",610081,https://all.accor.com/hotel/B705/index.fr.shtml,catalog_api,china,MERCURE CHENGDU JINNIU WANDA PLAZA,CHENGDU,china,Chine,asia,missing
B9P5,B9P5,Mercure Chengdu Longtan,MER,MERCURE,CHENGDU,Chine,"Building 32B No 2 Chengzhi Road, Quartier de Chenghua",610000,https://all.accor.com/hotel/B9P5/index.fr.shtml,catalog_api,china,MERCURE CHENGDU LONGTAN,CHENGDU,china,Chine,asia,missing
B338,B338,Mercure Chengdu Huapaifang,MER,MERCURE,CHENGDU,Chine,"No 168 Huapaifang Street, Jinniu District",610036,https://all.accor.com/hotel/B338/index.fr.shtml,catalog_api,china,MERCURE CHENGDU HUAPAIFANG,CHENGDU,china,Chine,asia,missing
B106,B106,ibis Chengdu SM Square Hotel,IBH,IBIS,CHENGDU,Chine,"No. 76, Jianxing Road, Chenghua District",610051,https://all.accor.com/hotel/B106/index.fr.shtml,catalog_api,china,IBIS CHENGDU SM SQUARE HOTEL,CHENGDU,china,Chine,asia,missing
B8T8,B8T8,Ibis Chengdu China Lane Central,IBH,IBIS,CHENGDU,Chine,"No.28 Dongchenggenxia Street, Qingyang Industrial, Chengdu City",610031,https://all.accor.com/hotel/B8T8/index.fr.shtml,catalog_api,china,IBIS CHENGDU CHINA LANE CENTRAL,CHENGDU,china,Chine,asia,missing
B8X6,B8X6,Mercure Chengdu Kuanzhai Alley West,MER,MERCURE,CHENGDU,Chine,"No 1 Shangtongren Road, Qingyang District",610031,https://all.accor.com/hotel/B8X6/index.fr.shtml,catalog_api,china,MERCURE CHENGDU KUANZHAI ALLEY WEST,CHENGDU,china,Chine,asia,missing
B5P7,B5P7,Ibis Chengdu Broad and Narrow Alley West Hotel,IBH,IBIS,CHENGDU,Chine,"No. 30 Shiren South Road, Qingyang District, Sichuan",610072,https://all.accor.com/hotel/B5P7/index.fr.shtml,catalog_api,china,IBIS CHENGDU BROAD AND NARROW ALLEY WEST HOTEL,CHENGDU,china,Chine,asia,missing
C2U1,C2U1,Mövenpick by Accor Kuanzhai Alley Chengdu,MOV,MÖVENPICK,CHENGDU,Chine,"No 63 Qingjiang East Road, Qingyang District",610031,https://all.accor.com/hotel/C2U1/index.fr.shtml,catalog_api,china,MOVENPICK BY ACCOR KUANZHAI ALLEY CHENGDU,CHENGDU,china,Chine,asia,missing
C1C3,C1C3,Mercure Chengdu Dongjiao Memory,MER,MERCURE,CHENGDU,Chine,"No.158, Erxianqiao East Road",610000,https://all.accor.com/hotel/C1C3/index.fr.shtml,catalog_api,china,MERCURE CHENGDU DONGJIAO MEMORY,CHENGDU,china,Chine,asia,missing
B0Y9,B0Y9,Mercure Chengdu Downtown,MER,MERCURE,CHENGDU,Chine,"No 3 Tonghuimen Road, Qingyang District, 通惠门路3号
成都
中国",610015,https://all.accor.com/hotel/B0Y9/index.fr.shtml,catalog_api,china,MERCURE CHENGDU DOWNTOWN,CHENGDU,china,Chine,asia,missing
B1Y3,B1Y3,Mercure Chengdu Chunxi,MER,MERCURE,CHENGDU,Chine,"3rd North Shuawa Road, Jinjiang District",610020,https://all.accor.com/hotel/B1Y3/index.fr.shtml,catalog_api,china,MERCURE CHENGDU CHUNXI,CHENGDU,china,Chine,asia,missing
B255,B255,ibis Chengdu Chunxi Road Shudu Mansion Hotel,IBH,IBIS,CHENGDU,Chine,"No. 20, North Stree, Jinjiang District",610021,https://all.accor.com/hotel/B255/index.fr.shtml,catalog_api,china,IBIS CHENGDU CHUNXI ROAD SHUDU MANSION HOTEL,CHENGDU,china,Chine,asia,missing
C2I5,C2I5,Mercure Chengdu Chunxi Road Tianfu Square,MER,MERCURE,CHENGDU,Chine,"61 East Renmin Road, Jinjiang District, Chengdu",610011,https://all.accor.com/hotel/C2I5/index.fr.shtml,catalog_api,china,MERCURE CHENGDU CHUNXI ROAD TIANFU SQUARE,CHENGDU,china,Chine,asia,missing
C5B5,C5B5,Novotel ChengDu Chunxi Road,NOV,NOVOTEL,CHENGDU,Chine,"Floors 7-13 No 41 Jinxing Road, Jinjiang District, Chengdu",610020,https://all.accor.com/hotel/C5B5/index.fr.shtml,catalog_api,china,NOVOTEL CHENGDU CHUNXI ROAD,CHENGDU,china,Chine,asia,missing
C3D3,C3D3,Mercure Chengdu Tianfu Square,MER,MERCURE,CHENGDU,Chine,"Jinli East Road, Qingyang District, Chengdu",610000,https://all.accor.com/hotel/C3D3/index.fr.shtml,catalog_api,china,MERCURE CHENGDU TIANFU SQUARE,CHENGDU,china,Chine,asia,missing
B375,B375,ibis Chengdu East Railway Station Hotel,IBH,IBIS,CHENGDU,Chine,"No.18, Jiancai Road, Chenghua District",610058,https://all.accor.com/hotel/B375/index.fr.shtml,catalog_api,china,IBIS CHENGDU EAST RAILWAY STATION HOTEL,CHENGDU,china,Chine,asia,missing
B107,B107,ibis Chengdu Temple of Marquis,IBH,IBIS,CHENGDU,Chine,"No. 13, the west section of 1st ring roa, Wuhou District",610041,https://all.accor.com/hotel/B107/index.fr.shtml,catalog_api,china,IBIS CHENGDU TEMPLE OF MARQUIS,CHENGDU,china,Chine,asia,missing
B7D4,B7D4,Mercure Chengdu Jiuyanqiao (ouverture en décembre 2020),MER,MERCURE,CHENGDU,Chine,"Building 2 No 87 Section 5, East 5th Ring Road, Jinjiang District",610000,https://all.accor.com/hotel/B7D4/index.fr.shtml,catalog_api,china,MERCURE CHENGDU JIUYANQIAO OUVERTURE EN DECEMBRE 2020,CHENGDU,china,Chine,asia,missing
C060,C060,Mercure Chengdu Wuhou Temple,MER,MERCURE,CHENGDU,Chine,No 4 West First Ring Road,610041,https://all.accor.com/hotel/C060/index.fr.shtml,catalog_api,china,MERCURE CHENGDU WUHOU TEMPLE,CHENGDU,china,Chine,asia,missing
C3A2,C3A2,Financial City Hotel Chengdu - MGallery Collection (ouv. proch.),MGA,MGALLERY,CHENGDU,Chine,"Building 4, Number1777, North of Tianfu Avenue, Wu Hou District",610000,https://all.accor.com/hotel/C3A2/index.fr.shtml,catalog_api,china,FINANCIAL CITY HOTEL CHENGDU MGALLERY COLLECTION OUV PROCH,CHENGDU,china,Chine,asia,missing
B8X7,B8X7,Mercure Chengdu Shuangliu,MER,MERCURE,CHENGDU,Chine,"N. 11, sect. ouest Hangkong Road",610200,https://all.accor.com/hotel/B8X7/index.fr.shtml,catalog_api,china,MERCURE CHENGDU SHUANGLIU,CHENGDU,china,Chine,asia,missing
A8N9,A8N9,ibis Chengdu American Center Hotel,IBH,IBIS,CHENGDU,Chine,"Building 68, Meizhou Huayuan, Meizhou Garden",610041,https://all.accor.com/hotel/A8N9/index.fr.shtml,catalog_api,china,IBIS CHENGDU AMERICAN CENTER HOTEL,CHENGDU,china,Chine,asia,missing
C0C6,C0C6,Mercure Chengdu Shuangliu International Airport,MER,MERCURE,CHENGDU,Chine,237 West Sanqiang Road,610200,https://all.accor.com/hotel/C0C6/index.fr.shtml,catalog_api,china,MERCURE CHENGDU SHUANGLIU INTERNATIONAL AIRPORT,CHENGDU,china,Chine,asia,missing
C502,C502,Mercure Chengdu Global Center,MER,MERCURE,CHENGDU,Chine,"No 868 Tianfu 1st Street, Wuhou District, Chengdu",6100094,https://all.accor.com/hotel/C502/index.fr.shtml,catalog_api,china,MERCURE CHENGDU GLOBAL CENTER,CHENGDU,china,Chine,asia,missing
A820,A820,Fairmont Chengdu,FAI,FAIRMONT,CHENGDU,Chine,"269 Tianfu Avenue Middle Section, Hi-Tech Zone",610041,https://all.accor.com/hotel/A820/index.fr.shtml,catalog_api,china,FAIRMONT CHENGDU,CHENGDU,china,Chine,asia,missing
B5T1,B5T1,Ibis Chengdu Hi-tech Tianfu,IBH,IBIS,CHENGDU,Chine,"666 Guandong 1st Street, Shuangliu District, Chengdu",610212,https://all.accor.com/hotel/B5T1/index.fr.shtml,catalog_api,china,IBIS CHENGDU HI TECH TIANFU,CHENGDU,china,Chine,asia,missing
A313,A313,ibis Dazhou Xuanhan Hotel,IBH,IBIS,DAZHOU,Chine,"Landscape Avenue Dragon City One, Xuanhan County, Dazhou Sichuan Province",636150,https://all.accor.com/hotel/A313/index.fr.shtml,catalog_api,china,IBIS DAZHOU XUANHAN HOTEL,DAZHOU,china,Chine,asia,missing
B4A2,B4A2,Mercure Ordos Downtown,MER,MERCURE,ORDOS,Chine,"No 5 Building Lijing Home, Ejin Horo Qi, Inner Mongolia Autonomous Region",017200,https://all.accor.com/hotel/B4A2/index.fr.shtml,catalog_api,china,MERCURE ORDOS DOWNTOWN,ORDOS,china,Chine,asia,missing
C2J6,C2J6,Novotel Chengdu Lige,NOV,NOVOTEL,CHENGDU,Chine,"No.299, Longhe West Lane, Tianfu New Area",610213,https://all.accor.com/hotel/C2J6/index.fr.shtml,catalog_api,china,NOVOTEL CHENGDU LIGE,CHENGDU,china,Chine,asia,missing
C1X5,C1X5,Mercure Chengdu West Expo City,MER,MERCURE,CHENGDU,Chine,"No 505 Xingkang 3rd Road, Shuangliu District, Chengdu",610299,https://all.accor.com/hotel/C1X5/index.fr.shtml,catalog_api,china,MERCURE CHENGDU WEST EXPO CITY,CHENGDU,china,Chine,asia,missing
C0B5,C0B5,Novotel Living Chengdu Tianfu,NOL,NOL,CHENGDU,Chine,"10 Lingteng Road, East District Chengdu City",641400,https://all.accor.com/hotel/C0B5/index.fr.shtml,catalog_api,china,NOVOTEL LIVING CHENGDU TIANFU,CHENGDU,china,Chine,asia,missing
C2A6,C2A6,Chengdu Expo Waterfall Hotel - MGallery Collection,MGA,MGALLERY,CHENGDU,Chine,"3199 Park Avenue, Sancha Street",641419,https://all.accor.com/hotel/C2A6/index.fr.shtml,catalog_api,china,CHENGDU EXPO WATERFALL HOTEL MGALLERY COLLECTION,CHENGDU,china,Chine,asia,missing
C0B6,C0B6,Grand Mercure Chengdu East,MEI,GRAND MERCURE,CHENGDU,Chine,"2576 Park Ave., Sancha St., Eastern New Area, Eastern New Area",641419,https://all.accor.com/hotel/C0B6/index.fr.shtml,catalog_api,china,GRAND MERCURE CHENGDU EAST,CHENGDU,china,Chine,asia,missing
C070,C070,Novotel Linfen Mont Yun,NOV,NOVOTEL,LINFEN,Chine,"Mount Yun, Xiangning Country",042100,https://all.accor.com/hotel/C070/index.fr.shtml,catalog_api,china,NOVOTEL LINFEN MONT YUN,LINFEN,china,Chine,asia,missing
B6U8,B6U8,Novetel Shanxi Yuncheng,NOV,NOVOTEL,YUNCHENG,Chine,"No 2555 North Xueyuan Rd, Yuncheng, Yanhu District",044000,https://all.accor.com/hotel/B6U8/index.fr.shtml,catalog_api,china,NOVETEL SHANXI YUNCHENG,YUNCHENG,china,Chine,asia,missing
B3F2,B3F2,Ibis Dazhou Dazhu Hotel,IBH,IBIS,DAZHOU,Chine,"No.6 Building, Donghu Tianyu City, Number 88 Of Health Avenue",635100,https://all.accor.com/hotel/B3F2/index.fr.shtml,catalog_api,china,IBIS DAZHOU DAZHU HOTEL,DAZHOU,china,Chine,asia,missing
C2Y7,C2Y7,Mercure Linfen China Gate,MER,MERCURE,LINFEN,Chine,"Building 4 Huamen Xintiandi, Yaodu District, Linfen",041099,https://all.accor.com/hotel/C2Y7/index.fr.shtml,catalog_api,china,MERCURE LINFEN CHINA GATE,LINFEN,china,Chine,asia,missing
C0J3,C0J3,Mercure Linfen West Railway Station,MER,MERCURE,LINFEN,Chine,Binhe West Road,041000,https://all.accor.com/hotel/C0J3/index.fr.shtml,catalog_api,china,MERCURE LINFEN WEST RAILWAY STATION,LINFEN,china,Chine,asia,missing
B6E5,B6E5,Ibis Jiuquan East Bus Station,IBH,IBIS,JIUQUAN,Chine,"No.58, Xuzhou District, Jiuquan City",735000,https://all.accor.com/hotel/B6E5/index.fr.shtml,catalog_api,china,IBIS JIUQUAN EAST BUS STATION,JIUQUAN,china,Chine,asia,missing
B516,B516,Ibis Jiayuguan Railway Station Hotel,IBH,IBIS,JIAYUGUAN,Chine,"No. 1 Yingbin Road, Jiayuguan City, Gansu Province",735100,https://all.accor.com/hotel/B516/index.fr.shtml,catalog_api,china,IBIS JIAYUGUAN RAILWAY STATION HOTEL,JIAYUGUAN,china,Chine,asia,missing
B622,B622,IBIS Kangding Hotel,IBH,IBIS,KANGDINGGANZIZHOU,Chine,"No. 17 Fucheng South Road, Fucheng Town, Kangding City",626000,https://all.accor.com/hotel/B622/index.fr.shtml,catalog_api,china,IBIS KANGDING HOTEL,KANGDINGGANZIZHOU,china,Chine,asia,missing
B311,B311,Grand Mercure Shiyan Dajia,MEI,GRAND MERCURE,SHIYAN,Chine,"No 116 Kaixuan Avenue, Zhangwan District",442000,https://all.accor.com/hotel/B311/index.fr.shtml,catalog_api,china,GRAND MERCURE SHIYAN DAJIA,SHIYAN,china,Chine,asia,missing
C373,C373,Mövenpick by Accor Neijiang,MOV,MÖVENPICK,NEIJIANG,Chine,"No 333 East Section 3, Hanan Avenue",641000,https://all.accor.com/hotel/C373/index.fr.shtml,catalog_api,china,MOVENPICK BY ACCOR NEIJIANG,NEIJIANG,china,Chine,asia,missing
C6H2,C6H2,BANYAN TREE MOUNT EMEI,BAN,BANYAN TREE,EMEISHAN,Chine,"No 55 Section 1, Jingqu Road, Huangwan Town",614200,https://all.accor.com/hotel/C6H2/index.fr.shtml,catalog_api,china,BANYAN TREE MOUNT EMEI,EMEISHAN,china,Chine,asia,missing
B7L0,B7L0,ibis Chongqing Jiangbei Airport Shuanglong Avenue Hotel,IBH,IBIS,CHONGQING,Chine,"No.60 Shuanglong Avenue, Yubei District, Chongqingang District",401120,https://all.accor.com/hotel/B7L0/index.fr.shtml,catalog_api,china,IBIS CHONGQING JIANGBEI AIRPORT SHUANGLONG AVENUE HOTEL,CHONGQING,china,Chine,asia,missing
B6D6,B6D6,ibis Nanyang Xixia County Hotel,IBH,IBIS,NANYANG,Chine,"The North Section of Baiyu Road, Highway Xixia County, Nanyang NA To Fill  China Ch",474599,https://all.accor.com/hotel/B6D6/index.fr.shtml,catalog_api,china,IBIS NANYANG XIXIA COUNTY HOTEL,NANYANG,china,Chine,asia,missing
C3V6,C3V6,Grand Mercure Pingyao (Ouverture prochaine),MEI,GRAND MERCURE,JINZHONG,Chine,"Jinzhong City, Shanxi Province, China, 200 meters west of the intersection of Huitong Road and Shuguang West Street, Pingyao Country, Jinzhong , Shanxi Province., Gutao Town, Pingyao County",031100,https://all.accor.com/hotel/C3V6/index.fr.shtml,catalog_api,china,GRAND MERCURE PINGYAO OUVERTURE PROCHAINE,JINZHONG,china,Chine,asia,missing
C4A2,C4A2,Mercure Pingyao Ancient City,MER,MERCURE,JINZHONG,Chine,"170 Shuncheng South Road, Pingyao, JINZHONG",031100,https://all.accor.com/hotel/C4A2/index.fr.shtml,catalog_api,china,MERCURE PINGYAO ANCIENT CITY,JINZHONG,china,Chine,asia,missing
C2G5,C2G5,Pullman Chongqing Xiyue,PUL,PULLMAN,CHONGQING,Chine,"No.1, rue Tian Xi Branch, Tiangongdian Street, Nouvelle Zone Liangjiang",401120,https://all.accor.com/hotel/C2G5/index.fr.shtml,catalog_api,china,PULLMAN CHONGQING XIYUE,CHONGQING,china,Chine,asia,missing
C5F7,C5F7,Mercure Baotou - Centre de congrès et d'expositions,MER,MERCURE,BAOTOU,Chine,"Building A Fuzheng Building, Middle Section of Jianshe Road, Jiuyuan District",014060,https://all.accor.com/hotel/C5F7/index.fr.shtml,catalog_api,china,MERCURE BAOTOU CENTRE DE CONGRES ET D EXPOSITIONS,BAOTOU,china,Chine,asia,missing
C011,C011,Mercure Chongqing Jiefangbei Hongya Cave,MER,MERCURE,CHONGQING,Chine,"No 128 to132 Minzu Road, Yuzhong District",400010,https://all.accor.com/hotel/C011/index.fr.shtml,catalog_api,china,MERCURE CHONGQING JIEFANGBEI HONGYA CAVE,CHONGQING,china,Chine,asia,missing
B583,B583,Ibis Chongqing Jiefangbei Pedestrian Street Hotel,IBH,IBIS,CHONGQING,Chine,"No. 9-13, No. 39 Bayi Road, Yuzhong District",400010,https://all.accor.com/hotel/B583/index.fr.shtml,catalog_api,china,IBIS CHONGQING JIEFANGBEI PEDESTRIAN STREET HOTEL,CHONGQING,china,Chine,asia,missing
B330,B330,Mercure Chongqing Downtown,MER,MERCURE,CHONGQING,Chine,"No 183 Bayi Road, Yuzhong District",400010,https://all.accor.com/hotel/B330/index.fr.shtml,catalog_api,china,MERCURE CHONGQING DOWNTOWN,CHONGQING,china,Chine,asia,missing
C2R7,C2R7,Mercure Chongqing Times Paradise Walk,MER,MERCURE,CHONGQING,Chine,"No 9 Xiejiawan Street, Jiulongpo District",400000,https://all.accor.com/hotel/C2R7/index.fr.shtml,catalog_api,china,MERCURE CHONGQING TIMES PARADISE WALK,CHONGQING,china,Chine,asia,missing
C5C6,C5C6,Mercure Luoyang Nanchang Road,MER,MERCURE,LUOYANG,Chine,"No 160 Nanchang Road, Jianxi District, Luoyang",471003,https://all.accor.com/hotel/C5C6/index.fr.shtml,catalog_api,china,MERCURE LUOYANG NANCHANG ROAD,LUOYANG,china,Chine,asia,missing
C2D2,C2D2,Mercure Luoyang Downtown,MER,MERCURE,LUOYANG,Chine,河南省洛阳市洛龙区开元大道222号,471000,https://all.accor.com/hotel/C2D2/index.fr.shtml,catalog_api,china,MERCURE LUOYANG DOWNTOWN,LUOYANG,china,Chine,asia,missing
B9B2,B9B2,Mercure Taiyuan Yingze,MER,MERCURE,TAIYUAN,Chine,"No 8 Chunju South Road, Wanbailin District, Taiyuan",030000,https://all.accor.com/hotel/B9B2/index.fr.shtml,catalog_api,china,MERCURE TAIYUAN YINGZE,TAIYUAN,china,Chine,asia,missing
C3T5,C3T5,Novotel Luoyang Hongden,NOV,NOVOTEL,HENAN,Chine,"No1 Kaiyuan Avenue, Luolong District, Luoyang",471000,https://all.accor.com/hotel/C3T5/index.fr.shtml,catalog_api,china,NOVOTEL LUOYANG HONGDEN,HENAN,china,Chine,asia,missing
B2X4,B2X4,Mercure Taiyuan Changfeng Street,MER,MERCURE,TAIYUAN,Chine,"No 88 2nd Section Jinci Road, Wanbolin District",030021,https://all.accor.com/hotel/B2X4/index.fr.shtml,catalog_api,china,MERCURE TAIYUAN CHANGFENG STREET,TAIYUAN,china,Chine,asia,missing
B5S2,B5S2,Ibis Taiyuan SX Hospital Hotel,IBH,IBIS,TAIYUAN,Chine,"98 Pingyang South Road, Taiyuan City, Shanxi Province",030032,https://all.accor.com/hotel/B5S2/index.fr.shtml,catalog_api,china,IBIS TAIYUAN SX HOSPITAL HOTEL,TAIYUAN,china,Chine,asia,missing
C262,C262,Mercure Taiyuan Shanxi Museum,MER,MERCURE,TAIYUAN,Chine,"Section of Binhe West Road, Wanbailin District, Shanxi",030024,https://all.accor.com/hotel/C262/index.fr.shtml,catalog_api,china,MERCURE TAIYUAN SHANXI MUSEUM,TAIYUAN,china,Chine,asia,missing
B7Z7,B7Z7,Ibis Taiyuan Economic Zone,IBH,IBIS,TAIYUAN,Chine,"269 Renmin North Road, Xiaodian District, Taiyuan City",030000,https://all.accor.com/hotel/B7Z7/index.fr.shtml,catalog_api,china,IBIS TAIYUAN ECONOMIC ZONE,TAIYUAN,china,Chine,asia,missing
B5R3,B5R3,Mercure Taiyuan E Tech,MER,MERCURE,TAIYUAN,Chine,"NO 1 Tangming Road, E Tech  District",30032,https://all.accor.com/hotel/B5R3/index.fr.shtml,catalog_api,china,MERCURE TAIYUAN E TECH,TAIYUAN,china,Chine,asia,missing
B341,B341,Ibis Taiyuan Qinxian Street Hotel,IBH,IBIS,TAIYUAN,Chine,"No. 50 Sports West Road, Taiyuan City",030012,https://all.accor.com/hotel/B341/index.fr.shtml,catalog_api,china,IBIS TAIYUAN QINXIAN STREET HOTEL,TAIYUAN,china,Chine,asia,missing
B371,B371,Mercure Taiyuan Jinyang,MER,MERCURE,TAIYUAN,Chine,"No 68 Jinyang Street, Xiaodian District",030006,https://all.accor.com/hotel/B371/index.fr.shtml,catalog_api,china,MERCURE TAIYUAN JINYANG,TAIYUAN,china,Chine,asia,missing
B6B4,B6B4,Mercure Taiyuan Downtown,MER,MERCURE,TAIYUAN,Chine,"No 22 Qinxian North Street, Xiaodian District",030006,https://all.accor.com/hotel/B6B4/index.fr.shtml,catalog_api,china,MERCURE TAIYUAN DOWNTOWN,TAIYUAN,china,Chine,asia,missing
C1J9,C1J9,Ibis Styles Taiyuan Liuxiang,IBS,IBIS STYLES,TAIYUAN,Chine,"Industry & Trade Building, 118 Liu Xiang South Road, Yingze District Taiyuan",030001,https://all.accor.com/hotel/C1J9/index.fr.shtml,catalog_api,china,IBIS STYLES TAIYUAN LIUXIANG,TAIYUAN,china,Chine,asia,missing
C0C5,C0C5,Mercure Taiyuan City Centre,MER,MERCURE,TAIYUAN,Chine,"106 Bingzhou North Road, Yingze District",030000,https://all.accor.com/hotel/C0C5/index.fr.shtml,catalog_api,china,MERCURE TAIYUAN CITY CENTRE,TAIYUAN,china,Chine,asia,missing
B6C6,B6C6,Ibis Taiyuan South Railway Station Hotel,IBH,IBIS,TAIYUAN,Chine,"20 Xutan East Street, Xiaodian District, Shanxi Province",030001,https://all.accor.com/hotel/B6C6/index.fr.shtml,catalog_api,china,IBIS TAIYUAN SOUTH RAILWAY STATION HOTEL,TAIYUAN,china,Chine,asia,missing
C0K1,C0K1,Ibis Jincheng Pedestrian Street,IBH,IBIS,JINCHENG,Chine,"Huanghua Street Area B, Pedestrian Street N Entrance, Jincheng City",048000,https://all.accor.com/hotel/C0K1/index.fr.shtml,catalog_api,china,IBIS JINCHENG PEDESTRIAN STREET,JINCHENG,china,Chine,asia,missing
B4L0,B4L0,Mövenpick Enshi,MOV,MÖVENPICK,ENSHI,Chine,No 6 Jin Gui Avenue,445000,https://all.accor.com/hotel/B4L0/index.fr.shtml,catalog_api,china,MOVENPICK ENSHI,ENSHI,china,Chine,asia,missing
B926,B926,Ibis Changzhi Wanda Plaza,IBH,IBIS,CHANGZHI,Chine,"No. 159 North Hero Road, Luzhou District, Changzhi City",046011,https://all.accor.com/hotel/B926/index.fr.shtml,catalog_api,china,IBIS CHANGZHI WANDA PLAZA,CHANGZHI,china,Chine,asia,missing
C297,C297,Novotel Yangquan Zone de haute technologie,NOV,NOVOTEL,YANGQUAN,Chine,"Building 1, Shanxi Province, Yangquan Digital Economy",572025,https://all.accor.com/hotel/C297/index.fr.shtml,catalog_api,china,NOVOTEL YANGQUAN ZONE DE HAUTE TECHNOLOGIE,YANGQUAN,china,Chine,asia,missing
C206,C206,Mercure Golmud Sports Center,MER,MERCURE,GOLMUD,Chine,"No 12 Middle Chaidamu Road, Golmud, Haixi",816099,https://all.accor.com/hotel/C206/index.fr.shtml,catalog_api,china,MERCURE GOLMUD SPORTS CENTER,GOLMUD,china,Chine,asia,missing
B4R9,B4R9,Mercure Hohhot Downtown,MER,MERCURE,HOHHOT,Chine,"No 22 Zhongshan West Road, Huimin District",010030,https://all.accor.com/hotel/B4R9/index.fr.shtml,catalog_api,china,MERCURE HOHHOT DOWNTOWN,HOHHOT,china,Chine,asia,missing
C020,C020,Mercure Huhhot Economic Zone,MER,MERCURE,HUHHOT,Chine,Wanjinlingxiu S1 Hulun South Rd,010041,https://all.accor.com/hotel/C020/index.fr.shtml,catalog_api,china,MERCURE HUHHOT ECONOMIC ZONE,HUHHOT,china,Chine,asia,missing
B2Y0,B2Y0,ibis Zhengzhou Longhai Road,IBH,IBIS,ZHENGZHOU,Chine,"Northeast Corner, Tongbai Road And Longhai Road, Zhongyuan District",450006,https://all.accor.com/hotel/B2Y0/index.fr.shtml,catalog_api,china,IBIS ZHENGZHOU LONGHAI ROAD,ZHENGZHOU,china,Chine,asia,missing
B6K3,B6K3,Ibis Zhengzhou Dongming Rd Hotel,IBH,IBIS,ZHENGZHOU,Chine,"146 Shangcheng East Road, Guancheng Hui District, Zhengzhou City",450000,https://all.accor.com/hotel/B6K3/index.fr.shtml,catalog_api,china,IBIS ZHENGZHOU DONGMING RD HOTEL,ZHENGZHOU,china,Chine,asia,missing
C5D6,C5D6,Mercure Zhengzhoudong Railway Station Provincial Government,MER,MERCURE,ZHENGZHOU,Chine,"No 99 Xiongerhe Road, Zhengdong New Area",450018,https://all.accor.com/hotel/C5D6/index.fr.shtml,catalog_api,china,MERCURE ZHENGZHOUDONG RAILWAY STATION PROVINCIAL GOVERNMENT,ZHENGZHOU,china,Chine,asia,missing
B8X4,B8X4,Grand Mercure Yichang Waitan,MEI,GRAND MERCURE,YICHANG,Chine,No 188 9 Yanjiang Avenue,443000,https://all.accor.com/hotel/B8X4/index.fr.shtml,catalog_api,china,GRAND MERCURE YICHANG WAITAN,YICHANG,china,Chine,asia,missing
B1E6,B1E6,ibis Yichang Bayi Rd,IBH,IBIS,YICHANG,Chine,"No 18, Bayi Road, Wujiagang District",443000,https://all.accor.com/hotel/B1E6/index.fr.shtml,catalog_api,china,IBIS YICHANG BAYI RD,YICHANG,china,Chine,asia,missing
A0L0,A0L0,Novotel Zhengzhou Airport,NOV,NOVOTEL,ZHENGZHOU,Chine,"Tower A, Huaxia Rvenue and Huhang Road, Zhengzhou Airport Zone",451161,https://all.accor.com/hotel/A0L0/index.fr.shtml,catalog_api,china,NOVOTEL ZHENGZHOU AIRPORT,ZHENGZHOU,china,Chine,asia,missing
B828,B828,Mercure Xichang Qionghai Wetland,MER,MERCURE,XICHANG,Chine,"Section5 Aerospace Avenue, Xichang City Liangshan Sichuan",615000,https://all.accor.com/hotel/B828/index.fr.shtml,catalog_api,china,MERCURE XICHANG QIONGHAI WETLAND,XICHANG,china,Chine,asia,missing
B6V1,B6V1,Mercure Anyang Downtown,MER,MERCURE,ANYANG,Chine,"166 Zhonghua Road, Wenfeng District",455000,https://all.accor.com/hotel/B6V1/index.fr.shtml,catalog_api,china,MERCURE ANYANG DOWNTOWN,ANYANG,china,Chine,asia,missing
C4F6,C4F6,Mövenpick by Accor Kaifeng West Lake,MOV,MÖVENPICK,KAIFENG,Chine,"No1 West Lake Lane Fuyi Street, Longting District",475000,https://all.accor.com/hotel/C4F6/index.fr.shtml,catalog_api,china,MOVENPICK BY ACCOR KAIFENG WEST LAKE,KAIFENG,china,Chine,asia,missing
C1W6,C1W6,Pullman Renhuai Chuangmeng,PUL,PULLMAN,ZUNYI,Chine,No 430 Guojiu South Road,564500,https://all.accor.com/hotel/C1W6/index.fr.shtml,catalog_api,china,PULLMAN RENHUAI CHUANGMENG,ZUNYI,china,Chine,asia,missing
B5T6,B5T6,Ibis Datong Nanhuan Road Hotel,IBH,IBIS,DATONG,Chine,"In The Commercial Building B-6, Tongmei Xinyuan Nanhuan West Ro, Pingcheng District Datong City",037000,https://all.accor.com/hotel/B5T6/index.fr.shtml,catalog_api,china,IBIS DATONG NANHUAN ROAD HOTEL,DATONG,china,Chine,asia,missing
B4D9,B4D9,Mercure Kaifeng North,MER,MERCURE,KAIFENG,Chine,"No 6 Beiguan Street, Kailiu Road Longting District, 开柳路北关街6号",475000,https://all.accor.com/hotel/B4D9/index.fr.shtml,catalog_api,china,MERCURE KAIFENG NORTH,KAIFENG,china,Chine,asia,missing
B6D4,B6D4,Ibis Styles Kaifeng Millennium City Park Hotel,IBS,IBIS STYLES,KAIFENG,Chine,"48 Zhongshanshan Road, Gulou District, Kaifeng City",475099,https://all.accor.com/hotel/B6D4/index.fr.shtml,catalog_api,china,IBIS STYLES KAIFENG MILLENNIUM CITY PARK HOTEL,KAIFENG,china,Chine,asia,missing
C4X6,C4X6,Novotel HanDan Congtai,NOV,NOVOTEL,HANDAN,Chine,"408, rue Renmin, Congtai, Province du Hebei",56000,https://all.accor.com/hotel/C4X6/index.fr.shtml,catalog_api,china,NOVOTEL HANDAN CONGTAI,HANDAN,china,Chine,asia,missing
C261,C261,Mercure Datong Railway Station (ouverture en octobre 2024),MER,MERCURE,DATONG,Chine,"645 North Chongxi Street, Pingcheng District, Datong",37009,https://all.accor.com/hotel/C261/index.fr.shtml,catalog_api,china,MERCURE DATONG RAILWAY STATION OUVERTURE EN OCTOBRE 2024,DATONG,china,Chine,asia,missing
B8N3,B8N3,Mercure Shijiazhuang East Yuhua Road,MER,MERCURE,SHIJIAZHUANG,Chine,No 116 East Yuhua Road,050000,https://all.accor.com/hotel/B8N3/index.fr.shtml,catalog_api,china,MERCURE SHIJIAZHUANG EAST YUHUA ROAD,SHIJIAZHUANG,china,Chine,asia,missing
C3D4,C3D4,Mercure Zhangjiajie Tianmen Mountain,MER,MERCURE,ZHANGJIAJIE,Chine,"18 Ziwu Road, Yongding District, Zhangjiajie",427000,https://all.accor.com/hotel/C3D4/index.fr.shtml,catalog_api,china,MERCURE ZHANGJIAJIE TIANMEN MOUNTAIN,ZHANGJIAJIE,china,Chine,asia,missing
B6B3,B6B3,Mercure Shijiazhuang City Center,MER,MERCURE,SHIJIAZHUANG,Chine,"195 Zhongshan Road, Changan District, Shijiazhuang",50004,https://all.accor.com/hotel/B6B3/index.fr.shtml,catalog_api,china,MERCURE SHIJIAZHUANG CITY CENTER,SHIJIAZHUANG,china,Chine,asia,missing
B5R6,B5R6,Mercure Shijiazhuang Downtown,MER,MERCURE,SHIJIAZHUANG,Chine,"No 447 Zhongshan Road, Chang'an District, Building D,Jianhua City Square",050000,https://all.accor.com/hotel/B5R6/index.fr.shtml,catalog_api,china,MERCURE SHIJIAZHUANG DOWNTOWN,SHIJIAZHUANG,china,Chine,asia,missing
B847,B847,ibis Zhoukou Daqing Road,IBH,IBIS,ZHOUKOU,Chine,"69 Daqing Road, Chuanhui District, Zhoukou City",466000,https://all.accor.com/hotel/B847/index.fr.shtml,catalog_api,china,IBIS ZHOUKOU DAQING ROAD,ZHOUKOU,china,Chine,asia,missing
B1V0,B1V0,Banyan Tree Ringha,BAN,BANYAN TREE,DIQING,Chine,"Hong Po Village Jian Tang Town, Diqing Shangrila",677400,https://all.accor.com/hotel/B1V0/index.fr.shtml,catalog_api,china,BANYAN TREE RINGHA,DIQING,china,Chine,asia,missing
B6V2,B6V2,Mercure Xinyang East Railway Station,MER,MERCURE,XINYANG,Chine,"New 24 Street, Yangshan New District",464100,https://all.accor.com/hotel/B6V2/index.fr.shtml,catalog_api,china,MERCURE XINYANG EAST RAILWAY STATION,XINYANG,china,Chine,asia,missing
C2R5,C2R5,Mercure Xinyang City Center,MER,MERCURE,XINYANG,Chine,"Pingzhong South Street, Pingqiao District, Xinyang",464100,https://all.accor.com/hotel/C2R5/index.fr.shtml,catalog_api,china,MERCURE XINYANG CITY CENTER,XINYANG,china,Chine,asia,missing
B1R1,B1R1,Novotel Guiyang Panjiang,NOV,NOVOTEL,GUIYANG,Chine,"No.95 Lincheng Road West, Guanshanhu",550081,https://all.accor.com/hotel/B1R1/index.fr.shtml,catalog_api,china,NOVOTEL GUIYANG PANJIANG,GUIYANG,china,Chine,asia,missing
C3Y4,C3Y4,Mercure Guiyang Exhibition Center,MER,MERCURE,GUIYANG,Chine,"Bât. T4, Midea Real Estate Plaza, Quartier de Guanshanhu, Ville de Guiyang",550081,https://all.accor.com/hotel/C3Y4/index.fr.shtml,catalog_api,china,MERCURE GUIYANG EXHIBITION CENTER,GUIYANG,china,Chine,asia,missing
B378,B378,Ibis Shangqiu Railway Station,IBH,IBIS,SHANGQIU,Chine,"200 Meters West Of Intersection, Of Kaixuan Rd And Longhai Rd, Liangyuan District",476002,https://all.accor.com/hotel/B378/index.fr.shtml,catalog_api,china,IBIS SHANGQIU RAILWAY STATION,SHANGQIU,china,Chine,asia,missing
B1V6,B1V6,Banyan Tree Lijiang,BAN,BANYAN TREE,LIJIANG,Chine,"Yuerong Road Shuhe, Gucheng District, Yunnan Province",674100,https://all.accor.com/hotel/B1V6/index.fr.shtml,catalog_api,china,BANYAN TREE LIJIANG,LIJIANG,china,Chine,asia,missing
C0L2,C0L2,Ibis Lijiang Qixing Street Hotel,IBH,IBIS,LIJIANG,Chine,"No. 2 Qixing Street, Gucheng District, Lijiang City",674100,https://all.accor.com/hotel/C0L2/index.fr.shtml,catalog_api,china,IBIS LIJIANG QIXING STREET HOTEL,LIJIANG,china,Chine,asia,missing
C3T0,C3T0,Mercure Lijiang Old Town,MER,MERCURE,LIJIANG,Chine,"No 195 Yuxue Avenue, Gucheng District, Lijaing city",674110,https://all.accor.com/hotel/C3T0/index.fr.shtml,catalog_api,china,MERCURE LIJIANG OLD TOWN,LIJIANG,china,Chine,asia,missing
B4E3,B4E3,Mercure Anshun Railway Station,MER,MERCURE,ANSHUN,Chine,"No 4 15 17 Front Square, Xixiu Disterct",5610001,https://all.accor.com/hotel/B4E3/index.fr.shtml,catalog_api,china,MERCURE ANSHUN RAILWAY STATION,ANSHUN,china,Chine,asia,missing
B4B4,B4B4,Ibis Zhangjiakou Zhangbei County Coach Station Hotel,IBH,IBIS,ZHANGBEIXIAN,Chine,"East Of Yujingxia District, Zhangbei County, Zhangjiakou City",076450,https://all.accor.com/hotel/B4B4/index.fr.shtml,catalog_api,china,IBIS ZHANGJIAKOU ZHANGBEI COUNTY COACH STATION HOTEL,ZHANGBEIXIAN,china,Chine,asia,missing
B8Y3,B8Y3,Sofitel Xiong An,SOF,SOFITEL,BAODING,Chine,"容东金湖街172号, Xiong, une nouvelle ère",071799,https://all.accor.com/hotel/B8Y3/index.fr.shtml,catalog_api,china,SOFITEL XIONG AN,BAODING,china,Chine,asia,missing
A7Z9,A7Z9,Fairmont Wuhan,FAI,FAIRMONT,WUHAN,Chine,"249 Huaihai Road, Jianghan District, Non applicable",430023,https://all.accor.com/hotel/A7Z9/index.fr.shtml,catalog_api,china,FAIRMONT WUHAN,WUHAN,china,Chine,asia,missing
B320,B320,Grand Mercure Wuhan Qiaokou,MEI,GRAND MERCURE,WUHAN,Chine,"558 Jiefang Avenue, Qiaokou District, Wuhan China",430033,https://all.accor.com/hotel/B320/index.fr.shtml,catalog_api,china,GRAND MERCURE WUHAN QIAOKOU,WUHAN,china,Chine,asia,missing
B3W2,B3W2,Mercure Jinan Pingyin,MER,MERCURE,JINAN,Chine,"No 17 Jindong Road, Pingyin County",250400,https://all.accor.com/hotel/B3W2/index.fr.shtml,catalog_api,china,MERCURE JINAN PINGYIN,JINAN,china,Chine,asia,missing
C2L0,C2L0,Grand Mercure Wuhan Hanyang,MEI,GRAND MERCURE,WUHAN,Chine,"229 Jiangcheng Avenue, Hanyang District",430051,https://all.accor.com/hotel/C2L0/index.fr.shtml,catalog_api,china,GRAND MERCURE WUHAN HANYANG,WUHAN,china,Chine,asia,missing
B4A0,B4A0,ibis Wuhan Hubu Alley Hotel,IBH,IBIS,WUHAN,Chine,"NO.118 Democracy Road, Wuchang District, Wuhan",430060,https://all.accor.com/hotel/B4A0/index.fr.shtml,catalog_api,china,IBIS WUHAN HUBU ALLEY HOTEL,WUHAN,china,Chine,asia,missing
C5B2,C5B2,Novotel Wuhan Optics Valley,NOV,NOVOTEL,WUHAN,Chine,"BuildingA Guanggu Avenue, Hongshan District, Wuhan,Hubei",430074,https://all.accor.com/hotel/C5B2/index.fr.shtml,catalog_api,china,NOVOTEL WUHAN OPTICS VALLEY,WUHAN,china,Chine,asia,missing
B5M1,B5M1,Mercure Wuhan Yangluo,MER,MERCURE,WUHAN,Chine,"N0.786  Yang Guang Road, Yuan Meng Nan Road, Yangluo Development Zone",431400,https://all.accor.com/hotel/B5M1/index.fr.shtml,catalog_api,china,MERCURE WUHAN YANGLUO,WUHAN,china,Chine,asia,missing
B6K8,B6K8,Ibis Yongcheng Jinboda  Plaza Hotel,IBH,IBIS,SHANGQIU,Chine,"380 Xuefeng Road, Dongcheng District, Yongcheng City",476610,https://all.accor.com/hotel/B6K8/index.fr.shtml,catalog_api,china,IBIS YONGCHENG JINBODA PLAZA HOTEL,SHANGQIU,china,Chine,asia,missing
B5Y9,B5Y9,Mercure Jinan West Railway Station,MER,MERCURE,JINAN,Chine,"No 3179 Qilu Avenue, Huaiyin District, 1st Floor (Floors 5-7)",250000,https://all.accor.com/hotel/B5Y9/index.fr.shtml,catalog_api,china,MERCURE JINAN WEST RAILWAY STATION,JINAN,china,Chine,asia,missing
C245,C245,Mercure Beijing Advanced Business Park,MER,MERCURE,BEIJING,Chine,"No 16 District 16 ABP, No 188 Nansihuanxi Road",100071,https://all.accor.com/hotel/C245/index.fr.shtml,catalog_api,china,MERCURE BEIJING ADVANCED BUSINESS PARK,BEIJING,china,Chine,asia,missing
C017,C017,Novotel Jinan North Down Town,NOV,NOVOTEL,JINAN,Chine,"No 1 North Maanshan Road, Tianqiao District",250032,https://all.accor.com/hotel/C017/index.fr.shtml,catalog_api,china,NOVOTEL JINAN NORTH DOWN TOWN,JINAN,china,Chine,asia,missing
B4Z5,B4Z5,Mercure Beijing Chang An West,MER,MERCURE,PÉKIN,Chine,"No 65 B Fuxing Road, Haidian District",100089,https://all.accor.com/hotel/B4Z5/index.fr.shtml,catalog_api,china,MERCURE BEIJING CHANG AN WEST,PEKIN,china,Chine,asia,missing
C577,C577,Mercure Beijing Lize Road,MER,MERCURE,BEIJING,Chine,"Block G Lize Yayuan, Fengtai District, Beijing",100070,https://all.accor.com/hotel/C577/index.fr.shtml,catalog_api,china,MERCURE BEIJING LIZE ROAD,BEIJING,china,Chine,asia,missing
C0Q2,C0Q2,Dhawa Jinan Daming Lake,DHA,DHAWA,JINAN,Chine,No 166 Daming Lake Road,250014,https://all.accor.com/hotel/C0Q2/index.fr.shtml,catalog_api,china,DHAWA JINAN DAMING LAKE,JINAN,china,Chine,asia,missing
B7T3,B7T3,Ibis Jinan East Wenhua Rd Hotel,IBH,IBIS,JINAN,Chine,"No.95 Wenhua East Road, Lixia District, Jinan City",250013,https://all.accor.com/hotel/B7T3/index.fr.shtml,catalog_api,china,IBIS JINAN EAST WENHUA RD HOTEL,JINAN,china,Chine,asia,missing
C385,C385,Mercure Jinan Beiyuan Street,MER,MERCURE,JINAN,Chine,No 67 Beiyuan Street,250131,https://all.accor.com/hotel/C385/index.fr.shtml,catalog_api,china,MERCURE JINAN BEIYUAN STREET,JINAN,china,Chine,asia,missing
C5V9,C5V9,Mercure Beijing South Railway Station,MER,MERCURE,BEIJING,Chine,"No2 Courtyard Youwai West Road, South gate of Building 1",100069,https://all.accor.com/hotel/C5V9/index.fr.shtml,catalog_api,china,MERCURE BEIJING SOUTH RAILWAY STATION,BEIJING,china,Chine,asia,missing
B4Z7,B4Z7,Mercure Beijing Zhongguancun,MER,MERCURE,PÉKIN,Chine,"No 31 Zhongguancun, Haidian District",100000,https://all.accor.com/hotel/B4Z7/index.fr.shtml,catalog_api,china,MERCURE BEIJING ZHONGGUANCUN,PEKIN,china,Chine,asia,missing
B571,B571,Ibis Beijing Changping Metro Station Hotel,IBH,IBIS,BEIJING,Chine,"No. 15 Government Street, Changping Town, Changping District",102299,https://all.accor.com/hotel/B571/index.fr.shtml,catalog_api,china,IBIS BEIJING CHANGPING METRO STATION HOTEL,BEIJING,china,Chine,asia,missing
C0Y3,C0Y3,Mercure Beijing Qianmen,MER,MERCURE,BEIJING,Chine,"77 Dashilar Meishi, Xicheng District, BEIJING",100000,https://all.accor.com/hotel/C0Y3/index.fr.shtml,catalog_api,china,MERCURE BEIJING QIANMEN,BEIJING,china,Chine,asia,missing
C1S9,C1S9,Ibis Beijing Tiananmen Square Hotel,IBH,IBIS,BEIJING,Chine,"No. 25, Dashilan Street, Xicheng District",100051,https://all.accor.com/hotel/C1S9/index.fr.shtml,catalog_api,china,IBIS BEIJING TIANANMEN SQUARE HOTEL,BEIJING,china,Chine,asia,missing
C330,C330,Mercure Tai'an Centre,MER,MERCURE,TAIAN,Chine,Number 190 Taishan Street,27100,https://all.accor.com/hotel/C330/index.fr.shtml,catalog_api,china,MERCURE TAI AN CENTRE,TAIAN,china,Chine,asia,missing
B6C4,B6C4,IBIS Beijing Guloudajie Metro Station Hotel,IBH,IBIS,BEIJING,Chine,"Beijing Dongcheng District Zhang, District Beijing N  A, BEIJING China",100009,https://all.accor.com/hotel/B6C4/index.fr.shtml,catalog_api,china,IBIS BEIJING GULOUDAJIE METRO STATION HOTEL,BEIJING,china,Chine,asia,missing
C570,C570,Mercure Beijing Chaoyang Panjiayuan,MER,MERCURE,BEIJING,Chine,"No 413 Hongshan Jiayuan, Huawei South Road, Chaoyang District",100021,https://all.accor.com/hotel/C570/index.fr.shtml,catalog_api,china,MERCURE BEIJING CHAOYANG PANJIAYUAN,BEIJING,china,Chine,asia,missing
B628,B628,Sofitel Beijing Central,SOF,SOFITEL,BEIJING,Chine,"No 2 Jianguomen South Avenue, Quartier de Chaoyang",100022,https://all.accor.com/hotel/B628/index.fr.shtml,catalog_api,china,SOFITEL BEIJING CENTRAL,BEIJING,china,Chine,asia,missing
B900,B900,Mercure Beijing Anzhen Olympic Center,MER,MERCURE,BEIJING,Chine,"No 22 An Ding Road, Dongcheng District",100010,https://all.accor.com/hotel/B900/index.fr.shtml,catalog_api,china,MERCURE BEIJING ANZHEN OLYMPIC CENTER,BEIJING,china,Chine,asia,missing
C3N8,C3N8,Mövenpick By Accor Guizhou Tianyan,MOV,MÖVENPICK,QIANNAN,Chine,Qianjin Village,558305,https://all.accor.com/hotel/C3N8/index.fr.shtml,catalog_api,china,MOVENPICK BY ACCOR GUIZHOU TIANYAN,QIANNAN,china,Chine,asia,missing
A5A1,A5A1,Swissôtel Beijing Hong Kong Macau Center,SWI,SWISSÔTEL,PÉKIN,Chine,"No 2 Chao Yang Men Bei Da Jie, Bei Da Jie Dong Chen District",100027,https://all.accor.com/hotel/A5A1/index.fr.shtml,catalog_api,china,SWISSOTEL BEIJING HONG KONG MACAU CENTER,PEKIN,china,Chine,asia,missing
B9W2,B9W2,Mercure Beijing centre-ville,MER,MERCURE,BEIJING,Chine,No 17 North Ritan Road,100020,https://all.accor.com/hotel/B9W2/index.fr.shtml,catalog_api,china,MERCURE BEIJING CENTRE VILLE,BEIJING,china,Chine,asia,missing
C294,C294,Mercure Jinandong Railway Station,MER,MERCURE,JINAN,Chine,"Building B3 Block Vientiane, Licheng District",250000,https://all.accor.com/hotel/C294/index.fr.shtml,catalog_api,china,MERCURE JINANDONG RAILWAY STATION,JINAN,china,Chine,asia,missing
A5F9,A5F9,Fairmont Beijing,FAI,FAIRMONT,BEIJING,Chine,"8 Yong an Dong Li, Jian Guo Men Wai Avenue, Quartier de Chaoyang",100022,https://all.accor.com/hotel/A5F9/index.fr.shtml,catalog_api,china,FAIRMONT BEIJING,BEIJING,china,Chine,asia,missing
C0R7,C0R7,MERCURE JINAN HANYU CENTRE D'AFFAIRES FINANCIER,MER,MERCURE,JINAN,Chine,"4577 Economic Tu Road, Li Xia District",250000,https://all.accor.com/hotel/C0R7/index.fr.shtml,catalog_api,china,MERCURE JINAN HANYU CENTRE D AFFAIRES FINANCIER,JINAN,china,Chine,asia,missing
C0K6,C0K6,Ibis Beijing Beiqijia Hotel,IBH,IBIS,BEIJING,Chine,"Building 3 No. 42 Qibei Road, Beiqijia Town, Changping District",102209,https://all.accor.com/hotel/C0K6/index.fr.shtml,catalog_api,china,IBIS BEIJING BEIQIJIA HOTEL,BEIJING,china,Chine,asia,missing
C508,C508,Mercure Beijing Dongzhimen,MER,MERCURE,BEIJING,Chine,"No29 Nan'erlizhuang, Dongcheng District, Beijing",100020,https://all.accor.com/hotel/C508/index.fr.shtml,catalog_api,china,MERCURE BEIJING DONGZHIMEN,BEIJING,china,Chine,asia,missing
C390,C390,Mercure Beijing Baiziwan CBD,MER,MERCURE,BEIJING,Chine,"Guanghua Street, Quartier de Chaoyang, Beijing",100124,https://all.accor.com/hotel/C390/index.fr.shtml,catalog_api,china,MERCURE BEIJING BAIZIWAN CBD,BEIJING,china,Chine,asia,missing
7565,7565,Mercure Beijing Downtown,MER,MERCURE,BEIJING,Chine,"No.16 Jia, Xi Da Wang Road, Chao Yang District",100124,https://all.accor.com/hotel/7565/index.fr.shtml,catalog_api,china,MERCURE BEIJING DOWNTOWN,BEIJING,china,Chine,asia,missing
B253,B253,ibis Beijing Sanlitun Tuanjie Lake Hotel,IBH,IBIS,BEIJING,Chine,"Building 17, Tuanjiehu Road, Chaoyang District",100026,https://all.accor.com/hotel/B253/index.fr.shtml,catalog_api,china,IBIS BEIJING SANLITUN TUANJIE LAKE HOTEL,BEIJING,china,Chine,asia,missing
B0Z7,B0Z7,ibis Huaibei Nanli Road Hotel,IBH,IBIS,HUAIBEI,Chine,"Decheng steam cloud, B building, Xiangshan Nanli Road",235000,https://all.accor.com/hotel/B0Z7/index.fr.shtml,catalog_api,china,IBIS HUAIBEI NANLI ROAD HOTEL,HUAIBEI,china,Chine,asia,missing
C228,C228,Mercure Beijing Future Science City,MER,MERCURE,BEIJING,Chine,"No 58 Litang Road, Changping District",102200,https://all.accor.com/hotel/C228/index.fr.shtml,catalog_api,china,MERCURE BEIJING FUTURE SCIENCE CITY,BEIJING,china,Chine,asia,missing
C420,C420,Novotel Jinan Airport,NOV,NOVOTEL,JINAN,Chine,"SOUTH OF THE COMPREHENSIVE, SUPPORT BUILDING INTHE NEW, WORK ZONE OF JINAN AIRPORT",250107,https://all.accor.com/hotel/C420/index.fr.shtml,catalog_api,china,NOVOTEL JINAN AIRPORT,JINAN,china,Chine,asia,missing
B171,B171,ibis Beijing Changying Hotel,IBH,IBIS,BEIJING,Chine,"Changying Rd And Guanzhuang Rd, Chaoyang District",100024,https://all.accor.com/hotel/B171/index.fr.shtml,catalog_api,china,IBIS BEIJING CHANGYING HOTEL,BEIJING,china,Chine,asia,missing
A8F0,A8F0,ibis Styles Beijing Capital Airport Hotel,IBS,IBIS STYLES,BEIJING,Chine,"""No. 32, Tianzhu Town Fuqian Street, Shunyi District""",101312,https://all.accor.com/hotel/A8F0/index.fr.shtml,catalog_api,china,IBIS STYLES BEIJING CAPITAL AIRPORT HOTEL,BEIJING,china,Chine,asia,missing
C107,C107,Mercure Beijing Universal Resort (Ouverture Mai 2023),MER,MERCURE,BEIJING,Chine,"No 8 No 339 Yunjing East Road, Tongzhou, BEIJING",101149,https://all.accor.com/hotel/C107/index.fr.shtml,catalog_api,china,MERCURE BEIJING UNIVERSAL RESORT OUVERTURE MAI 2023,BEIJING,china,Chine,asia,missing
C010,C010,"Mercure Beijing, quartier de Tongzhou",MER,MERCURE,BEIJING,Chine,"No 57 Xinhua West Street, Tongzhou District",101100,https://all.accor.com/hotel/C010/index.fr.shtml,catalog_api,china,MERCURE BEIJING QUARTIER DE TONGZHOU,BEIJING,china,Chine,asia,missing
C309,C309,Mercure Beijing The Grand Canal CBD,MER,MERCURE,BEIJING,Chine,"Longwangzhuang,Luyuan East Road, Tongzhou District",101125,https://all.accor.com/hotel/C309/index.fr.shtml,catalog_api,china,MERCURE BEIJING THE GRAND CANAL CBD,BEIJING,china,Chine,asia,missing
C5C5,C5C5,Mercure Beijing Capital International Airport,MER,MERCURE,BEIJING,Chine,"No 6 Courtyard Huihai Road S, Building 14",101300,https://all.accor.com/hotel/C5C5/index.fr.shtml,catalog_api,china,MERCURE BEIJING CAPITAL INTERNATIONAL AIRPORT,BEIJING,china,Chine,asia,missing
C023,C023,Ibis Styles CS Railway Station,IBS,IBIS STYLES,CHANGSHA,Chine,"34 Wuyi Avenue, Furong District, Changsha",410011,https://all.accor.com/hotel/C023/index.fr.shtml,catalog_api,china,IBIS STYLES CS RAILWAY STATION,CHANGSHA,china,Chine,asia,missing
A5U5,A5U5,ibis Xuzhou East Huaihai,IBH,IBIS,XUZHOU,Chine,"No 86, East Huaihai Rd, Quanshan District",221005,https://all.accor.com/hotel/A5U5/index.fr.shtml,catalog_api,china,IBIS XUZHOU EAST HUAIHAI,XUZHOU,china,Chine,asia,missing
C4N4,C4N4,Mercure Dali Ancient City,MER,MERCURE,DALI,Chine,"Canger Ave Yinhai Shanshuijian, Group 1 Xiangsi Building 1, Dali Town",650034,https://all.accor.com/hotel/C4N4/index.fr.shtml,catalog_api,china,MERCURE DALI ANCIENT CITY,DALI,china,Chine,asia,missing
A9P1,A9P1,Mercure Tianjin Wuqing,MER,MERCURE,TIANJIN,Chine,"No 40 Quanwang Road, Wuqing District",301700,https://all.accor.com/hotel/A9P1/index.fr.shtml,catalog_api,china,MERCURE TIANJIN WUQING,TIANJIN,china,Chine,asia,missing
C6G4,C6G4,Novotel Xuzhou Tongshan,NOV,NOVOTEL,XUZHOU,Chine,"No16 Beijing Road, Tongshan Area, XUZHOU",221116,https://all.accor.com/hotel/C6G4/index.fr.shtml,catalog_api,china,NOVOTEL XUZHOU TONGSHAN,XUZHOU,china,Chine,asia,missing
A160,A160,ibis Styles Changsha International Exhibition Center,IBS,IBIS STYLES,CHANGSHA,Chine,No 101 Guozhan Road Changsha,410133,https://all.accor.com/hotel/A160/index.fr.shtml,catalog_api,china,IBIS STYLES CHANGSHA INTERNATIONAL EXHIBITION CENTER,CHANGSHA,china,Chine,asia,missing
A150,A150,Novotel Changsha International Exhibition Center,NOV,NOVOTEL,CHANGSHA,Chine,"No99, Guozhan Road, Huangxing Town Changsha County",410100,https://all.accor.com/hotel/A150/index.fr.shtml,catalog_api,china,NOVOTEL CHANGSHA INTERNATIONAL EXHIBITION CENTER,CHANGSHA,china,Chine,asia,missing
B6R4,B6R4,Novotel Tianjin Drum Tower,NOV,NOVOTEL,TIANJIN,Chine,"Chengxiang East Rd, Naikai District",300110,https://all.accor.com/hotel/B6R4/index.fr.shtml,catalog_api,china,NOVOTEL TIANJIN DRUM TOWER,TIANJIN,china,Chine,asia,missing
B4E9,B4E9,IBIS Tianjin Ancient Cultural Street Hotel,IBH,IBIS,TIANJIN,Chine,Tianjin Nankai District Zhangziz,300090,https://all.accor.com/hotel/B4E9/index.fr.shtml,catalog_api,china,IBIS TIANJIN ANCIENT CULTURAL STREET HOTEL,TIANJIN,china,Chine,asia,missing
B1U5,B1U5,Banyan Tree Tianjin Riverside,BAN,BANYAN TREE,TIANJIN,Chine,34 Haihe East Road,300010,https://all.accor.com/hotel/B1U5/index.fr.shtml,catalog_api,china,BANYAN TREE TIANJIN RIVERSIDE,TIANJIN,china,Chine,asia,missing
B5Z2,B5Z2,Ibis Tianjin Jinwan Plaza Hotel,IBH,IBIS,TIANJIN,Chine,"Building 3, Haojinwan Plaza, 20 Binjiang Road",300041,https://all.accor.com/hotel/B5Z2/index.fr.shtml,catalog_api,china,IBIS TIANJIN JINWAN PLAZA HOTEL,TIANJIN,china,Chine,asia,missing
B512,B512,Ibis Tianjin Railway Station North Square Hotel,IBH,IBIS,TIANJIN,Chine,Chunhua Apartment?Huaxing Road?H,300011,https://all.accor.com/hotel/B512/index.fr.shtml,catalog_api,china,IBIS TIANJIN RAILWAY STATION NORTH SQUARE HOTEL,TIANJIN,china,Chine,asia,missing
B9Q2,B9Q2,Mercure KunMing Airport (ouverture mars 2024),MER,MERCURE,KUNMING,Chine,"17 Airport East Road, Guandu District, Kunming",650000,https://all.accor.com/hotel/B9Q2/index.fr.shtml,catalog_api,china,MERCURE KUNMING AIRPORT OUVERTURE MARS 2024,KUNMING,china,Chine,asia,missing
B6U7,B6U7,Ibis Styles Kunming Hi-tech Zone Hotel,IBS,IBIS STYLES,KUNMING,Chine,"Wuyue Luxury Residence 3-9, No. 178 Wang Qiong Road, Wuhua District Kunming City",650000,https://all.accor.com/hotel/B6U7/index.fr.shtml,catalog_api,china,IBIS STYLES KUNMING HI TECH ZONE HOTEL,KUNMING,china,Chine,asia,missing
B697,B697,Novotel Tianjin Meijiang,NOV,NOVOTEL,TIANJIN,Chine,No 29 Weishan South Road,300350,https://all.accor.com/hotel/B697/index.fr.shtml,catalog_api,china,NOVOTEL TIANJIN MEIJIANG,TIANJIN,china,Chine,asia,missing
B0E5,B0E5,ibis Styles Kunming Nanping Waliking Street,IBS,IBIS STYLES,KUNMING,Chine,"No. 418, Qingnian Road, Wuhua District",650011,https://all.accor.com/hotel/B0E5/index.fr.shtml,catalog_api,china,IBIS STYLES KUNMING NANPING WALIKING STREET,KUNMING,china,Chine,asia,missing
B170,B170,ibis Kunming Beijing Rd,IBH,IBIS,KUNMING,Chine,"No.326, Beijing Road, Kunming",650011,https://all.accor.com/hotel/B170/index.fr.shtml,catalog_api,china,IBIS KUNMING BEIJING RD,KUNMING,china,Chine,asia,missing
C221,C221,Novotel Living Yunnan Dianchi Times,NOL,NOL,KUNMING,Chine,No 384 Dianchi Road,650228,https://all.accor.com/hotel/C221/index.fr.shtml,catalog_api,china,NOVOTEL LIVING YUNNAN DIANCHI TIMES,KUNMING,china,Chine,asia,missing
B9A6,B9A6,Novotel Kunming City Center,NOV,NOVOTEL,KUNMING,Chine,"No 384 Dianchi Road, Xishan District",650228,https://all.accor.com/hotel/B9A6/index.fr.shtml,catalog_api,china,NOVOTEL KUNMING CITY CENTER,KUNMING,china,Chine,asia,missing
B5G8,B5G8,Ibis Styles Xuzhou Jiawang Hotel,IBS,IBIS STYLES,XUZHOU,Chine,"9 Daquan Road, Jiawang District, Xuzhou City",221000,https://all.accor.com/hotel/B5G8/index.fr.shtml,catalog_api,china,IBIS STYLES XUZHOU JIAWANG HOTEL,XUZHOU,china,Chine,asia,missing
C0M4,C0M4,Novotel Kunming Yunjin,NOV,NOVOTEL,KUNMING,Chine,"No.6,Zhixin Street, Wujiaba Community, Guandu District",650000,https://all.accor.com/hotel/C0M4/index.fr.shtml,catalog_api,china,NOVOTEL KUNMING YUNJIN,KUNMING,china,Chine,asia,missing
B5G6,B5G6,Ibis Kunming Yunda West Rosd,IBH,IBIS,KUNMING,Chine,"Building 2 NO.10 West Yunda Road, Iingkai District?Kunming Yunnan.",650206,https://all.accor.com/hotel/B5G6/index.fr.shtml,catalog_api,china,IBIS KUNMING YUNDA WEST ROSD,KUNMING,china,Chine,asia,missing
C447,C447,Mercure Kunming Wujiaba,MER,MERCURE,KUNMING,Chine,"Building 3 Longhu Zichen, Guandu District, Kunming",650200,https://all.accor.com/hotel/C447/index.fr.shtml,catalog_api,china,MERCURE KUNMING WUJIABA,KUNMING,china,Chine,asia,missing
C2Z8,C2Z8,Grand Mercure Kunming Sud,MEI,GRAND MERCURE,KUNMING,Chine,"No 567 Erji Road, Guandu District",650200,https://all.accor.com/hotel/C2Z8/index.fr.shtml,catalog_api,china,GRAND MERCURE KUNMING SUD,KUNMING,china,Chine,asia,missing
C0K8,C0K8,Ibis KM South Railway Station,IBH,IBIS,KUNMING,Chine,"No. 1 Building 2 Shilin Street, Chenggong District, Kunming",650000,https://all.accor.com/hotel/C0K8/index.fr.shtml,catalog_api,china,IBIS KM SOUTH RAILWAY STATION,KUNMING,china,Chine,asia,missing
B5M2,B5M2,Mercure Tianjin Tanggu,MER,MERCURE,TIANJIN,Chine,"611 Yingkou Road, Binhai New Area",300450,https://all.accor.com/hotel/B5M2/index.fr.shtml,catalog_api,china,MERCURE TIANJIN TANGGU,TIANJIN,china,Chine,asia,missing
C0J1,C0J1,Novotel Zibo New Hongcheng,NOV,NOVOTEL,ZIBO,Chine,"No 581, Hong Kong Road, Zhang Dian District",255000,https://all.accor.com/hotel/C0J1/index.fr.shtml,catalog_api,china,NOVOTEL ZIBO NEW HONGCHENG,ZIBO,china,Chine,asia,missing
B6U2,B6U2,Mercure Tianjin Eco Oriental,MER,MERCURE,TIANJIN,Chine,"Bld 6 Oriental Culture Square, China Singapore Eco city",300450,https://all.accor.com/hotel/B6U2/index.fr.shtml,catalog_api,china,MERCURE TIANJIN ECO ORIENTAL,TIANJIN,china,Chine,asia,missing
B9T5,B9T5,Swissôtel Hefei Grand Park,SWI,SWISSÔTEL,HEFEI,Chine,No 258 Fanhua Avenue,230601,https://all.accor.com/hotel/B9T5/index.fr.shtml,catalog_api,china,SWISSOTEL HEFEI GRAND PARK,HEFEI,china,Chine,asia,missing
B654,B654,DongFengYun Hotel Mi'Le - MGallery Collection,MGA,MGALLERY,MILE,Chine,"Dong Feng Yun, DongFengYun Town",652302,https://all.accor.com/hotel/B654/index.fr.shtml,catalog_api,china,DONGFENGYUN HOTEL MI LE MGALLERY COLLECTION,MILE,china,Chine,asia,missing
B6R2,B6R2,Mercure Hefei Yintai Center,MER,MERCURE,HEFEI,Chine,"146 Changjiang Road, Luyang District",230001,https://all.accor.com/hotel/B6R2/index.fr.shtml,catalog_api,china,MERCURE HEFEI YINTAI CENTER,HEFEI,china,Chine,asia,missing
B6Q9,B6Q9,Mercure Hefei Huaihe Road,MER,MERCURE,HEFEI,Chine,"Intersection of Huaihe Road, Luyang District Hefei City, Anhui Province PR China",230001,https://all.accor.com/hotel/B6Q9/index.fr.shtml,catalog_api,china,MERCURE HEFEI HUAIHE ROAD,HEFEI,china,Chine,asia,missing
C050,C050,Mercure Hefei South Railway Station,MER,MERCURE,HEFEI,Chine,"Building S8 Zhonghai Guan Park, Baohe Economic Development",230000,https://all.accor.com/hotel/C050/index.fr.shtml,catalog_api,china,MERCURE HEFEI SOUTH RAILWAY STATION,HEFEI,china,Chine,asia,missing
C006,C006,Pullman Yuxi,PUL,PULLMAN,YUXI,Chine,No 36 Chuangxin Road,653100,https://all.accor.com/hotel/C006/index.fr.shtml,catalog_api,china,PULLMAN YUXI,YUXI,china,Chine,asia,missing
A5G6,A5G6,Mercure Hefei Sunac,MER,MERCURE,HEFEI,Chine,"No 356 Wannianbu Road, Wanda Culture City, Baohe District",230000,https://all.accor.com/hotel/A5G6/index.fr.shtml,catalog_api,china,MERCURE HEFEI SUNAC,HEFEI,china,Chine,asia,missing
B438,B438,ibis Styles Suqian Sihong South Hengshan Road Hotel,IBS,IBIS STYLES,SUQIAN,Chine,"Intersection Of, S.Hengshan Road And Jiankang Roa, Sihong Country",223999,https://all.accor.com/hotel/B438/index.fr.shtml,catalog_api,china,IBIS STYLES SUQIAN SIHONG SOUTH HENGSHAN ROAD HOTEL,SUQIAN,china,Chine,asia,missing
C3X7,C3X7,Angsana Tengchong,ANG,ANGSANA,BAOSHAN,Chine,"Mayugu Hot Spring Resorts, Beihai Town Tengchong, Yunnan Baoshan",679100,https://all.accor.com/hotel/C3X7/index.fr.shtml,catalog_api,china,ANGSANA TENGCHONG,BAOSHAN,china,Chine,asia,missing
C392,C392,Grand Mercure Lushan Jade,MEI,GRAND MERCURE,LUSHAN,Chine,"1 Gangxi Road, District de Bilu",332800,https://all.accor.com/hotel/C392/index.fr.shtml,catalog_api,china,GRAND MERCURE LUSHAN JADE,LUSHAN,china,Chine,asia,missing
B556,B556,Mercure Guilin Hi Tech Zone,MER,MERCURE,GUILIN,Chine,9 Huan Cheng Yi Lu,541004,https://all.accor.com/hotel/B556/index.fr.shtml,catalog_api,china,MERCURE GUILIN HI TECH ZONE,GUILIN,china,Chine,asia,missing
C0K9,C0K9,Ibis Jiujiang Gongqingcheng,IBH,IBIS,JIUJIANG,Chine,"No. 69 Fuhua South Avenue, Gongqing City, Jiujiang City",332020,https://all.accor.com/hotel/C0K9/index.fr.shtml,catalog_api,china,IBIS JIUJIANG GONGQINGCHENG,JIUJIANG,china,Chine,asia,missing
B1X1,B1X1,Banyan Tree Tengchong,BAN,BANYAN TREE,TENGCHONG,Chine,Mayugu Intl Hot Spring Resorts,679100,https://all.accor.com/hotel/B1X1/index.fr.shtml,catalog_api,china,BANYAN TREE TENGCHONG,TENGCHONG,china,Chine,asia,missing
B9J5,B9J5,Pullman Nanchang Meiling,PUL,PULLMAN,NANCHANG,Chine,No 399 Shuangmashi Road,330004,https://all.accor.com/hotel/B9J5/index.fr.shtml,catalog_api,china,PULLMAN NANCHANG MEILING,NANCHANG,china,Chine,asia,missing
A326,A326,ibis Styles Nanchang Honggu New City,IBS,IBIS STYLES,NANCHANG,Chine,"Floor 1-5, No. 1629, Changleng Ave.",330100,https://all.accor.com/hotel/A326/index.fr.shtml,catalog_api,china,IBIS STYLES NANCHANG HONGGU NEW CITY,NANCHANG,china,Chine,asia,missing
A5G5,A5G5,Mercure Nanchang Sunac,MER,MERCURE,NANCHANG,Chine,"987 Nan Longpan Street, Honggutan District, Jiangxi Province",330038,https://all.accor.com/hotel/A5G5/index.fr.shtml,catalog_api,china,MERCURE NANCHANG SUNAC,NANCHANG,china,Chine,asia,missing
B4S0,B4S0,Mercure Nanchang Tengwang Pavilion,MER,MERCURE,NANCHANG,Chine,"No 39 North Yanjiang Road, Donghu District",330000,https://all.accor.com/hotel/B4S0/index.fr.shtml,catalog_api,china,MERCURE NANCHANG TENGWANG PAVILION,NANCHANG,china,Chine,asia,missing
B2U1,B2U1,Ibis Nanchang Bayi Museum Metro Station Hotel,IBH,IBIS,NANCHANG,Chine,"No.217 Zhongshan Road, Donghu District, Nanchang",330009,https://all.accor.com/hotel/B2U1/index.fr.shtml,catalog_api,china,IBIS NANCHANG BAYI MUSEUM METRO STATION HOTEL,NANCHANG,china,Chine,asia,missing
B551,B551,Mercure Guilin Yangshuo Xingping,MER,MERCURE,GUILIN,Chine,"No 12 Rongtan stree, Xingping Town, Yangshuo",450321,https://all.accor.com/hotel/B551/index.fr.shtml,catalog_api,china,MERCURE GUILIN YANGSHUO XINGPING,GUILIN,china,Chine,asia,missing
C0X2,C0X2,Ibis Styles Lianyungang Ganyu,IBS,IBIS STYLES,LIANYUNGANG,Chine,"No. 5-81 Haicheng Road, Qingkou Town, Ganyu District",222199,https://all.accor.com/hotel/C0X2/index.fr.shtml,catalog_api,china,IBIS STYLES LIANYUNGANG GANYU,LIANYUNGANG,china,Chine,asia,missing
B3E3,B3E3,Ibis Styles Nanchang Xiaolan Industrial Park Hotel,IBS,IBIS STYLES,NANCHANG,Chine,"No.869 Middle Yingbin Road, Nanchang, Jiangxi",330200,https://all.accor.com/hotel/B3E3/index.fr.shtml,catalog_api,china,IBIS STYLES NANCHANG XIAOLAN INDUSTRIAL PARK HOTEL,NANCHANG,china,Chine,asia,missing
C271,C271,Novotel Lianyungang Haizhou,NOV,NOVOTEL,LIANYUNGANG,Chine,No 386 Qindongmen Road,222000,https://all.accor.com/hotel/C271/index.fr.shtml,catalog_api,china,NOVOTEL LIANYUNGANG HAIZHOU,LIANYUNGANG,china,Chine,asia,missing
B890,B890,Pullman Huai'an,PUL,PULLMAN,HUAI AN,Chine,No 208 West Changjiang Road,223300,https://all.accor.com/hotel/B890/index.fr.shtml,catalog_api,china,PULLMAN HUAI AN,HUAI AN,china,Chine,asia,missing
B1W8,B1W8,Banyan Tree Yangshuo,BAN,BANYAN TREE,YANGSHUO,Chine,"168 Zhendong Street Fuli Town, Guilin City Guangxi Province",541905,https://all.accor.com/hotel/B1W8/index.fr.shtml,catalog_api,china,BANYAN TREE YANGSHUO,YANGSHUO,china,Chine,asia,missing
B5G7,B5G7,Ibis Guanyun Kowloon Port Water Street Hotel,IBH,IBIS,GUANYUNXIAN,Chine,"16 Water Street, Kowloon Port, Guanyun County",222200,https://all.accor.com/hotel/B5G7/index.fr.shtml,catalog_api,china,IBIS GUANYUN KOWLOON PORT WATER STREET HOTEL,GUANYUNXIAN,china,Chine,asia,missing
C617,C617,Grand Mercure Rizhao Haiqu,MEI,GRAND MERCURE,RIZHAO,Chine,"No. 126 Haiqu East Road, District Donggang",276800,https://all.accor.com/hotel/C617/index.fr.shtml,catalog_api,china,GRAND MERCURE RIZHAO HAIQU,RIZHAO,china,Chine,asia,missing
C2C8,C2C8,Mercure Huaian East Railway Station,MER,MERCURE,HUAIAN,Chine,"1 Tieyuan Road, Huaian City",223232,https://all.accor.com/hotel/C2C8/index.fr.shtml,catalog_api,china,MERCURE HUAIAN EAST RAILWAY STATION,HUAIAN,china,Chine,asia,missing
C2C0,C2C0,JO&JOE Lhasa Jokhang Temple,JOE,JO&JOE,LHASA,Chine,"No5 Annex, No11 Jiangsu Road, Chengguan District",850000,https://all.accor.com/hotel/C2C0/index.fr.shtml,catalog_api,china,JO JOE LHASA JOKHANG TEMPLE,LHASA,china,Chine,asia,missing
C1U9,C1U9,Mövenpick by Accor Binjiang Nanjing,MOV,MÖVENPICK,NANJING,Chine,"69 Rehe South Road, Gulou District",210044,https://all.accor.com/hotel/C1U9/index.fr.shtml,catalog_api,china,MOVENPICK BY ACCOR BINJIANG NANJING,NANJING,china,Chine,asia,missing
B5Z3,B5Z3,Mercure Nanjing Olympic EXPO,MER,MERCURE,NANJING,Chine,"No98 Yunlongshan Road, Jianye District",210000,https://all.accor.com/hotel/B5Z3/index.fr.shtml,catalog_api,china,MERCURE NANJING OLYMPIC EXPO,NANJING,china,Chine,asia,missing
C3D2,C3D2,Mercure Nanjing Confucius Temple,MER,MERCURE,NANJING,Chine,"No528 Taiping South Road, Qinhuai District, Nanjing",210000,https://all.accor.com/hotel/C3D2/index.fr.shtml,catalog_api,china,MERCURE NANJING CONFUCIUS TEMPLE,NANJING,china,Chine,asia,missing
B1A8,B1A8,Ibis Nanjing Guli Development,IBH,IBIS,NANJING,Chine,"No.8 Zhenrong Road, Jiangning District, Nanjing City",211100,https://all.accor.com/hotel/B1A8/index.fr.shtml,catalog_api,china,IBIS NANJING GULI DEVELOPMENT,NANJING,china,Chine,asia,missing
B9B4,B9B4,Mercure Nanjing Hongshan Zoo,MER,MERCURE,NANJING,Chine,"No 258 Heyan Road, Qixia District",210000,https://all.accor.com/hotel/B9B4/index.fr.shtml,catalog_api,china,MERCURE NANJING HONGSHAN ZOO,NANJING,china,Chine,asia,missing
B6M4,B6M4,Mercure Nanjing Downtown,MER,MERCURE,NANJING,Chine,"No 34 Guanjiaqiao, Gulou District",210005,https://all.accor.com/hotel/B6M4/index.fr.shtml,catalog_api,china,MERCURE NANJING DOWNTOWN,NANJING,china,Chine,asia,missing
C1H8,C1H8,Ming Hotel Nanjing - MGallery Collection,MGA,MGALLERY,NANKIN,Chine,"No 100 Changjiang Road, Quartier de Xuanwu",210000,https://all.accor.com/hotel/C1H8/index.fr.shtml,catalog_api,china,MING HOTEL NANJING MGALLERY COLLECTION,NANKIN,china,Chine,asia,missing
B7N3,B7N3,Mercure Nanjing Xuanwu Lake,MER,MERCURE,NANJING,Chine,"No7 Jianning Road, Gulou District, Jiang Su Pr China",210000,https://all.accor.com/hotel/B7N3/index.fr.shtml,catalog_api,china,MERCURE NANJING XUANWU LAKE,NANJING,china,Chine,asia,missing
B9A3,B9A3,Banyan Tree Nanjing Garden Expo,BAN,BANYAN TREE,NANKIN,Chine,"No 8 Mengyue Road, Tangshan Street, Jiangning District",211131,https://all.accor.com/hotel/B9A3/index.fr.shtml,catalog_api,china,BANYAN TREE NANJING GARDEN EXPO,NANKIN,china,Chine,asia,missing
B8P2,B8P2,Ibis Styles Qinghuangdao Hotel,IBS,IBIS STYLES,QINHUANGDAO,Chine,"8 An Yi Lu Beidaihe District, Qinhuangdao City, Hebei Province",066300,https://all.accor.com/hotel/B8P2/index.fr.shtml,catalog_api,china,IBIS STYLES QINGHUANGDAO HOTEL,QINHUANGDAO,china,Chine,asia,missing
C3M4,C3M4,Novotel Nanjing South Railway Station,NOV,NOVOTEL,NANJING,Chine,"NO 288 Daming Raod, Qinhuai Qistrict, Nanjing",210022,https://all.accor.com/hotel/C3M4/index.fr.shtml,catalog_api,china,NOVOTEL NANJING SOUTH RAILWAY STATION,NANJING,china,Chine,asia,missing
B2N2,B2N2,ibis Styles Nanjing South Railway Station North Square Hotel,IBS,IBIS STYLES,NANJING,Chine,"Yuxiu Street, Yuhuatai District",210006,https://all.accor.com/hotel/B2N2/index.fr.shtml,catalog_api,china,IBIS STYLES NANJING SOUTH RAILWAY STATION NORTH SQUARE HOTEL,NANJING,china,Chine,asia,missing
B5G5,B5G5,IBIS Nanjing South Railway Station North Square Hotel,IBH,IBIS,NANJING,Chine,"Jinlunxing Cubic C District, No. 2 Yupandong Street, Yuhuatai District",210006,https://all.accor.com/hotel/B5G5/index.fr.shtml,catalog_api,china,IBIS NANJING SOUTH RAILWAY STATION NORTH SQUARE HOTEL,NANJING,china,Chine,asia,missing
B258,B258,ibis Nanjing Jiangjun Avenue Hotel,IBH,IBIS,NANJING,Chine,"No. 20, General Avenue, Jiangning District",211106,https://all.accor.com/hotel/B258/index.fr.shtml,catalog_api,china,IBIS NANJING JIANGJUN AVENUE HOTEL,NANJING,china,Chine,asia,missing
B4Z4,B4Z4,Mercure Nanjing South Railway Station,MER,MERCURE,NANJING,Chine,"No 199 West Tianyuan Rd, Jiangning District",210000,https://all.accor.com/hotel/B4Z4/index.fr.shtml,catalog_api,china,MERCURE NANJING SOUTH RAILWAY STATION,NANJING,china,Chine,asia,missing
C256,C256,Mercure Nanjing Sun Yat-sen Mausolée,MER,MERCURE,NANJING,Chine,"59-10 Gujiaying Road, Xuanwu District",210000,https://all.accor.com/hotel/C256/index.fr.shtml,catalog_api,china,MERCURE NANJING SUN YAT SEN MAUSOLEE,NANJING,china,Chine,asia,missing
B8J4,B8J4,Mercure Qinhuangdao Downtown,MER,MERCURE,QINHUANGDAO,Chine,No 15 West Changjiang Road,066000,https://all.accor.com/hotel/B8J4/index.fr.shtml,catalog_api,china,MERCURE QINHUANGDAO DOWNTOWN,QINHUANGDAO,china,Chine,asia,missing
B6F3,B6F3,Ibis Styles Nanjing Dongqi Road Hotel,IBS,IBIS STYLES,NANJING,Chine,"No.12, Linyi Road, Jiangning District",211100,https://all.accor.com/hotel/B6F3/index.fr.shtml,catalog_api,china,IBIS STYLES NANJING DONGQI ROAD HOTEL,NANJING,china,Chine,asia,missing
B2F3,B2F3,ibis Styles Nanjing Jiangning Kylin Gate Hotel,IBS,IBIS STYLES,NANJING,Chine,"No. 109, Kaicheng Road, Jiangning District",211100,https://all.accor.com/hotel/B2F3/index.fr.shtml,catalog_api,china,IBIS STYLES NANJING JIANGNING KYLIN GATE HOTEL,NANJING,china,Chine,asia,missing
C0A1,C0A1,Novotel Nanjing Airport,NOV,NOVOTEL,NANJING,Chine,"No 9 Xin Cheng Da Dao, Lu Kou Jiedao, Jiang Ning District",211113,https://all.accor.com/hotel/C0A1/index.fr.shtml,catalog_api,china,NOVOTEL NANJING AIRPORT,NANJING,china,Chine,asia,missing
C308,C308,Mercure Shanshan Downtown,MER,MERCURE,TURPAN,Chine,"3000 Laocheng South Road, Shanshan Country, Xinjiang",838200,https://all.accor.com/hotel/C308/index.fr.shtml,catalog_api,china,MERCURE SHANSHAN DOWNTOWN,TURPAN,china,Chine,asia,missing
C0M1,C0M1,Movenpick by Accor Qingdao Sunmei,MOV,MÖVENPICK,QINGDAO,Chine,"No 1 Jiaozhou Bay East Road, West Coast New Area of Qingdao",266000,https://all.accor.com/hotel/C0M1/index.fr.shtml,catalog_api,china,MOVENPICK BY ACCOR QINGDAO SUNMEI,QINGDAO,china,Chine,asia,missing
B1W9,B1W9,Banyan Tree Huangshan,BAN,BANYAN TREE,HUANGSHAN,Chine,"No1 Banyan Tree Road, Yi County Huangshan",245531,https://all.accor.com/hotel/B1W9/index.fr.shtml,catalog_api,china,BANYAN TREE HUANGSHAN,HUANGSHAN,china,Chine,asia,missing
C3T4,C3T4,Mercure Yancheng Funing Swan Lake,MER,MERCURE,YANCHENG,Chine,"No 578 Hong Kong Road, Funing County, Yancheng",224008,https://all.accor.com/hotel/C3T4/index.fr.shtml,catalog_api,china,MERCURE YANCHENG FUNING SWAN LAKE,YANCHENG,china,Chine,asia,missing
C336,C336,Mercure Qingdao Coast,MER,MERCURE,QINGDAO,Chine,"No 23 Wuxia Road, Shinan District, Qingdao",266005,https://all.accor.com/hotel/C336/index.fr.shtml,catalog_api,china,MERCURE QINGDAO COAST,QINGDAO,china,Chine,asia,missing
B7T0,B7T0,Mercure Qingdao Zhanqiao,MER,MERCURE,QINGDAO,Chine,"No 127 Yunnan Road, Shinan District",266002,https://all.accor.com/hotel/B7T0/index.fr.shtml,catalog_api,china,MERCURE QINGDAO ZHANQIAO,QINGDAO,china,Chine,asia,missing
B6K2,B6K2,Ibis Nanjing Lishui Bus Station,IBH,IBIS,NANJING,Chine,"Tianli Plaza No.69 Jiaotong Rd, Yongyang Town, Lishui District",211299,https://all.accor.com/hotel/B6K2/index.fr.shtml,catalog_api,china,IBIS NANJING LISHUI BUS STATION,NANJING,china,Chine,asia,missing
B1N4,B1N4,ibis Styles Yangzhou Baixiang Rd Hotel,IBS,IBIS STYLES,YANGZHOU,Chine,"No.79, Baixiang Road",225000,https://all.accor.com/hotel/B1N4/index.fr.shtml,catalog_api,china,IBIS STYLES YANGZHOU BAIXIANG RD HOTEL,YANGZHOU,china,Chine,asia,missing
B6U1,B6U1,Novotel Yangzhou City Center,NOV,NOVOTEL,YANGZHOU,Chine,"No 19 West Wenchang Road, Guangling District, 225000",225000,https://all.accor.com/hotel/B6U1/index.fr.shtml,catalog_api,china,NOVOTEL YANGZHOU CITY CENTER,YANGZHOU,china,Chine,asia,missing
C350,C350,JO&JOE Yangzhou Hanjiang,JOE,JO&JOE,YANGZHOU,Chine,"No 158 Middle Hanjiang Road, Hanjiang District",225100,https://all.accor.com/hotel/C350/index.fr.shtml,catalog_api,china,JO JOE YANGZHOU HANJIANG,YANGZHOU,china,Chine,asia,missing
C3T2,C3T2,Mercure Mount Huangshan South Gate Transfer Center,MER,MERCURE,HUANGSHAN,Chine,"Bât. 2, No. 111 Tangchuan Road, Quartier Huangshan, Huangshan",245899,https://all.accor.com/hotel/C3T2/index.fr.shtml,catalog_api,china,MERCURE MOUNT HUANGSHAN SOUTH GATE TRANSFER CENTER,HUANGSHAN,china,Chine,asia,missing
B1A7,B1A7,ibis Yangzhou Geyuan Garden Hotel,IBH,IBIS,YANGZHOU,Chine,"No.7, Shi Kefa East Road",225100,https://all.accor.com/hotel/B1A7/index.fr.shtml,catalog_api,china,IBIS YANGZHOU GEYUAN GARDEN HOTEL,YANGZHOU,china,Chine,asia,missing
B3D7,B3D7,Ibis Styles Ruili Jiegao Hotel,IBS,IBIS STYLES,LIJIANG,Chine,"No. 23 Binjiang Road, Ruigai Bibian Trade Zone, Ruili City",678600,https://all.accor.com/hotel/B3D7/index.fr.shtml,catalog_api,china,IBIS STYLES RUILI JIEGAO HOTEL,LIJIANG,china,Chine,asia,missing
A8E8,A8E8,Mercure Yangzhou Dongguan Street,MER,MERCURE,YANGZHOU,Chine,No 107 Taizhou Road,225000,https://all.accor.com/hotel/A8E8/index.fr.shtml,catalog_api,china,MERCURE YANGZHOU DONGGUAN STREET,YANGZHOU,china,Chine,asia,missing
C0X0,C0X0,Ibis Qingdao Xinduxin CapitaMall,IBH,IBIS,QINGDAO,Chine,"No. 176 Chongqing South Road, Shibei District, Qingdao",266300,https://all.accor.com/hotel/C0X0/index.fr.shtml,catalog_api,china,IBIS QINGDAO XINDUXIN CAPITAMALL,QINGDAO,china,Chine,asia,missing
C370,C370,Mercure Qingdao May Fourth Square,MER,MERCURE,QINGDAO,Chine,"129 Ningxia Road, Shinan District, Shandong Province",266000,https://all.accor.com/hotel/C370/index.fr.shtml,catalog_api,china,MERCURE QINGDAO MAY FOURTH SQUARE,QINGDAO,china,Chine,asia,missing
C223,C223,Mercure Yangzhou East High-Speed Railway Station,MER,MERCURE,YANGZHOU,Chine,"2 Wenchang East Road, Guangling District",225003,https://all.accor.com/hotel/C223/index.fr.shtml,catalog_api,china,MERCURE YANGZHOU EAST HIGH SPEED RAILWAY STATION,YANGZHOU,china,Chine,asia,missing
B2X0,B2X0,ibis Zhenjiang East Zhongshan Rd Hotel,IBH,IBIS,ZHENJIANG,Chine,"No. 58, Zhongshan Dong Lu, Jingkou District",212001,https://all.accor.com/hotel/B2X0/index.fr.shtml,catalog_api,china,IBIS ZHENJIANG EAST ZHONGSHAN RD HOTEL,ZHENJIANG,china,Chine,asia,missing
B0Y3,B0Y3,Novotel Qingdao New Hope,NOV,NOVOTEL,QINGADO,Chine,"592 26 Jiushuidong Road, Laoshan District",266100,https://all.accor.com/hotel/B0Y3/index.fr.shtml,catalog_api,china,NOVOTEL QINGDAO NEW HOPE,QINGADO,china,Chine,asia,missing
C4F0,C4F0,Zone Hi-Tech Pullman Yancheng (ouverture prochaine),PUL,PULLMAN,YANCHENG,Chine,"No. 109 Zhenxing Road, High-tech Zone, Yandu District",224000,https://all.accor.com/hotel/C4F0/index.fr.shtml,catalog_api,china,ZONE HI TECH PULLMAN YANCHENG OUVERTURE PROCHAINE,YANCHENG,china,Chine,asia,missing
C0K5,C0K5,Ibis Huangshan SX Huizhou Ancient City Hotel,IBH,IBIS,HUANGSHAN,Chine,"No. 1 Piyun Road, Huicheng Town, She County",245299,https://all.accor.com/hotel/C0K5/index.fr.shtml,catalog_api,china,IBIS HUANGSHAN SX HUIZHOU ANCIENT CITY HOTEL,HUANGSHAN,china,Chine,asia,missing
B840,B840,Novotel Yancheng Exhibition Center,NOV,NOVOTEL,YANCHENG,Chine,"No 16 Songjiang Road, Eco&Technical Development Zone",224000,https://all.accor.com/hotel/B840/index.fr.shtml,catalog_api,china,NOVOTEL YANCHENG EXHIBITION CENTER,YANCHENG,china,Chine,asia,missing
B2S2,B2S2,Mercure Changzhou Jintan,MER,MERCURE,CHANGZHOU,Chine,"No 568 Donghuan 1st Road, Jintan District",213000,https://all.accor.com/hotel/B2S2/index.fr.shtml,catalog_api,china,MERCURE CHANGZHOU JINTAN,CHANGZHOU,china,Chine,asia,missing
C0L1,C0L1,Ibis Changzhou Jintan Wuyue,IBH,IBIS,CHANGZHOU,Chine,"No.16 Jinghua Road, Dongcheng Street, Jintan District",213200,https://all.accor.com/hotel/C0L1/index.fr.shtml,catalog_api,china,IBIS CHANGZHOU JINTAN WUYUE,CHANGZHOU,china,Chine,asia,missing
C2A3,C2A3,Mercure Taizhou Wanda Fengcheng River Scenic Area,MER,MERCURE,TAIZHOU,Chine,"Xin Li Yuan, South Gulou Road, Hailing District",225309,https://all.accor.com/hotel/C2A3/index.fr.shtml,catalog_api,china,MERCURE TAIZHOU WANDA FENGCHENG RIVER SCENIC AREA,TAIZHOU,china,Chine,asia,missing
C0L8,C0L8,Ibis Styles Taizhou East Jichuan,IBS,IBIS STYLES,TAIZHOU,Chine,"Building 1 Rundong Huayuan, Jichuan East Road, Hailing District Taizhou City",225306,https://all.accor.com/hotel/C0L8/index.fr.shtml,catalog_api,china,IBIS STYLES TAIZHOU EAST JICHUAN,TAIZHOU,china,Chine,asia,missing
B8V7,B8V7,Grand Mercure Changzhou Luoxi,MEI,GRAND MERCURE,CHANGZHOU,Chine,"Bld 43,No 38 Tongda Road",213000,https://all.accor.com/hotel/B8V7/index.fr.shtml,catalog_api,china,GRAND MERCURE CHANGZHOU LUOXI,CHANGZHOU,china,Chine,asia,missing
B5W4,B5W4,Mercure Turpan Downtown,MER,MERCURE,TURPAN,Chine,"No 1980 Donghuan Road, Gaochang District",838000,https://all.accor.com/hotel/B5W4/index.fr.shtml,catalog_api,china,MERCURE TURPAN DOWNTOWN,TURPAN,china,Chine,asia,missing
C022,C022,Ibis Styles Taizhou Jiangyan,IBS,IBIS STYLES,TAIZHOU,Chine,"No.41-9, Renmin Road, Jiangyan District Taizhou",215300,https://all.accor.com/hotel/C022/index.fr.shtml,catalog_api,china,IBIS STYLES TAIZHOU JIANGYAN,TAIZHOU,china,Chine,asia,missing
C1X3,C1X3,JO&JOE Shaoguan High-Speed Railway Station,JOE,JO&JOE,SHAOGUAN,Chine,"16 Baiwang Middle Road, Wujiang District",512029,https://all.accor.com/hotel/C1X3/index.fr.shtml,catalog_api,china,JO JOE SHAOGUAN HIGH SPEED RAILWAY STATION,SHAOGUAN,china,Chine,asia,missing
C3B5,C3B5,Sofitel Changzhou Hi-Tech District,SOF,SOFITEL,CHANGZHOU,Chine,"Build 7 Xingyao City, No 99 Leshan Road, Xinbei District",213000,https://all.accor.com/hotel/C3B5/index.fr.shtml,catalog_api,china,SOFITEL CHANGZHOU HI TECH DISTRICT,CHANGZHOU,china,Chine,asia,missing
C207,C207,Novotel Yantai Banshan,NOV,NOVOTEL,YANTAI,Chine,"NO 19 Xiangtan Road, Eco and Tech Development Zone",264000,https://all.accor.com/hotel/C207/index.fr.shtml,catalog_api,china,NOVOTEL YANTAI BANSHAN,YANTAI,china,Chine,asia,missing
C3E1,C3E1,Mercure Changzhou Qingguo Lane,MER,MERCURE,CHANGZHOU,Chine,"Tongjiangnan road, Zhonglou District, Changzhou",213000,https://all.accor.com/hotel/C3E1/index.fr.shtml,catalog_api,china,MERCURE CHANGZHOU QINGGUO LANE,CHANGZHOU,china,Chine,asia,missing
C3A6,C3A6,Novotel Changzhou Hi-Tech District,NOV,NOVOTEL,CHANGZHOU,Chine,"International Talent Square, High Speed Rail New Way Town, Xinbei District",213000,https://all.accor.com/hotel/C3A6/index.fr.shtml,catalog_api,china,NOVOTEL CHANGZHOU HI TECH DISTRICT,CHANGZHOU,china,Chine,asia,missing
C3E2,C3E2,JO&JOE Changzhou Tianning,JOE,JO&JOE,CHANGZHOU,Chine,"No 939 Laodong East Road, Tianning District Changzhou",213003,https://all.accor.com/hotel/C3E2/index.fr.shtml,catalog_api,china,JO JOE CHANGZHOU TIANNING,CHANGZHOU,china,Chine,asia,missing
B263,B263,ibis Yixing South Renmin Rd,IBH,IBIS,WUXI,Chine,"Building 4, Commercial Street, Dragon Forest Park",214203,https://all.accor.com/hotel/B263/index.fr.shtml,catalog_api,china,IBIS YIXING SOUTH RENMIN RD,WUXI,china,Chine,asia,missing
B2P2,B2P2,Mercure Yantai Golden Beach,MER,MERCURE,YANTAI,Chine,"160 Changjiang Road, Development District, Sunyi Plaza",264006,https://all.accor.com/hotel/B2P2/index.fr.shtml,catalog_api,china,MERCURE YANTAI GOLDEN BEACH,YANTAI,china,Chine,asia,missing
C1D7,C1D7,Mercure Yixing Wanda Plaza,MER,MERCURE,YIXING,Chine,"No 513-1 Donghong East Road, Yicheng Street",214200,https://all.accor.com/hotel/C1D7/index.fr.shtml,catalog_api,china,MERCURE YIXING WANDA PLAZA,YIXING,china,Chine,asia,missing
C0J6,C0J6,Ibis Styles Haian Bus Station Hotel,IBS,IBIS STYLES,NANTONG,Chine,"Room 2 Jiangdong Road, Chengdong Town, Hai 'an City",226600,https://all.accor.com/hotel/C0J6/index.fr.shtml,catalog_api,china,IBIS STYLES HAIAN BUS STATION HOTEL,NANTONG,china,Chine,asia,missing
C037,C037,Pullman Yantai Center,PUL,PULLMAN,YANTAI,Chine,"No 139 Shengli Road, Zhifu District",264000,https://all.accor.com/hotel/C037/index.fr.shtml,catalog_api,china,PULLMAN YANTAI CENTER,YANTAI,china,Chine,asia,missing
B7N2,B7N2,Mercure Jingjiang Downtown (ouverture mai 2021),MER,MERCURE,JINGJIANG,Chine,"Building 1 Chenyang Road, Binjiang new town",214500,https://all.accor.com/hotel/B7N2/index.fr.shtml,catalog_api,china,MERCURE JINGJIANG DOWNTOWN OUVERTURE MAI 2021,JINGJIANG,china,Chine,asia,missing
C205,C205,Mercure Jiangyin South Gate Yaohan,MER,MERCURE,JIANGYIN,Chine,"160 Huancheng South Road, Jiangyin City, Jiangsu Province China",214400,https://all.accor.com/hotel/C205/index.fr.shtml,catalog_api,china,MERCURE JIANGYIN SOUTH GATE YAOHAN,JIANGYIN,china,Chine,asia,missing
C4U2,C4U2,Sofitel Anji,SOF,SOFITEL,HUZHOU,Chine,"NO 469 FUYU SOUTH ROAD, LINGFENG DISTRICT, Anji",313300,https://all.accor.com/hotel/C4U2/index.fr.shtml,catalog_api,china,SOFITEL ANJI,HUZHOU,china,Chine,asia,missing
B3C2,B3C2,Novotel Qiandao Lake,NOV,NOVOTEL,HANGZHOU,Chine,"93 Menggu Road, Qiandao Lake Town, Chunan County",311700,https://all.accor.com/hotel/B3C2/index.fr.shtml,catalog_api,china,NOVOTEL QIANDAO LAKE,HANGZHOU,china,Chine,asia,missing
B3Y4,B3Y4,Banyan Tree Anji,BAN,BANYAN TREE,HUZHOU,Chine,"Baimu Nong Baishuiwan Village, Tianhuangping Town, Anji County",313311,https://all.accor.com/hotel/B3Y4/index.fr.shtml,catalog_api,china,BANYAN TREE ANJI,HUZHOU,china,Chine,asia,missing
C201,C201,Grand Mercure Wuxi Huishan,MEI,GRAND MERCURE,WUXI,Chine,"No 111 Luocheng Avenue, Huishan District",214187,https://all.accor.com/hotel/C201/index.fr.shtml,catalog_api,china,GRAND MERCURE WUXI HUISHAN,WUXI,china,Chine,asia,missing
B5F4,B5F4,Mercure Rugao City Center,MER,MERCURE,RUGAO,Chine,"No 1 Yishou Road Baoli Plaza, Rucheng Town",226500,https://all.accor.com/hotel/B5F4/index.fr.shtml,catalog_api,china,MERCURE RUGAO CITY CENTER,RUGAO,china,Chine,asia,missing
B377,B377,Ibis Dalian Yida Spring Field Hotel,IBH,IBIS,DALIAN,Chine,"Jinhong East Road And Runtian St, Ganjingzi District, Dalian City",116023,https://all.accor.com/hotel/B377/index.fr.shtml,catalog_api,china,IBIS DALIAN YIDA SPRING FIELD HOTEL,DALIAN,china,Chine,asia,missing
C5F2,C5F2,Novotel Wuxi Sanyang Plaza,NOV,NOVOTEL,WUXI,Chine,"No 88 Xianqian East Street, Liangxi District, Jiangsu Province",214001,https://all.accor.com/hotel/C5F2/index.fr.shtml,catalog_api,china,NOVOTEL WUXI SANYANG PLAZA,WUXI,china,Chine,asia,missing
B8L7,B8L7,Mercure Dongtai Huanghai Forest,MER,MERCURE,DONGTAI,Chine,"9 Hualin Road, Jiang Gang Town",224211,https://all.accor.com/hotel/B8L7/index.fr.shtml,catalog_api,china,MERCURE DONGTAI HUANGHAI FOREST,DONGTAI,china,Chine,asia,missing
B5W3,B5W3,ibis Styles Wuxi Nanchan Temple Hotel,IBS,IBIS STYLES,WUXI,Chine,"NO.52, Yangyaowan Road, Wuxi City",214000,https://all.accor.com/hotel/B5W3/index.fr.shtml,catalog_api,china,IBIS STYLES WUXI NANCHAN TEMPLE HOTEL,WUXI,china,Chine,asia,missing
B332,B332,Ibis Wuxi Taihu Square Hotel,IBH,IBIS,WUXI,Chine,"No. 89, Qingyang Road, Liangxi District",214025,https://all.accor.com/hotel/B332/index.fr.shtml,catalog_api,china,IBIS WUXI TAIHU SQUARE HOTEL,WUXI,china,Chine,asia,missing
B2A8,B2A8,ibis Wuxi Jiangnan University Hotel,IBH,IBIS,WUXI,Chine,"No. 173, Wudu Road, Star Plaza",214125,https://all.accor.com/hotel/B2A8/index.fr.shtml,catalog_api,china,IBIS WUXI JIANGNAN UNIVERSITY HOTEL,WUXI,china,Chine,asia,missing
B6R0,B6R0,Mercure Wuxi Taihu Scenic Area Jiangnan University,MER,MERCURE,WUXI,Chine,"Building 2 No100 Jinxi Road, Binhu District, 2140019",2140019,https://all.accor.com/hotel/B6R0/index.fr.shtml,catalog_api,china,MERCURE WUXI TAIHU SCENIC AREA JIANGNAN UNIVERSITY,WUXI,china,Chine,asia,missing
C0J4,C0J4,Ibis Styles Nantong Rugao Port,IBS,IBIS STYLES,NANTONG,Chine,"Room 116 Commercial Building 6, Baishengyuan Haiba New Village, Changjiang Town Rugao City",226532,https://all.accor.com/hotel/C0J4/index.fr.shtml,catalog_api,china,IBIS STYLES NANTONG RUGAO PORT,NANTONG,china,Chine,asia,missing
C311,C311,Novotel Wuxi,NOV,NOVOTEL,WUXI,Chine,"No 7 Jincheng East Road, Xinwu District",214028,https://all.accor.com/hotel/C311/index.fr.shtml,catalog_api,china,NOVOTEL WUXI,WUXI,china,Chine,asia,missing
B5T7,B5T7,Ibis Dalian Xinghai Park,IBH,IBIS,DALIAN,Chine,"189 Southwest Road, Dalian City, Liaoning Province",116084,https://all.accor.com/hotel/B5T7/index.fr.shtml,catalog_api,china,IBIS DALIAN XINGHAI PARK,DALIAN,china,Chine,asia,missing
C0I1,C0I1,Homm Huzhou Xisai Shan,HOM,HOM,HUZHOU,Chine,Xisai Science Valley,313000,https://all.accor.com/hotel/C0I1/index.fr.shtml,catalog_api,china,HOMM HUZHOU XISAI SHAN,HUZHOU,china,Chine,asia,missing
C3T1,C3T1,Mercure Wuxi Tian'an Intelligent Park,MER,MERCURE,WUXI,Chine,"Building C1, No 201 Linghu Avenue, Xinwu District",214000,https://all.accor.com/hotel/C3T1/index.fr.shtml,catalog_api,china,MERCURE WUXI TIAN AN INTELLIGENT PARK,WUXI,china,Chine,asia,missing
B5X7,B5X7,Ibis Dalian Chunliu Friendship Shopping Center Hotel,IBH,IBIS,DALIAN,Chine,"No.379 Huabei Road, Shahekou District, Dalian City",116000,https://all.accor.com/hotel/B5X7/index.fr.shtml,catalog_api,china,IBIS DALIAN CHUNLIU FRIENDSHIP SHOPPING CENTER HOTEL,DALIAN,china,Chine,asia,missing
B8Q2,B8Q2,Dhawa Quzhou,DHA,DHAWA,QUZHOU,Chine,"District de Kecheng
, 399 Jiuhua Mid Ave, District de Kecheng",324000,https://all.accor.com/hotel/B8Q2/index.fr.shtml,catalog_api,china,DHAWA QUZHOU,QUZHOU,china,Chine,asia,missing
C0V9,C0V9,Mercure Xishuangbanna,MER,MERCURE,JINGHONG,Chine,Sizhuang 101,666100,https://all.accor.com/hotel/C0V9/index.fr.shtml,catalog_api,china,MERCURE XISHUANGBANNA,JINGHONG,china,Chine,asia,missing
C226,C226,Mercure Wuxi East Railway Station,MER,MERCURE,WUXI,Chine,"No 388 Xingwu Road, Xishan District",214000,https://all.accor.com/hotel/C226/index.fr.shtml,catalog_api,china,MERCURE WUXI EAST RAILWAY STATION,WUXI,china,Chine,asia,missing
B839,B839,Pullman Resort Xishuangbanna,PUL,PULLMAN,XISHUANGBANNA,Chine,"N°66 Yingbin Road,, Jinghong, Xishuangbanna,, Province du Yunnan",666100,https://all.accor.com/hotel/B839/index.fr.shtml,catalog_api,china,PULLMAN RESORT XISHUANGBANNA,XISHUANGBANNA,china,Chine,asia,missing
B6Z9,B6Z9,Ibis Dalian Railwaystation Hotel,IBH,IBIS,DALIAN,Chine,"No.95-1 Xingye Street, XigangDistrict, Dalian",116011,https://all.accor.com/hotel/B6Z9/index.fr.shtml,catalog_api,china,IBIS DALIAN RAILWAYSTATION HOTEL,DALIAN,china,Chine,asia,missing
B6E7,B6E7,Ibis Styles Dalian Station Hotel,IBS,IBIS STYLES,DALIAN,Chine,"No.124 Zhongshan Road, Zhongshan District, Dalian",116001,https://all.accor.com/hotel/B6E7/index.fr.shtml,catalog_api,china,IBIS STYLES DALIAN STATION HOTEL,DALIAN,china,Chine,asia,missing
C367,C367,Mercure - Jardin botanique tropical de Xishuangbanna,MER,MERCURE,JINGHONG,Chine,"No 107 Xuanwei Avenue, Xishuangbanna, Jinghong City",666100,https://all.accor.com/hotel/C367/index.fr.shtml,catalog_api,china,MERCURE JARDIN BOTANIQUE TROPICAL DE XISHUANGBANNA,JINGHONG,china,Chine,asia,missing
C4Q5,C4Q5,Pullman Dalian,PUL,PULLMAN,DALIAN,Chine,NO 92 JIEFANG ROAD,116001,https://all.accor.com/hotel/C4Q5/index.fr.shtml,catalog_api,china,PULLMAN DALIAN,DALIAN,china,Chine,asia,missing
C2Y5,C2Y5,Grand Mercure Hangzhou Qingshan Lake,MEI,GRAND MERCURE,HANGZHOU,Chine,No 4396 Keji Avenue,311300,https://all.accor.com/hotel/C2Y5/index.fr.shtml,catalog_api,china,GRAND MERCURE HANGZHOU QINGSHAN LAKE,HANGZHOU,china,Chine,asia,missing
B9V0,B9V0,Novotel Huzhou South Taihu Lake,NOV,NOVOTEL,HUZHOU,Chine,"No. 558 Wanghu Avenue, Bin Hu Street, South Taihu Lake New District",313000,https://all.accor.com/hotel/B9V0/index.fr.shtml,catalog_api,china,NOVOTEL HUZHOU SOUTH TAIHU LAKE,HUZHOU,china,Chine,asia,missing
C1B5,C1B5,Fairmont Dalian (ouverture prochaine),FAI,FAIRMONT,DALIAN,Chine,"No. 4 Zhongshan Square, Zhongshan District",116001,https://all.accor.com/hotel/C1B5/index.fr.shtml,catalog_api,china,FAIRMONT DALIAN OUVERTURE PROCHAINE,DALIAN,china,Chine,asia,missing
B8T5,B8T5,Mercure Dalian City Center,MER,MERCURE,DALIAN,Chine,NO 5 YIDE STREET,116000,https://all.accor.com/hotel/B8T5/index.fr.shtml,catalog_api,china,MERCURE DALIAN CITY CENTER,DALIAN,china,Chine,asia,missing
C444,C444,Novotel Dalian Zhongshan Square,NOV,NOVOTEL,DALIAN,Chine,"No 28, Chang Jiang Road, Quartier Zhong Shan",116001,https://all.accor.com/hotel/C444/index.fr.shtml,catalog_api,china,NOVOTEL DALIAN ZHONGSHAN SQUARE,DALIAN,china,Chine,asia,missing
B2V3,B2V3,ibis Styles Suzhou Science and Technology Hotel,IBS,IBIS STYLES,SUZHOU,Chine,"No.9, Meitianli Rd, Dongzhu Town",215000,https://all.accor.com/hotel/B2V3/index.fr.shtml,catalog_api,china,IBIS STYLES SUZHOU SCIENCE AND TECHNOLOGY HOTEL,SUZHOU,china,Chine,asia,missing
B1Y1,B1Y1,Novotel Deqing Moganshan,NOV,NOVOTEL,HUZHOU,Chine,"707 South Quyuan Road, Quartier de Wuyang, Deqing County",313200,https://all.accor.com/hotel/B1Y1/index.fr.shtml,catalog_api,china,NOVOTEL DEQING MOGANSHAN,HUZHOU,china,Chine,asia,missing
B6B0,B6B0,Mercure Suzhou Shilu Chantang,MER,MERCURE,SUZHOU,Chine,"No.29   Shi Road Shantang Street, Suzhou",215008,https://all.accor.com/hotel/B6B0/index.fr.shtml,catalog_api,china,MERCURE SUZHOU SHILU CHANTANG,SUZHOU,china,Chine,asia,missing
B9X2,B9X2,Dangkou Ancient Town Hotel Wuxi - MGallery Collection,MGA,MGALLERY,WUXI,Chine,"No 55 1 Hengfang Road, Xishan District",214116,https://all.accor.com/hotel/B9X2/index.fr.shtml,catalog_api,china,DANGKOU ANCIENT TOWN HOTEL WUXI MGALLERY COLLECTION,WUXI,china,Chine,asia,missing
B6C2,B6C2,Suzhou Xushuguan Hotel,IBS,IBIS STYLES,SUZHOU,Chine,"South Sutong Rd Hongyeliling, Center Building Xushuguan town, High tech Zone SuzhouJune",,https://all.accor.com/hotel/B6C2/index.fr.shtml,catalog_api,china,SUZHOU XUSHUGUAN HOTEL,SUZHOU,china,Chine,asia,missing
C3V4,C3V4,Novotel Hangzhou Yuhang,NOV,NOVOTEL,HANGZHOU,Chine,"408 Yuhang Road, Yuhang District",311100,https://all.accor.com/hotel/C3V4/index.fr.shtml,catalog_api,china,NOVOTEL HANGZHOU YUHANG,HANGZHOU,china,Chine,asia,missing
C0E3,C0E3,Mercure Nantong Railway Station,MER,MERCURE,NANTONG,Chine,"158 North Street, Chongchuan District, 南通",226001,https://all.accor.com/hotel/C0E3/index.fr.shtml,catalog_api,china,MERCURE NANTONG RAILWAY STATION,NANTONG,china,Chine,asia,missing
C333,C333,Mövenpick by Accor Hangzhou Xin'an River,MOV,MÖVENPICK,HANGZHOU,Chine,No 8 Kai Yuan Road,311600,https://all.accor.com/hotel/C333/index.fr.shtml,catalog_api,china,MOVENPICK BY ACCOR HANGZHOU XIN AN RIVER,HANGZHOU,china,Chine,asia,missing
A4G0,A4G0,Mercure Nantong Downtown,MER,MERCURE,NANTONG,Chine,"No1 Duanjiaba Road, Chongchuan District",226001,https://all.accor.com/hotel/A4G0/index.fr.shtml,catalog_api,china,MERCURE NANTONG DOWNTOWN,NANTONG,china,Chine,asia,missing
B0Y8,B0Y8,Novotel Suzhou Tai Lake Santeh,NOV,NOVOTEL,SUZHOU,Chine,"3888 Ring Taihu Avenue, Wuzhong District",215164,https://all.accor.com/hotel/B0Y8/index.fr.shtml,catalog_api,china,NOVOTEL SUZHOU TAI LAKE SANTEH,SUZHOU,china,Chine,asia,missing
C1K4,C1K4,Novotel Nantong Center,NOV,NOVOTEL,NANTONG,Chine,"208 Gongnong Road, Nantong, Jiangsu",226000,https://all.accor.com/hotel/C1K4/index.fr.shtml,catalog_api,china,NOVOTEL NANTONG CENTER,NANTONG,china,Chine,asia,missing
C2Q4,C2Q4,Angsana Suzhou Shishan,ANG,ANGSANA,SUZHOU,Chine,"No 208 Fen Hu Road, Suzhou New District",215011,https://all.accor.com/hotel/C2Q4/index.fr.shtml,catalog_api,china,ANGSANA SUZHOU SHISHAN,SUZHOU,china,Chine,asia,missing
C2Q3,C2Q3,Banyan Tree Suzhou Shishan,BAN,BANYAN TREE,SUZHOU,Chine,"No 208 Fen Hu Road, Suzhou New District",215011,https://all.accor.com/hotel/C2Q3/index.fr.shtml,catalog_api,china,BANYAN TREE SUZHOU SHISHAN,SUZHOU,china,Chine,asia,missing
C3V1,C3V1,Novotel Changshu Yushan,NOV,NOVOTEL,SUZHOU,Chine,"NO 288 HUANGHE ROAD, CHANGSHU SHI, SUZHOU",215500,https://all.accor.com/hotel/C3V1/index.fr.shtml,catalog_api,china,NOVOTEL CHANGSHU YUSHAN,SUZHOU,china,Chine,asia,missing
B511,B511,Ibis Hangzhou Future Sci-tech City Hotel,IBH,IBIS,HANGZHOU,Chine,"Building 2, No.1008, Xiangwang Street",311100,https://all.accor.com/hotel/B511/index.fr.shtml,catalog_api,china,IBIS HANGZHOU FUTURE SCI TECH CITY HOTEL,HANGZHOU,china,Chine,asia,missing
B3W0,B3W0,Mercure Hangzhou Xixi Future Tech City,MER,MERCURE,HANGZHOU,Chine,"No 666 Jing Xing Road, Yu Hang District, Building 5 Xixi Yong Le City",311100,https://all.accor.com/hotel/B3W0/index.fr.shtml,catalog_api,china,MERCURE HANGZHOU XIXI FUTURE TECH CITY,HANGZHOU,china,Chine,asia,missing
B347,B347,Ibis Nantong Middle Renmin Rd Hotel,IBH,IBIS,NANTONG,Chine,"Building A, Jingyang Plaza, No. 209 Renmin Middle Road",226001,https://all.accor.com/hotel/B347/index.fr.shtml,catalog_api,china,IBIS NANTONG MIDDLE RENMIN RD HOTEL,NANTONG,china,Chine,asia,missing
C1X2,C1X2,Mercure Nantong Central Business District,MER,MERCURE,NANTONG,Chine,"No 155 Gongnong South Road, Chongchuan District",226001,https://all.accor.com/hotel/C1X2/index.fr.shtml,catalog_api,china,MERCURE NANTONG CENTRAL BUSINESS DISTRICT,NANTONG,china,Chine,asia,missing
B5G9,B5G9,Ibis Suzhou Sanxiang Road Hotel,IBH,IBIS,SUZHOU,Chine,"No.1158, SanXiang Road, GuSu District",215004,https://all.accor.com/hotel/B5G9/index.fr.shtml,catalog_api,china,IBIS SUZHOU SANXIANG ROAD HOTEL,SUZHOU,china,Chine,asia,missing
B5T8,B5T8,Ibis Styles Suzhou Sports Center Hotel,IBS,IBIS STYLES,SUZHOU,Chine,"No.1158, SanXiang Road, GuSu District",215004,https://all.accor.com/hotel/B5T8/index.fr.shtml,catalog_api,china,IBIS STYLES SUZHOU SPORTS CENTER HOTEL,SUZHOU,china,Chine,asia,missing
C0R8,C0R8,Mercure Suzhou High-speed Rail New Town (ouverture juillet 2023),MER,MERCURE,SUZHOU,Chine,"No 1069 Fuyuan Road, Xiangcheng District",215100,https://all.accor.com/hotel/C0R8/index.fr.shtml,catalog_api,china,MERCURE SUZHOU HIGH SPEED RAIL NEW TOWN OUVERTURE JUILLET 2023,SUZHOU,china,Chine,asia,missing
B2P7,B2P7,Mercure Suzhou Downtown,MER,MERCURE,SUZHOU,Chine,"3189 Renmin Road Gusu District, Suzhou Jiangsu Province",215000,https://all.accor.com/hotel/B2P7/index.fr.shtml,catalog_api,china,MERCURE SUZHOU DOWNTOWN,SUZHOU,china,Chine,asia,missing
B5X4,B5X4,Ibis Styles Suzhou Middle YCH Rd,IBS,IBIS STYLES,SUZHOU,Chine,"No. 666, Cailian Road, Xiangcheng District",215131,https://all.accor.com/hotel/B5X4/index.fr.shtml,catalog_api,china,IBIS STYLES SUZHOU MIDDLE YCH RD,SUZHOU,china,Chine,asia,missing
C389,C389,Mövenpick by Accor Suzhou Gusu,MOV,MÖVENPICK,SUZHOU,Chine,"NO 2899 Renmin Road, Gusu District",215000,https://all.accor.com/hotel/C389/index.fr.shtml,catalog_api,china,MOVENPICK BY ACCOR SUZHOU GUSU,SUZHOU,china,Chine,asia,missing
B439,B439,Ibis Styles Hangzhou Sandun West Lake Science and Technology,IBS,IBIS STYLES,HANGZHOU,Chine,"A Ruiding BLD. No.200 Zhenhua.RD, Xihu District, Hangzhou",310030,https://all.accor.com/hotel/B439/index.fr.shtml,catalog_api,china,IBIS STYLES HANGZHOU SANDUN WEST LAKE SCIENCE AND TECHNOLOGY,HANGZHOU,china,Chine,asia,missing
C0M3,C0M3,Novotel Suzhou Huanxiu Lake,NOV,NOVOTEL,SUZHOU,Chine,"No 45 Jin Yu Road, Xiangcheng District",215137,https://all.accor.com/hotel/C0M3/index.fr.shtml,catalog_api,china,NOVOTEL SUZHOU HUANXIU LAKE,SUZHOU,china,Chine,asia,missing
8690,8690,ibis Weihai Oriental New Ground  Hotel,IBH,IBIS,WEIHAI,Chine,"No. 173, West Wenhua Road, Weihai",264200,https://all.accor.com/hotel/8690/index.fr.shtml,catalog_api,china,IBIS WEIHAI ORIENTAL NEW GROUND HOTEL,WEIHAI,china,Chine,asia,missing
C1K1,C1K1,Ibis Styles Hangzhou Fuyang,IBS,IBIS STYLES,HANGZHOU,Chine,"29 Jinqiao South Road, Fuyang District, Hangzhou City",311400,https://all.accor.com/hotel/C1K1/index.fr.shtml,catalog_api,china,IBIS STYLES HANGZHOU FUYANG,HANGZHOU,china,Chine,asia,missing
B434,B434,Mercure Suzhou City Center,MER,MERCURE,SUZHOU,Chine,"No 535 Ganjiang East Rode, Gusu District",215005,https://all.accor.com/hotel/B434/index.fr.shtml,catalog_api,china,MERCURE SUZHOU CITY CENTER,SUZHOU,china,Chine,asia,missing
C369,C369,Mercure Hangzhou Gongshu Wanda Plaza,MER,MERCURE,HANGZHOU,Chine,"345 Block B Hung Kam Mansion, Gongshu District",310015,https://all.accor.com/hotel/C369/index.fr.shtml,catalog_api,china,MERCURE HANGZHOU GONGSHU WANDA PLAZA,HANGZHOU,china,Chine,asia,missing
C312,C312,Mercure Hangzhou Xixi Tianmu Mountain,MER,MERCURE,HANGZHOU,Chine,373 Tianmushan Road,310000,https://all.accor.com/hotel/C312/index.fr.shtml,catalog_api,china,MERCURE HANGZHOU XIXI TIANMU MOUNTAIN,HANGZHOU,china,Chine,asia,missing
C291,C291,Mercure Huzhou Nanxun Ancient Town,MER,MERCURE,HUZHOU,Chine,"1133 Nianfeng Road, Nanxun District",313009,https://all.accor.com/hotel/C291/index.fr.shtml,catalog_api,china,MERCURE HUZHOU NANXUN ANCIENT TOWN,HUZHOU,china,Chine,asia,missing
B7M6,B7M6,Grand Mercure Hangzhou Zijingang,MEI,GRAND MERCURE,HANGZHOU,Chine,"No 99 Shenhua Road, Gongshu District",310011,https://all.accor.com/hotel/B7M6/index.fr.shtml,catalog_api,china,GRAND MERCURE HANGZHOU ZIJINGANG,HANGZHOU,china,Chine,asia,missing
B7D7,B7D7,Mercure Hangzhou Zijingang,MER,MERCURE,HANGZHOU,Chine,"No 99 Shenhua Road, Gongshu District",310011,https://all.accor.com/hotel/B7D7/index.fr.shtml,catalog_api,china,MERCURE HANGZHOU ZIJINGANG,HANGZHOU,china,Chine,asia,missing
B1V5,B1V5,Banyan Tree Hangzhou,BAN,BANYAN TREE,HANGZHOU,Chine,"2 Westbrook Resort, Zijingang, Road,  Hangzhou, Zhejiang Province",310030,https://all.accor.com/hotel/B1V5/index.fr.shtml,catalog_api,china,BANYAN TREE HANGZHOU,HANGZHOU,china,Chine,asia,missing
B1W7,B1W7,Angsana Hangzhou,ANG,ANGSANA,HANGZHOU,Chine,"8 Westbrook Resort, Hangzhou",310030,https://all.accor.com/hotel/B1W7/index.fr.shtml,catalog_api,china,ANGSANA HANGZHOU,HANGZHOU,china,Chine,asia,missing
C4V5,C4V5,"Mercure Deqing Xinshi, la vieille ville",MER,MERCURE,HUZHOU,Chine,"No 1 Xiantan Road, Deqing County, Huzhou",313201,https://all.accor.com/hotel/C4V5/index.fr.shtml,catalog_api,china,MERCURE DEQING XINSHI LA VIEILLE VILLE,HUZHOU,china,Chine,asia,missing
C5V1,C5V1,Novotel Living Hangzhou International Convention Center,NOL,NOL,ZHEJIANG,Chine,"BLDG3 ZHONGSHANGHUIFU GS HZ, District de Gongshu, HANGZHOU",310015,https://all.accor.com/hotel/C5V1/index.fr.shtml,catalog_api,china,NOVOTEL LIVING HANGZHOU INTERNATIONAL CONVENTION CENTER,ZHEJIANG,china,Chine,asia,missing
B2X3,B2X3,Mercure Suzhou Jinji Lake,MER,MERCURE,SUZHOU,Chine,"No72 Xindustreet, Suzhou Industrial Park, 地铁1号线星海广场地铁站1号口出向西500米",215021,https://all.accor.com/hotel/B2X3/index.fr.shtml,catalog_api,china,MERCURE SUZHOU JINJI LAKE,SUZHOU,china,Chine,asia,missing
A471,A471,ibis Styles Nantong Shimao Plaza Hotel,IBS,IBIS STYLES,NANTONG,Chine,"No. 101, Xindong Rd., Economic Development Zone",226010,https://all.accor.com/hotel/A471/index.fr.shtml,catalog_api,china,IBIS STYLES NANTONG SHIMAO PLAZA HOTEL,NANTONG,china,Chine,asia,missing
C4V0,C4V0,Pullman Moganshan (Ouverture prochaine),PUL,PULLMAN,MOGANSHAN DEQING,Chine,"NO 118  ZHUYUAN ROAD, MOGANSHAN, ZHEJIANG",313204,https://all.accor.com/hotel/C4V0/index.fr.shtml,catalog_api,china,PULLMAN MOGANSHAN OUVERTURE PROCHAINE,MOGANSHAN DEQING,china,Chine,asia,missing
C5C1,C5C1,Mercure Hangzhou Wenyi Road,MER,MERCURE,HANGZHOU,Chine,"No 630 Wantang Road, Xihu District, Hangzhou",310012,https://all.accor.com/hotel/C5C1/index.fr.shtml,catalog_api,china,MERCURE HANGZHOU WENYI ROAD,HANGZHOU,china,Chine,asia,missing
B6K4,B6K4,Ibis Styles Suzhou Industrial Park Jinji Lake Hotel,IBS,IBIS STYLES,SUZHOU,Chine,"No.158 XingGang Street, Lakeside New World G01-G03, Suzhou Industrial Park",215000,https://all.accor.com/hotel/B6K4/index.fr.shtml,catalog_api,china,IBIS STYLES SUZHOU INDUSTRIAL PARK JINJI LAKE HOTEL,SUZHOU,china,Chine,asia,missing
C571,C571,Mercure Hangzhou Daguan,MER,MERCURE,HANGZHOU,Chine,"No 188 Daguan Road, Gongshu District, Hangzhou",310015,https://all.accor.com/hotel/C571/index.fr.shtml,catalog_api,china,MERCURE HANGZHOU DAGUAN,HANGZHOU,china,Chine,asia,missing
C1K3,C1K3,Novotel Nantong Development Zone,NOV,NOVOTEL,NANTONG,Chine,"No 88 Longteng Road, Development Zone",226010,https://all.accor.com/hotel/C1K3/index.fr.shtml,catalog_api,china,NOVOTEL NANTONG DEVELOPMENT ZONE,NANTONG,china,Chine,asia,missing
C3Y3,C3Y3,Mercure Hangzhou West Lake Yuquan,MER,MERCURE,HANGZHOU,Chine,"136 Yugu Road, Xihu District, Hangzhou",310012,https://all.accor.com/hotel/C3Y3/index.fr.shtml,catalog_api,china,MERCURE HANGZHOU WEST LAKE YUQUAN,HANGZHOU,china,Chine,asia,missing
C4F2,C4F2,Novotel Hangzhou Xintiandi,NOV,NOVOTEL,HANGZHOU,Chine,"666 Dongxin Road, Gongshu district, Xiyue Life Plaza",310000,https://all.accor.com/hotel/C4F2/index.fr.shtml,catalog_api,china,NOVOTEL HANGZHOU XINTIANDI,HANGZHOU,china,Chine,asia,missing
C2B9,C2B9,JO&JOE Hangzhou West Lake,JOE,JO&JOE,HANGZHOU,Chine,"9 Mo Gan Shan Road, Xihu District",310000,https://all.accor.com/hotel/C2B9/index.fr.shtml,catalog_api,china,JO JOE HANGZHOU WEST LAKE,HANGZHOU,china,Chine,asia,missing
C3G8,C3G8,Garrya Yangcheng Lake,GAR,GAR,SUZHOU,Chine,"Xiangcheng Disteict Suzhou, Yancheng Lake Town",215138,https://all.accor.com/hotel/C3G8/index.fr.shtml,catalog_api,china,GARRYA YANGCHENG LAKE,SUZHOU,china,Chine,asia,missing
C3G9,C3G9,Banyan Tree Yangcheng Lake,BAN,BANYAN TREE,SUZHOU,Chine,"Xiangcheng District Suzhou, Yangcheng Lake Town",215138,https://all.accor.com/hotel/C3G9/index.fr.shtml,catalog_api,china,BANYAN TREE YANGCHENG LAKE,SUZHOU,china,Chine,asia,missing
B928,B928,Mercure Changshu Riverside,MER,MERCURE,CHANGSHU,Chine,"12 Yongjia Road, Bixi Street",215513,https://all.accor.com/hotel/B928/index.fr.shtml,catalog_api,china,MERCURE CHANGSHU RIVERSIDE,CHANGSHU,china,Chine,asia,missing
B1M5,B1M5,Mercure Hangzhou West Lake,MER,MERCURE,HANGZHOU,Chine,"No 3 Zhonghe North Road, Xiacheng District",310006,https://all.accor.com/hotel/B1M5/index.fr.shtml,catalog_api,china,MERCURE HANGZHOU WEST LAKE,HANGZHOU,china,Chine,asia,missing
C2C9,C2C9,Mercure Hangzhou West Lake Fengqi Road,MER,MERCURE,HANGZHOU,Chine,"96 Fengqi Road, Gongshu District",310000,https://all.accor.com/hotel/C2C9/index.fr.shtml,catalog_api,china,MERCURE HANGZHOU WEST LAKE FENGQI ROAD,HANGZHOU,china,Chine,asia,missing
B2U2,B2U2,ibis Hangzhou West Lake Qingchun Rd Hotel,IBH,IBIS,HANGZHOU,Chine,"Jinhe Building A 1st Floor, No. 87, Hangzhou Qingchun Road",310003,https://all.accor.com/hotel/B2U2/index.fr.shtml,catalog_api,china,IBIS HANGZHOU WEST LAKE QINGCHUN RD HOTEL,HANGZHOU,china,Chine,asia,missing
C0W6,C0W6,Mercure Nantong Suxitong au bord de la rivière,MER,MERCURE,NANTONG,Chine,"29 Jiang An Road, Chongchuan District",226000,https://all.accor.com/hotel/C0W6/index.fr.shtml,catalog_api,china,MERCURE NANTONG SUXITONG AU BORD DE LA RIVIERE,NANTONG,china,Chine,asia,missing
C0L7,C0L7,Ibis Styles Hangzhou Qiutao,IBS,IBIS STYLES,HANGZHOU,Chine,"Jiaoyun Building, 176 Qiutao North Road, Hangzhou",310016,https://all.accor.com/hotel/C0L7/index.fr.shtml,catalog_api,china,IBIS STYLES HANGZHOU QIUTAO,HANGZHOU,china,Chine,asia,missing
B1Y4,B1Y4,Mercure Hangzhou Liping Hotel,MER,MERCURE,HANGZHOU,Chine,"No 155, North Dong Hu Road, Yu Hang District",311100,https://all.accor.com/hotel/B1Y4/index.fr.shtml,catalog_api,china,MERCURE HANGZHOU LIPING HOTEL,HANGZHOU,china,Chine,asia,missing
C5B4,C5B4,Novotel Hangzhou Binjiang,NOV,NOVOTEL,ZHEJIANG,Chine,"Number239 block 4 Jucai Rd, Binjiang Hangzhou, Zhejiang China",310053,https://all.accor.com/hotel/C5B4/index.fr.shtml,catalog_api,china,NOVOTEL HANGZHOU BINJIANG,ZHEJIANG,china,Chine,asia,missing
B5L0,B5L0,Mercure Hangzhou East Railway Station,MER,MERCURE,HANGZHOU,Chine,"No 59 Huanzhan South Road, Jianggan District, Hangzhou",310000,https://all.accor.com/hotel/B5L0/index.fr.shtml,catalog_api,china,MERCURE HANGZHOU EAST RAILWAY STATION,HANGZHOU,china,Chine,asia,missing
B7U3,B7U3,Mercure Hangzhou Qingchun,MER,MERCURE,HANGZHOU,Chine,"NO 58 Xintang Road, Jianggan District",310016,https://all.accor.com/hotel/B7U3/index.fr.shtml,catalog_api,china,MERCURE HANGZHOU QINGCHUN,HANGZHOU,china,Chine,asia,missing
C1W8,C1W8,Novotel Hangzhou East Railway Station,NOV,NOVOTEL,HANGZHOU,Chine,"Xiangjianglai Time Center, Shangcheng District",310000,https://all.accor.com/hotel/C1W8/index.fr.shtml,catalog_api,china,NOVOTEL HANGZHOU EAST RAILWAY STATION,HANGZHOU,china,Chine,asia,missing
B2P6,B2P6,Mercure Hangzhou Qianjiang,MER,MERCURE,HANGZHOU,Chine,"52F Building 2, Fortune And Finance Center, No 37 Eastern Jiefang Road",310020,https://all.accor.com/hotel/B2P6/index.fr.shtml,catalog_api,china,MERCURE HANGZHOU QIANJIANG,HANGZHOU,china,Chine,asia,missing
C5C2,C5C2,Mercure Hangzhou Binjiang Star Avenue,MER,MERCURE,HANGZHOU,Chine,"No 239 Taian Road, Binjiang District, Hangzhou",310052,https://all.accor.com/hotel/C5C2/index.fr.shtml,catalog_api,china,MERCURE HANGZHOU BINJIANG STAR AVENUE,HANGZHOU,china,Chine,asia,missing
B733,B733,Sofitel Hangzhou Yingguan,SOF,SOFITEL,HANGZHOU,Chine,"No 485 Mingxing Road, Quartier Xiaoshan",311200,https://all.accor.com/hotel/B733/index.fr.shtml,catalog_api,china,SOFITEL HANGZHOU YINGGUAN,HANGZHOU,china,Chine,asia,missing
B966,B966,Novotel Kunshan Yangcheng Lake,NOV,NOVOTEL,KUNSHAN,Chine,"258 Dengyun Road, Huijin Fortune Plaza",215300,https://all.accor.com/hotel/B966/index.fr.shtml,catalog_api,china,NOVOTEL KUNSHAN YANGCHENG LAKE,KUNSHAN,china,Chine,asia,missing
B339,B339,Mercure Kunshan MIXC Hi-tech,MER,MERCURE,KUNSHAN,Chine,"No 211 Hong Qi Road, High Tech Zone, Kunshan",215300,https://all.accor.com/hotel/B339/index.fr.shtml,catalog_api,china,MERCURE KUNSHAN MIXC HI TECH,KUNSHAN,china,Chine,asia,missing
C0H4,C0H4,Pullman Jinhua,PUL,PULLMAN,JINHUA,Chine,NO 2888 West Binhong Road,320013,https://all.accor.com/hotel/C0H4/index.fr.shtml,catalog_api,china,PULLMAN JINHUA,JINHUA,china,Chine,asia,missing
B9B3,B9B3,Mercure Kunshan Beimenlu,MER,MERCURE,SUZHOU,Chine,"No 1997 Beimen Road, Yushan Town, Kunshan",215300,https://all.accor.com/hotel/B9B3/index.fr.shtml,catalog_api,china,MERCURE KUNSHAN BEIMENLU,SUZHOU,china,Chine,asia,missing
B348,B348,Ibis Haimen South Changjiang Rd Hotel,IBH,IBIS,HAIMEN,Chine,"No.518, Building 25, Longxin Square",226000,https://all.accor.com/hotel/B348/index.fr.shtml,catalog_api,china,IBIS HAIMEN SOUTH CHANGJIANG RD HOTEL,HAIMEN,china,Chine,asia,missing
B5R8,B5R8,Angsana Xishuangbanna,ANG,ANGSANA,XISHUANGBANNA,Chine,"Manxing Lake, Menghai Xishuangbanna",666200,https://all.accor.com/hotel/B5R8/index.fr.shtml,catalog_api,china,ANGSANA XISHUANGBANNA,XISHUANGBANNA,china,Chine,asia,missing
B8E3,B8E3,Novotel Kunshan East,NOV,NOVOTEL,KUNSHAN,Chine,"No  1033 Qiandaohu Road, Yushan District",215300,https://all.accor.com/hotel/B8E3/index.fr.shtml,catalog_api,china,NOVOTEL KUNSHAN EAST,KUNSHAN,china,Chine,asia,missing
B7Z8,B7Z8,Mercure Guangzhou Baiyun Int'l Airport,MER,MERCURE,GUANGZHOU,Chine,10 Airport Avenue,510800,https://all.accor.com/hotel/B7Z8/index.fr.shtml,catalog_api,china,MERCURE GUANGZHOU BAIYUN INT L AIRPORT,GUANGZHOU,china,Chine,asia,missing
C3V3,C3V3,Grand Mercure Guangzhou Baiyun International Airport,MEI,GRAND MERCURE,GUANGZHOU,Chine,"10 Airport Avenue, HuaDu District, GUANGZHOU",510000,https://all.accor.com/hotel/C3V3/index.fr.shtml,catalog_api,china,GRAND MERCURE GUANGZHOU BAIYUN INTERNATIONAL AIRPORT,GUANGZHOU,china,Chine,asia,missing
B5H9,B5H9,Pullman Suzhou Taicang,PUL,PULLMAN,TAICANG,Chine,188 Shuyuan Road,215400,https://all.accor.com/hotel/B5H9/index.fr.shtml,catalog_api,china,PULLMAN SUZHOU TAICANG,TAICANG,china,Chine,asia,missing
B321,B321,Novotel Guangzhou Baiyun Airport,NOV,NOVOTEL,GUANGZHOU,Chine,"No.2 Yiheng Road, Airport Avenue, Baiyun International Airport, Huadu",510470,https://all.accor.com/hotel/B321/index.fr.shtml,catalog_api,china,NOVOTEL GUANGZHOU BAIYUN AIRPORT,GUANGZHOU,china,Chine,asia,missing
B2W3,B2W3,Pullman Guangzhou Baiyun Airport,PUL,PULLMAN,GUANGZHOU,Chine,"No.2 Yiheng Road, Airport Avenue, Huadu, Baiyun International Airport",510470,https://all.accor.com/hotel/B2W3/index.fr.shtml,catalog_api,china,PULLMAN GUANGZHOU BAIYUN AIRPORT,GUANGZHOU,china,Chine,asia,missing
C1B2,C1B2,Pullman Haining,PUL,PULLMAN,HAINING,Chine,No 228 South Wenyuan Road,314400,https://all.accor.com/hotel/C1B2/index.fr.shtml,catalog_api,china,PULLMAN HAINING,HAINING,china,Chine,asia,missing
C4V6,C4V6,Novotel Shaoxing Keqiao,NOV,NOVOTEL,SHAOXING,Chine,"Number1505 Qunxian West Rd, Keqiao Shaoxing, Zhejiang China",312030,https://all.accor.com/hotel/C4V6/index.fr.shtml,catalog_api,china,NOVOTEL SHAOXING KEQIAO,SHAOXING,china,Chine,asia,missing
B7H8,B7H8,Novotel Shanghai Qingpu Excellence,NOV,NOVOTEL,SHANGHAI,Chine,"No. 2 Lane 1121 Qinghewan Road, Qingpu District",201700,https://all.accor.com/hotel/B7H8/index.fr.shtml,catalog_api,china,NOVOTEL SHANGHAI QINGPU EXCELLENCE,SHANGHAI,china,Chine,asia,missing
B568,B568,Ibis Styles Shanghai Qingpu Sports Center Hotel,IBS,IBIS STYLES,SHANGHAI,Chine,"No. 35 Shaduobang Road, Qingpu District, Shanghai (beside Qingpu Stadium",201799,https://all.accor.com/hotel/B568/index.fr.shtml,catalog_api,china,IBIS STYLES SHANGHAI QINGPU SPORTS CENTER HOTEL,SHANGHAI,china,Chine,asia,missing
C1S7,C1S7,Mercure Yiwu International Trade City,MER,MERCURE,YIWU,Chine,"NO 19 Chengzhong NOrth Road, Yiwu",322000,https://all.accor.com/hotel/C1S7/index.fr.shtml,catalog_api,china,MERCURE YIWU INTERNATIONAL TRADE CITY,YIWU,china,Chine,asia,missing
C6U4,C6U4,Banyan Tree Guangzhou Jiulong Lake,BAN,BANYAN TREE,GUANGZHOU,Chine,"No 3 Wenpan Street, Huangpu District",510555,https://all.accor.com/hotel/C6U4/index.fr.shtml,catalog_api,china,BANYAN TREE GUANGZHOU JIULONG LAKE,GUANGZHOU,china,Chine,asia,missing
C558,C558,Grand Mercure Guangzhou Baiyunli (ouverture prochaine),MEI,GRAND MERCURE,GUANGZHOU,Chine,"No.1023 Yuncheng East Road, Baiyun District",510000,https://all.accor.com/hotel/C558/index.fr.shtml,catalog_api,china,GRAND MERCURE GUANGZHOU BAIYUNLI OUVERTURE PROCHAINE,GUANGZHOU,china,Chine,asia,missing
C203,C203,Mercure Shanghai Baoshan (Ouverture mai 2025),MER,MERCURE,SHANGHAI,Chine,"No 2 Xiaoyun Rd, Baoshan, Shanghai",201900,https://all.accor.com/hotel/C203/index.fr.shtml,catalog_api,china,MERCURE SHANGHAI BAOSHAN OUVERTURE MAI 2025,SHANGHAI,china,Chine,asia,missing
B1E0,B1E0,Mercure Panjin,MER,MERCURE,PANJIN,Chine,"Intersection Of Xinglongtai St, And Shihua Road, Xinglongtai District",124010,https://all.accor.com/hotel/B1E0/index.fr.shtml,catalog_api,china,MERCURE PANJIN,PANJIN,china,Chine,asia,missing
C4W2,C4W2,Mercure Guangzhou Financial City Riverside,MER,MERCURE,GUANGZHOU,Chine,"No 801 Linjiang Avenue, Tianhe District, Guangzhou",510660,https://all.accor.com/hotel/C4W2/index.fr.shtml,catalog_api,china,MERCURE GUANGZHOU FINANCIAL CITY RIVERSIDE,GUANGZHOU,china,Chine,asia,missing
B0Z6,B0Z6,ibis Guangzhou Yuexiu Park Metro Station Hotel,IBH,IBIS,GUANGZHOU,Chine,No. 117 Liuhua Rd.,510016,https://all.accor.com/hotel/B0Z6/index.fr.shtml,catalog_api,china,IBIS GUANGZHOU YUEXIU PARK METRO STATION HOTEL,GUANGZHOU,china,Chine,asia,missing
B9N1,B9N1,Garrya Huzhou Lucun,GAR,GAR,HUZHOU,Chine,"No 666 Chang Lu Road Lucun, Wuxing District",313000,https://all.accor.com/hotel/B9N1/index.fr.shtml,catalog_api,china,GARRYA HUZHOU LUCUN,HUZHOU,china,Chine,asia,missing
B8J1,B8J1,Mercure Urumqi South Lake,MER,MERCURE,URUMQI,Chine,"Qiyi Sunshine Life Plaza, No. 186 Xinmin East Street, Shuimogou District",830017,https://all.accor.com/hotel/B8J1/index.fr.shtml,catalog_api,china,MERCURE URUMQI SOUTH LAKE,URUMQI,china,Chine,asia,missing
B2M3,B2M3,Mercure Shanghai NECC,MER,MERCURE,SHANGHAI,Chine,"No 666 Panlong Road, Qingpu District",201702,https://all.accor.com/hotel/B2M3/index.fr.shtml,catalog_api,china,MERCURE SHANGHAI NECC,SHANGHAI,china,Chine,asia,missing
C054,C054,Mercure Guangzhou Yuexiu Beijing Road,MER,MERCURE,GUANGZHOU,Chine,182 Beijing Road,510030,https://all.accor.com/hotel/C054/index.fr.shtml,catalog_api,china,MERCURE GUANGZHOU YUEXIU BEIJING ROAD,GUANGZHOU,china,Chine,asia,missing
B4E5,B4E5,Pullman Jiaxing Pinghu Excellence,PUL,PULLMAN,JIAXING,Chine,"N°777 Fengshou Road, Pinghu City",314200,https://all.accor.com/hotel/B4E5/index.fr.shtml,catalog_api,china,PULLMAN JIAXING PINGHU EXCELLENCE,JIAXING,china,Chine,asia,missing
B2Y2,B2Y2,Ibis Shanghai Songjiang University Town Wencheng Rd Hotel,IBH,IBIS,SHANGHAI,Chine,"No.5, Lane 500, Wencheng Road",201620,https://all.accor.com/hotel/B2Y2/index.fr.shtml,catalog_api,china,IBIS SHANGHAI SONGJIANG UNIVERSITY TOWN WENCHENG RD HOTEL,SHANGHAI,china,Chine,asia,missing
B7M8,B7M8,Mercure Urumqi Doowin Wanda Plaza,MER,MERCURE,URUMQI,Chine,"No388 Yining Road, Shayibak District",830000,https://all.accor.com/hotel/B7M8/index.fr.shtml,catalog_api,china,MERCURE URUMQI DOOWIN WANDA PLAZA,URUMQI,china,Chine,asia,missing
C3V2,C3V2,Novotel Shanghai Baoshan Jiusi,NOV,NOVOTEL,SHANGHAI,Chine,"No 8 Lane 377, Shanlian Road, Shanghai",201900,https://all.accor.com/hotel/C3V2/index.fr.shtml,catalog_api,china,NOVOTEL SHANGHAI BAOSHAN JIUSI,SHANGHAI,china,Chine,asia,missing
A5B2,A5B2,Swissôtel Foshan,SWI,SWISSÔTEL,FOSHAN,Chine,"1 Chengmen Tou West Road, Guangdong",528000,https://all.accor.com/hotel/A5B2/index.fr.shtml,catalog_api,china,SWISSOTEL FOSHAN,FOSHAN,china,Chine,asia,missing
C048,C048,Mercure Guangzhou Tianhe Sports Center,MER,MERCURE,GUANGZHOU,Chine,No 365 Tianhebei Road,510620,https://all.accor.com/hotel/C048/index.fr.shtml,catalog_api,china,MERCURE GUANGZHOU TIANHE SPORTS CENTER,GUANGZHOU,china,Chine,asia,missing
B3D0,B3D0,Novotel Suites Shanghai Hongqiao,SUI,NOVOTEL SUITES,SHANGHAI,Chine,"No 1583 Huqingping Road, Qingpu District",201702,https://all.accor.com/hotel/B3D0/index.fr.shtml,catalog_api,china,NOVOTEL SUITES SHANGHAI HONGQIAO,SHANGHAI,china,Chine,asia,missing
B1Y2,B1Y2,Mercure Shanghai Hongqiao Railway Station,MER,MERCURE,SHANGHAI,Chine,"No 5 Lane 683 Shenhong Road, Mansion Sincere Center, Minhang District",201106,https://all.accor.com/hotel/B1Y2/index.fr.shtml,catalog_api,china,MERCURE SHANGHAI HONGQIAO RAILWAY STATION,SHANGHAI,china,Chine,asia,missing
C496,C496,Swissôtel Guangzhou,SWI,SWISSÔTEL,GUANGZHOU,Chine,"1961 Huaguan Road, Tianhe District",510520,https://all.accor.com/hotel/C496/index.fr.shtml,catalog_api,china,SWISSOTEL GUANGZHOU,GUANGZHOU,china,Chine,asia,missing
C0E1,C0E1,Mercure Urumqi Beijing Road,MER,MERCURE,URUMQI,Chine,"No 55 Gaoxin Street, New Urban Area",841100,https://all.accor.com/hotel/C0E1/index.fr.shtml,catalog_api,china,MERCURE URUMQI BEIJING ROAD,URUMQI,china,Chine,asia,missing
C2E4,C2E4,Novotel Jiaxing Port Area,NOV,NOVOTEL,JIAXING,Chine,"No 719 Washan Road, Jiaxing Port Area",341201,https://all.accor.com/hotel/C2E4/index.fr.shtml,catalog_api,china,NOVOTEL JIAXING PORT AREA,JIAXING,china,Chine,asia,missing
B0Y2,B0Y2,Mercure Shanghai Hongqiao SOHO,MER,MERCURE,SHANGHAI,Chine,99 Fu Quan Road,200335,https://all.accor.com/hotel/B0Y2/index.fr.shtml,catalog_api,china,MERCURE SHANGHAI HONGQIAO SOHO,SHANGHAI,china,Chine,asia,missing
B2S0,B2S0,Mercure Shanghai Jiuting,MER,MERCURE,SHANGHAI,Chine,"Building 5 No 178 Puhui Road, Songjiang District, Shanghai",201615,https://all.accor.com/hotel/B2S0/index.fr.shtml,catalog_api,china,MERCURE SHANGHAI JIUTING,SHANGHAI,china,Chine,asia,missing
B566,B566,Ibis Shanghai Hongqiao Railway Station Airport,IBH,IBIS,SHANGHAI,Chine,"No. 1 Lane 289 Huxing RD, Minhang District, Shanghai",201101,https://all.accor.com/hotel/B566/index.fr.shtml,catalog_api,china,IBIS SHANGHAI HONGQIAO RAILWAY STATION AIRPORT,SHANGHAI,china,Chine,asia,missing
B2U0,B2U0,ibis Styles Shanghai Hongqiao Airport Huqingping Highway Hot,IBS,IBIS STYLES,SHANGHAI,Chine,"NO.479, Huqingping Road, Minhang District",201799,https://all.accor.com/hotel/B2U0/index.fr.shtml,catalog_api,china,IBIS STYLES SHANGHAI HONGQIAO AIRPORT HUQINGPING HIGHWAY HOT,SHANGHAI,china,Chine,asia,missing
C3I1,C3I1,Aéroport Mercure Shanghai Hongqiao,MER,MERCURE,SHANGHAI,Chine,"288 XING ZHAN ROAD, MINHANG, Shanghai",201101,https://all.accor.com/hotel/C3I1/index.fr.shtml,catalog_api,china,AEROPORT MERCURE SHANGHAI HONGQIAO,SHANGHAI,china,Chine,asia,missing
C3I3,C3I3,Novotel Shanghai Hongqiao International Airport,NOV,NOVOTEL,SHANGHAI CITY,Chine,"NO 288 Xingzhan Road, Minhang District Shanghai, China",201101,https://all.accor.com/hotel/C3I3/index.fr.shtml,catalog_api,china,NOVOTEL SHANGHAI HONGQIAO INTERNATIONAL AIRPORT,SHANGHAI CITY,china,Chine,asia,missing
B3E8,B3E8,ibis Urumqi Railway Station,IBH,IBIS,URUMQI,Chine,"926, South Beijing Road, XinShi District",830011,https://all.accor.com/hotel/B3E8/index.fr.shtml,catalog_api,china,IBIS URUMQI RAILWAY STATION,URUMQI,china,Chine,asia,missing
B924,B924,Mercure Urumqi Railway Station,MER,MERCURE,URUMQI,Chine,"No 36 Rongsheng 3rd Road, Economic Development Zone",830000,https://all.accor.com/hotel/B924/index.fr.shtml,catalog_api,china,MERCURE URUMQI RAILWAY STATION,URUMQI,china,Chine,asia,missing
B7U4,B7U4,Mercure Urumqi centre-ville,MER,MERCURE,URUMQI,Chine,"17 Jiangsu West Road, Urumqi Xinshiqu District",830000,https://all.accor.com/hotel/B7U4/index.fr.shtml,catalog_api,china,MERCURE URUMQI CENTRE VILLE,URUMQI,china,Chine,asia,missing
B5P8,B5P8,Ibis Styles Qidong Middle Renmin Road Hotel,IBS,IBIS STYLES,QIDONG,Chine,"No.890-900 Renmin Zhonglu, Qidong City, Jiangsu Province",226299,https://all.accor.com/hotel/B5P8/index.fr.shtml,catalog_api,china,IBIS STYLES QIDONG MIDDLE RENMIN ROAD HOTEL,QIDONG,china,Chine,asia,missing
C1X0,C1X0,Mercure Qidong Downtown,MER,MERCURE,QIDONG,Chine,"578 Gongyyuan Road, Qidong City",226200,https://all.accor.com/hotel/C1X0/index.fr.shtml,catalog_api,china,MERCURE QIDONG DOWNTOWN,QIDONG,china,Chine,asia,missing
C4W7,C4W7,Mövenpick by Accor Urumqi Jingkai,MOV,MÖVENPICK,URUMQI,Chine,"No19 Peng hu Road, Economic Development Zone",830000,https://all.accor.com/hotel/C4W7/index.fr.shtml,catalog_api,china,MOVENPICK BY ACCOR URUMQI JINGKAI,URUMQI,china,Chine,asia,missing
B3E5,B3E5,Ibis Guangzhou International Exhibition Center Hotel,IBH,IBIS,GUANGZHOU,Chine,"No.9 Xinhai Street, Xinjiao Middle Road, Haizhu District",510310,https://all.accor.com/hotel/B3E5/index.fr.shtml,catalog_api,china,IBIS GUANGZHOU INTERNATIONAL EXHIBITION CENTER HOTEL,GUANGZHOU,china,Chine,asia,missing
B3E7,B3E7,Ibis Urumqi Weixing Square Hotel,IBH,IBIS,URUMQI,Chine,"No.31 Beihai Road, Economic & Technological Develo, Urumqi",830026,https://all.accor.com/hotel/B3E7/index.fr.shtml,catalog_api,china,IBIS URUMQI WEIXING SQUARE HOTEL,URUMQI,china,Chine,asia,missing
B061,B061,Mercure Shanghai Hongqiao South,MER,MERCURE,SHANGAI,Chine,"No 3069 Hong Xin Road, Min Hang District Shanghai, 无",201101,https://all.accor.com/hotel/B061/index.fr.shtml,catalog_api,china,MERCURE SHANGHAI HONGQIAO SOUTH,SHANGAI,china,Chine,asia,missing
B3B6,B3B6,Mercure Shanghai Global Harbor,MER,MERCURE,SHANGHAI,Chine,"No 1305 North Kaixuan Road, Putuo District, Shanghai Province",200063,https://all.accor.com/hotel/B3B6/index.fr.shtml,catalog_api,china,MERCURE SHANGHAI GLOBAL HARBOR,SHANGHAI,china,Chine,asia,missing
B6B6,B6B6,ibis Styles Shangai Gubei,IBS,IBIS STYLES,SHANGHAI,Chine,No 486 Hongxu Road,201103,https://all.accor.com/hotel/B6B6/index.fr.shtml,catalog_api,china,IBIS STYLES SHANGAI GUBEI,SHANGHAI,china,Chine,asia,missing
B2P4,B2P4,Mercure Shanghai Hongqiao Central,MER,MERCURE,SHANGHAI,Chine,"No 368 Hong Xu Road, Min Hang District Shanghai, N° 368, HONG XU ROAD SHANG HAI",201103,https://all.accor.com/hotel/B2P4/index.fr.shtml,catalog_api,china,MERCURE SHANGHAI HONGQIAO CENTRAL,SHANGHAI,china,Chine,asia,missing
B8T6,B8T6,Mercure Guangzhou Financial City,MER,MERCURE,GUANGZHOU,Chine,"No 885 HuangPu Road, HuangPu District",510000,https://all.accor.com/hotel/B8T6/index.fr.shtml,catalog_api,china,MERCURE GUANGZHOU FINANCIAL CITY,GUANGZHOU,china,Chine,asia,missing
C4X2,C4X2,Swissôtel Living Shanghai Hongqiao,SWL,SWL,SHANGHAI,Chine,"No 5 Zunyi South Road, Changning District",200050,https://all.accor.com/hotel/C4X2/index.fr.shtml,catalog_api,china,SWISSOTEL LIVING SHANGHAI HONGQIAO,SHANGHAI,china,Chine,asia,missing
C4X1,C4X1,Hotel Shanghai Hongqiao - Handwritten Collection,SOU,SOU,SHANGHAI,Chine,"No 5 Zunyi South Road, Changning District",200336,https://all.accor.com/hotel/C4X1/index.fr.shtml,catalog_api,china,HOTEL SHANGHAI HONGQIAO HANDWRITTEN COLLECTION,SHANGHAI,china,Chine,asia,missing
C1D8,C1D8,Mercure Urumqi Airport,MER,MERCURE,URUMQI,Chine,No 138 North Central Asia Road,830000,https://all.accor.com/hotel/C1D8/index.fr.shtml,catalog_api,china,MERCURE URUMQI AIRPORT,URUMQI,china,Chine,asia,missing
C4T9,C4T9,Novotel Shanghai Hongqiao Gubei,NOV,NOVOTEL,SHANGHAI,Chine,"1881 Gubei Road, Minhang District, Shanghai",201103,https://all.accor.com/hotel/C4T9/index.fr.shtml,catalog_api,china,NOVOTEL SHANGHAI HONGQIAO GUBEI,SHANGHAI,china,Chine,asia,missing
B2A9,B2A9,ibis Shanghai Changshou Road Hotel,IBH,IBIS,SHANGHAI,Chine,"NO.892, Changshou Rd, Putuo District",200042,https://all.accor.com/hotel/B2A9/index.fr.shtml,catalog_api,china,IBIS SHANGHAI CHANGSHOU ROAD HOTEL,SHANGHAI,china,Chine,asia,missing
C3T3,C3T3,Mercure Guangzhou Panyu,MER,MERCURE,GUANGZHOU,Chine,"No 635 Puhua Road, Panyu District, Guangzhou",511431,https://all.accor.com/hotel/C3T3/index.fr.shtml,catalog_api,china,MERCURE GUANGZHOU PANYU,GUANGZHOU,china,Chine,asia,missing
B4F0,B4F0,Ibis Styles Shanghai caohejing Hotel,IBS,IBIS STYLES,SHANGHAI,Chine,"No.208 Donglan Road, Minhang District, Shanghai",201102,https://all.accor.com/hotel/B4F0/index.fr.shtml,catalog_api,china,IBIS STYLES SHANGHAI CAOHEJING HOTEL,SHANGHAI,china,Chine,asia,missing
C4T3,C4T3,Mercure Shanghai Xuhui Caohejing,MER,MERCURE,SHANGHAI,Chine,"Building 1 No 509 Caobao Road, Xuhui District, Shanghai",200233,https://all.accor.com/hotel/C4T3/index.fr.shtml,catalog_api,china,MERCURE SHANGHAI XUHUI CAOHEJING,SHANGHAI,china,Chine,asia,missing
B886,B886,Novotel Shanghai Wanyuan,NOV,NOVOTEL,SHANGHAI,Chine,"No 599 Wanyuan Road, Minhang District",201103,https://all.accor.com/hotel/B886/index.fr.shtml,catalog_api,china,NOVOTEL SHANGHAI WANYUAN,SHANGHAI,china,Chine,asia,missing
B761,B761,Ibis Shanghai Hongcao Road,IBH,IBIS,SHANGHAI,Chine,"24 Hongcao Road, Caohejing Xuhui District, Shanghai",200233,https://all.accor.com/hotel/B761/index.fr.shtml,catalog_api,china,IBIS SHANGHAI HONGCAO ROAD,SHANGHAI,china,Chine,asia,missing
A5C9,A5C9,Swissôtel Grand Shanghai,SWI,SWISSÔTEL,SHANGAI,Chine,"1 Yu Yuan Road, District de Jing An",200040,https://all.accor.com/hotel/A5C9/index.fr.shtml,catalog_api,china,SWISSOTEL GRAND SHANGHAI,SHANGAI,china,Chine,asia,missing
C222,C222,Novotel Shanghai JingAn,NOV,NOVOTEL,SHANGHAI,Chine,"558 NORTH XIZANG ROAD, JINGAN DISTRICT, SHANGHAI",200071,https://all.accor.com/hotel/C222/index.fr.shtml,catalog_api,china,NOVOTEL SHANGHAI JINGAN,SHANGHAI,china,Chine,asia,missing
C3E7,C3E7,Novotel Living Shanghai Jingan,NOL,NOL,SHANGHAI,Chine,558 North Xizang Road,200071,https://all.accor.com/hotel/C3E7/index.fr.shtml,catalog_api,china,NOVOTEL LIVING SHANGHAI JINGAN,SHANGHAI,china,Chine,asia,missing
B432,B432,Mercure Shanghai Xujiahui South (ouverture janvier 2020),MER,MERCURE,SHANGHAI,Chine,"No 9505 Hu Min Road, Xu Hui District",201108,https://all.accor.com/hotel/B432/index.fr.shtml,catalog_api,china,MERCURE SHANGHAI XUJIAHUI SOUTH OUVERTURE JANVIER 2020,SHANGHAI,china,Chine,asia,missing
C3N7,C3N7,Mövenpick by Accor Shanghai People's Square,MOV,MÖVENPICK,SHANGHAI,Chine,"Verdant Plaza,No.128 West Nanjing Road ,Huangpu District, Shanghai, China",200003,https://all.accor.com/hotel/C3N7/index.fr.shtml,catalog_api,china,MOVENPICK BY ACCOR SHANGHAI PEOPLE S SQUARE,SHANGHAI,china,Chine,asia,missing
C4L7,C4L7,Novotel Shanghai Xuhui Riverside,NOV,NOVOTEL,SHANGHAI,Chine,"5-7F No165 Wuxuan Road, Xuhui District, SHANGHAI",200232,https://all.accor.com/hotel/C4L7/index.fr.shtml,catalog_api,china,NOVOTEL SHANGHAI XUHUI RIVERSIDE,SHANGHAI,china,Chine,asia,missing
C4T0,C4T0,Novotel Living Shanghai Xuhui Riverside,NOL,NOL,SHANGHAI,Chine,"8-16F No165 Wuxuan Road, Xuhui District, SHANGHAI",200232,https://all.accor.com/hotel/C4T0/index.fr.shtml,catalog_api,china,NOVOTEL LIVING SHANGHAI XUHUI RIVERSIDE,SHANGHAI,china,Chine,asia,missing
B9G8,B9G8,Sofitel Shanghai North Bund,SOF,SOFITEL,SHANGHAI,Chine,"601 Li Yang Road, Hongkou District",200080,https://all.accor.com/hotel/B9G8/index.fr.shtml,catalog_api,china,SOFITEL SHANGHAI NORTH BUND,SHANGHAI,china,Chine,asia,missing
A5G7,A5G7,Fairmont Peace Hotel,FAI,FAIRMONT,SHANGHAI,Chine,20 Nanjing Road East,200002,https://all.accor.com/hotel/A5G7/index.fr.shtml,catalog_api,china,FAIRMONT PEACE HOTEL,SHANGHAI,china,Chine,asia,missing
B6V0,B6V0,Ibis Foshan Shunde Hotel,IBH,IBIS,FOSHAN,Chine,"104 Baichen Road, Chencun Town Shunde District, Foshan City",528313,https://all.accor.com/hotel/B6V0/index.fr.shtml,catalog_api,china,IBIS FOSHAN SHUNDE HOTEL,FOSHAN,china,Chine,asia,missing
C2R4,C2R4,Mercure Foshan Midea Headquarters,MER,MERCURE,FOSHAN,Chine,"No 2 Yifu Road, Beijiao Town, Shunde District",528300,https://all.accor.com/hotel/C2R4/index.fr.shtml,catalog_api,china,MERCURE FOSHAN MIDEA HEADQUARTERS,FOSHAN,china,Chine,asia,missing
B1K6,B1K6,Mercure Shanghai Yu Garden sur le Bund,MER,MERCURE,SHANGHAI,Chine,"No 789 East Fuxing  Road, Huangpu District, Shanghai",200020,https://all.accor.com/hotel/B1K6/index.fr.shtml,catalog_api,china,MERCURE SHANGHAI YU GARDEN SUR LE BUND,SHANGHAI,china,Chine,asia,missing
B866,B866,Pullman Foshan Shunde,PUL,PULLMAN,FOSHAN,Chine,"2 Linshang Road, Beijiao Town, Shunde District",528311,https://all.accor.com/hotel/B866/index.fr.shtml,catalog_api,china,PULLMAN FOSHAN SHUNDE,FOSHAN,china,Chine,asia,missing
B1U4,B1U4,Banyan Tree Shanghai On the Bund,BAN,BANYAN TREE,SHANGHAI,Chine,19 Gong Ping Road,200082,https://all.accor.com/hotel/B1U4/index.fr.shtml,catalog_api,china,BANYAN TREE SHANGHAI ON THE BUND,SHANGHAI,china,Chine,asia,missing
C4N3,C4N3,Mercure Shanghai Lujiazui Financial Center,MER,MERCURE,SHANGHAI,Chine,"138  Pudong Avenue, Pudong New District, Shanghai",210000,https://all.accor.com/hotel/C4N3/index.fr.shtml,catalog_api,china,MERCURE SHANGHAI LUJIAZUI FINANCIAL CENTER,SHANGHAI,china,Chine,asia,missing
B6U5,B6U5,Mercure Shanghai Qiantan,MER,MERCURE,SHANGHAI,Chine,"泳耀路480号, Pudong New District",200120,https://all.accor.com/hotel/B6U5/index.fr.shtml,catalog_api,china,MERCURE SHANGHAI QIANTAN,SHANGHAI,china,Chine,asia,missing
C044,C044,Mercure Shanghai Lujiazui,MER,MERCURE,SHANGHAI,Chine,"1535 Pudong Avenue, Pudong New Area",200120,https://all.accor.com/hotel/C044/index.fr.shtml,catalog_api,china,MERCURE SHANGHAI LUJIAZUI,SHANGHAI,china,Chine,asia,missing
A602,A602,Mercure Shanghai Waigaoqiao Free Trade Zone,MER,MERCURE,SHANGHAI,Chine,"99 Keelong Road Pudong Area, Pudong New Area Shanghai",200131,https://all.accor.com/hotel/A602/index.fr.shtml,catalog_api,china,MERCURE SHANGHAI WAIGAOQIAO FREE TRADE ZONE,SHANGHAI,china,Chine,asia,missing
C5Q3,C5Q3,Mercure Shanghai Lujiazui Binjiang Center,MER,MERCURE,SHANGHAI,Chine,"Lane 18 North Gushan Road, Block B Zhongqi Shiji Building, Pudong New Area",200135,https://all.accor.com/hotel/C5Q3/index.fr.shtml,catalog_api,china,MERCURE SHANGHAI LUJIAZUI BINJIANG CENTER,SHANGHAI,china,Chine,asia,missing
C4L4,C4L4,Grand Mercure Shanghai Century Park,MEI,GRAND MERCURE,SHANGHAI,Chine,"1199 Yingchun Road, Pudong New District",200135,https://all.accor.com/hotel/C4L4/index.fr.shtml,catalog_api,china,GRAND MERCURE SHANGHAI CENTURY PARK,SHANGHAI,china,Chine,asia,missing
B930,B930,Mercure Shanghai Jinqiao,MER,MERCURE,SHANGHAI,Chine,"159 Xinjinqiao Road, Pudong District",200120,https://all.accor.com/hotel/B930/index.fr.shtml,catalog_api,china,MERCURE SHANGHAI JINQIAO,SHANGHAI,china,Chine,asia,missing
C2R9,C2R9,Mercure Shanghai Pujiang,MER,MERCURE,SHANGHAI,Chine,"Lane 1800 Zhaolou Road, Minhang District",200000,https://all.accor.com/hotel/C2R9/index.fr.shtml,catalog_api,china,MERCURE SHANGHAI PUJIANG,SHANGHAI,china,Chine,asia,missing
C1X1,C1X1,Mercure Shanghai Pudong Zhangjiang Park,MER,MERCURE,SHANGHAI,Chine,"No 178 Ziwei Road, Pudong New District",201210,https://all.accor.com/hotel/C1X1/index.fr.shtml,catalog_api,china,MERCURE SHANGHAI PUDONG ZHANGJIANG PARK,SHANGHAI,china,Chine,asia,missing
B3F1,B3F1,ibis Styles Shanghai Zhangjiang Hotel,IBS,IBIS STYLES,SHANGHAI,Chine,"NO.1206, Zhangjiang Rd, Pudong District",201203,https://all.accor.com/hotel/B3F1/index.fr.shtml,catalog_api,china,IBIS STYLES SHANGHAI ZHANGJIANG HOTEL,SHANGHAI,china,Chine,asia,missing
B3E9,B3E9,Ibis Changji Jianshe Road Snack Street,IBH,IBIS,CHANGJI,Chine,"Opposite To Huimin Snack Street, No. 298 Jianshe Road, Changji City -- Traditional Chi",831199,https://all.accor.com/hotel/B3E9/index.fr.shtml,catalog_api,china,IBIS CHANGJI JIANSHE ROAD SNACK STREET,CHANGJI,china,Chine,asia,missing
A3P3,A3P3,Novotel Shanghai Clover,NOV,NOVOTEL,SHANGAI,Chine,"Building No 1, Lane 3188 Xiupu Road, Pudong",201315,https://all.accor.com/hotel/A3P3/index.fr.shtml,catalog_api,china,NOVOTEL SHANGHAI CLOVER,SHANGAI,china,Chine,asia,missing
C0J8,C0J8,Ibis Shanghai Xiupu Road Hotel,IBH,IBIS,SHANGHAI,Chine,"Xiupu Road, No.3188-25, Pudong New Area",200120,https://all.accor.com/hotel/C0J8/index.fr.shtml,catalog_api,china,IBIS SHANGHAI XIUPU ROAD HOTEL,SHANGHAI,china,Chine,asia,missing
B0Y6,B0Y6,Novotel Shanghai Chuansha,NOV,NOVOTEL,SHANGHAI,Chine,"5989 Chuansha Road, Pudong New Area",200120,https://all.accor.com/hotel/B0Y6/index.fr.shtml,catalog_api,china,NOVOTEL SHANGHAI CHUANSHA,SHANGHAI,china,Chine,asia,missing
C0Y2,C0Y2,Ibis Styles Shengzhou,IBS,IBIS STYLES,SHAOXING,Chine,"18 Huimin Street, Shengzhou City",312400,https://all.accor.com/hotel/C0Y2/index.fr.shtml,catalog_api,china,IBIS STYLES SHENGZHOU,SHAOXING,china,Chine,asia,missing
C0S8,C0S8,Novotel Suning Shanghai International Tourism Zone North Tower,NOV,NOVOTEL,SHANGHAI,Chine,"No. 1188 Nanliu Road, Pudong New District",201299,https://all.accor.com/hotel/C0S8/index.fr.shtml,catalog_api,china,NOVOTEL SUNING SHANGHAI INTERNATIONAL TOURISM ZONE NORTH TOWER,SHANGHAI,china,Chine,asia,missing
C0S7,C0S7,Novotel Suning Shanghai International Tourism Zone South Tower,NOV,NOVOTEL,SHANGHAI,Chine,"No 1188 Nanliu Road, Pudong New District",201299,https://all.accor.com/hotel/C0S7/index.fr.shtml,catalog_api,china,NOVOTEL SUNING SHANGHAI INTERNATIONAL TOURISM ZONE SOUTH TOWER,SHANGHAI,china,Chine,asia,missing
C0X4,C0X4,Ibis Maoming Cultural Plaza,IBH,IBIS,MAOMING,Chine,"33 Guanshan Si Lu, Maoming City, Guangdong Province",525000,https://all.accor.com/hotel/C0X4/index.fr.shtml,catalog_api,china,IBIS MAOMING CULTURAL PLAZA,MAOMING,china,Chine,asia,missing
B4D6,B4D6,Mercure Guangzhou Nansha,MER,MERCURE,GUANGZHOU,Chine,"No 577, Harbor Avenue, Nansha District",523997,https://all.accor.com/hotel/B4D6/index.fr.shtml,catalog_api,china,MERCURE GUANGZHOU NANSHA,GUANGZHOU,china,Chine,asia,missing
C0J5,C0J5,Ibis Dongguan Songshan Lake,IBH,IBIS,DONGGUAN,Chine,"No. 30, Yuanxin Road, Dalingshan Town",523825,https://all.accor.com/hotel/C0J5/index.fr.shtml,catalog_api,china,IBIS DONGGUAN SONGSHAN LAKE,DONGGUAN,china,Chine,asia,missing
C5W2,C5W2,Dhawa Beihai Weizhou Island,DHA,DHAWA,BEIHAI,Chine,"No 3 Huandao West Road, Weizhou Island, Haicheng District",536004,https://all.accor.com/hotel/C5W2/index.fr.shtml,catalog_api,china,DHAWA BEIHAI WEIZHOU ISLAND,BEIHAI,china,Chine,asia,missing
B6C1,B6C1,Grand Mercure Shanghai Lingang,MEI,GRAND MERCURE,SHANGHAI,Chine,"No 288 Yunying Road, Fengxian District",201306,https://all.accor.com/hotel/B6C1/index.fr.shtml,catalog_api,china,GRAND MERCURE SHANGHAI LINGANG,SHANGHAI,china,Chine,asia,missing
C288,C288,Banyan Tree Dongguan Songshan Lake,BAN,BANYAN TREE,DONGGUAN,Chine,"No 7 Hu An Road, Songshan Lake Dongguan Guangdong",523808,https://all.accor.com/hotel/C288/index.fr.shtml,catalog_api,china,BANYAN TREE DONGGUAN SONGSHAN LAKE,DONGGUAN,china,Chine,asia,missing
B887,B887,Novotel Dongguan Songshan Lake,NOV,NOVOTEL,DONGGUAN,Chine,"Nº 1 Ningxie Road, Songshan Lake",523808,https://all.accor.com/hotel/B887/index.fr.shtml,catalog_api,china,NOVOTEL DONGGUAN SONGSHAN LAKE,DONGGUAN,china,Chine,asia,missing
B848,B848,Ibis Styles DG Changan LightRail,IBS,IBIS STYLES,DONGGUAN,Chine,"No.36 Jinghai Middle Road, Shatou Chang'an Town, Dongguan Guangdong",523843,https://all.accor.com/hotel/B848/index.fr.shtml,catalog_api,china,IBIS STYLES DG CHANGAN LIGHTRAIL,DONGGUAN,china,Chine,asia,missing
B3D8,B3D8,ibis Styles Dongguan Chang'an Wanda Plaza Hotel,IBS,IBIS STYLES,DONGGUAN,Chine,"NO.184, Xiaobian Street, Changan Town",523849,https://all.accor.com/hotel/B3D8/index.fr.shtml,catalog_api,china,IBIS STYLES DONGGUAN CHANG AN WANDA PLAZA HOTEL,DONGGUAN,china,Chine,asia,missing
B101,B101,ibis Shigatse City Lhaze County,IBH,IBIS,SHIGATSE,Chine,"No.13, Lao Zhongni Road, Lazhong County",857000,https://all.accor.com/hotel/B101/index.fr.shtml,catalog_api,china,IBIS SHIGATSE CITY LHAZE COUNTY,SHIGATSE,china,Chine,asia,missing
C3L3,C3L3,Garrya Xianju,GAR,GAR,TAIZHOU,Chine,"浙江省仙居县, 白塔镇云起路999号, Xianju",317317,https://all.accor.com/hotel/C3L3/index.fr.shtml,catalog_api,china,GARRYA XIANJU,TAIZHOU,china,Chine,asia,missing
B9T7,B9T7,Pullman Taizhou Shenxianju,PUL,PULLMAN,TAIZHOU,Chine,"58 Xianfeng Road, Xianju Baita Town",317300,https://all.accor.com/hotel/B9T7/index.fr.shtml,catalog_api,china,PULLMAN TAIZHOU SHENXIANJU,TAIZHOU,china,Chine,asia,missing
C1A5,C1A5,Mercure Shanghai Lingang Oriental Pearl,MER,MERCURE,SHANGHAI,Chine,"No 233 Bo Ying Road, Pudong New District",210000,https://all.accor.com/hotel/C1A5/index.fr.shtml,catalog_api,china,MERCURE SHANGHAI LINGANG ORIENTAL PEARL,SHANGHAI,china,Chine,asia,missing
B9F6,B9F6,Grand Mercure Shenzhen Guangming,MEI,GRAND MERCURE,SHENZHEN,Chine,"Building 1A Jianfa Yuefu Square, Guangming Distrct",518107,https://all.accor.com/hotel/B9F6/index.fr.shtml,catalog_api,china,GRAND MERCURE SHENZHEN GUANGMING,SHENZHEN,china,Chine,asia,missing
B923,B923,Novotel Shanghai Lingang,NOV,NOVOTEL,SHANGHAI,Chine,"No 777 Huanhu South 1st Road, Pudong New Area",201306,https://all.accor.com/hotel/B923/index.fr.shtml,catalog_api,china,NOVOTEL SHANGHAI LINGANG,SHANGHAI,china,Chine,asia,missing
C0C2,C0C2,Grand Mercure Taizhou Tiantai,MEI,GRAND MERCURE,TAIZHOU,Chine,"No99 Yulong Road, Shifeng Street, Taizhou",317200,https://all.accor.com/hotel/C0C2/index.fr.shtml,catalog_api,china,GRAND MERCURE TAIZHOU TIANTAI,TAIZHOU,china,Chine,asia,missing
B5U1,B5U1,IBIS styles taizhou tiantai HOTEL,IBS,IBIS STYLES,TIANTAI,Chine,"In The NO.99 Hanshan Road, County, Taizhou City",317205,https://all.accor.com/hotel/B5U1/index.fr.shtml,catalog_api,china,IBIS STYLES TAIZHOU TIANTAI HOTEL,TIANTAI,china,Chine,asia,missing
B9N9,B9N9,Fashion Town Hotel Shenzhen - MGallery Collection,MGA,MGALLERY,SHENZHEN,Chine,"8 Langyun Road, Dalang Street, Longhua District",518110,https://all.accor.com/hotel/B9N9/index.fr.shtml,catalog_api,china,FASHION TOWN HOTEL SHENZHEN MGALLERY COLLECTION,SHENZHEN,china,Chine,asia,missing
B643,B643,Ibis Tongliao Ganqika Hotel,IBH,IBIS,TONGLIAO,Chine,"300 Meters South Of The, Left-wing Flag GOV Of Horqin, Tongliao City",028100,https://all.accor.com/hotel/B643/index.fr.shtml,catalog_api,china,IBIS TONGLIAO GANQIKA HOTEL,TONGLIAO,china,Chine,asia,missing
B1K9,B1K9,Mercure Shenzhen Pinghu,MER,MERCURE,SHENZHEN,Chine,"No 33 Fenghuang Road, Longgang District, Longgang District",518111,https://all.accor.com/hotel/B1K9/index.fr.shtml,catalog_api,china,MERCURE SHENZHEN PINGHU,SHENZHEN,china,Chine,asia,missing
B8J0,B8J0,Mercure Ningbo Yinzhou,MER,MERCURE,NINGBO,Chine,"796 Baizhang East Road, Yinzhou District, Ningbo",315041,https://all.accor.com/hotel/B8J0/index.fr.shtml,catalog_api,china,MERCURE NINGBO YINZHOU,NINGBO,china,Chine,asia,missing
B2H2,B2H2,Pullman Shenzhen North,PUL,PULLMAN,SHENZHEN,Chine,No 385 Mintang Road,518109,https://all.accor.com/hotel/B2H2/index.fr.shtml,catalog_api,china,PULLMAN SHENZHEN NORTH,SHENZHEN,china,Chine,asia,missing
B5X6,B5X6,Ibis Shenzhen Nanxin Road Hotel,IBH,IBIS,SHENZHEN,Chine,"No.3020-4 Nanxin Road, Nanshan District, Shenzhen",518000,https://all.accor.com/hotel/B5X6/index.fr.shtml,catalog_api,china,IBIS SHENZHEN NANXIN ROAD HOTEL,SHENZHEN,china,Chine,asia,missing
C019,C019,Grand Mercure Huizhou Huiyang,MEI,GRAND MERCURE,HUIZHOU,Chine,"No 6 Haoyikang 1 Road, Huiyang District",510620,https://all.accor.com/hotel/C019/index.fr.shtml,catalog_api,china,GRAND MERCURE HUIZHOU HUIYANG,HUIZHOU,china,Chine,asia,missing
B6Q8,B6Q8,Grand Mercure Shenzhen Nanshan,MEI,GRAND MERCURE,SHENZHEN,Chine,"No 1177 Nanxin Road, Nanshan District",518000,https://all.accor.com/hotel/B6Q8/index.fr.shtml,catalog_api,china,GRAND MERCURE SHENZHEN NANSHAN,SHENZHEN,china,Chine,asia,missing
A7Z7,A7Z7,Raffles Shenzhen,RAF,RAFFLES,SHENZHEN,Chine,"3008 Zhongxin Rd, Nanshan, Shenzhen",518054,https://all.accor.com/hotel/A7Z7/index.fr.shtml,catalog_api,china,RAFFLES SHENZHEN,SHENZHEN,china,Chine,asia,missing
B7M7,B7M7,Mercure Shenzhen Nanshan,MER,MERCURE,SHENZHEN,Chine,"No 4 Houhai Road, Nanshan District",518000,https://all.accor.com/hotel/B7M7/index.fr.shtml,catalog_api,china,MERCURE SHENZHEN NANSHAN,SHENZHEN,china,Chine,asia,missing
C5X4,C5X4,BANYAN TREE ZHUHAI PHOENIX BAY,BAN,BANYAN TREE,ZHUHAI,Chine,"NO 9 QUANXING EAST ROAD, HI TECH ZONE, ZHUHAI",519000,https://all.accor.com/hotel/C5X4/index.fr.shtml,catalog_api,china,BANYAN TREE ZHUHAI PHOENIX BAY,ZHUHAI,china,Chine,asia,missing
B5Y7,B5Y7,Mercure Shenzhen Sports Center,MER,MERCURE,SHENZHEN,Chine,"No 3001 1 Hongling North Road, Futian District",518000,https://all.accor.com/hotel/B5Y7/index.fr.shtml,catalog_api,china,MERCURE SHENZHEN SPORTS CENTER,SHENZHEN,china,Chine,asia,missing
B2T1,B2T1,Angsana Zhuhai Phoenix Bay,ANG,ANGSANA,ZHUHAI,Chine,"No 9 Quanxing East Road, Hi Tech Zone Zhuhai City, Guangdong Province",519000,https://all.accor.com/hotel/B2T1/index.fr.shtml,catalog_api,china,ANGSANA ZHUHAI PHOENIX BAY,ZHUHAI,china,Chine,asia,missing
C0L5,C0L5,Ibis Styles Zhuhai Nanping Huafa,IBS,IBIS STYLES,ZHUHAI,Chine,"12 BOX Creative Park, Huanping Road, Nanping Town Zhuhai",519000,https://all.accor.com/hotel/C0L5/index.fr.shtml,catalog_api,china,IBIS STYLES ZHUHAI NANPING HUAFA,ZHUHAI,china,Chine,asia,missing
C1A6,C1A6,Mercure Zhuhai Xiangzhou Coast,MER,MERCURE,ZHUHAI,Chine,"No 99 Jida Road, Xiangzhou District",519015,https://all.accor.com/hotel/C1A6/index.fr.shtml,catalog_api,china,MERCURE ZHUHAI XIANGZHOU COAST,ZHUHAI,china,Chine,asia,missing
C4U8,C4U8,Homm Wenzhou Nanxijiang,HOM,HOM,WENZHOU,Chine,No2 Nanchen Village,325100,https://all.accor.com/hotel/C4U8/index.fr.shtml,catalog_api,china,HOMM WENZHOU NANXIJIANG,WENZHOU,china,Chine,asia,missing
C241,C241,Angsana Zhuhai Hengqin,ANG,ANGSANA,ZHUHAI,Chine,"No 288 Chonglou Road, Guangdong Macao in Depth, Cooperation Zone in Hengqin",519000,https://all.accor.com/hotel/C241/index.fr.shtml,catalog_api,china,ANGSANA ZHUHAI HENGQIN,ZHUHAI,china,Chine,asia,missing
C1Y8,C1Y8,Grand Mercure Shenyang Convention and Exhibition Center,MEI,GRAND MERCURE,SHENYANG,Chine,"89 Hongchun Road, Quartier Sujiatun",110101,https://all.accor.com/hotel/C1Y8/index.fr.shtml,catalog_api,china,GRAND MERCURE SHENYANG CONVENTION AND EXHIBITION CENTER,SHENYANG,china,Chine,asia,missing
C4W1,C4W1,Mercure Shenyang Railway Station Taiyuan Street,MER,MERCURE,SHENYANG,Chine,"No 36-2 Shengli South Street, Building C, Heping District",110059,https://all.accor.com/hotel/C4W1/index.fr.shtml,catalog_api,china,MERCURE SHENYANG RAILWAY STATION TAIYUAN STREET,SHENYANG,china,Chine,asia,missing
B102,B102,ibis Shenyang Railway Station,IBH,IBIS,SHENYANG,Chine,"No.12a No.4 Shengli South Street, Heping District, Shenyang City",110001,https://all.accor.com/hotel/B102/index.fr.shtml,catalog_api,china,IBIS SHENYANG RAILWAY STATION,SHENYANG,china,Chine,asia,missing
B1N6,B1N6,ibis Wenzhou Airport Avenue Hotel,IBH,IBIS,WENZHOU,Chine,"No. 5225, Airport Avenue",325011,https://all.accor.com/hotel/B1N6/index.fr.shtml,catalog_api,china,IBIS WENZHOU AIRPORT AVENUE HOTEL,WENZHOU,china,Chine,asia,missing
C4L9,C4L9,Mercure Shenyang Qingnian Street,MER,MERCURE,SHENYANG,Chine,"No 5 Wen an Road, Heping District, Shenyang",110004,https://all.accor.com/hotel/C4L9/index.fr.shtml,catalog_api,china,MERCURE SHENYANG QINGNIAN STREET,SHENYANG,china,Chine,asia,missing
B5W2,B5W2,Ibis Styles Wenzhou Wenchang Road Heart Workshop Hotel,IBS,IBIS STYLES,WENZHOU,Chine,"166 Wenchang Road, Longwan District, Wenzhou Ci",325000,https://all.accor.com/hotel/B5W2/index.fr.shtml,catalog_api,china,IBIS STYLES WENZHOU WENCHANG ROAD HEART WORKSHOP HOTEL,WENZHOU,china,Chine,asia,missing
C531,C531,Mercure Shenyang Qingnian Avenue TV Tower,MER,MERCURE,SHENYANG,Chine,"NO 56 Qingnian Avenue, Shenhe District",110014,https://all.accor.com/hotel/C531/index.fr.shtml,catalog_api,china,MERCURE SHENYANG QINGNIAN AVENUE TV TOWER,SHENYANG,china,Chine,asia,missing
B9L8,B9L8,Swissôtel Shenyang,SWI,SWISSÔTEL,SHENYANG,Chine,"No. 109 Qingnian Street, Shenhe District",110014,https://all.accor.com/hotel/B9L8/index.fr.shtml,catalog_api,china,SWISSOTEL SHENYANG,SHENYANG,china,Chine,asia,missing
A0B5,A0B5,ibis Wenzhou University Town,IBH,IBIS,WENZHOU,Chine,"Chuangrong Commercial Square, Qinye Road, Tea Mountain Street",325062,https://all.accor.com/hotel/A0B5/index.fr.shtml,catalog_api,china,IBIS WENZHOU UNIVERSITY TOWN,WENZHOU,china,Chine,asia,missing
B767,B767,Ibis Shenyang Huaiyuanmen Hotel,IBH,IBIS,SHENYANG,Chine,"118 Daxi Road Shenhe District, Shenyang City, N/ A SHENYANG China",110014,https://all.accor.com/hotel/B767/index.fr.shtml,catalog_api,china,IBIS SHENYANG HUAIYUANMEN HOTEL,SHENYANG,china,Chine,asia,missing
B1E7,B1E7,ibis Shenyang North Railway Station Hotel,IBH,IBIS,SHENYANG,Chine,"No. 205, Huigong Street, Shenhe District",110013,https://all.accor.com/hotel/B1E7/index.fr.shtml,catalog_api,china,IBIS SHENYANG NORTH RAILWAY STATION HOTEL,SHENYANG,china,Chine,asia,missing
C3Y7,C3Y7,Novotel Zhoushan Luting,NOV,NOVOTEL,ZHOUSHAN,Chine,"Renmin south Road No 68, Dinghai District, Dinghai",316000,https://all.accor.com/hotel/C3Y7/index.fr.shtml,catalog_api,china,NOVOTEL ZHOUSHAN LUTING,ZHOUSHAN,china,Chine,asia,missing
B905,B905,Pullman Taizhou Huahong (ouverture prochaine),PUL,PULLMAN,TAIZHOU,Chine,"NO 1001 FUQIANG ROAD, JIAZHI SUBDISTRICT, JIAOJIANG DISTRICT",317500,https://all.accor.com/hotel/B905/index.fr.shtml,catalog_api,china,PULLMAN TAIZHOU HUAHONG OUVERTURE PROCHAINE,TAIZHOU,china,Chine,asia,missing
B2E9,B2E9,ibis Styles Wenzhou international Airport Hotel,IBS,IBIS STYLES,WENZHOU,Chine,"No. 1787 Binhai Road, Hi-Tech Zone, Wenzhou City",325804,https://all.accor.com/hotel/B2E9/index.fr.shtml,catalog_api,china,IBIS STYLES WENZHOU INTERNATIONAL AIRPORT HOTEL,WENZHOU,china,Chine,asia,missing
B4E1,B4E1,Mercure Fuzhou Downtown,MER,MERCURE,FUZHOU,Chine,"No 9 WusiRoad, Quartier Gulou SanFanQiXiang, 宁德大厦",350001,https://all.accor.com/hotel/B4E1/index.fr.shtml,catalog_api,china,MERCURE FUZHOU DOWNTOWN,FUZHOU,china,Chine,asia,missing
B3E2,B3E2,Ibis Styles Fuzhou Wuyi Square Hotel,IBS,IBIS STYLES,FUZHOU,Chine,"No.71, Middle Wuyi Road, Taijiang District",350004,https://all.accor.com/hotel/B3E2/index.fr.shtml,catalog_api,china,IBIS STYLES FUZHOU WUYI SQUARE HOTEL,FUZHOU,china,Chine,asia,missing
B6F2,B6F2,ibis Styles Chaozhou Development Zone GuXiang Hotel,IBS,IBIS STYLES,CHAOZHOU,Chine,"Building 1, Jinhui Garden, Waihuan North Road",521021,https://all.accor.com/hotel/B6F2/index.fr.shtml,catalog_api,china,IBIS STYLES CHAOZHOU DEVELOPMENT ZONE GUXIANG HOTEL,CHAOZHOU,china,Chine,asia,missing
C6G2,C6G2,Swissôtel Zhoushan Yingguan,SWI,SWISSÔTEL,ZHOUSHAN,Chine,"Building B, Chengxi Zhichuang Business Center, No. 212, Banqiao Road, Shenjiamen Street, Putuo District",316000,https://all.accor.com/hotel/C6G2/index.fr.shtml,catalog_api,china,SWISSOTEL ZHOUSHAN YINGGUAN,ZHOUSHAN,china,Chine,asia,missing
C1C4,C1C4,Mercure Chaozhou Ancient City,MER,MERCURE,CHAOZHOU,Chine,"6 Fengyuan Road, Xiangqiao District",521000,https://all.accor.com/hotel/C1C4/index.fr.shtml,catalog_api,china,MERCURE CHAOZHOU ANCIENT CITY,CHAOZHOU,china,Chine,asia,missing
C564,C564,Angsana Zhoushan,ANG,ANGSANA,ZHOUSHAN,Chine,"No 135 Hailian North Road, Donggang Street, Putuo District",316100,https://all.accor.com/hotel/C564/index.fr.shtml,catalog_api,china,ANGSANA ZHOUSHAN,ZHOUSHAN,china,Chine,asia,missing
C4K8,C4K8,Pullman Zhoushan Seaside,PUL,PULLMAN,ZHOUSHAN,Chine,"711 Haizhou Road, Donggang Street",316100,https://all.accor.com/hotel/C4K8/index.fr.shtml,catalog_api,china,PULLMAN ZHOUSHAN SEASIDE,ZHOUSHAN,china,Chine,asia,missing
C3D9,C3D9,Aéroport Mercure Zhoushan Putuoshan,MER,MERCURE,ZHOUSHAN,Chine,"Zhongxin Road, Putuo District, Zhoushan",316100,https://all.accor.com/hotel/C3D9/index.fr.shtml,catalog_api,china,AEROPORT MERCURE ZHOUSHAN PUTUOSHAN,ZHOUSHAN,china,Chine,asia,missing
C388,C388,Mercure Xiamen Science City,MER,MERCURE,XIAMEN,Chine,"74-105 yungu Road, Tongan District, Xiamen",361100,https://all.accor.com/hotel/C388/index.fr.shtml,catalog_api,china,MERCURE XIAMEN SCIENCE CITY,XIAMEN,china,Chine,asia,missing
C1B0,C1B0,Novotel Xiamen Downtown,NOV,NOVOTEL,XIAMEN,Chine,"347 Hubin East Road, Siming District, Fujian Province",361010,https://all.accor.com/hotel/C1B0/index.fr.shtml,catalog_api,china,NOVOTEL XIAMEN DOWNTOWN,XIAMEN,china,Chine,asia,missing
B5F6,B5F6,Mercure Xiamen On the Bund,MER,MERCURE,XIAMEN,Chine,"No 96 Lujiang Avenue, Siming District",361000,https://all.accor.com/hotel/B5F6/index.fr.shtml,catalog_api,china,MERCURE XIAMEN ON THE BUND,XIAMEN,china,Chine,asia,missing
A472,A472,ibis Styles Xiamen Zhongshan Rd Walking Street Hotel,IBS,IBIS STYLES,XIAMEN,Chine,"No. 318, Zhongshan Rd.",361000,https://all.accor.com/hotel/A472/index.fr.shtml,catalog_api,china,IBIS STYLES XIAMEN ZHONGSHAN RD WALKING STREET HOTEL,XIAMEN,china,Chine,asia,missing
B2E4,B2E4,Grand Mercure Xiamen Downtown,MEI,GRAND MERCURE,XIAMEN,Chine,"128 Jiahe Rd, Siming District",361009,https://all.accor.com/hotel/B2E4/index.fr.shtml,catalog_api,china,GRAND MERCURE XIAMEN DOWNTOWN,XIAMEN,china,Chine,asia,missing
B8U0,B8U0,Mercure Shantou Railway Station,MER,MERCURE,SHANTOU,Chine,No 106 Changjiang Road,515000,https://all.accor.com/hotel/B8U0/index.fr.shtml,catalog_api,china,MERCURE SHANTOU RAILWAY STATION,SHANTOU,china,Chine,asia,missing
B953,B953,Fairmont Xiamen,FAI,FAIRMONT,XIAMEN,Chine,"No 325 Donghuang Road, Huli District",361016,https://all.accor.com/hotel/B953/index.fr.shtml,catalog_api,china,FAIRMONT XIAMEN,XIAMEN,china,Chine,asia,missing
C1N0,C1N0,Pullman Quanzhou Shuitou,PUL,PULLMAN,QUANZHOU,Chine,"No 599 Kuifeng Road, Shuitou Town, Nan'an City",362342,https://all.accor.com/hotel/C1N0/index.fr.shtml,catalog_api,china,PULLMAN QUANZHOU SHUITOU,QUANZHOU,china,Chine,asia,missing
A5Z8,A5Z8,Centre des expositions Mercure Xiamen,MER,MERCURE,XIAMEN,Chine,"No 299 West Lingdou Road, Qianpu Siming District",361009,https://all.accor.com/hotel/A5Z8/index.fr.shtml,catalog_api,china,CENTRE DES EXPOSITIONS MERCURE XIAMEN,XIAMEN,china,Chine,asia,missing
C4K1,C4K1,Novotel Xiamen International Convention Center,NOV,NOVOTEL,XIAMEN,Chine,"1 Kaohsiung Road, Siming District",361001,https://all.accor.com/hotel/C4K1/index.fr.shtml,catalog_api,china,NOVOTEL XIAMEN INTERNATIONAL CONVENTION CENTER,XIAMEN,china,Chine,asia,missing
C171,C171,Grand Hôtel Haikou (Géré par Accor),SAM,SAM,HAIKOU,Chine,256 BINHAI ROAD,570311,https://all.accor.com/hotel/C171/index.fr.shtml,catalog_api,china,GRAND HOTEL HAIKOU GERE PAR ACCOR,HAIKOU,china,Chine,asia,missing
C4S6,C4S6,Novotel Haikou West Coast,NOV,NOVOTEL,HAIKOU CITY HAINAN PROVINCE,Chine,"North Gate of Guangyuejintai, No 10 Changbin East Fourth St., Xiuying District",570300,https://all.accor.com/hotel/C4S6/index.fr.shtml,catalog_api,china,NOVOTEL HAIKOU WEST COAST,HAIKOU CITY HAINAN PROVINCE,china,Chine,asia,missing
B9I2,B9I2,Pullman Haikou,PUL,PULLMAN,HAIKOU,Chine,"No.21 Xiyuan Road, Xin Bu Island, Meilan District",570209,https://all.accor.com/hotel/B9I2/index.fr.shtml,catalog_api,china,PULLMAN HAIKOU,HAIKOU,china,Chine,asia,missing
A8G6,A8G6,Novotel Haikou Xinbudao,NOV,NOVOTEL,HAIKOU,Chine,"No 6 Henggou 2 Jie Xinbu St, Meilan District",570209,https://all.accor.com/hotel/A8G6/index.fr.shtml,catalog_api,china,NOVOTEL HAIKOU XINBUDAO,HAIKOU,china,Chine,asia,missing
B9B0,B9B0,Mercure Danzhou Yangpu Seaview,MER,MERCURE,DANZHOU,Chine,"No7 Jipu Road, Yangpu Economic District",571700,https://all.accor.com/hotel/B9B0/index.fr.shtml,catalog_api,china,MERCURE DANZHOU YANGPU SEAVIEW,DANZHOU,china,Chine,asia,missing
C2L4,C2L4,Mercure Haikou City Center,MER,MERCURE,HAIKOU,Chine,No 21 Jinlong Road,570100,https://all.accor.com/hotel/C2L4/index.fr.shtml,catalog_api,china,MERCURE HAIKOU CITY CENTER,HAIKOU,china,Chine,asia,missing
B312,B312,Ibis Haikou Injoy Plaza Hotel,IBH,IBIS,HAIKOU,Chine,"Building 15, Wuyue Square Apartment, Xincheng",571199,https://all.accor.com/hotel/B312/index.fr.shtml,catalog_api,china,IBIS HAIKOU INJOY PLAZA HOTEL,HAIKOU,china,Chine,asia,missing
C3Z3,C3Z3,Mercure Kuitun Duku Garden,MER,MERCURE,KUITUN,Chine,"No12 Tuanjie East Street, Kuitun City, Xinjiang",833200,https://all.accor.com/hotel/C3Z3/index.fr.shtml,catalog_api,china,MERCURE KUITUN DUKU GARDEN,KUITUN,china,Chine,asia,missing
B5Q5,B5Q5,Ibis Tonghua Binjiang West Road Hotel,IBH,IBIS,TONGHUA,Chine,"Yibi Tonghua Binjiang West Road, Dongchang District, Tonghua City",134001,https://all.accor.com/hotel/B5Q5/index.fr.shtml,catalog_api,china,IBIS TONGHUA BINJIANG WEST ROAD HOTEL,TONGHUA,china,Chine,asia,missing
B6B7,B6B7,Ibis Changchun FAW Group Hotel,IBH,IBIS,CHANGCHUN,Chine,"No. 30 Jincheng Street, Changchun Automobile Industrial",130011,https://all.accor.com/hotel/B6B7/index.fr.shtml,catalog_api,china,IBIS CHANGCHUN FAW GROUP HOTEL,CHANGCHUN,china,Chine,asia,missing
B567,B567,Ibis Changchun Jilin University Hotel,IBH,IBIS,CHANGCHUN,Chine,"No. 1449 Tongzhi Street, Chaoyang District, Changchun City",130000,https://all.accor.com/hotel/B567/index.fr.shtml,catalog_api,china,IBIS CHANGCHUN JILIN UNIVERSITY HOTEL,CHANGCHUN,china,Chine,asia,missing
B337,B337,Mercure Changchun Jingyue Xincheng,MER,MERCURE,CHANGCHUN,Chine,Wuzhou International Plaza,130000,https://all.accor.com/hotel/B337/index.fr.shtml,catalog_api,china,MERCURE CHANGCHUN JINGYUE XINCHENG,CHANGCHUN,china,Chine,asia,missing
B5K3,B5K3,MERCURE Changchun Hengxing,MER,MERCURE,CHANGCHUN,Chine,"251A Jiefang Road, Quanan Block, Nanguan District",130042,https://all.accor.com/hotel/B5K3/index.fr.shtml,catalog_api,china,MERCURE CHANGCHUN HENGXING,CHANGCHUN,china,Chine,asia,missing
C021,C021,Ibis Changchun Jiefang Road,IBH,IBIS,CHANGCHUN,Chine,"Room 1-1-S10, 21st Century Headquarters, Jiefang Road Nanguan District",130022,https://all.accor.com/hotel/C021/index.fr.shtml,catalog_api,china,IBIS CHANGCHUN JIEFANG ROAD,CHANGCHUN,china,Chine,asia,missing
B6M3,B6M3,Mercure Changchun Ziyou Road Dahua,MER,MERCURE,CHANGCHUN,Chine,"4487 Ziyou Avenue, ER DAO, Changchun China",130031,https://all.accor.com/hotel/B6M3/index.fr.shtml,catalog_api,china,MERCURE CHANGCHUN ZIYOU ROAD DAHUA,CHANGCHUN,china,Chine,asia,missing
B7T6,B7T6,Ibis Changchun SECC Hotel,IBH,IBIS,CHANGCHUN,Chine,"587 Shenzhen Street, Changchun",130031,https://all.accor.com/hotel/B7T6/index.fr.shtml,catalog_api,china,IBIS CHANGCHUN SECC HOTEL,CHANGCHUN,china,Chine,asia,missing
C414,C414,Homm Changchun Beihu,HOM,HOM,CHANGCHUN,Chine,"Gate NO 1, Beihu Park Hupan Street, Changchun New Area",130000,https://all.accor.com/hotel/C414/index.fr.shtml,catalog_api,china,HOMM CHANGCHUN BEIHU,CHANGCHUN,china,Chine,asia,missing
B3W3,B3W3,Novotel Changchun North (ouverture prochaine),NOV,NOVOTEL,CHANGCHUN,Chine,"No 2222 Shengbei Street, North Lake St Dev Dist",130102,https://all.accor.com/hotel/B3W3/index.fr.shtml,catalog_api,china,NOVOTEL CHANGCHUN NORTH OUVERTURE PROCHAINE,CHANGCHUN,china,Chine,asia,missing
C3G1,C3G1,Novotel Sanya Bay Yatai,NOV,NOVOTEL,SANYA,Chine,"No 219 Sanya Bay Road, Tianya District",572000,https://all.accor.com/hotel/C3G1/index.fr.shtml,catalog_api,china,NOVOTEL SANYA BAY YATAI,SANYA,china,Chine,asia,missing
C0G2,C0G2,Novotel Sanya Phoenix International Airport,NOV,NOVOTEL,SANYA,Chine,"Building 1, Sanyajun Yunhai Community, 8 Haiwan Road",572022,https://all.accor.com/hotel/C0G2/index.fr.shtml,catalog_api,china,NOVOTEL SANYA PHOENIX INTERNATIONAL AIRPORT,SANYA,china,Chine,asia,missing
A5D7,A5D7,Raffles Hainan Clear Water Bay,RAF,RAFFLES,HAINAN,Chine,"Clearwater Bay Avenue, Yingzhou Town, Lingshui County",572427,https://all.accor.com/hotel/A5D7/index.fr.shtml,catalog_api,china,RAFFLES HAINAN CLEAR WATER BAY,HAINAN,china,Chine,asia,missing
B851,B851,Fairmont Sanya Haitang Bay,FAI,FAIRMONT,SANYA,Chine,"N° 10 Haitang North Road, Quartier de Haitang Bay",572013,https://all.accor.com/hotel/B851/index.fr.shtml,catalog_api,china,FAIRMONT SANYA HAITANG BAY,SANYA,china,Chine,asia,missing
C3I2,C3I2,Mercure Sanya One,MER,MERCURE,SANYA,Chine,"Jiefang3rd Road No 8, Tianya District, Sanya",572000,https://all.accor.com/hotel/C3I2/index.fr.shtml,catalog_api,china,MERCURE SANYA ONE,SANYA,china,Chine,asia,missing
B1U1,B1U1,Banyan Tree Sanya,BAN,BANYAN TREE,SANYA,Chine,Luling Road No 6,572000,https://all.accor.com/hotel/B1U1/index.fr.shtml,catalog_api,china,BANYAN TREE SANYA,SANYA,china,Chine,asia,missing
C0Y0,C0Y0,Ibis Baishan Wanda Plaza,IBH,IBIS,BAISHAN,Chine,"168-2 Hunjiang Street, Baishan City, Jilin Province",133000,https://all.accor.com/hotel/C0Y0/index.fr.shtml,catalog_api,china,IBIS BAISHAN WANDA PLAZA,BAISHAN,china,Chine,asia,missing
C306,C306,Grand Mercure Sanya Yalong Bay,MEI,GRAND MERCURE,SANYA,Chine,No 112 Yalong Bay Road,572000,https://all.accor.com/hotel/C306/index.fr.shtml,catalog_api,china,GRAND MERCURE SANYA YALONG BAY,SANYA,china,Chine,asia,missing
C305,C305,Swissôtel Sanya Yalong Bay,SWI,SWISSÔTEL,SANYA,Chine,No 112 Yalong Bay Road,572000,https://all.accor.com/hotel/C305/index.fr.shtml,catalog_api,china,SWISSOTEL SANYA YALONG BAY,SANYA,china,Chine,asia,missing
C3Y1,C3Y1,Beida Lake Hotel Jilin - MGallery Collection (Opening Soon),MGA,MGALLERY,JILIN,Chine,"No. 3 West Third Road, Beida Lake Ski Resort, Yongji County",132224,https://all.accor.com/hotel/C3Y1/index.fr.shtml,catalog_api,china,BEIDA LAKE HOTEL JILIN MGALLERY COLLECTION OPENING SOON,JILIN,china,Chine,asia,missing
B594,B594,Ibis Jilin Beishan Park Hotel,IBH,IBIS,JILIN,Chine,"45 North Street, Chuanying City, Jilin City",132011,https://all.accor.com/hotel/B594/index.fr.shtml,catalog_api,china,IBIS JILIN BEISHAN PARK HOTEL,JILIN,china,Chine,asia,missing
B6W8,B6W8,Swissôtel Resort Changbaishan,SWI,SWISSÔTEL,BAISHAN,Chine,"Shengdi Road, Luneng Resort, Manjiang Town Fusong",134504,https://all.accor.com/hotel/B6W8/index.fr.shtml,catalog_api,china,SWISSOTEL RESORT CHANGBAISHAN,BAISHAN,china,Chine,asia,missing
B6X0,B6X0,The View Hotel Changbai Mountain - MGallery Collection,MGA,MGALLERY,BAISHAN,Chine,"Shengdi Road, Luneng Resort, Manjiang Town Fusong",134504,https://all.accor.com/hotel/B6X0/index.fr.shtml,catalog_api,china,THE VIEW HOTEL CHANGBAI MOUNTAIN MGALLERY COLLECTION,BAISHAN,china,Chine,asia,missing
B2P1,B2P1,Mercure Harbin Songbei,MER,MERCURE,HARBIN,Chine,"No999 Keji Second Street, Songbei District",B2P1,https://all.accor.com/hotel/B2P1/index.fr.shtml,catalog_api,china,MERCURE HARBIN SONGBEI,HARBIN,china,Chine,asia,missing
B257,B257,Ibis Harbin Songbei Wanda,IBH,IBIS,HARBIN,Chine,"Building 8, No.1111, 2nd Science And Tech St",150028,https://all.accor.com/hotel/B257/index.fr.shtml,catalog_api,china,IBIS HARBIN SONGBEI WANDA,HARBIN,china,Chine,asia,missing
C1I9,C1I9,GRAND MERCURE HARBIN DOWNTOWN,MEI,GRAND MERCURE,HARBIN,Chine,NO 334 Chengxiang Road,150070,https://all.accor.com/hotel/C1I9/index.fr.shtml,catalog_api,china,GRAND MERCURE HARBIN DOWNTOWN,HARBIN,china,Chine,asia,missing
C0G1,C0G1,Mercure Hotan Downtown,MER,MERCURE,HOTAN,Chine,No 71 Yingbin Road,848000,https://all.accor.com/hotel/C0G1/index.fr.shtml,catalog_api,china,MERCURE HOTAN DOWNTOWN,HOTAN,china,Chine,asia,missing
B702,B702,Mercure Harbin West Railway Station,MER,MERCURE,HARBIN,Chine,"263 Nan Xing Street, Nangang District",150088,https://all.accor.com/hotel/B702/index.fr.shtml,catalog_api,china,MERCURE HARBIN WEST RAILWAY STATION,HARBIN,china,Chine,asia,missing
B5P4,B5P4,Ibis Harbin West Railway Station Wanda plaza hotel,IBH,IBIS,HARBIN,Chine,"No.1 Xining North Road, Nangang District, Harbin",150000,https://all.accor.com/hotel/B5P4/index.fr.shtml,catalog_api,china,IBIS HARBIN WEST RAILWAY STATION WANDA PLAZA HOTEL,HARBIN,china,Chine,asia,missing
B2A6,B2A6,ibis Harbin Normal University Hotel,IBH,IBIS,HARBIN,Chine,"No.37, Linxing Street, Nangang District",150080,https://all.accor.com/hotel/B2A6/index.fr.shtml,catalog_api,china,IBIS HARBIN NORMAL UNIVERSITY HOTEL,HARBIN,china,Chine,asia,missing
B5S1,B5S1,Ibis Harbin Xinyang Road Hotel,IBH,IBIS,HARBIN,Chine,"143 Xinyang Road, Daoli District, Harbin",150016,https://all.accor.com/hotel/B5S1/index.fr.shtml,catalog_api,china,IBIS HARBIN XINYANG ROAD HOTEL,HARBIN,china,Chine,asia,missing
B7N1,B7N1,Mercure Harbin Institute Of Technology,MER,MERCURE,HARBIN,Chine,"No 81 Hexing Road, Xiangfang District",150040,https://all.accor.com/hotel/B7N1/index.fr.shtml,catalog_api,china,MERCURE HARBIN INSTITUTE OF TECHNOLOGY,HARBIN,china,Chine,asia,missing
C0L3,C0L3,Ibis Harbin Airport Bus Stop,IBH,IBIS,HARBIN,Chine,"No. 41, Jingwei Erdao Street, Daoli District Harbin",150000,https://all.accor.com/hotel/C0L3/index.fr.shtml,catalog_api,china,IBIS HARBIN AIRPORT BUS STOP,HARBIN,china,Chine,asia,missing
B4S1,B4S1,Mercure Harbin Central Street Sophia Church,MER,MERCURE,HARBIN,Chine,"No 92 Zhaolin Road, Daoli District",150010,https://all.accor.com/hotel/B4S1/index.fr.shtml,catalog_api,china,MERCURE HARBIN CENTRAL STREET SOPHIA CHURCH,HARBIN,china,Chine,asia,missing
C568,C568,Novotel Harbin Zhongyang Street,NOV,NOVOTEL,HARBIN,Chine,"57 rue Zhaolin, Quartier Daoli, Harbin",150010,https://all.accor.com/hotel/C568/index.fr.shtml,catalog_api,china,NOVOTEL HARBIN ZHONGYANG STREET,HARBIN,china,Chine,asia,missing
B4E6,B4E6,Ibis Harbin Museum,IBH,IBIS,HARBIN,Chine,"No.190 Majia Street, Nangang District, Harbin",150001,https://all.accor.com/hotel/B4E6/index.fr.shtml,catalog_api,china,IBIS HARBIN MUSEUM,HARBIN,china,Chine,asia,missing
B3E1,B3E1,Ibis Harbin Hongqi Street Hotel,IBH,IBIS,HARBIN,Chine,"No.139 Hongqi Street, Xiangfang District, Harbin",150036,https://all.accor.com/hotel/B3E1/index.fr.shtml,catalog_api,china,IBIS HARBIN HONGQI STREET HOTEL,HARBIN,china,Chine,asia,missing
C300,C300,Mercure Changbai Mountain North,MER,MERCURE,YANJI,Chine,"Building 14 Meirensong Road, Chibei District",133613,https://all.accor.com/hotel/C300/index.fr.shtml,catalog_api,china,MERCURE CHANGBAI MOUNTAIN NORTH,YANJI,china,Chine,asia,missing
B642,B642,Hôtel IBIS Yanji Renmin Road,IBH,IBIS,YANJI,Chine,"1005, 130 Shenhua Street, Yanji City",133000,https://all.accor.com/hotel/B642/index.fr.shtml,catalog_api,china,HOTEL IBIS YANJI RENMIN ROAD,YANJI,china,Chine,asia,missing
B9N7,B9N7,Mercure Kashgar Downtown,MER,MERCURE,KASHGAR,Chine,"278 Xincheng South Road, Xincheng South Road, Kashgar Prefecure",844000,https://all.accor.com/hotel/B9N7/index.fr.shtml,catalog_api,china,MERCURE KASHGAR DOWNTOWN,KASHGAR,china,Chine,asia,missing
C4W0,C4W0,Mercure Kashgar Exhibition Center,MER,MERCURE,KASHGAR,Chine,"No 21 Century Avenue, Guangming Building, Kashgar",844000,https://all.accor.com/hotel/C4W0/index.fr.shtml,catalog_api,china,MERCURE KASHGAR EXHIBITION CENTER,KASHGAR,china,Chine,asia,missing
B9A9,B9A9,Mercure Kashgar Ancient City,MER,MERCURE,KASHGAR,Chine,"272 East Renmin Road, Qiasa Street, Kashgar City",844000,https://all.accor.com/hotel/B9A9/index.fr.shtml,catalog_api,china,MERCURE KASHGAR ANCIENT CITY,KASHGAR,china,Chine,asia,missing
