nom_hotel,annee,mois,nombre_ventes,montant_ventes,nombre_paniers,nombre_produits,nombre_categories_mois_f_b,nombre_categories_mois_n_f_b,pct_categories_mois_f_b,pct_categories_mois_n_f_b,nombre_mois,premier_mois,dernier_mois,mois_actifs,mois_manquants,cat_f_b_nombre_ventes,cat_nan_nombre_ventes,cat_n_f_b_nombre_ventes,cat_f_b_montant_ventes,cat_nan_montant_ventes,cat_n_f_b_montant_ventes,cat_f_b_nombre_paniers,cat_nan_nombre_paniers,cat_n_f_b_nombre_paniers,cat_f_b_nombre_produits,cat_nan_nombre_produits,cat_n_f_b_nombre_produits,sous_cat_ref_nombre_ventes,sous_cat_accessoires_nombre_ventes,sous_cat_alcool_nombre_ventes,sous_cat_cosmetique_nombre_ventes,sous_cat_food_salee_nombre_ventes,sous_cat_food_sucree_nombre_ventes,sous_cat_jeux_enfants_nombre_ventes,sous_cat_pap_nombre_ventes,sous_cat_sans_alcool_nombre_ventes,sous_cat_sos_nombre_ventes,sous_cat_souvenirs_nombre_ventes,sous_cat_ref_montant_ventes,sous_cat_accessoires_montant_ventes,sous_cat_alcool_montant_ventes,sous_cat_cosmetique_montant_ventes,sous_cat_food_salee_montant_ventes,sous_cat_food_sucree_montant_ventes,sous_cat_jeux_enfants_montant_ventes,sous_cat_pap_montant_ventes,sous_cat_sans_alcool_montant_ventes,sous_cat_sos_montant_ventes,sous_cat_souvenirs_montant_ventes,sous_cat_ref_nombre_paniers,sous_cat_accessoires_nombre_paniers,sous_cat_alcool_nombre_paniers,sous_cat_cosmetique_nombre_paniers,sous_cat_food_salee_nombre_paniers,sous_cat_food_sucree_nombre_paniers,sous_cat_jeux_enfants_nombre_paniers,sous_cat_pap_nombre_paniers,sous_cat_sans_alcool_nombre_paniers,sous_cat_sos_nombre_paniers,sous_cat_souvenirs_nombre_paniers,sous_cat_ref_nombre_produits,sous_cat_accessoires_nombre_produits,sous_cat_alcool_nombre_produits,sous_cat_cosmetique_nombre_produits,sous_cat_food_salee_nombre_produits,sous_cat_food_sucree_nombre_produits,sous_cat_jeux_enfants_nombre_produits,sous_cat_pap_nombre_produits,sous_cat_sans_alcool_nombre_produits,sous_cat_sos_nombre_produits,sous_cat_souvenirs_nombre_produits,pct_cat_f_b_nombre_ventes,pct_cat_n_f_b_nombre_ventes,pct_cat_f_b_montant_ventes,pct_cat_n_f_b_montant_ventes,pct_cat_f_b_nombre_paniers,pct_cat_n_f_b_nombre_paniers,pct_cat_f_b_nombre_produits,pct_cat_n_f_b_nombre_produits,pct_sous_cat_ref_nombre_ventes,pct_sous_cat_accessoires_nombre_ventes,pct_sous_cat_alcool_nombre_ventes,pct_sous_cat_cosmetique_nombre_ventes,pct_sous_cat_food_salee_nombre_ventes,pct_sous_cat_food_sucree_nombre_ventes,pct_sous_cat_jeux_enfants_nombre_ventes,pct_sous_cat_pap_nombre_ventes,pct_sous_cat_sans_alcool_nombre_ventes,pct_sous_cat_sos_nombre_ventes,pct_sous_cat_souvenirs_nombre_ventes,pct_sous_cat_ref_montant_ventes,pct_sous_cat_accessoires_montant_ventes,pct_sous_cat_alcool_montant_ventes,pct_sous_cat_cosmetique_montant_ventes,pct_sous_cat_food_salee_montant_ventes,pct_sous_cat_food_sucree_montant_ventes,pct_sous_cat_jeux_enfants_montant_ventes,pct_sous_cat_pap_montant_ventes,pct_sous_cat_sans_alcool_montant_ventes,pct_sous_cat_sos_montant_ventes,pct_sous_cat_souvenirs_montant_ventes,pct_sous_cat_ref_nombre_paniers,pct_sous_cat_accessoires_nombre_paniers,pct_sous_cat_alcool_nombre_paniers,pct_sous_cat_cosmetique_nombre_paniers,pct_sous_cat_food_salee_nombre_paniers,pct_sous_cat_food_sucree_nombre_paniers,pct_sous_cat_jeux_enfants_nombre_paniers,pct_sous_cat_pap_nombre_paniers,pct_sous_cat_sans_alcool_nombre_paniers,pct_sous_cat_sos_nombre_paniers,pct_sous_cat_souvenirs_nombre_paniers,pct_sous_cat_ref_nombre_produits,pct_sous_cat_accessoires_nombre_produits,pct_sous_cat_alcool_nombre_produits,pct_sous_cat_cosmetique_nombre_produits,pct_sous_cat_food_salee_nombre_produits,pct_sous_cat_food_sucree_nombre_produits,pct_sous_cat_jeux_enfants_nombre_produits,pct_sous_cat_pap_nombre_produits,pct_sous_cat_sans_alcool_nombre_produits,pct_sous_cat_sos_nombre_produits,pct_sous_cat_souvenirs_nombre_produits,heure_0_nombre_ventes,heure_1_nombre_ventes,heure_2_nombre_ventes,heure_3_nombre_ventes,heure_4_nombre_ventes,heure_5_nombre_ventes,heure_6_nombre_ventes,heure_7_nombre_ventes,heure_8_nombre_ventes,heure_9_nombre_ventes,heure_10_nombre_ventes,heure_11_nombre_ventes,heure_12_nombre_ventes,heure_13_nombre_ventes,heure_14_nombre_ventes,heure_15_nombre_ventes,heure_16_nombre_ventes,heure_17_nombre_ventes,heure_18_nombre_ventes,heure_19_nombre_ventes,heure_20_nombre_ventes,heure_21_nombre_ventes,heure_22_nombre_ventes,heure_23_nombre_ventes,heure_0_montant_ventes,heure_1_montant_ventes,heure_2_montant_ventes,heure_3_montant_ventes,heure_4_montant_ventes,heure_5_montant_ventes,heure_6_montant_ventes,heure_7_montant_ventes,heure_8_montant_ventes,heure_9_montant_ventes,heure_10_montant_ventes,heure_11_montant_ventes,heure_12_montant_ventes,heure_13_montant_ventes,heure_14_montant_ventes,heure_15_montant_ventes,heure_16_montant_ventes,heure_17_montant_ventes,heure_18_montant_ventes,heure_19_montant_ventes,heure_20_montant_ventes,heure_21_montant_ventes,heure_22_montant_ventes,heure_23_montant_ventes,heure_0_nombre_paniers,heure_1_nombre_paniers,heure_2_nombre_paniers,heure_3_nombre_paniers,heure_4_nombre_paniers,heure_5_nombre_paniers,heure_6_nombre_paniers,heure_7_nombre_paniers,heure_8_nombre_paniers,heure_9_nombre_paniers,heure_10_nombre_paniers,heure_11_nombre_paniers,heure_12_nombre_paniers,heure_13_nombre_paniers,heure_14_nombre_paniers,heure_15_nombre_paniers,heure_16_nombre_paniers,heure_17_nombre_paniers,heure_18_nombre_paniers,heure_19_nombre_paniers,heure_20_nombre_paniers,heure_21_nombre_paniers,heure_22_nombre_paniers,heure_23_nombre_paniers,heure_0_nombre_produits,heure_1_nombre_produits,heure_2_nombre_produits,heure_3_nombre_produits,heure_4_nombre_produits,heure_5_nombre_produits,heure_6_nombre_produits,heure_7_nombre_produits,heure_8_nombre_produits,heure_9_nombre_produits,heure_10_nombre_produits,heure_11_nombre_produits,heure_12_nombre_produits,heure_13_nombre_produits,heure_14_nombre_produits,heure_15_nombre_produits,heure_16_nombre_produits,heure_17_nombre_produits,heure_18_nombre_produits,heure_19_nombre_produits,heure_20_nombre_produits,heure_21_nombre_produits,heure_22_nombre_produits,heure_23_nombre_produits,weekend_0_nombre_ventes,weekend_1_nombre_ventes,weekend_0_montant_ventes,weekend_1_montant_ventes,weekend_0_nombre_paniers,weekend_1_nombre_paniers,weekend_0_nombre_produits,weekend_1_nombre_produits,hotel_code,zone_scolaire,departement,nb_jours_feries,nb_jours_vacances_scolaires,nb_jours_vacances_hors_feries,nb_jours_dans_mois,jours_feries,jours_vacances_scolaires,jours_vacances_hors_feries
Ibis budget Nice,2023,1,23.5,253.0,20.0,11.5,0.0,2.75,0.0,1.0,4,8,11,4,8,0.0,0.0,23.5,0.0,0.0,253.0,0.0,0.0,20.25,0.0,0.0,11.5,0.0,16.25,0.0,1.0,0.0,0.0,0.0,5.75,0.0,0.5,0.0,0.0,182.5,0.0,10.0,0.0,0.0,0.0,56.5,0.0,4.0,0.0,0.0,13.0,0.0,1.0,0.0,0.0,0.0,5.75,0.0,0.5,0.0,0.0,7.0,0.0,0.5,0.0,0.0,0.0,3.5,0.0,0.5,0.0,0.0,1.0,0.0,1.0,0.0,1.0,0.0,1.0,0.0,0.6914893617021277,0.0,0.0425531914893617,0.0,0.0,0.0,0.24468085106382978,0.0,0.02127659574468085,0.0,0.0,0.7213438735177866,0.0,0.039525691699604744,0.0,0.0,0.0,0.22332015810276679,0.0,0.015810276679841896,0.0,0.0,0.6419753086419753,0.0,0.04938271604938271,0.0,0.0,0.0,0.2839506172839506,0.0,0.024691358024691357,0.0,0.0,0.6086956521739131,0.0,0.043478260869565216,0.0,0.0,0.0,0.30434782608695654,0.0,0.043478260869565216,0.0,0.0,0.0,0.0,0.0,0.0,0.0,0.0,0.0,0.0,0.5,1.5,2.5,3.5,2.25,1.75,1.75,2.0,2.5,3.5,1.0,0.5,0.25,0.0,0.0,0.0,0.0,0.0,0.0,0.0,0.0,0.0,0.0,0.0,6.5,22.5,24.75,35.0,23.0,16.0,20.75,29.25,26.0,30.0,9.75,6.25,3.25,0.0,0.0,0.0,0.0,0.0,0.0,0.0,0.0,0.0,0.0,0.0,0.25,1.25,2.25,3.5,2.0,1.5,1.75,1.25,2.25,2.5,1.0,0.5,0.25,0.0,0.0,0.0,0.0,0.0,0.0,0.0,0.0,0.0,0.0,0.0,0.25,1.5,2.25,3.25,2.25,1.75,1.5,1.25,2.25,2.75,1.0,0.5,0.25,0.0,0.0,15.0,8.5,160.75,92.25,12.25,8.0,9.25,6.25,H2075,,,,,,,[],[],[]
Ibis budget Nice,2023,2,23.5,253.0,20.0,11.5,0.0,2.75,0.0,1.0,4,8,11,4,8,0.0,0.0,23.5,0.0,0.0,253.0,0.0,0.0,20.25,0.0,0.0,11.5,0.0,16.25,0.0,1.0,0.0,0.0,0.0,5.75,0.0,0.5,0.0,0.0,182.5,0.0,10.0,0.0,0.0,0.0,56.5,0.0,4.0,0.0,0.0,13.0,0.0,1.0,0.0,0.0,0.0,5.75,0.0,0.5,0.0,0.0,7.0,0.0,0.5,0.0,0.0,0.0,3.5,0.0,0.5,0.0,0.0,1.0,0.0,1.0,0.0,1.0,0.0,1.0,0.0,0.6914893617021277,0.0,0.0425531914893617,0.0,0.0,0.0,0.24468085106382978,0.0,0.02127659574468085,0.0,0.0,0.7213438735177866,0.0,0.039525691699604744,0.0,0.0,0.0,0.22332015810276679,0.0,0.015810276679841896,0.0,0.0,0.6419753086419753,0.0,0.04938271604938271,0.0,0.0,0.0,0.2839506172839506,0.0,0.024691358024691357,0.0,0.0,0.6086956521739131,0.0,0.043478260869565216,0.0,0.0,0.0,0.30434782608695654,0.0,0.043478260869565216,0.0,0.0,0.0,0.0,0.0,0.0,0.0,0.0,0.0,0.0,0.5,1.5,2.5,3.5,2.25,1.75,1.75,2.0,2.5,3.5,1.0,0.5,0.25,0.0,0.0,0.0,0.0,0.0,0.0,0.0,0.0,0.0,0.0,0.0,6.5,22.5,24.75,35.0,23.0,16.0,20.75,29.25,26.0,30.0,9.75,6.25,3.25,0.0,0.0,0.0,0.0,0.0,0.0,0.0,0.0,0.0,0.0,0.0,0.25,1.25,2.25,3.5,2.0,1.5,1.75,1.25,2.25,2.5,1.0,0.5,0.25,0.0,0.0,0.0,0.0,0.0,0.0,0.0,0.0,0.0,0.0,0.0,0.25,1.5,2.25,3.25,2.25,1.75,1.5,1.25,2.25,2.75,1.0,0.5,0.25,0.0,0.0,15.0,8.5,160.75,92.25,12.25,8.0,9.25,6.25,H2075,,,,,,,[],[],[]
Ibis budget Nice,2023,3,23.5,253.0,20.0,11.5,0.0,2.75,0.0,1.0,4,8,11,4,8,0.0,0.0,23.5,0.0,0.0,253.0,0.0,0.0,20.25,0.0,0.0,11.5,0.0,16.25,0.0,1.0,0.0,0.0,0.0,5.75,0.0,0.5,0.0,0.0,182.5,0.0,10.0,0.0,0.0,0.0,56.5,0.0,4.0,0.0,0.0,13.0,0.0,1.0,0.0,0.0,0.0,5.75,0.0,0.5,0.0,0.0,7.0,0.0,0.5,0.0,0.0,0.0,3.5,0.0,0.5,0.0,0.0,1.0,0.0,1.0,0.0,1.0,0.0,1.0,0.0,0.6914893617021277,0.0,0.0425531914893617,0.0,0.0,0.0,0.24468085106382978,0.0,0.02127659574468085,0.0,0.0,0.7213438735177866,0.0,0.039525691699604744,0.0,0.0,0.0,0.22332015810276679,0.0,0.015810276679841896,0.0,0.0,0.6419753086419753,0.0,0.04938271604938271,0.0,0.0,0.0,0.2839506172839506,0.0,0.024691358024691357,0.0,0.0,0.6086956521739131,0.0,0.043478260869565216,0.0,0.0,0.0,0.30434782608695654,0.0,0.043478260869565216,0.0,0.0,0.0,0.0,0.0,0.0,0.0,0.0,0.0,0.0,0.5,1.5,2.5,3.5,2.25,1.75,1.75,2.0,2.5,3.5,1.0,0.5,0.25,0.0,0.0,0.0,0.0,0.0,0.0,0.0,0.0,0.0,0.0,0.0,6.5,22.5,24.75,35.0,23.0,16.0,20.75,29.25,26.0,30.0,9.75,6.25,3.25,0.0,0.0,0.0,0.0,0.0,0.0,0.0,0.0,0.0,0.0,0.0,0.25,1.25,2.25,3.5,2.0,1.5,1.75,1.25,2.25,2.5,1.0,0.5,0.25,0.0,0.0,0.0,0.0,0.0,0.0,0.0,0.0,0.0,0.0,0.0,0.25,1.5,2.25,3.25,2.25,1.75,1.5,1.25,2.25,2.75,1.0,0.5,0.25,0.0,0.0,15.0,8.5,160.75,92.25,12.25,8.0,9.25,6.25,H2075,,,,,,,[],[],[]
Ibis budget Nice,2023,4,23.5,253.0,20.0,11.5,0.0,2.75,0.0,1.0,4,8,11,4,8,0.0,0.0,23.5,0.0,0.0,253.0,0.0,0.0,20.25,0.0,0.0,11.5,0.0,16.25,0.0,1.0,0.0,0.0,0.0,5.75,0.0,0.5,0.0,0.0,182.5,0.0,10.0,0.0,0.0,0.0,56.5,0.0,4.0,0.0,0.0,13.0,0.0,1.0,0.0,0.0,0.0,5.75,0.0,0.5,0.0,0.0,7.0,0.0,0.5,0.0,0.0,0.0,3.5,0.0,0.5,0.0,0.0,1.0,0.0,1.0,0.0,1.0,0.0,1.0,0.0,0.6914893617021277,0.0,0.0425531914893617,0.0,0.0,0.0,0.24468085106382978,0.0,0.02127659574468085,0.0,0.0,0.7213438735177866,0.0,0.039525691699604744,0.0,0.0,0.0,0.22332015810276679,0.0,0.015810276679841896,0.0,0.0,0.6419753086419753,0.0,0.04938271604938271,0.0,0.0,0.0,0.2839506172839506,0.0,0.024691358024691357,0.0,0.0,0.6086956521739131,0.0,0.043478260869565216,0.0,0.0,0.0,0.30434782608695654,0.0,0.043478260869565216,0.0,0.0,0.0,0.0,0.0,0.0,0.0,0.0,0.0,0.0,0.5,1.5,2.5,3.5,2.25,1.75,1.75,2.0,2.5,3.5,1.0,0.5,0.25,0.0,0.0,0.0,0.0,0.0,0.0,0.0,0.0,0.0,0.0,0.0,6.5,22.5,24.75,35.0,23.0,16.0,20.75,29.25,26.0,30.0,9.75,6.25,3.25,0.0,0.0,0.0,0.0,0.0,0.0,0.0,0.0,0.0,0.0,0.0,0.25,1.25,2.25,3.5,2.0,1.5,1.75,1.25,2.25,2.5,1.0,0.5,0.25,0.0,0.0,0.0,0.0,0.0,0.0,0.0,0.0,0.0,0.0,0.0,0.25,1.5,2.25,3.25,2.25,1.75,1.5,1.25,2.25,2.75,1.0,0.5,0.25,0.0,0.0,15.0,8.5,160.75,92.25,12.25,8.0,9.25,6.25,H2075,,,,,,,[],[],[]
Ibis budget Nice,2023,5,23.5,253.0,20.0,11.5,0.0,2.75,0.0,1.0,4,8,11,4,8,0.0,0.0,23.5,0.0,0.0,253.0,0.0,0.0,20.25,0.0,0.0,11.5,0.0,16.25,0.0,1.0,0.0,0.0,0.0,5.75,0.0,0.5,0.0,0.0,182.5,0.0,10.0,0.0,0.0,0.0,56.5,0.0,4.0,0.0,0.0,13.0,0.0,1.0,0.0,0.0,0.0,5.75,0.0,0.5,0.0,0.0,7.0,0.0,0.5,0.0,0.0,0.0,3.5,0.0,0.5,0.0,0.0,1.0,0.0,1.0,0.0,1.0,0.0,1.0,0.0,0.6914893617021277,0.0,0.0425531914893617,0.0,0.0,0.0,0.24468085106382978,0.0,0.02127659574468085,0.0,0.0,0.7213438735177866,0.0,0.039525691699604744,0.0,0.0,0.0,0.22332015810276679,0.0,0.015810276679841896,0.0,0.0,0.6419753086419753,0.0,0.04938271604938271,0.0,0.0,0.0,0.2839506172839506,0.0,0.024691358024691357,0.0,0.0,0.6086956521739131,0.0,0.043478260869565216,0.0,0.0,0.0,0.30434782608695654,0.0,0.043478260869565216,0.0,0.0,0.0,0.0,0.0,0.0,0.0,0.0,0.0,0.0,0.5,1.5,2.5,3.5,2.25,1.75,1.75,2.0,2.5,3.5,1.0,0.5,0.25,0.0,0.0,0.0,0.0,0.0,0.0,0.0,0.0,0.0,0.0,0.0,6.5,22.5,24.75,35.0,23.0,16.0,20.75,29.25,26.0,30.0,9.75,6.25,3.25,0.0,0.0,0.0,0.0,0.0,0.0,0.0,0.0,0.0,0.0,0.0,0.25,1.25,2.25,3.5,2.0,1.5,1.75,1.25,2.25,2.5,1.0,0.5,0.25,0.0,0.0,0.0,0.0,0.0,0.0,0.0,0.0,0.0,0.0,0.0,0.25,1.5,2.25,3.25,2.25,1.75,1.5,1.25,2.25,2.75,1.0,0.5,0.25,0.0,0.0,15.0,8.5,160.75,92.25,12.25,8.0,9.25,6.25,H2075,,,,,,,[],[],[]
Ibis budget Nice,2023,6,23.5,253.0,20.0,11.5,0.0,2.75,0.0,1.0,4,8,11,4,8,0.0,0.0,23.5,0.0,0.0,253.0,0.0,0.0,20.25,0.0,0.0,11.5,0.0,16.25,0.0,1.0,0.0,0.0,0.0,5.75,0.0,0.5,0.0,0.0,182.5,0.0,10.0,0.0,0.0,0.0,56.5,0.0,4.0,0.0,0.0,13.0,0.0,1.0,0.0,0.0,0.0,5.75,0.0,0.5,0.0,0.0,7.0,0.0,0.5,0.0,0.0,0.0,3.5,0.0,0.5,0.0,0.0,1.0,0.0,1.0,0.0,1.0,0.0,1.0,0.0,0.6914893617021277,0.0,0.0425531914893617,0.0,0.0,0.0,0.24468085106382978,0.0,0.02127659574468085,0.0,0.0,0.7213438735177866,0.0,0.039525691699604744,0.0,0.0,0.0,0.22332015810276679,0.0,0.015810276679841896,0.0,0.0,0.6419753086419753,0.0,0.04938271604938271,0.0,0.0,0.0,0.2839506172839506,0.0,0.024691358024691357,0.0,0.0,0.6086956521739131,0.0,0.043478260869565216,0.0,0.0,0.0,0.30434782608695654,0.0,0.043478260869565216,0.0,0.0,0.0,0.0,0.0,0.0,0.0,0.0,0.0,0.0,0.5,1.5,2.5,3.5,2.25,1.75,1.75,2.0,2.5,3.5,1.0,0.5,0.25,0.0,0.0,0.0,0.0,0.0,0.0,0.0,0.0,0.0,0.0,0.0,6.5,22.5,24.75,35.0,23.0,16.0,20.75,29.25,26.0,30.0,9.75,6.25,3.25,0.0,0.0,0.0,0.0,0.0,0.0,0.0,0.0,0.0,0.0,0.0,0.25,1.25,2.25,3.5,2.0,1.5,1.75,1.25,2.25,2.5,1.0,0.5,0.25,0.0,0.0,0.0,0.0,0.0,0.0,0.0,0.0,0.0,0.0,0.0,0.25,1.5,2.25,3.25,2.25,1.75,1.5,1.25,2.25,2.75,1.0,0.5,0.25,0.0,0.0,15.0,8.5,160.75,92.25,12.25,8.0,9.25,6.25,H2075,,,,,,,[],[],[]
Ibis budget Nice,2023,7,23.5,253.0,20.0,11.5,0.0,2.75,0.0,1.0,4,8,11,4,8,0.0,0.0,23.5,0.0,0.0,253.0,0.0,0.0,20.25,0.0,0.0,11.5,0.0,16.25,0.0,1.0,0.0,0.0,0.0,5.75,0.0,0.5,0.0,0.0,182.5,0.0,10.0,0.0,0.0,0.0,56.5,0.0,4.0,0.0,0.0,13.0,0.0,1.0,0.0,0.0,0.0,5.75,0.0,0.5,0.0,0.0,7.0,0.0,0.5,0.0,0.0,0.0,3.5,0.0,0.5,0.0,0.0,1.0,0.0,1.0,0.0,1.0,0.0,1.0,0.0,0.6914893617021277,0.0,0.0425531914893617,0.0,0.0,0.0,0.24468085106382978,0.0,0.02127659574468085,0.0,0.0,0.7213438735177866,0.0,0.039525691699604744,0.0,0.0,0.0,0.22332015810276679,0.0,0.015810276679841896,0.0,0.0,0.6419753086419753,0.0,0.04938271604938271,0.0,0.0,0.0,0.2839506172839506,0.0,0.024691358024691357,0.0,0.0,0.6086956521739131,0.0,0.043478260869565216,0.0,0.0,0.0,0.30434782608695654,0.0,0.043478260869565216,0.0,0.0,0.0,0.0,0.0,0.0,0.0,0.0,0.0,0.0,0.5,1.5,2.5,3.5,2.25,1.75,1.75,2.0,2.5,3.5,1.0,0.5,0.25,0.0,0.0,0.0,0.0,0.0,0.0,0.0,0.0,0.0,0.0,0.0,6.5,22.5,24.75,35.0,23.0,16.0,20.75,29.25,26.0,30.0,9.75,6.25,3.25,0.0,0.0,0.0,0.0,0.0,0.0,0.0,0.0,0.0,0.0,0.0,0.25,1.25,2.25,3.5,2.0,1.5,1.75,1.25,2.25,2.5,1.0,0.5,0.25,0.0,0.0,0.0,0.0,0.0,0.0,0.0,0.0,0.0,0.0,0.0,0.25,1.5,2.25,3.25,2.25,1.75,1.5,1.25,2.25,2.75,1.0,0.5,0.25,0.0,0.0,15.0,8.5,160.75,92.25,12.25,8.0,9.25,6.25,H2075,,,,,,,[],[],[]
Ibis budget Nice,2023,8,41.0,475.0,33.0,18.0,0.0,4.0,0.0,1.0,4,8,11,4,8,0.0,0.0,41.0,0.0,0.0,475.0,0.0,0.0,34.0,0.0,0.0,18.0,0.0,32.0,0.0,1.0,0.0,0.0,0.0,7.0,0.0,1.0,0.0,0.0,383.0,0.0,10.0,0.0,0.0,0.0,74.0,0.0,8.0,0.0,0.0,25.0,0.0,1.0,0.0,0.0,0.0,7.0,0.0,1.0,0.0,0.0,11.0,0.0,1.0,0.0,0.0,0.0,5.0,0.0,1.0,0.0,0.0,1.0,0.0,1.0,0.0,1.0,0.0,1.0,0.0,0.7804878048780488,0.0,0.024390243902439025,0.0,0.0,0.0,0.17073170731707318,0.0,0.024390243902439025,0.0,0.0,0.8063157894736842,0.0,0.021052631578947368,0.0,0.0,0.0,0.15578947368421053,0.0,0.016842105263157894,0.0,0.0,0.7352941176470589,0.0,0.029411764705882353,0.0,0.0,0.0,0.20588235294117646,0.0,0.029411764705882353,0.0,0.0,0.6111111111111112,0.0,0.05555555555555555,0.0,0.0,0.0,0.2777777777777778,0.0,0.05555555555555555,0.0,0.0,0.0,0.0,0.0,0.0,0.0,0.0,0.0,0.0,0.0,3.0,3.0,7.0,2.0,1.0,2.0,5.0,5.0,9.0,2.0,1.0,1.0,0.0,0.0,0.0,0.0,0.0,0.0,0.0,0.0,0.0,0.0,0.0,0.0,59.0,25.0,79.0,23.0,12.0,28.0,62.0,63.0,77.0,21.0,13.0,13.0,0.0,0.0,0.0,0.0,0.0,0.0,0.0,0.0,0.0,0.0,0.0,0.0,2.0,3.0,7.0,2.0,1.0,2.0,3.0,4.0,6.0,2.0,1.0,1.0,0.0,0.0,0.0,0.0,0.0,0.0,0.0,0.0,0.0,0.0,0.0,0.0,3.0,3.0,6.0,2.0,1.0,2.0,3.0,4.0,7.0,2.0,1.0,1.0,0.0,0.0,29.0,12.0,335.0,140.0,23.0,11.0,18.0,7.0,H2075,,,,,,,[],[],[]
Ibis budget Nice,2023,9,30.0,322.0,27.0,16.0,0.0,4.0,0.0,1.0,4,8,11,4,8,0.0,0.0,30.0,0.0,0.0,322.0,0.0,0.0,27.0,0.0,0.0,16.0,0.0,16.0,0.0,3.0,0.0,0.0,0.0,10.0,0.0,1.0,0.0,0.0,186.0,0.0,30.0,0.0,0.0,0.0,98.0,0.0,8.0,0.0,0.0,13.0,0.0,3.0,0.0,0.0,0.0,10.0,0.0,1.0,0.0,0.0,9.0,0.0,1.0,0.0,0.0,0.0,5.0,0.0,1.0,0.0,0.0,1.0,0.0,1.0,0.0,1.0,0.0,1.0,0.0,0.5333333333333333,0.0,0.1,0.0,0.0,0.0,0.3333333333333333,0.0,0.03333333333333333,0.0,0.0,0.577639751552795,0.0,0.09316770186335403,0.0,0.0,0.0,0.30434782608695654,0.0,0.024844720496894408,0.0,0.0,0.48148148148148145,0.0,0.1111111111111111,0.0,0.0,0.0,0.37037037037037035,0.0,0.037037037037037035,0.0,0.0,0.5625,0.0,0.0625,0.0,0.0,0.0,0.3125,0.0,0.0625,0.0,0.0,0.0,0.0,0.0,0.0,0.0,0.0,0.0,0.0,0.0,2.0,3.0,3.0,6.0,4.0,4.0,3.0,4.0,1.0,0.0,0.0,0.0,0.0,0.0,0.0,0.0,0.0,0.0,0.0,0.0,0.0,0.0,0.0,0.0,22.0,37.0,25.0,56.0,40.0,46.0,55.0,32.0,9.0,0.0,0.0,0.0,0.0,0.0,0.0,0.0,0.0,0.0,0.0,0.0,0.0,0.0,0.0,0.0,2.0,3.0,3.0,5.0,3.0,4.0,2.0,4.0,1.0,0.0,0.0,0.0,0.0,0.0,0.0,0.0,0.0,0.0,0.0,0.0,0.0,0.0,0.0,0.0,2.0,3.0,3.0,6.0,4.0,3.0,2.0,4.0,1.0,0.0,0.0,0.0,0.0,0.0,17.0,13.0,178.0,144.0,15.0,12.0,11.0,11.0,H2075,,,,,,,[],[],[]
Ibis budget Nice,2023,10,22.0,206.0,19.0,11.0,0.0,2.0,0.0,1.0,4,8,11,4,8,0.0,0.0,22.0,0.0,0.0,206.0,0.0,0.0,19.0,0.0,0.0,11.0,0.0,17.0,0.0,0.0,0.0,0.0,0.0,5.0,0.0,0.0,0.0,0.0,161.0,0.0,0.0,0.0,0.0,0.0,45.0,0.0,0.0,0.0,0.0,14.0,0.0,0.0,0.0,0.0,0.0,5.0,0.0,0.0,0.0,0.0,8.0,0.0,0.0,0.0,0.0,0.0,3.0,0.0,0.0,0.0,0.0,1.0,0.0,1.0,0.0,1.0,0.0,1.0,0.0,0.7727272727272727,0.0,0.0,0.0,0.0,0.0,0.22727272727272727,0.0,0.0,0.0,0.0,0.7815533980582524,0.0,0.0,0.0,0.0,0.0,0.21844660194174756,0.0,0.0,0.0,0.0,0.7368421052631579,0.0,0.0,0.0,0.0,0.0,0.2631578947368421,0.0,0.0,0.0,0.0,0.7272727272727273,0.0,0.0,0.0,0.0,0.0,0.2727272727272727,0.0,0.0,0.0,0.0,0.0,0.0,0.0,0.0,0.0,0.0,0.0,0.0,2.0,0.0,4.0,4.0,1.0,2.0,1.0,0.0,1.0,4.0,2.0,1.0,0.0,0.0,0.0,0.0,0.0,0.0,0.0,0.0,0.0,0.0,0.0,0.0,26.0,0.0,37.0,36.0,13.0,12.0,9.0,0.0,9.0,34.0,18.0,12.0,0.0,0.0,0.0,0.0,0.0,0.0,0.0,0.0,0.0,0.0,0.0,0.0,1.0,0.0,3.0,4.0,1.0,2.0,1.0,0.0,1.0,3.0,2.0,1.0,0.0,0.0,0.0,0.0,0.0,0.0,0.0,0.0,0.0,0.0,0.0,0.0,1.0,0.0,3.0,4.0,1.0,2.0,1.0,0.0,1.0,3.0,2.0,1.0,0.0,0.0,0.0,13.0,9.0,121.0,85.0,10.0,9.0,7.0,7.0,H2075,,,,,,,[],[],[]
Ibis budget Nice,2023,11,1.0,9.0,1.0,1.0,0.0,1.0,0.0,1.0,4,8,11,4,8,0.0,0.0,1.0,0.0,0.0,9.0,0.0,0.0,1.0,0.0,0.0,1.0,0.0,0.0,0.0,0.0,0.0,0.0,0.0,1.0,0.0,0.0,0.0,0.0,0.0,0.0,0.0,0.0,0.0,0.0,9.0,0.0,0.0,0.0,0.0,0.0,0.0,0.0,0.0,0.0,0.0,1.0,0.0,0.0,0.0,0.0,0.0,0.0,0.0,0.0,0.0,0.0,1.0,0.0,0.0,0.0,0.0,1.0,0.0,1.0,0.0,1.0,0.0,1.0,0.0,0.0,0.0,0.0,0.0,0.0,0.0,1.0,0.0,0.0,0.0,0.0,0.0,0.0,0.0,0.0,0.0,0.0,1.0,0.0,0.0,0.0,0.0,0.0,0.0,0.0,0.0,0.0,0.0,1.0,0.0,0.0,0.0,0.0,0.0,0.0,0.0,0.0,0.0,0.0,1.0,0.0,0.0,0.0,0.0,0.0,0.0,0.0,0.0,0.0,0.0,0.0,0.0,0.0,1.0,0.0,0.0,0.0,0.0,0.0,0.0,0.0,0.0,0.0,0.0,0.0,0.0,0.0,0.0,0.0,0.0,0.0,0.0,0.0,0.0,0.0,0.0,0.0,9.0,0.0,0.0,0.0,0.0,0.0,0.0,0.0,0.0,0.0,0.0,0.0,0.0,0.0,0.0,0.0,0.0,0.0,0.0,0.0,0.0,0.0,0.0,0.0,1.0,0.0,0.0,0.0,0.0,0.0,0.0,0.0,0.0,0.0,0.0,0.0,0.0,0.0,0.0,0.0,0.0,0.0,0.0,0.0,0.0,0.0,0.0,0.0,1.0,0.0,0.0,0.0,0.0,0.0,0.0,0.0,0.0,0.0,0.0,0.0,0.0,0.0,1.0,0.0,9.0,0.0,1.0,0.0,1.0,0.0,H2075,,,,,,,[],[],[]
Ibis budget Nice,2023,12,23.5,253.0,20.0,11.5,0.0,2.75,0.0,1.0,4,8,11,4,8,0.0,0.0,23.5,0.0,0.0,253.0,0.0,0.0,20.25,0.0,0.0,11.5,0.0,16.25,0.0,1.0,0.0,0.0,0.0,5.75,0.0,0.5,0.0,0.0,182.5,0.0,10.0,0.0,0.0,0.0,56.5,0.0,4.0,0.0,0.0,13.0,0.0,1.0,0.0,0.0,0.0,5.75,0.0,0.5,0.0,0.0,7.0,0.0,0.5,0.0,0.0,0.0,3.5,0.0,0.5,0.0,0.0,1.0,0.0,1.0,0.0,1.0,0.0,1.0,0.0,0.6914893617021277,0.0,0.0425531914893617,0.0,0.0,0.0,0.24468085106382978,0.0,0.02127659574468085,0.0,0.0,0.7213438735177866,0.0,0.039525691699604744,0.0,0.0,0.0,0.22332015810276679,0.0,0.015810276679841896,0.0,0.0,0.6419753086419753,0.0,0.04938271604938271,0.0,0.0,0.0,0.2839506172839506,0.0,0.024691358024691357,0.0,0.0,0.6086956521739131,0.0,0.043478260869565216,0.0,0.0,0.0,0.30434782608695654,0.0,0.043478260869565216,0.0,0.0,0.0,0.0,0.0,0.0,0.0,0.0,0.0,0.0,0.5,1.5,2.5,3.5,2.25,1.75,1.75,2.0,2.5,3.5,1.0,0.5,0.25,0.0,0.0,0.0,0.0,0.0,0.0,0.0,0.0,0.0,0.0,0.0,6.5,22.5,24.75,35.0,23.0,16.0,20.75,29.25,26.0,30.0,9.75,6.25,3.25,0.0,0.0,0.0,0.0,0.0,0.0,0.0,0.0,0.0,0.0,0.0,0.25,1.25,2.25,3.5,2.0,1.5,1.75,1.25,2.25,2.5,1.0,0.5,0.25,0.0,0.0,0.0,0.0,0.0,0.0,0.0,0.0,0.0,0.0,0.0,0.25,1.5,2.25,3.25,2.25,1.75,1.5,1.25,2.25,2.75,1.0,0.5,0.25,0.0,0.0,15.0,8.5,160.75,92.25,12.25,8.0,9.25,6.25,H2075,,,,,,,[],[],[]
Ibis budget Nice,2024,1,169.0,535.6099999999999,109.7,27.6,1.9,2.9,0.3588095238095238,0.6411904761904762,10,3,12,10,2,152.0,0.0,17.0,352.84999999999997,0.0,182.76,105.3,0.0,15.5,16.5,0.0,11.1,0.0,11.1,0.0,0.9,10.6,7.3,0.7,3.6,134.1,0.7,0.0,0.0,115.96,0.0,8.9,24.7,13.45,12.6,36.5,314.7,8.8,0.0,0.0,10.0,0.0,0.9,9.0,5.7,0.7,3.3,90.6,0.6,0.0,0.0,7.0,0.0,0.6,2.6,2.4,0.3,2.8,11.5,0.4,0.0,0.8994082840236687,0.10059171597633136,0.6587815761468233,0.3412184238531768,0.8716887417218543,0.12831125827814568,0.5978260869565217,0.4021739130434782,0.0,0.6529411764705882,0.0,0.052941176470588235,0.06973684210526315,0.04802631578947368,0.041176470588235294,0.21176470588235294,0.8822368421052631,0.041176470588235294,0.0,0.0,0.6344933245786825,0.0,0.048697745677391116,0.07000141703273347,0.03811818052997024,0.06894287590282337,0.1997154738454804,0.8918804024372964,0.04815057999562268,0.0,0.0,0.6451612903225806,0.0,0.05806451612903226,0.08547008547008547,0.05413105413105414,0.04516129032258064,0.2129032258064516,0.8603988603988604,0.03870967741935484,0.0,0.0,0.6306306306306306,0.0,0.05405405405405406,0.1575757575757576,0.14545454545454545,0.02702702702702703,0.25225225225225223,0.696969696969697,0.036036036036036036,0.0,16.9,11.8,7.4,6.2,3.9,1.6,2.0,0.9,2.1,2.4,4.0,5.6,7.7,7.5,6.4,7.1,6.2,8.8,9.5,6.7,9.1,8.0,10.6,16.6,39.96,27.120000000000005,16.060000000000002,14.38,8.66,3.7700000000000005,4.76,2.34,5.29,7.540000000000002,18.33,36.06,38.64,31.449999999999996,28.759999999999998,27.320000000000004,24.92,36.010000000000005,28.830000000000002,21.81,26.490000000000002,21.63,26.020000000000003,39.46,11.5,7.0,4.4,3.6,2.3,1.2,1.2,0.5,1.8,2.0,2.9,4.9,6.3,5.4,5.2,5.2,4.8,6.5,7.1,5.0,7.0,5.4,8.7,10.9,6.8,4.9,2.7,2.6,1.7,1.2,1.1,0.8,1.1,1.9,2.7,3.6,5.3,4.6,4.2,4.2,4.6,6.1,5.8,4.0,5.9,4.9,6.5,8.0,115.1,53.9,367.38,168.23,83.4,37.4,24.4,16.5,H2075,B,06,1.0,7.0,6.0,31.0,"[""2024-01-01""]","[""2024-01-01"", ""2024-01-02"", ""2024-01-03"", ""2024-01-04"", ""2024-01-05"", ""2024-01-06"", ""2024-01-07""]","[""2024-01-02"", ""2024-01-03"", ""2024-01-04"", ""2024-01-05"", ""2024-01-06"", ""2024-01-07""]"
Ibis budget Nice,2024,2,169.0,535.6099999999999,109.7,27.6,1.9,2.9,0.3588095238095238,0.6411904761904762,10,3,12,10,2,152.0,0.0,17.0,352.84999999999997,0.0,182.76,105.3,0.0,15.5,16.5,0.0,11.1,0.0,11.1,0.0,0.9,10.6,7.3,0.7,3.6,134.1,0.7,0.0,0.0,115.96,0.0,8.9,24.7,13.45,12.6,36.5,314.7,8.8,0.0,0.0,10.0,0.0,0.9,9.0,5.7,0.7,3.3,90.6,0.6,0.0,0.0,7.0,0.0,0.6,2.6,2.4,0.3,2.8,11.5,0.4,0.0,0.8994082840236687,0.10059171597633136,0.6587815761468233,0.3412184238531768,0.8716887417218543,0.12831125827814568,0.5978260869565217,0.4021739130434782,0.0,0.6529411764705882,0.0,0.052941176470588235,0.06973684210526315,0.04802631578947368,0.041176470588235294,0.21176470588235294,0.8822368421052631,0.041176470588235294,0.0,0.0,0.6344933245786825,0.0,0.048697745677391116,0.07000141703273347,0.03811818052997024,0.06894287590282337,0.1997154738454804,0.8918804024372964,0.04815057999562268,0.0,0.0,0.6451612903225806,0.0,0.05806451612903226,0.08547008547008547,0.05413105413105414,0.04516129032258064,0.2129032258064516,0.8603988603988604,0.03870967741935484,0.0,0.0,0.6306306306306306,0.0,0.05405405405405406,0.1575757575757576,0.14545454545454545,0.02702702702702703,0.25225225225225223,0.696969696969697,0.036036036036036036,0.0,16.9,11.8,7.4,6.2,3.9,1.6,2.0,0.9,2.1,2.4,4.0,5.6,7.7,7.5,6.4,7.1,6.2,8.8,9.5,6.7,9.1,8.0,10.6,16.6,39.96,27.120000000000005,16.060000000000002,14.38,8.66,3.7700000000000005,4.76,2.34,5.29,7.540000000000002,18.33,36.06,38.64,31.449999999999996,28.759999999999998,27.320000000000004,24.92,36.010000000000005,28.830000000000002,21.81,26.490000000000002,21.63,26.020000000000003,39.46,11.5,7.0,4.4,3.6,2.3,1.2,1.2,0.5,1.8,2.0,2.9,4.9,6.3,5.4,5.2,5.2,4.8,6.5,7.1,5.0,7.0,5.4,8.7,10.9,6.8,4.9,2.7,2.6,1.7,1.2,1.1,0.8,1.1,1.9,2.7,3.6,5.3,4.6,4.2,4.2,4.6,6.1,5.8,4.0,5.9,4.9,6.5,8.0,115.1,53.9,367.38,168.23,83.4,37.4,24.4,16.5,H2075,B,06,0.0,6.0,6.0,29.0,[],"[""2024-02-24"", ""2024-02-25"", ""2024-02-26"", ""2024-02-27"", ""2024-02-28"", ""2024-02-29""]","[""2024-02-24"", ""2024-02-25"", ""2024-02-26"", ""2024-02-27"", ""2024-02-28"", ""2024-02-29""]"
Ibis budget Nice,2024,3,2.0,16.0,2.0,2.0,0.0,1.0,0.0,1.0,10,3,12,10,2,0.0,0.0,2.0,0.0,0.0,16.0,0.0,0.0,2.0,0.0,0.0,2.0,0.0,2.0,0.0,0.0,0.0,0.0,0.0,0.0,0.0,0.0,0.0,0.0,16.0,0.0,0.0,0.0,0.0,0.0,0.0,0.0,0.0,0.0,0.0,2.0,0.0,0.0,0.0,0.0,0.0,0.0,0.0,0.0,0.0,0.0,2.0,0.0,0.0,0.0,0.0,0.0,0.0,0.0,0.0,0.0,0.0,1.0,0.0,1.0,0.0,1.0,0.0,1.0,0.0,1.0,0.0,0.0,0.0,0.0,0.0,0.0,0.0,0.0,0.0,0.0,1.0,0.0,0.0,0.0,0.0,0.0,0.0,0.0,0.0,0.0,0.0,1.0,0.0,0.0,0.0,0.0,0.0,0.0,0.0,0.0,0.0,0.0,1.0,0.0,0.0,0.0,0.0,0.0,0.0,0.0,0.0,0.0,0.0,0.0,0.0,0.0,0.0,0.0,0.0,0.0,0.0,1.0,0.0,0.0,0.0,0.0,0.0,0.0,0.0,0.0,0.0,0.0,1.0,0.0,0.0,0.0,0.0,0.0,0.0,0.0,0.0,0.0,0.0,0.0,0.0,10.0,0.0,0.0,0.0,0.0,0.0,0.0,0.0,0.0,0.0,0.0,6.0,0.0,0.0,0.0,0.0,0.0,0.0,0.0,0.0,0.0,0.0,0.0,0.0,1.0,0.0,0.0,0.0,0.0,0.0,0.0,0.0,0.0,0.0,0.0,1.0,0.0,0.0,0.0,0.0,0.0,0.0,0.0,0.0,0.0,0.0,0.0,0.0,1.0,0.0,0.0,0.0,0.0,0.0,0.0,0.0,0.0,0.0,0.0,1.0,0.0,0.0,0.0,1.0,1.0,10.0,6.0,1.0,1.0,1.0,1.0,H2075,B,06,0.0,10.0,10.0,31.0,[],"[""2024-03-01"", ""2024-03-02"", ""2024-03-03"", ""2024-03-04"", ""2024-03-05"", ""2024-03-06"", ""2024-03-07"", ""2024-03-08"", ""2024-03-09"", ""2024-03-10""]","[""2024-03-01"", ""2024-03-02"", ""2024-03-03"", ""2024-03-04"", ""2024-03-05"", ""2024-03-06"", ""2024-03-07"", ""2024-03-08"", ""2024-03-09"", ""2024-03-10""]"
Ibis budget Nice,2024,4,12.0,145.0,12.0,7.0,0.0,3.0,0.0,1.0,10,3,12,10,2,0.0,0.0,12.0,0.0,0.0,145.0,0.0,0.0,12.0,0.0,0.0,7.0,0.0,9.0,0.0,2.0,0.0,0.0,0.0,0.0,0.0,1.0,0.0,0.0,117.0,0.0,20.0,0.0,0.0,0.0,0.0,0.0,8.0,0.0,0.0,9.0,0.0,2.0,0.0,0.0,0.0,0.0,0.0,1.0,0.0,0.0,5.0,0.0,1.0,0.0,0.0,0.0,0.0,0.0,1.0,0.0,0.0,1.0,0.0,1.0,0.0,1.0,0.0,1.0,0.0,0.75,0.0,0.16666666666666666,0.0,0.0,0.0,0.0,0.0,0.08333333333333333,0.0,0.0,0.8068965517241379,0.0,0.13793103448275862,0.0,0.0,0.0,0.0,0.0,0.05517241379310345,0.0,0.0,0.75,0.0,0.16666666666666666,0.0,0.0,0.0,0.0,0.0,0.08333333333333333,0.0,0.0,0.7142857142857143,0.0,0.14285714285714285,0.0,0.0,0.0,0.0,0.0,0.14285714285714285,0.0,0.0,0.0,0.0,0.0,0.0,0.0,0.0,0.0,0.0,1.0,1.0,3.0,0.0,0.0,0.0,3.0,1.0,3.0,0.0,0.0,0.0,0.0,0.0,0.0,0.0,0.0,0.0,0.0,0.0,0.0,0.0,0.0,0.0,6.0,6.0,36.0,0.0,0.0,0.0,33.0,28.0,36.0,0.0,0.0,0.0,0.0,0.0,0.0,0.0,0.0,0.0,0.0,0.0,0.0,0.0,0.0,0.0,1.0,1.0,3.0,0.0,0.0,0.0,2.0,3.0,2.0,0.0,0.0,0.0,0.0,0.0,0.0,0.0,0.0,0.0,0.0,0.0,0.0,0.0,0.0,0.0,1.0,1.0,3.0,0.0,0.0,0.0,3.0,2.0,2.0,0.0,0.0,0.0,0.0,0.0,0.0,6.0,6.0,83.0,62.0,7.0,5.0,5.0,5.0,H2075,B,06,1.0,11.0,11.0,30.0,"[""2024-04-01""]","[""2024-04-20"", ""2024-04-21"", ""2024-04-22"", ""2024-04-23"", ""2024-04-24"", ""2024-04-25"", ""2024-04-26"", ""2024-04-27"", ""2024-04-28"", ""2024-04-29"", ""2024-04-30""]","[""2024-04-20"", ""2024-04-21"", ""2024-04-22"", ""2024-04-23"", ""2024-04-24"", ""2024-04-25"", ""2024-04-26"", ""2024-04-27"", ""2024-04-28"", ""2024-04-29"", ""2024-04-30""]"
Ibis budget Nice,2024,5,53.0,270.8,44.0,24.0,1.0,2.0,0.3333333333333333,0.6666666666666666,10,3,12,10,2,36.0,0.0,17.0,87.80000000000001,0.0,183.0,30.0,0.0,15.0,8.0,0.0,16.0,0.0,8.0,0.0,0.0,0.0,0.0,0.0,9.0,36.0,0.0,0.0,0.0,97.0,0.0,0.0,0.0,0.0,0.0,86.0,87.80000000000001,0.0,0.0,0.0,8.0,0.0,0.0,0.0,0.0,0.0,7.0,30.0,0.0,0.0,0.0,8.0,0.0,0.0,0.0,0.0,0.0,8.0,8.0,0.0,0.0,0.6792452830188679,0.32075471698113206,0.32422451994091583,0.6757754800590842,0.6666666666666666,0.3333333333333333,0.3333333333333333,0.6666666666666666,0.0,0.47058823529411764,0.0,0.0,0.0,0.0,0.0,0.5294117647058824,1.0,0.0,0.0,0.0,0.5300546448087432,0.0,0.0,0.0,0.0,0.0,0.46994535519125685,1.0,0.0,0.0,0.0,0.5333333333333333,0.0,0.0,0.0,0.0,0.0,0.4666666666666667,1.0,0.0,0.0,0.0,0.5,0.0,0.0,0.0,0.0,0.0,0.5,1.0,0.0,0.0,0.0,0.0,0.0,0.0,0.0,0.0,0.0,0.0,5.0,0.0,5.0,3.0,7.0,2.0,4.0,3.0,3.0,3.0,2.0,0.0,5.0,2.0,7.0,2.0,0.0,0.0,0.0,0.0,0.0,0.0,0.0,0.0,14.2,0.0,34.3,32.0,50.9,19.0,13.100000000000001,8.100000000000001,17.4,13.7,14.5,0.0,29.1,4.4,15.700000000000001,4.4,0.0,0.0,0.0,0.0,0.0,0.0,0.0,0.0,3.0,0.0,4.0,2.0,6.0,2.0,4.0,2.0,3.0,3.0,2.0,0.0,5.0,2.0,5.0,2.0,0.0,0.0,0.0,0.0,0.0,0.0,0.0,0.0,2.0,0.0,3.0,2.0,7.0,2.0,3.0,2.0,2.0,3.0,2.0,0.0,3.0,1.0,3.0,1.0,40.0,13.0,207.5,63.3,34.0,11.0,20.0,7.0,H2075,B,06,4.0,9.0,7.0,31.0,"[""2024-05-01"", ""2024-05-08"", ""2024-05-09"", ""2024-05-20""]","[""2024-05-01"", ""2024-05-02"", ""2024-05-03"", ""2024-05-04"", ""2024-05-05"", ""2024-05-09"", ""2024-05-10"", ""2024-05-11"", ""2024-05-12""]","[""2024-05-02"", ""2024-05-03"", ""2024-05-04"", ""2024-05-05"", ""2024-05-10"", ""2024-05-11"", ""2024-05-12""]"
Ibis budget Nice,2024,6,247.0,841.5,177.0,40.0,2.0,5.0,0.2857142857142857,0.7142857142857143,10,3,12,10,2,217.0,0.0,30.0,500.40000000000003,0.0,341.1,161.0,0.0,30.0,18.0,0.0,22.0,0.0,20.0,0.0,1.0,21.0,0.0,1.0,7.0,196.0,1.0,0.0,0.0,208.1,0.0,10.0,46.0,0.0,18.0,89.0,454.40000000000003,16.0,0.0,0.0,20.0,0.0,1.0,18.0,0.0,1.0,7.0,143.0,1.0,0.0,0.0,12.0,0.0,1.0,3.0,0.0,1.0,7.0,15.0,1.0,0.0,0.8785425101214575,0.1214574898785425,0.5946524064171124,0.40534759358288774,0.8429319371727748,0.15706806282722513,0.45,0.55,0.0,0.6666666666666666,0.0,0.03333333333333333,0.0967741935483871,0.0,0.03333333333333333,0.23333333333333334,0.9032258064516129,0.03333333333333333,0.0,0.0,0.6100850190559952,0.0,0.02931691586045148,0.09192645883293364,0.0,0.05277044854881266,0.26092055115801815,0.9080735411670664,0.046907065376722366,0.0,0.0,0.6666666666666666,0.0,0.03333333333333333,0.11180124223602485,0.0,0.03333333333333333,0.23333333333333334,0.8881987577639752,0.03333333333333333,0.0,0.0,0.5454545454545454,0.0,0.045454545454545456,0.16666666666666666,0.0,0.045454545454545456,0.3181818181818182,0.8333333333333334,0.045454545454545456,0.0,18.0,10.0,9.0,5.0,3.0,4.0,2.0,4.0,7.0,6.0,10.0,6.0,17.0,10.0,15.0,8.0,9.0,11.0,15.0,19.0,4.0,12.0,13.0,30.0,51.900000000000006,23.8,19.6,11.100000000000001,6.2,9.2,4.4,10.4,15.0,24.200000000000003,49.400000000000006,39.8,82.0,54.8,78.0,48.3,29.700000000000003,28.700000000000003,55.0,43.9,9.8,47.0,28.900000000000002,70.4,15.0,7.0,4.0,4.0,2.0,4.0,2.0,1.0,7.0,5.0,6.0,6.0,14.0,9.0,14.0,8.0,8.0,8.0,9.0,13.0,4.0,11.0,11.0,19.0,9.0,4.0,2.0,4.0,2.0,4.0,1.0,4.0,2.0,5.0,6.0,4.0,10.0,7.0,11.0,6.0,7.0,8.0,11.0,8.0,3.0,11.0,7.0,13.0,156.0,91.0,463.0,378.5,120.0,71.0,28.0,31.0,H2075,B,06,0.0,0.0,0.0,30.0,[],[],[]
Ibis budget Nice,2024,7,338.0,1052.1,208.0,38.0,2.0,5.0,0.2857142857142857,0.7142857142857143,10,3,12,10,2,305.0,0.0,33.0,721.6,0.0,330.5,195.0,0.0,31.0,21.0,0.0,17.0,0.0,21.0,0.0,2.0,24.0,0.0,3.0,6.0,281.0,1.0,0.0,0.0,188.5,0.0,20.0,59.0,0.0,54.0,60.0,662.6,8.0,0.0,0.0,20.0,0.0,2.0,21.0,0.0,3.0,5.0,174.0,1.0,0.0,0.0,12.0,0.0,1.0,5.0,0.0,1.0,2.0,16.0,1.0,0.0,0.9023668639053254,0.09763313609467456,0.6858663625130692,0.3141336374869309,0.8628318584070797,0.13716814159292035,0.5526315789473685,0.4473684210526316,0.0,0.6363636363636364,0.0,0.06060606060606061,0.07868852459016394,0.0,0.09090909090909091,0.18181818181818182,0.921311475409836,0.030303030303030304,0.0,0.0,0.5703479576399395,0.0,0.060514372163388806,0.08176274944567627,0.0,0.16338880484114976,0.1815431164901664,0.9182372505543237,0.024205748865355523,0.0,0.0,0.6451612903225806,0.0,0.06451612903225806,0.1076923076923077,0.0,0.0967741935483871,0.16129032258064516,0.8923076923076924,0.03225806451612903,0.0,0.0,0.7058823529411765,0.0,0.058823529411764705,0.23809523809523808,0.0,0.058823529411764705,0.11764705882352941,0.7619047619047619,0.058823529411764705,0.0,29.0,24.0,20.0,19.0,7.0,3.0,4.0,0.0,6.0,4.0,6.0,12.0,14.0,21.0,8.0,15.0,15.0,16.0,16.0,17.0,18.0,18.0,18.0,28.0,67.7,52.900000000000006,46.0,46.2,15.8,6.6000000000000005,10.100000000000001,0.0,16.6,8.600000000000001,18.8,73.3,69.7,88.1,28.700000000000003,52.7,50.0,62.900000000000006,45.7,95.8,43.5,44.300000000000004,43.400000000000006,64.7,21.0,11.0,13.0,8.0,6.0,2.0,2.0,0.0,5.0,3.0,4.0,12.0,13.0,16.0,5.0,7.0,10.0,13.0,11.0,12.0,10.0,8.0,15.0,19.0,12.0,8.0,8.0,6.0,5.0,1.0,3.0,0.0,4.0,2.0,5.0,10.0,10.0,12.0,5.0,7.0,10.0,13.0,6.0,9.0,11.0,9.0,9.0,10.0,253.0,85.0,822.7,229.4,175.0,51.0,38.0,20.0,H2075,B,06,1.0,26.0,25.0,31.0,"[""2024-07-14""]","[""2024-07-06"", ""2024-07-07"", ""2024-07-08"", ""2024-07-09"", ""2024-07-10"", ""2024-07-11"", ""2024-07-12"", ""2024-07-13"", ""2024-07-14"", ""2024-07-15"", ""2024-07-16"", ""2024-07-17"", ""2024-07-18"", ""2024-07-19"", ""2024-07-20"", ""2024-07-21"", ""2024-07-22"", ""2024-07-23"", ""2024-07-24"", ""2024-07-25"", ""2024-07-26"", ""2024-07-27"", ""2024-07-28"", ""2024-07-29"", ""2024-07-30"", ""2024-07-31""]","[""2024-07-06"", ""2024-07-07"", ""2024-07-08"", ""2024-07-09"", ""2024-07-10"", ""2024-07-11"", ""2024-07-12"", ""2024-07-13"", ""2024-07-15"", ""2024-07-16"", ""2024-07-17"", ""2024-07-18"", ""2024-07-19"", ""2024-07-20"", ""2024-07-21"", ""2024-07-22"", ""2024-07-23"", ""2024-07-24"", ""2024-07-25"", ""2024-07-26"", ""2024-07-27"", ""2024-07-28"", ""2024-07-29"", ""2024-07-30"", ""2024-07-31""]"
Ibis budget Nice,2024,8,370.0,1173.0,237.0,36.0,2.0,4.0,0.3333333333333333,0.6666666666666666,10,3,12,10,2,339.0,0.0,31.0,811.0,0.0,362.0,219.0,0.0,26.0,20.0,0.0,16.0,0.0,23.0,0.0,3.0,17.0,0.0,3.0,2.0,322.0,0.0,0.0,0.0,259.0,0.0,29.0,47.0,0.0,54.0,20.0,764.0,0.0,0.0,0.0,18.0,0.0,3.0,12.0,0.0,3.0,2.0,207.0,0.0,0.0,0.0,11.0,0.0,2.0,4.0,0.0,1.0,2.0,16.0,0.0,0.0,0.9162162162162162,0.08378378378378379,0.691389599317988,0.30861040068201195,0.8938775510204081,0.10612244897959183,0.5555555555555556,0.4444444444444444,0.0,0.7419354838709677,0.0,0.0967741935483871,0.05014749262536873,0.0,0.0967741935483871,0.06451612903225806,0.9498525073746312,0.0,0.0,0.0,0.7154696132596685,0.0,0.08011049723756906,0.05795314426633785,0.0,0.14917127071823205,0.055248618784530384,0.9420468557336621,0.0,0.0,0.0,0.6923076923076923,0.0,0.11538461538461539,0.0547945205479452,0.0,0.11538461538461539,0.07692307692307693,0.9452054794520548,0.0,0.0,0.0,0.6875,0.0,0.125,0.2,0.0,0.0625,0.125,0.8,0.0,0.0,43.0,32.0,24.0,16.0,24.0,6.0,14.0,2.0,2.0,2.0,3.0,3.0,15.0,25.0,19.0,19.0,13.0,20.0,19.0,7.0,17.0,8.0,16.0,21.0,104.4,77.4,53.400000000000006,37.300000000000004,54.1,15.7,33.1,6.0,4.9,4.4,6.6000000000000005,37.7,96.9,108.4,110.7,61.0,50.2,64.5,46.900000000000006,19.1,52.7,31.900000000000002,36.5,59.2,26.0,22.0,14.0,11.0,12.0,3.0,8.0,1.0,2.0,2.0,3.0,3.0,12.0,15.0,14.0,13.0,10.0,11.0,14.0,5.0,14.0,6.0,12.0,12.0,12.0,11.0,4.0,6.0,7.0,4.0,7.0,1.0,2.0,1.0,1.0,3.0,9.0,13.0,10.0,7.0,9.0,9.0,10.0,6.0,9.0,3.0,10.0,9.0,249.0,121.0,787.8000000000001,385.20000000000005,167.0,78.0,33.0,26.0,H2075,B,06,1.0,31.0,30.0,31.0,"[""2024-08-15""]","[""2024-08-01"", ""2024-08-02"", ""2024-08-03"", ""2024-08-04"", ""2024-08-05"", ""2024-08-06"", ""2024-08-07"", ""2024-08-08"", ""2024-08-09"", ""2024-08-10"", ""2024-08-11"", ""2024-08-12"", ""2024-08-13"", ""2024-08-14"", ""2024-08-15"", ""2024-08-16"", ""2024-08-17"", ""2024-08-18"", ""2024-08-19"", ""2024-08-20"", ""2024-08-21"", ""2024-08-22"", ""2024-08-23"", ""2024-08-24"", ""2024-08-25"", ""2024-08-26"", ""2024-08-27"", ""2024-08-28"", ""2024-08-29"", ""2024-08-30"", ""2024-08-31""]","[""2024-08-01"", ""2024-08-02"", ""2024-08-03"", ""2024-08-04"", ""2024-08-05"", ""2024-08-06"", ""2024-08-07"", ""2024-08-08"", ""2024-08-09"", ""2024-08-10"", ""2024-08-11"", ""2024-08-12"", ""2024-08-13"", ""2024-08-14"", ""2024-08-16"", ""2024-08-17"", ""2024-08-18"", ""2024-08-19"", ""2024-08-20"", ""2024-08-21"", ""2024-08-22"", ""2024-08-23"", ""2024-08-24"", ""2024-08-25"", ""2024-08-26"", ""2024-08-27"", ""2024-08-28"", ""2024-08-29"", ""2024-08-30"", ""2024-08-31""]"
Ibis budget Nice,2024,9,258.0,771.2,158.0,39.0,3.0,3.0,0.5,0.5,10,3,12,10,2,236.0,0.0,22.0,541.2,0.0,230.0,166.0,0.0,20.0,25.0,0.0,14.0,0.0,14.0,0.0,1.0,17.0,25.0,0.0,7.0,194.0,0.0,0.0,0.0,151.0,0.0,10.0,36.5,47.5,0.0,69.0,457.20000000000005,0.0,0.0,0.0,12.0,0.0,1.0,15.0,21.0,0.0,7.0,130.0,0.0,0.0,0.0,8.0,0.0,1.0,4.0,6.0,0.0,5.0,15.0,0.0,0.0,0.9147286821705426,0.08527131782945736,0.7017634854771785,0.29823651452282157,0.8924731182795699,0.10752688172043011,0.6410256410256411,0.358974358974359,0.0,0.6363636363636364,0.0,0.045454545454545456,0.07203389830508475,0.1059322033898305,0.0,0.3181818181818182,0.8220338983050848,0.0,0.0,0.0,0.6565217391304348,0.0,0.043478260869565216,0.06744271988174427,0.08776792313377678,0.0,0.3,0.844789356984479,0.0,0.0,0.0,0.6,0.0,0.05,0.09036144578313253,0.12650602409638553,0.0,0.35,0.7831325301204819,0.0,0.0,0.0,0.5714285714285714,0.0,0.07142857142857142,0.16,0.24,0.0,0.35714285714285715,0.6,0.0,0.0,20.0,24.0,5.0,15.0,3.0,1.0,0.0,2.0,0.0,3.0,6.0,22.0,13.0,1.0,11.0,13.0,9.0,14.0,16.0,3.0,10.0,13.0,20.0,34.0,47.5,52.800000000000004,10.9,32.5,6.5,2.0,0.0,4.0,0.0,6.4,16.6,125.80000000000001,39.2,2.7,30.9,46.6,23.200000000000003,56.1,49.1,7.0,42.2,27.700000000000003,63.0,78.5,14.0,13.0,5.0,9.0,2.0,1.0,0.0,2.0,0.0,2.0,5.0,16.0,10.0,1.0,9.0,10.0,5.0,12.0,13.0,3.0,7.0,9.0,17.0,21.0,7.0,12.0,4.0,6.0,2.0,1.0,0.0,2.0,0.0,2.0,4.0,8.0,10.0,1.0,7.0,8.0,7.0,8.0,9.0,3.0,7.0,7.0,14.0,14.0,168.0,90.0,534.1,237.1,126.0,60.0,35.0,26.0,H2075,B,06,0.0,1.0,1.0,30.0,[],"[""2024-09-01""]","[""2024-09-01""]"
Ibis budget Nice,2024,10,200.0,596.3,124.0,39.0,3.0,3.0,0.5,0.5,10,3,12,10,2,181.0,0.0,19.0,407.3,0.0,189.0,130.0,0.0,15.0,26.0,0.0,13.0,0.0,11.0,0.0,0.0,14.0,20.0,0.0,4.0,147.0,4.0,0.0,0.0,98.0,0.0,0.0,30.5,40.0,0.0,35.0,336.8,56.0,0.0,0.0,8.0,0.0,0.0,13.0,14.0,0.0,4.0,103.0,3.0,0.0,0.0,9.0,0.0,0.0,3.0,7.0,0.0,3.0,16.0,1.0,0.0,0.905,0.095,0.68304544692269,0.31695455307731013,0.896551724137931,0.10344827586206896,0.6666666666666666,0.3333333333333333,0.0,0.5789473684210527,0.0,0.0,0.07734806629834254,0.11049723756906077,0.0,0.21052631578947367,0.8121546961325967,0.21052631578947367,0.0,0.0,0.5185185185185185,0.0,0.0,0.07488337834520009,0.09820770930518045,0.0,0.18518518518518517,0.8269089123496195,0.2962962962962963,0.0,0.0,0.5333333333333333,0.0,0.0,0.1,0.1076923076923077,0.0,0.26666666666666666,0.7923076923076923,0.2,0.0,0.0,0.6923076923076923,0.0,0.0,0.11538461538461539,0.2692307692307692,0.0,0.23076923076923078,0.6153846153846154,0.07692307692307693,0.0,31.0,16.0,2.0,1.0,0.0,2.0,0.0,0.0,0.0,3.0,7.0,3.0,8.0,12.0,3.0,5.0,4.0,9.0,13.0,12.0,23.0,9.0,11.0,26.0,67.30000000000001,35.5,4.4,2.2,0.0,4.2,0.0,0.0,0.0,6.7,48.6,6.2,36.0,31.400000000000002,18.2,12.600000000000001,31.4,61.7,41.7,29.900000000000002,52.6,21.200000000000003,21.8,62.7,25.0,8.0,1.0,1.0,0.0,2.0,0.0,0.0,0.0,3.0,4.0,3.0,5.0,7.0,3.0,5.0,3.0,7.0,12.0,10.0,16.0,6.0,8.0,16.0,16.0,6.0,1.0,1.0,0.0,2.0,0.0,0.0,0.0,3.0,5.0,3.0,4.0,7.0,3.0,5.0,3.0,8.0,9.0,8.0,13.0,5.0,7.0,15.0,144.0,56.0,452.9,143.4,102.0,43.0,37.0,19.0,H2075,B,06,0.0,13.0,13.0,31.0,[],"[""2024-10-19"", ""2024-10-20"", ""2024-10-21"", ""2024-10-22"", ""2024-10-23"", ""2024-10-24"", ""2024-10-25"", ""2024-10-26"", ""2024-10-27"", ""2024-10-28"", ""2024-10-29"", ""2024-10-30"", ""2024-10-31""]","[""2024-10-19"", ""2024-10-20"", ""2024-10-21"", ""2024-10-22"", ""2024-10-23"", ""2024-10-24"", ""2024-10-25"", ""2024-10-26"", ""2024-10-27"", ""2024-10-28"", ""2024-10-29"", ""2024-10-30"", ""2024-10-31""]"
Ibis budget Nice,2024,11,101.0,241.19999999999996,68.0,27.0,3.0,2.0,0.6,0.4,10,3,12,10,2,98.0,0.0,3.0,223.20000000000002,0.0,18.0,77.0,0.0,3.0,24.0,0.0,3.0,0.0,2.0,0.0,0.0,6.0,13.0,0.0,1.0,79.0,0.0,0.0,0.0,12.0,0.0,0.0,13.0,20.5,0.0,6.0,189.70000000000002,0.0,0.0,0.0,2.0,0.0,0.0,5.0,13.0,0.0,1.0,59.0,0.0,0.0,0.0,2.0,0.0,0.0,4.0,5.0,0.0,1.0,15.0,0.0,0.0,0.9702970297029703,0.0297029702970297,0.9253731343283582,0.07462686567164178,0.9625,0.0375,0.8888888888888888,0.1111111111111111,0.0,0.6666666666666666,0.0,0.0,0.061224489795918366,0.1326530612244898,0.0,0.3333333333333333,0.8061224489795918,0.0,0.0,0.0,0.6666666666666666,0.0,0.0,0.0582437275985663,0.09184587813620071,0.0,0.3333333333333333,0.849910394265233,0.0,0.0,0.0,0.6666666666666666,0.0,0.0,0.06493506493506493,0.16883116883116883,0.0,0.3333333333333333,0.7662337662337663,0.0,0.0,0.0,0.6666666666666666,0.0,0.0,0.16666666666666666,0.20833333333333334,0.0,0.3333333333333333,0.625,0.0,0.0,8.0,4.0,2.0,3.0,0.0,0.0,0.0,1.0,1.0,3.0,2.0,4.0,2.0,2.0,4.0,0.0,6.0,6.0,8.0,1.0,10.0,9.0,12.0,13.0,16.7,10.3,3.5,8.100000000000001,0.0,0.0,0.0,3.0,2.2,6.9,3.0,9.8,9.0,4.7,8.0,0.0,14.4,12.4,22.1,2.0,21.9,21.200000000000003,30.900000000000002,31.1,5.0,3.0,2.0,1.0,0.0,0.0,0.0,1.0,1.0,2.0,2.0,4.0,2.0,2.0,3.0,0.0,4.0,5.0,6.0,1.0,10.0,6.0,10.0,10.0,5.0,3.0,2.0,1.0,0.0,0.0,0.0,1.0,1.0,3.0,2.0,3.0,2.0,2.0,3.0,0.0,4.0,6.0,8.0,1.0,10.0,7.0,8.0,8.0,56.0,45.0,133.60000000000002,107.60000000000001,44.0,36.0,23.0,23.0,H2075,B,06,2.0,3.0,2.0,30.0,"[""2024-11-01"", ""2024-11-11""]","[""2024-11-01"", ""2024-11-02"", ""2024-11-03""]","[""2024-11-02"", ""2024-11-03""]"
Ibis budget Nice,2024,12,109.0,248.99999999999997,67.0,24.0,3.0,1.0,0.75,0.25,10,3,12,10,2,108.0,0.0,1.0,236.0,0.0,13.0,75.0,0.0,1.0,23.0,0.0,1.0,0.0,1.0,0.0,0.0,7.0,15.0,0.0,0.0,86.0,0.0,0.0,0.0,13.0,0.0,0.0,15.0,26.5,0.0,0.0,194.5,0.0,0.0,0.0,1.0,0.0,0.0,6.0,9.0,0.0,0.0,60.0,0.0,0.0,0.0,1.0,0.0,0.0,3.0,6.0,0.0,0.0,14.0,0.0,0.0,0.9908256880733946,0.009174311926605505,0.9477911646586346,0.05220883534136546,0.9868421052631579,0.013157894736842105,0.9583333333333334,0.041666666666666664,0.0,1.0,0.0,0.0,0.06481481481481481,0.1388888888888889,0.0,0.0,0.7962962962962963,0.0,0.0,0.0,1.0,0.0,0.0,0.0635593220338983,0.11228813559322035,0.0,0.0,0.8241525423728814,0.0,0.0,0.0,1.0,0.0,0.0,0.08,0.12,0.0,0.0,0.8,0.0,0.0,0.0,1.0,0.0,0.0,0.13043478260869565,0.2608695652173913,0.0,0.0,0.6086956521739131,0.0,0.0,20.0,8.0,12.0,3.0,2.0,0.0,0.0,0.0,0.0,1.0,0.0,0.0,1.0,2.0,0.0,5.0,2.0,6.0,6.0,8.0,3.0,9.0,9.0,12.0,44.1,18.5,22.8,6.4,4.0,0.0,0.0,0.0,0.0,2.2,0.0,0.0,2.7,5.4,0.0,10.9,4.9,24.1,13.3,20.4,7.1000000000000005,18.6,20.0,23.6,9.0,6.0,5.0,2.0,1.0,0.0,0.0,0.0,0.0,1.0,0.0,0.0,1.0,2.0,0.0,5.0,2.0,4.0,4.0,6.0,3.0,6.0,9.0,10.0,7.0,5.0,6.0,2.0,1.0,0.0,0.0,0.0,0.0,1.0,0.0,0.0,1.0,2.0,0.0,4.0,2.0,4.0,3.0,5.0,2.0,6.0,7.0,10.0,78.0,31.0,179.2,69.80000000000001,58.0,18.0,24.0,7.0,H2075,B,06,1.0,11.0,10.0,31.0,"[""2024-12-25""]","[""2024-12-21"", ""2024-12-22"", ""2024-12-23"", ""2024-12-24"", ""2024-12-25"", ""2024-12-26"", ""2024-12-27"", ""2024-12-28"", ""2024-12-29"", ""2024-12-30"", ""2024-12-31""]","[""2024-12-21"", ""2024-12-22"", ""2024-12-23"", ""2024-12-24"", ""2024-12-26"", ""2024-12-27"", ""2024-12-28"", ""2024-12-29"", ""2024-12-30"", ""2024-12-31""]"
Ibis budget Nice,2025,1,143.0,345.5999999999999,88.0,27.0,3.0,2.0,0.6,0.4,12,1,12,12,0,140.0,0.0,3.0,311.6,0.0,34.0,100.0,0.0,3.0,24.0,0.0,3.0,0.0,2.0,0.0,0.0,14.0,15.0,0.0,0.0,111.0,1.0,0.0,0.0,20.0,0.0,0.0,28.5,25.0,0.0,0.0,258.1,14.0,0.0,0.0,2.0,0.0,0.0,10.0,12.0,0.0,0.0,78.0,1.0,0.0,0.0,2.0,0.0,0.0,4.0,5.0,0.0,0.0,15.0,1.0,0.0,0.9790209790209791,0.02097902097902098,0.9016203703703703,0.09837962962962962,0.970873786407767,0.02912621359223301,0.8888888888888888,0.1111111111111111,0.0,0.6666666666666666,0.0,0.0,0.1,0.10714285714285714,0.0,0.0,0.7928571428571428,0.3333333333333333,0.0,0.0,0.5882352941176471,0.0,0.0,0.09146341463414634,0.08023106546854941,0.0,0.0,0.8283055198973043,0.4117647058823529,0.0,0.0,0.6666666666666666,0.0,0.0,0.1,0.12,0.0,0.0,0.78,0.3333333333333333,0.0,0.0,0.6666666666666666,0.0,0.0,0.16666666666666666,0.20833333333333334,0.0,0.0,0.625,0.3333333333333333,0.0,14.0,6.0,2.0,1.0,0.0,0.0,1.0,0.0,2.0,2.0,2.0,3.0,12.0,5.0,6.0,5.0,2.0,5.0,10.0,9.0,9.0,10.0,8.0,29.0,31.0,13.5,5.4,2.7,0.0,0.0,2.2,0.0,5.0,4.4,12.0,14.9,26.5,10.4,14.4,12.600000000000001,16.0,10.100000000000001,21.1,21.3,20.3,19.5,17.700000000000003,64.6,11.0,3.0,1.0,1.0,0.0,0.0,1.0,0.0,2.0,2.0,2.0,3.0,7.0,3.0,6.0,4.0,2.0,4.0,9.0,6.0,6.0,7.0,6.0,17.0,12.0,3.0,2.0,1.0,0.0,0.0,1.0,0.0,2.0,1.0,2.0,3.0,7.0,5.0,6.0,4.0,2.0,3.0,7.0,9.0,6.0,6.0,4.0,14.0,117.0,26.0,279.20000000000005,66.4,84.0,19.0,25.0,15.0,H2075,B,06,1.0,5.0,4.0,31.0,"[""2025-01-01""]","[""2025-01-01"", ""2025-01-02"", ""2025-01-03"", ""2025-01-04"", ""2025-01-05""]","[""2025-01-02"", ""2025-01-03"", ""2025-01-04"", ""2025-01-05""]"
Ibis budget Nice,2025,2,110.0,268.29999999999995,73.0,24.0,3.0,2.0,0.6,0.4,12,1,12,12,0,108.0,0.0,2.0,252.3,0.0,16.0,79.0,0.0,2.0,22.0,0.0,2.0,0.0,1.0,0.0,0.0,10.0,9.0,0.0,1.0,89.0,0.0,0.0,0.0,10.0,0.0,0.0,20.0,17.5,0.0,6.0,214.8,0.0,0.0,0.0,1.0,0.0,0.0,6.0,8.0,0.0,1.0,65.0,0.0,0.0,0.0,1.0,0.0,0.0,3.0,4.0,0.0,1.0,15.0,0.0,0.0,0.9818181818181818,0.01818181818181818,0.940365262765561,0.05963473723443906,0.9753086419753086,0.024691358024691357,0.9166666666666666,0.08333333333333333,0.0,0.5,0.0,0.0,0.09259259259259259,0.08333333333333333,0.0,0.5,0.8240740740740741,0.0,0.0,0.0,0.625,0.0,0.0,0.07927070947284978,0.06936187078874356,0.0,0.375,0.8513674197384067,0.0,0.0,0.0,0.5,0.0,0.0,0.0759493670886076,0.10126582278481013,0.0,0.5,0.8227848101265823,0.0,0.0,0.0,0.5,0.0,0.0,0.13636363636363635,0.18181818181818182,0.0,0.5,0.6818181818181818,0.0,0.0,15.0,7.0,2.0,3.0,0.0,0.0,0.0,2.0,1.0,2.0,2.0,12.0,0.0,8.0,3.0,3.0,3.0,1.0,3.0,4.0,4.0,7.0,17.0,11.0,34.2,16.1,5.0,8.100000000000001,0.0,0.0,0.0,4.4,2.2,5.7,4.4,31.400000000000002,0.0,27.8,6.0,7.4,6.6000000000000005,2.2,9.7,8.600000000000001,10.100000000000001,14.4,36.2,27.8,10.0,5.0,2.0,2.0,0.0,0.0,0.0,2.0,1.0,1.0,2.0,5.0,0.0,6.0,3.0,3.0,2.0,1.0,3.0,4.0,4.0,5.0,12.0,8.0,9.0,3.0,2.0,2.0,0.0,0.0,0.0,1.0,1.0,2.0,1.0,8.0,0.0,8.0,3.0,2.0,1.0,1.0,3.0,3.0,4.0,5.0,6.0,5.0,65.0,45.0,163.3,105.0,44.0,37.0,21.0,17.0,H2075,B,06,0.0,16.0,16.0,28.0,[],"[""2025-02-08"", ""2025-02-09"", ""2025-02-10"", ""2025-02-11"", ""2025-02-12"", ""2025-02-13"", ""2025-02-14"", ""2025-02-15"", ""2025-02-16"", ""2025-02-17"", ""2025-02-18"", ""2025-02-19"", ""2025-02-20"", ""2025-02-21"", ""2025-02-22"", ""2025-02-23""]","[""2025-02-08"", ""2025-02-09"", ""2025-02-10"", ""2025-02-11"", ""2025-02-12"", ""2025-02-13"", ""2025-02-14"", ""2025-02-15"", ""2025-02-16"", ""2025-02-17"", ""2025-02-18"", ""2025-02-19"", ""2025-02-20"", ""2025-02-21"", ""2025-02-22"", ""2025-02-23""]"
Ibis budget Nice,2025,3,245.0,625.6,186.0,29.0,3.0,2.0,0.6,0.4,12,1,12,12,0,243.0,0.0,2.0,578.6,0.0,47.0,195.0,0.0,4.0,27.0,0.0,2.0,0.0,2.0,0.0,0.0,9.0,23.0,0.0,0.0,211.0,0.0,0.0,22.0,25.0,0.0,0.0,19.5,41.0,0.0,0.0,518.1,0.0,0.0,2.0,2.0,0.0,0.0,7.0,18.0,0.0,0.0,170.0,0.0,0.0,0.0,2.0,0.0,0.0,4.0,5.0,0.0,0.0,18.0,0.0,0.0,0.9918367346938776,0.00816326530612245,0.9248721227621484,0.07512787723785166,0.9798994974874372,0.020100502512562814,0.9310344827586207,0.06896551724137931,0.0,1.0,0.0,0.0,0.037037037037037035,0.09465020576131687,0.0,0.0,0.8683127572016461,0.0,0.0,0.46808510638297873,0.5319148936170213,0.0,0.0,0.03370203940546146,0.07086069823712408,0.0,0.0,0.8954372623574145,0.0,0.0,0.5,0.5,0.0,0.0,0.035897435897435895,0.09230769230769231,0.0,0.0,0.8717948717948718,0.0,0.0,0.0,1.0,0.0,0.0,0.14814814814814814,0.18518518518518517,0.0,0.0,0.6666666666666666,0.0,0.0,22.0,3.0,6.0,1.0,1.0,0.0,0.0,4.0,1.0,8.0,13.0,6.0,1.0,16.0,6.0,8.0,13.0,23.0,11.0,14.0,22.0,20.0,22.0,24.0,48.800000000000004,7.9,14.3,2.2,2.2,0.0,0.0,11.4,3.0,20.700000000000003,40.8,16.4,2.0,39.6,14.4,20.9,32.2,53.2,55.9,32.1,49.0,45.6,51.400000000000006,61.6,17.0,3.0,4.0,1.0,1.0,0.0,0.0,1.0,1.0,8.0,11.0,6.0,1.0,15.0,6.0,4.0,11.0,19.0,13.0,11.0,16.0,15.0,16.0,19.0,14.0,3.0,4.0,1.0,1.0,0.0,0.0,2.0,1.0,6.0,9.0,4.0,1.0,9.0,4.0,5.0,6.0,12.0,7.0,10.0,8.0,14.0,12.0,13.0,162.0,83.0,414.2,211.4,131.0,68.0,24.0,25.0,H2075,B,06,0.0,0.0,0.0,31.0,[],[],[]
Ibis budget Nice,2025,4,266.0,816.3000000000001,187.0,47.0,3.0,5.0,0.375,0.625,12,1,12,12,0,247.0,0.0,19.0,593.2,0.0,223.1,189.0,0.0,15.0,29.0,0.0,18.0,1.0,12.0,0.0,1.0,20.0,18.0,0.0,4.0,209.0,1.0,0.0,12.0,144.1,0.0,9.0,55.5,39.6,0.0,44.0,498.1,14.0,0.0,1.0,9.0,0.0,1.0,15.0,16.0,0.0,3.0,158.0,1.0,0.0,1.0,11.0,0.0,1.0,7.0,5.0,0.0,4.0,17.0,1.0,0.0,0.9285714285714286,0.07142857142857142,0.7266936175425701,0.27330638245742983,0.9264705882352942,0.07352941176470588,0.6170212765957447,0.3829787234042553,0.05263157894736842,0.631578947368421,0.0,0.05263157894736842,0.08097165991902834,0.0728744939271255,0.0,0.21052631578947367,0.8461538461538461,0.05263157894736842,0.0,0.053787539220080685,0.6458987001344688,0.0,0.04034065441506051,0.09356035064059338,0.0667565745111261,0.0,0.19722097714029585,0.8396830748482805,0.06275212909009413,0.0,0.06666666666666667,0.6,0.0,0.06666666666666667,0.07936507936507936,0.08465608465608465,0.0,0.2,0.8359788359788359,0.06666666666666667,0.0,0.05555555555555555,0.6111111111111112,0.0,0.05555555555555555,0.2413793103448276,0.1724137931034483,0.0,0.2222222222222222,0.5862068965517241,0.05555555555555555,0.0,33.0,21.0,18.0,1.0,5.0,0.0,0.0,0.0,0.0,2.0,4.0,5.0,13.0,11.0,6.0,10.0,6.0,15.0,7.0,19.0,15.0,5.0,34.0,36.0,79.9,50.0,40.5,2.2,12.7,0.0,0.0,0.0,0.0,4.9,18.1,32.9,53.7,46.400000000000006,29.8,33.900000000000006,22.4,43.9,17.6,78.2,49.800000000000004,11.600000000000001,99.3,88.5,24.0,16.0,12.0,1.0,5.0,0.0,0.0,0.0,0.0,2.0,3.0,4.0,10.0,9.0,5.0,10.0,6.0,14.0,7.0,14.0,10.0,3.0,24.0,25.0,14.0,8.0,7.0,1.0,5.0,0.0,0.0,0.0,0.0,2.0,4.0,5.0,9.0,6.0,5.0,9.0,5.0,10.0,6.0,9.0,9.0,4.0,17.0,13.0,209.0,57.0,652.1,164.2,162.0,42.0,42.0,20.0,H2075,B,06,1.0,17.0,16.0,30.0,"[""2025-04-21""]","[""2025-04-05"", ""2025-04-06"", ""2025-04-07"", ""2025-04-08"", ""2025-04-09"", ""2025-04-10"", ""2025-04-11"", ""2025-04-12"", ""2025-04-13"", ""2025-04-14"", ""2025-04-15"", ""2025-04-16"", ""2025-04-17"", ""2025-04-18"", ""2025-04-19"", ""2025-04-20"", ""2025-04-21""]","[""2025-04-05"", ""2025-04-06"", ""2025-04-07"", ""2025-04-08"", ""2025-04-09"", ""2025-04-10"", ""2025-04-11"", ""2025-04-12"", ""2025-04-13"", ""2025-04-14"", ""2025-04-15"", ""2025-04-16"", ""2025-04-17"", ""2025-04-18"", ""2025-04-19"", ""2025-04-20""]"
Ibis budget Nice,2025,5,411.0,1346.1999999999998,267.0,48.0,2.0,5.0,0.2857142857142857,0.7142857142857143,12,1,12,12,0,371.0,0.0,40.0,890.2,0.0,456.0,238.0,0.0,37.0,24.0,0.0,24.0,13.0,20.0,0.0,0.0,21.0,0.0,1.0,5.0,350.0,1.0,0.0,167.0,207.0,0.0,0.0,70.5,0.0,18.0,50.0,819.7,14.0,0.0,13.0,17.0,0.0,0.0,14.0,0.0,1.0,5.0,224.0,1.0,0.0,6.0,12.0,0.0,0.0,6.0,0.0,1.0,4.0,18.0,1.0,0.0,0.902676399026764,0.09732360097323602,0.6612687564997771,0.3387312435002228,0.8654545454545455,0.13454545454545455,0.5,0.5,0.325,0.5,0.0,0.0,0.05660377358490566,0.0,0.025,0.125,0.9433962264150944,0.025,0.0,0.36622807017543857,0.45394736842105265,0.0,0.0,0.07919568636261513,0.0,0.039473684210526314,0.10964912280701754,0.9208043136373849,0.03070175438596491,0.0,0.35135135135135137,0.4594594594594595,0.0,0.0,0.058823529411764705,0.0,0.02702702702702703,0.13513513513513514,0.9411764705882353,0.02702702702702703,0.0,0.25,0.5,0.0,0.0,0.25,0.0,0.041666666666666664,0.16666666666666666,0.75,0.041666666666666664,0.0,23.0,45.0,20.0,25.0,11.0,0.0,0.0,4.0,4.0,9.0,21.0,5.0,26.0,23.0,10.0,11.0,15.0,21.0,20.0,12.0,10.0,14.0,24.0,58.0,53.6,105.9,44.400000000000006,56.2,26.0,0.0,0.0,8.2,10.8,43.3,57.900000000000006,57.0,139.1,95.30000000000001,35.400000000000006,42.2,52.5,77.2,90.2,50.2,31.6,43.8,67.7,157.7,17.0,23.0,11.0,12.0,4.0,0.0,0.0,2.0,3.0,7.0,18.0,4.0,22.0,20.0,9.0,9.0,9.0,16.0,18.0,9.0,6.0,9.0,16.0,31.0,10.0,13.0,7.0,7.0,4.0,0.0,0.0,3.0,2.0,8.0,7.0,4.0,13.0,12.0,6.0,6.0,8.0,13.0,13.0,8.0,5.0,8.0,7.0,14.0,291.0,120.0,999.1,347.1,195.0,80.0,42.0,27.0,H2075,B,06,3.0,3.0,2.0,31.0,"[""2025-05-01"", ""2025-05-08"", ""2025-05-29""]","[""2025-05-29"", ""2025-05-30"", ""2025-05-31""]","[""2025-05-30"", ""2025-05-31""]"
Ibis budget Nice,2025,6,473.0,1633.7000000000003,298.0,51.0,2.0,5.0,0.2857142857142857,0.7142857142857143,12,1,12,12,0,407.0,0.0,66.0,961.7,0.0,672.0,261.0,0.0,60.0,24.0,0.0,27.0,23.0,31.0,0.0,0.0,25.0,0.0,2.0,9.0,382.0,1.0,0.0,295.0,220.0,0.0,0.0,67.5,0.0,36.0,113.0,894.2,8.0,0.0,19.0,27.0,0.0,0.0,19.0,0.0,2.0,11.0,242.0,1.0,0.0,8.0,12.0,0.0,0.0,6.0,0.0,1.0,5.0,18.0,1.0,0.0,0.8604651162790697,0.13953488372093023,0.5886637693578992,0.41133623064210073,0.8130841121495327,0.18691588785046728,0.47058823529411764,0.5294117647058824,0.3484848484848485,0.4696969696969697,0.0,0.0,0.06142506142506143,0.0,0.030303030303030304,0.13636363636363635,0.9385749385749386,0.015151515151515152,0.0,0.43898809523809523,0.3273809523809524,0.0,0.0,0.07018820838099199,0.0,0.05357142857142857,0.16815476190476192,0.929811791619008,0.011904761904761904,0.0,0.31666666666666665,0.45,0.0,0.0,0.07279693486590039,0.0,0.03333333333333333,0.18333333333333332,0.9272030651340997,0.016666666666666666,0.0,0.2962962962962963,0.4444444444444444,0.0,0.0,0.25,0.0,0.037037037037037035,0.18518518518518517,0.75,0.037037037037037035,0.0,58.0,25.0,54.0,20.0,12.0,0.0,3.0,0.0,3.0,6.0,12.0,11.0,21.0,27.0,14.0,10.0,19.0,20.0,22.0,17.0,15.0,27.0,34.0,43.0,136.1,58.900000000000006,129.9,44.800000000000004,27.5,0.0,8.100000000000001,0.0,6.2,35.4,66.7,64.8,79.80000000000001,174.3,33.400000000000006,37.400000000000006,141.2,64.2,76.3,63.2,47.6,76.0,122.9,139.0,43.0,17.0,24.0,14.0,6.0,0.0,1.0,0.0,2.0,4.0,11.0,9.0,12.0,20.0,11.0,8.0,17.0,15.0,17.0,14.0,12.0,18.0,20.0,26.0,16.0,11.0,15.0,9.0,4.0,0.0,1.0,0.0,3.0,5.0,8.0,6.0,11.0,13.0,8.0,5.0,11.0,10.0,12.0,11.0,10.0,12.0,16.0,19.0,303.0,170.0,1033.2,600.5,209.0,112.0,47.0,35.0,H2075,B,06,1.0,1.0,1.0,30.0,"[""2025-06-09""]","[""2025-06-01""]","[""2025-06-01""]"
Ibis budget Nice,2025,7,451.0,1690.6000000000001,309.0,54.0,2.0,4.0,0.3333333333333333,0.6666666666666666,12,1,12,12,0,385.0,0.0,66.0,939.6,0.0,751.0,270.0,0.0,58.0,27.0,0.0,27.0,33.0,22.0,0.0,0.0,42.0,0.0,2.0,9.0,343.0,0.0,0.0,425.0,202.0,0.0,0.0,121.0,0.0,36.0,88.0,818.6,0.0,0.0,26.0,21.0,0.0,0.0,34.0,0.0,2.0,9.0,236.0,0.0,0.0,13.0,9.0,0.0,0.0,9.0,0.0,1.0,4.0,18.0,0.0,0.0,0.8536585365853658,0.14634146341463414,0.555779013368035,0.444220986631965,0.823170731707317,0.17682926829268292,0.5,0.5,0.5,0.3333333333333333,0.0,0.0,0.10909090909090909,0.0,0.030303030303030304,0.13636363636363635,0.8909090909090909,0.0,0.0,0.5659121171770972,0.26897470039946736,0.0,0.0,0.12877820349084718,0.0,0.047936085219707054,0.11717709720372836,0.8712217965091529,0.0,0.0,0.4482758620689655,0.3620689655172414,0.0,0.0,0.1259259259259259,0.0,0.034482758620689655,0.15517241379310345,0.8740740740740741,0.0,0.0,0.48148148148148145,0.3333333333333333,0.0,0.0,0.3333333333333333,0.0,0.037037037037037035,0.14814814814814814,0.6666666666666666,0.0,0.0,38.0,17.0,33.0,18.0,8.0,17.0,5.0,0.0,1.0,6.0,16.0,15.0,21.0,25.0,17.0,34.0,21.0,11.0,36.0,26.0,32.0,13.0,21.0,20.0,97.9,45.5,77.6,44.300000000000004,20.0,40.800000000000004,12.0,0.0,2.2,40.9,77.8,117.9,126.6,99.1,58.300000000000004,101.2,125.1,67.2,154.4,89.9,111.2,43.6,82.1,55.0,28.0,16.0,21.0,13.0,7.0,8.0,3.0,0.0,1.0,3.0,12.0,12.0,17.0,18.0,16.0,19.0,14.0,10.0,22.0,22.0,23.0,11.0,16.0,16.0,16.0,10.0,12.0,10.0,5.0,7.0,3.0,0.0,1.0,4.0,8.0,12.0,15.0,12.0,13.0,15.0,13.0,9.0,18.0,18.0,14.0,8.0,13.0,12.0,336.0,115.0,1262.3000000000002,428.3,252.0,76.0,52.0,32.0,H2075,B,06,1.0,27.0,26.0,31.0,"[""2025-07-14""]","[""2025-07-05"", ""2025-07-06"", ""2025-07-07"", ""2025-07-08"", ""2025-07-09"", ""2025-07-10"", ""2025-07-11"", ""2025-07-12"", ""2025-07-13"", ""2025-07-14"", ""2025-07-15"", ""2025-07-16"", ""2025-07-17"", ""2025-07-18"", ""2025-07-19"", ""2025-07-20"", ""2025-07-21"", ""2025-07-22"", ""2025-07-23"", ""2025-07-24"", ""2025-07-25"", ""2025-07-26"", ""2025-07-27"", ""2025-07-28"", ""2025-07-29"", ""2025-07-30"", ""2025-07-31""]","[""2025-07-05"", ""2025-07-06"", ""2025-07-07"", ""2025-07-08"", ""2025-07-09"", ""2025-07-10"", ""2025-07-11"", ""2025-07-12"", ""2025-07-13"", ""2025-07-15"", ""2025-07-16"", ""2025-07-17"", ""2025-07-18"", ""2025-07-19"", ""2025-07-20"", ""2025-07-21"", ""2025-07-22"", ""2025-07-23"", ""2025-07-24"", ""2025-07-25"", ""2025-07-26"", ""2025-07-27"", ""2025-07-28"", ""2025-07-29"", ""2025-07-30"", ""2025-07-31""]"
Ibis budget Nice,2025,8,480.0,1800.8000000000002,299.0,56.0,2.0,3.0,0.4,0.6,12,1,12,12,0,395.0,0.0,85.0,951.8000000000001,0.0,849.0,251.0,0.0,67.0,26.0,0.0,30.0,30.0,53.0,0.0,0.0,26.0,0.0,2.0,0.0,369.0,0.0,0.0,360.0,453.0,0.0,0.0,83.0,0.0,36.0,0.0,868.8000000000001,0.0,0.0,29.0,36.0,0.0,0.0,20.0,0.0,2.0,0.0,231.0,0.0,0.0,15.0,14.0,0.0,0.0,8.0,0.0,1.0,0.0,18.0,0.0,0.0,0.8229166666666666,0.17708333333333334,0.5285428698356286,0.47145713016437135,0.789308176100629,0.21069182389937108,0.4642857142857143,0.5357142857142857,0.35294117647058826,0.6235294117647059,0.0,0.0,0.06582278481012659,0.0,0.023529411764705882,0.0,0.9341772151898734,0.0,0.0,0.42402826855123676,0.5335689045936396,0.0,0.0,0.08720319394830846,0.0,0.04240282685512368,0.0,0.9127968060516916,0.0,0.0,0.43283582089552236,0.5373134328358209,0.0,0.0,0.0796812749003984,0.0,0.029850746268656716,0.0,0.9203187250996016,0.0,0.0,0.5,0.4666666666666667,0.0,0.0,0.3076923076923077,0.0,0.03333333333333333,0.0,0.6923076923076923,0.0,0.0,47.0,41.0,24.0,25.0,8.0,8.0,4.0,2.0,2.0,4.0,16.0,12.0,23.0,38.0,17.0,23.0,21.0,14.0,18.0,19.0,15.0,24.0,21.0,54.0,126.80000000000001,95.4,54.2,62.7,18.900000000000002,18.900000000000002,8.8,4.7,4.2,34.4,54.300000000000004,84.6,145.8,233.5,94.3,111.5,66.30000000000001,80.0,74.6,55.0,50.3,90.5,71.7,159.4,29.0,26.0,11.0,14.0,5.0,5.0,1.0,1.0,2.0,3.0,9.0,13.0,19.0,27.0,10.0,15.0,16.0,8.0,12.0,15.0,13.0,15.0,16.0,33.0,12.0,12.0,6.0,12.0,4.0,3.0,1.0,2.0,2.0,2.0,5.0,10.0,17.0,23.0,12.0,15.0,13.0,9.0,11.0,9.0,9.0,18.0,13.0,18.0,320.0,160.0,1077.3000000000002,723.5,218.0,100.0,47.0,42.0,H2075,B,06,1.0,31.0,30.0,31.0,"[""2025-08-15""]","[""2025-08-01"", ""2025-08-02"", ""2025-08-03"", ""2025-08-04"", ""2025-08-05"", ""2025-08-06"", ""2025-08-07"", ""2025-08-08"", ""2025-08-09"", ""2025-08-10"", ""2025-08-11"", ""2025-08-12"", ""2025-08-13"", ""2025-08-14"", ""2025-08-15"", ""2025-08-16"", ""2025-08-17"", ""2025-08-18"", ""2025-08-19"", ""2025-08-20"", ""2025-08-21"", ""2025-08-22"", ""2025-08-23"", ""2025-08-24"", ""2025-08-25"", ""2025-08-26"", ""2025-08-27"", ""2025-08-28"", ""2025-08-29"", ""2025-08-30"", ""2025-08-31""]","[""2025-08-01"", ""2025-08-02"", ""2025-08-03"", ""2025-08-04"", ""2025-08-05"", ""2025-08-06"", ""2025-08-07"", ""2025-08-08"", ""2025-08-09"", ""2025-08-10"", ""2025-08-11"", ""2025-08-12"", ""2025-08-13"", ""2025-08-14"", ""2025-08-16"", ""2025-08-17"", ""2025-08-18"", ""2025-08-19"", ""2025-08-20"", ""2025-08-21"", ""2025-08-22"", ""2025-08-23"", ""2025-08-24"", ""2025-08-25"", ""2025-08-26"", ""2025-08-27"", ""2025-08-28"", ""2025-08-29"", ""2025-08-30"", ""2025-08-31""]"
Ibis budget Nice,2025,9,415.0,1506.6,285.0,54.0,2.0,3.0,0.4,0.6,12,1,12,12,0,349.0,0.0,66.0,827.6,0.0,679.0,240.0,0.0,63.0,26.0,0.0,28.0,32.0,32.0,0.0,0.0,35.0,0.0,0.0,2.0,314.0,0.0,0.0,424.0,232.0,0.0,0.0,94.5,0.0,0.0,23.0,733.1,0.0,0.0,31.0,30.0,0.0,0.0,29.0,0.0,0.0,2.0,211.0,0.0,0.0,12.0,14.0,0.0,0.0,8.0,0.0,0.0,2.0,18.0,0.0,0.0,0.8409638554216867,0.15903614457831325,0.5493163414310368,0.45068365856896325,0.7920792079207921,0.2079207920792079,0.48148148148148145,0.5185185185185185,0.48484848484848486,0.48484848484848486,0.0,0.0,0.10028653295128939,0.0,0.0,0.030303030303030304,0.8997134670487106,0.0,0.0,0.6244477172312224,0.34167893961708395,0.0,0.0,0.11418559690671821,0.0,0.0,0.033873343151693665,0.8858144030932817,0.0,0.0,0.49206349206349204,0.47619047619047616,0.0,0.0,0.12083333333333333,0.0,0.0,0.031746031746031744,0.8791666666666667,0.0,0.0,0.42857142857142855,0.5,0.0,0.0,0.3076923076923077,0.0,0.0,0.07142857142857142,0.6923076923076923,0.0,0.0,29.0,37.0,12.0,10.0,8.0,5.0,1.0,2.0,2.0,8.0,13.0,18.0,30.0,17.0,10.0,24.0,11.0,31.0,23.0,30.0,19.0,19.0,20.0,36.0,71.7,88.30000000000001,27.900000000000002,22.3,21.5,10.9,4.0,4.7,5.7,38.5,60.1,129.7,111.9,91.8,33.2,79.6,62.1,140.7,99.7,114.80000000000001,78.2,57.4,68.5,83.4,21.0,19.0,9.0,8.0,6.0,3.0,1.0,2.0,2.0,6.0,12.0,12.0,16.0,15.0,8.0,16.0,9.0,23.0,18.0,25.0,17.0,14.0,16.0,25.0,10.0,14.0,3.0,7.0,7.0,4.0,1.0,2.0,2.0,5.0,9.0,11.0,12.0,13.0,9.0,12.0,7.0,20.0,12.0,18.0,13.0,10.0,13.0,11.0,268.0,147.0,1094.4,412.2,205.0,98.0,53.0,29.0,H2075,B,06,0.0,0.0,0.0,30.0,[],[],[]
Ibis budget Nice,2025,10,319.0,995.9999999999999,205.0,47.0,2.0,3.0,0.4,0.6,12,1,12,12,0,285.0,0.0,34.0,695.0,0.0,301.0,195.0,0.0,29.0,26.0,0.0,21.0,11.0,20.0,0.0,0.0,32.0,0.0,0.0,3.0,253.0,0.0,0.0,116.0,155.0,0.0,0.0,91.5,0.0,0.0,30.0,603.5,0.0,0.0,10.0,16.0,0.0,0.0,27.0,0.0,0.0,3.0,168.0,0.0,0.0,7.0,12.0,0.0,0.0,8.0,0.0,0.0,2.0,18.0,0.0,0.0,0.8934169278996865,0.10658307210031348,0.6977911646586346,0.30220883534136544,0.8705357142857143,0.12946428571428573,0.5531914893617021,0.44680851063829785,0.3235294117647059,0.5882352941176471,0.0,0.0,0.11228070175438597,0.0,0.0,0.08823529411764706,0.887719298245614,0.0,0.0,0.3853820598006645,0.5149501661129569,0.0,0.0,0.1316546762589928,0.0,0.0,0.09966777408637874,0.8683453237410071,0.0,0.0,0.3448275862068966,0.5517241379310345,0.0,0.0,0.13846153846153847,0.0,0.0,0.10344827586206896,0.8615384615384616,0.0,0.0,0.3333333333333333,0.5714285714285714,0.0,0.0,0.3076923076923077,0.0,0.0,0.09523809523809523,0.6923076923076923,0.0,0.0,33.0,28.0,9.0,4.0,2.0,2.0,1.0,0.0,0.0,1.0,8.0,16.0,18.0,11.0,6.0,14.0,14.0,13.0,15.0,20.0,22.0,14.0,34.0,34.0,97.2,73.30000000000001,28.6,9.600000000000001,4.0,5.2,2.7,0.0,0.0,8.0,17.400000000000002,49.6,55.7,51.8,22.1,71.9,61.0,59.0,43.2,59.7,60.6,42.900000000000006,87.8,84.7,20.0,16.0,8.0,3.0,2.0,2.0,1.0,0.0,0.0,1.0,6.0,12.0,9.0,9.0,4.0,10.0,8.0,10.0,11.0,14.0,18.0,13.0,26.0,21.0,15.0,13.0,5.0,3.0,1.0,2.0,1.0,0.0,0.0,1.0,2.0,9.0,9.0,7.0,5.0,10.0,8.0,9.0,10.0,12.0,15.0,10.0,17.0,12.0,239.0,80.0,756.7,239.3,166.0,58.0,42.0,28.0,H2075,B,06,0.0,14.0,14.0,31.0,[],"[""2025-10-18"", ""2025-10-19"", ""2025-10-20"", ""2025-10-21"", ""2025-10-22"", ""2025-10-23"", ""2025-10-24"", ""2025-10-25"", ""2025-10-26"", ""2025-10-27"", ""2025-10-28"", ""2025-10-29"", ""2025-10-30"", ""2025-10-31""]","[""2025-10-18"", ""2025-10-19"", ""2025-10-20"", ""2025-10-21"", ""2025-10-22"", ""2025-10-23"", ""2025-10-24"", ""2025-10-25"", ""2025-10-26"", ""2025-10-27"", ""2025-10-28"", ""2025-10-29"", ""2025-10-30"", ""2025-10-31""]"
Ibis budget Nice,2025,11,202.0,551.1,136.0,32.0,2.0,2.0,0.5,0.5,12,1,12,12,0,190.0,3.0,9.0,449.1,6.0,96.0,132.0,2.0,9.0,26.0,1.0,5.0,7.0,2.0,0.0,0.0,17.0,0.0,0.0,0.0,173.0,0.0,0.0,84.0,12.0,0.0,0.0,46.0,0.0,0.0,0.0,403.1,0.0,0.0,7.0,2.0,0.0,0.0,14.0,0.0,0.0,0.0,118.0,0.0,0.0,3.0,2.0,0.0,0.0,8.0,0.0,0.0,0.0,18.0,0.0,0.0,0.9547738693467337,0.04522613065326633,0.8238855255916345,0.17611447440836542,0.9361702127659575,0.06382978723404255,0.8387096774193549,0.16129032258064516,0.7777777777777778,0.2222222222222222,0.0,0.0,0.08947368421052632,0.0,0.0,0.0,0.9105263157894737,0.0,0.0,0.875,0.125,0.0,0.0,0.10242707637497216,0.0,0.0,0.0,0.8975729236250278,0.0,0.0,0.7777777777777778,0.2222222222222222,0.0,0.0,0.10606060606060606,0.0,0.0,0.0,0.8939393939393939,0.0,0.0,0.6,0.4,0.0,0.0,0.3076923076923077,0.0,0.0,0.0,0.6923076923076923,0.0,0.0,12.0,7.0,6.0,4.0,5.0,0.0,1.0,3.0,0.0,12.0,5.0,11.0,5.0,5.0,6.0,5.0,12.0,9.0,8.0,12.0,19.0,9.0,25.0,21.0,27.8,16.9,14.0,9.2,14.100000000000001,0.0,2.7,6.2,0.0,38.1,12.9,36.5,12.100000000000001,25.9,23.9,10.600000000000001,27.8,20.400000000000002,27.6,28.3,48.800000000000004,19.8,66.80000000000001,60.7,7.0,4.0,3.0,2.0,2.0,0.0,1.0,2.0,0.0,8.0,4.0,10.0,4.0,5.0,5.0,3.0,10.0,6.0,6.0,7.0,15.0,8.0,15.0,16.0,9.0,6.0,4.0,3.0,5.0,0.0,1.0,2.0,0.0,7.0,5.0,9.0,4.0,5.0,6.0,3.0,9.0,5.0,6.0,8.0,11.0,5.0,7.0,10.0,109.0,93.0,261.9,289.20000000000005,78.0,65.0,25.0,26.0,H2075,B,06,2.0,2.0,1.0,30.0,"[""2025-11-01"", ""2025-11-11""]","[""2025-11-01"", ""2025-11-02""]","[""2025-11-02""]"
Ibis budget Nice,2025,12,163.0,467.9,108.0,31.0,2.0,4.0,0.3333333333333333,0.6666666666666666,12,1,12,12,0,137.0,18.0,8.0,333.90000000000003,58.0,76.0,89.0,17.0,8.0,21.0,3.0,7.0,3.0,3.0,0.0,0.0,8.0,0.0,0.0,1.0,129.0,1.0,0.0,32.0,24.0,0.0,0.0,22.0,0.0,0.0,16.0,311.90000000000003,4.0,0.0,3.0,3.0,0.0,0.0,7.0,0.0,0.0,1.0,82.0,1.0,0.0,2.0,3.0,0.0,0.0,5.0,0.0,0.0,1.0,16.0,1.0,0.0,0.9448275862068966,0.05517241379310345,0.8145889241278361,0.18541107587216393,0.9175257731958762,0.08247422680412371,0.75,0.25,0.375,0.375,0.0,0.0,0.058394160583941604,0.0,0.0,0.125,0.9416058394160584,0.125,0.0,0.42105263157894735,0.3157894736842105,0.0,0.0,0.0658879904162923,0.0,0.0,0.21052631578947367,0.9341120095837077,0.05263157894736842,0.0,0.375,0.375,0.0,0.0,0.07865168539325842,0.0,0.0,0.125,0.9213483146067416,0.125,0.0,0.2857142857142857,0.42857142857142855,0.0,0.0,0.23809523809523808,0.0,0.0,0.14285714285714285,0.7619047619047619,0.14285714285714285,0.0,3.0,3.0,3.0,2.0,3.0,0.0,0.0,1.0,5.0,7.0,6.0,2.0,6.0,8.0,9.0,3.0,10.0,2.0,11.0,8.0,16.0,12.0,17.0,26.0,8.2,8.100000000000001,6.6000000000000005,4.7,7.6000000000000005,0.0,0.0,3.5,12.600000000000001,39.0,37.8,4.9,21.1,19.700000000000003,30.0,6.2,21.6,4.0,27.6,19.9,38.3,33.0,53.2,60.300000000000004,3.0,3.0,1.0,1.0,2.0,0.0,0.0,1.0,3.0,5.0,4.0,2.0,6.0,5.0,7.0,3.0,6.0,1.0,6.0,6.0,13.0,9.0,14.0,13.0,3.0,1.0,1.0,2.0,2.0,0.0,0.0,1.0,2.0,5.0,4.0,2.0,4.0,7.0,6.0,2.0,2.0,2.0,6.0,6.0,8.0,9.0,8.0,7.0,122.0,41.0,365.1,102.80000000000001,84.0,30.0,27.0,16.0,H2075,B,06,1.0,12.0,11.0,31.0,"[""2025-12-25""]","[""2025-12-20"", ""2025-12-21"", ""2025-12-22"", ""2025-12-23"", ""2025-12-24"", ""2025-12-25"", ""2025-12-26"", ""2025-12-27"", ""2025-12-28"", ""2025-12-29"", ""2025-12-30"", ""2025-12-31""]","[""2025-12-20"", ""2025-12-21"", ""2025-12-22"", ""2025-12-23"", ""2025-12-24"", ""2025-12-26"", ""2025-12-27"", ""2025-12-28"", ""2025-12-29"", ""2025-12-30"", ""2025-12-31""]"
Ibis budget Strasbourg Centre République,2024,1,262.0,965.8333333333334,175.66666666666666,26.0,3.0,0.0,1.0,0.0,3,10,12,3,9,262.0,0.0,0.0,965.8333333333334,0.0,0.0,205.33333333333334,0.0,0.0,26.0,0.0,0.0,0.0,0.0,0.0,0.0,24.333333333333332,77.0,0.0,0.0,160.66666666666666,0.0,0.0,0.0,0.0,0.0,0.0,167.5,245.0,0.0,0.0,553.3333333333334,0.0,0.0,0.0,0.0,0.0,0.0,21.666666666666668,58.333333333333336,0.0,0.0,125.33333333333333,0.0,0.0,0.0,0.0,0.0,0.0,4.0,9.0,0.0,0.0,13.0,0.0,0.0,1.0,0.0,1.0,0.0,1.0,0.0,1.0,0.0,0.0,0.0,0.0,0.0,0.09287531806615776,0.29389312977099236,0.0,0.0,0.6132315521628499,0.0,0.0,0.0,0.0,0.0,0.0,0.17342536669542707,0.2536669542709232,0.0,0.0,0.5729076790336497,0.0,0.0,0.0,0.0,0.0,0.0,0.10551948051948053,0.2840909090909091,0.0,0.0,0.6103896103896104,0.0,0.0,0.0,0.0,0.0,0.0,0.15384615384615385,0.34615384615384615,0.0,0.0,0.5,0.0,0.0,13.0,9.333333333333334,8.666666666666666,2.6666666666666665,1.0,2.3333333333333335,0.6666666666666666,1.0,2.0,1.6666666666666667,3.3333333333333335,7.0,2.3333333333333335,2.3333333333333335,1.3333333333333333,6.333333333333333,9.0,8.333333333333334,9.333333333333334,19.0,31.666666666666668,47.0,38.0,34.666666666666664,45.333333333333336,51.833333333333336,43.333333333333336,8.666666666666666,2.6666666666666665,6.666666666666667,1.6666666666666667,2.5,5.5,4.166666666666667,8.833333333333334,22.333333333333332,11.666666666666666,10.333333333333334,3.3333333333333335,19.0,27.333333333333332,32.5,38.5,63.833333333333336,118.16666666666667,156.83333333333334,134.16666666666666,146.66666666666666,10.333333333333334,5.333333333333333,6.0,2.3333333333333335,1.0,2.0,0.6666666666666666,1.0,2.0,1.6666666666666667,3.0,5.0,2.0,2.0,1.3333333333333333,4.666666666666667,7.333333333333333,7.0,8.0,17.666666666666668,23.333333333333332,36.0,28.333333333333332,27.333333333333332,6.666666666666667,7.0,5.0,2.3333333333333335,1.0,2.0,0.6666666666666666,0.6666666666666666,1.6666666666666667,1.6666666666666667,3.0,5.0,1.6666666666666667,2.3333333333333335,1.3333333333333333,5.0,6.666666666666667,7.0,7.0,11.0,13.0,14.333333333333334,14.0,12.0,189.0,73.0,672.3333333333334,293.5,153.33333333333334,52.0,25.0,20.666666666666668,HB6A3,B,67,1.0,7.0,6.0,31.0,"[""2024-01-01""]","[""2024-01-01"", ""2024-01-02"", ""2024-01-03"", ""2024-01-04"", ""2024-01-05"", ""2024-01-06"", ""2024-01-07""]","[""2024-01-02"", ""2024-01-03"", ""2024-01-04"", ""2024-01-05"", ""2024-01-06"", ""2024-01-07""]"
Ibis budget Strasbourg Centre République,2024,2,262.0,965.8333333333334,175.66666666666666,26.0,3.0,0.0,1.0,0.0,3,10,12,3,9,262.0,0.0,0.0,965.8333333333334,0.0,0.0,205.33333333333334,0.0,0.0,26.0,0.0,0.0,0.0,0.0,0.0,0.0,24.333333333333332,77.0,0.0,0.0,160.66666666666666,0.0,0.0,0.0,0.0,0.0,0.0,167.5,245.0,0.0,0.0,553.3333333333334,0.0,0.0,0.0,0.0,0.0,0.0,21.666666666666668,58.333333333333336,0.0,0.0,125.33333333333333,0.0,0.0,0.0,0.0,0.0,0.0,4.0,9.0,0.0,0.0,13.0,0.0,0.0,1.0,0.0,1.0,0.0,1.0,0.0,1.0,0.0,0.0,0.0,0.0,0.0,0.09287531806615776,0.29389312977099236,0.0,0.0,0.6132315521628499,0.0,0.0,0.0,0.0,0.0,0.0,0.17342536669542707,0.2536669542709232,0.0,0.0,0.5729076790336497,0.0,0.0,0.0,0.0,0.0,0.0,0.10551948051948053,0.2840909090909091,0.0,0.0,0.6103896103896104,0.0,0.0,0.0,0.0,0.0,0.0,0.15384615384615385,0.34615384615384615,0.0,0.0,0.5,0.0,0.0,13.0,9.333333333333334,8.666666666666666,2.6666666666666665,1.0,2.3333333333333335,0.6666666666666666,1.0,2.0,1.6666666666666667,3.3333333333333335,7.0,2.3333333333333335,2.3333333333333335,1.3333333333333333,6.333333333333333,9.0,8.333333333333334,9.333333333333334,19.0,31.666666666666668,47.0,38.0,34.666666666666664,45.333333333333336,51.833333333333336,43.333333333333336,8.666666666666666,2.6666666666666665,6.666666666666667,1.6666666666666667,2.5,5.5,4.166666666666667,8.833333333333334,22.333333333333332,11.666666666666666,10.333333333333334,3.3333333333333335,19.0,27.333333333333332,32.5,38.5,63.833333333333336,118.16666666666667,156.83333333333334,134.16666666666666,146.66666666666666,10.333333333333334,5.333333333333333,6.0,2.3333333333333335,1.0,2.0,0.6666666666666666,1.0,2.0,1.6666666666666667,3.0,5.0,2.0,2.0,1.3333333333333333,4.666666666666667,7.333333333333333,7.0,8.0,17.666666666666668,23.333333333333332,36.0,28.333333333333332,27.333333333333332,6.666666666666667,7.0,5.0,2.3333333333333335,1.0,2.0,0.6666666666666666,0.6666666666666666,1.6666666666666667,1.6666666666666667,3.0,5.0,1.6666666666666667,2.3333333333333335,1.3333333333333333,5.0,6.666666666666667,7.0,7.0,11.0,13.0,14.333333333333334,14.0,12.0,189.0,73.0,672.3333333333334,293.5,153.33333333333334,52.0,25.0,20.666666666666668,HB6A3,B,67,0.0,6.0,6.0,29.0,[],"[""2024-02-24"", ""2024-02-25"", ""2024-02-26"", ""2024-02-27"", ""2024-02-28"", ""2024-02-29""]","[""2024-02-24"", ""2024-02-25"", ""2024-02-26"", ""2024-02-27"", ""2024-02-28"", ""2024-02-29""]"
Ibis budget Strasbourg Centre République,2024,3,262.0,965.8333333333334,175.66666666666666,26.0,3.0,0.0,1.0,0.0,3,10,12,3,9,262.0,0.0,0.0,965.8333333333334,0.0,0.0,205.33333333333334,0.0,0.0,26.0,0.0,0.0,0.0,0.0,0.0,0.0,24.333333333333332,77.0,0.0,0.0,160.66666666666666,0.0,0.0,0.0,0.0,0.0,0.0,167.5,245.0,0.0,0.0,553.3333333333334,0.0,0.0,0.0,0.0,0.0,0.0,21.666666666666668,58.333333333333336,0.0,0.0,125.33333333333333,0.0,0.0,0.0,0.0,0.0,0.0,4.0,9.0,0.0,0.0,13.0,0.0,0.0,1.0,0.0,1.0,0.0,1.0,0.0,1.0,0.0,0.0,0.0,0.0,0.0,0.09287531806615776,0.29389312977099236,0.0,0.0,0.6132315521628499,0.0,0.0,0.0,0.0,0.0,0.0,0.17342536669542707,0.2536669542709232,0.0,0.0,0.5729076790336497,0.0,0.0,0.0,0.0,0.0,0.0,0.10551948051948053,0.2840909090909091,0.0,0.0,0.6103896103896104,0.0,0.0,0.0,0.0,0.0,0.0,0.15384615384615385,0.34615384615384615,0.0,0.0,0.5,0.0,0.0,13.0,9.333333333333334,8.666666666666666,2.6666666666666665,1.0,2.3333333333333335,0.6666666666666666,1.0,2.0,1.6666666666666667,3.3333333333333335,7.0,2.3333333333333335,2.3333333333333335,1.3333333333333333,6.333333333333333,9.0,8.333333333333334,9.333333333333334,19.0,31.666666666666668,47.0,38.0,34.666666666666664,45.333333333333336,51.833333333333336,43.333333333333336,8.666666666666666,2.6666666666666665,6.666666666666667,1.6666666666666667,2.5,5.5,4.166666666666667,8.833333333333334,22.333333333333332,11.666666666666666,10.333333333333334,3.3333333333333335,19.0,27.333333333333332,32.5,38.5,63.833333333333336,118.16666666666667,156.83333333333334,134.16666666666666,146.66666666666666,10.333333333333334,5.333333333333333,6.0,2.3333333333333335,1.0,2.0,0.6666666666666666,1.0,2.0,1.6666666666666667,3.0,5.0,2.0,2.0,1.3333333333333333,4.666666666666667,7.333333333333333,7.0,8.0,17.666666666666668,23.333333333333332,36.0,28.333333333333332,27.333333333333332,6.666666666666667,7.0,5.0,2.3333333333333335,1.0,2.0,0.6666666666666666,0.6666666666666666,1.6666666666666667,1.6666666666666667,3.0,5.0,1.6666666666666667,2.3333333333333335,1.3333333333333333,5.0,6.666666666666667,7.0,7.0,11.0,13.0,14.333333333333334,14.0,12.0,189.0,73.0,672.3333333333334,293.5,153.33333333333334,52.0,25.0,20.666666666666668,HB6A3,B,67,1.0,10.0,10.0,31.0,"[""2024-03-29""]","[""2024-03-01"", ""2024-03-02"", ""2024-03-03"", ""2024-03-04"", ""2024-03-05"", ""2024-03-06"", ""2024-03-07"", ""2024-03-08"", ""2024-03-09"", ""2024-03-10""]","[""2024-03-01"", ""2024-03-02"", ""2024-03-03"", ""2024-03-04"", ""2024-03-05"", ""2024-03-06"", ""2024-03-07"", ""2024-03-08"", ""2024-03-09"", ""2024-03-10""]"
Ibis budget Strasbourg Centre République,2024,4,262.0,965.8333333333334,175.66666666666666,26.0,3.0,0.0,1.0,0.0,3,10,12,3,9,262.0,0.0,0.0,965.8333333333334,0.0,0.0,205.33333333333334,0.0,0.0,26.0,0.0,0.0,0.0,0.0,0.0,0.0,24.333333333333332,77.0,0.0,0.0,160.66666666666666,0.0,0.0,0.0,0.0,0.0,0.0,167.5,245.0,0.0,0.0,553.3333333333334,0.0,0.0,0.0,0.0,0.0,0.0,21.666666666666668,58.333333333333336,0.0,0.0,125.33333333333333,0.0,0.0,0.0,0.0,0.0,0.0,4.0,9.0,0.0,0.0,13.0,0.0,0.0,1.0,0.0,1.0,0.0,1.0,0.0,1.0,0.0,0.0,0.0,0.0,0.0,0.09287531806615776,0.29389312977099236,0.0,0.0,0.6132315521628499,0.0,0.0,0.0,0.0,0.0,0.0,0.17342536669542707,0.2536669542709232,0.0,0.0,0.5729076790336497,0.0,0.0,0.0,0.0,0.0,0.0,0.10551948051948053,0.2840909090909091,0.0,0.0,0.6103896103896104,0.0,0.0,0.0,0.0,0.0,0.0,0.15384615384615385,0.34615384615384615,0.0,0.0,0.5,0.0,0.0,13.0,9.333333333333334,8.666666666666666,2.6666666666666665,1.0,2.3333333333333335,0.6666666666666666,1.0,2.0,1.6666666666666667,3.3333333333333335,7.0,2.3333333333333335,2.3333333333333335,1.3333333333333333,6.333333333333333,9.0,8.333333333333334,9.333333333333334,19.0,31.666666666666668,47.0,38.0,34.666666666666664,45.333333333333336,51.833333333333336,43.333333333333336,8.666666666666666,2.6666666666666665,6.666666666666667,1.6666666666666667,2.5,5.5,4.166666666666667,8.833333333333334,22.333333333333332,11.666666666666666,10.333333333333334,3.3333333333333335,19.0,27.333333333333332,32.5,38.5,63.833333333333336,118.16666666666667,156.83333333333334,134.16666666666666,146.66666666666666,10.333333333333334,5.333333333333333,6.0,2.3333333333333335,1.0,2.0,0.6666666666666666,1.0,2.0,1.6666666666666667,3.0,5.0,2.0,2.0,1.3333333333333333,4.666666666666667,7.333333333333333,7.0,8.0,17.666666666666668,23.333333333333332,36.0,28.333333333333332,27.333333333333332,6.666666666666667,7.0,5.0,2.3333333333333335,1.0,2.0,0.6666666666666666,0.6666666666666666,1.6666666666666667,1.6666666666666667,3.0,5.0,1.6666666666666667,2.3333333333333335,1.3333333333333333,5.0,6.666666666666667,7.0,7.0,11.0,13.0,14.333333333333334,14.0,12.0,189.0,73.0,672.3333333333334,293.5,153.33333333333334,52.0,25.0,20.666666666666668,HB6A3,B,67,1.0,11.0,11.0,30.0,"[""2024-04-01""]","[""2024-04-20"", ""2024-04-21"", ""2024-04-22"", ""2024-04-23"", ""2024-04-24"", ""2024-04-25"", ""2024-04-26"", ""2024-04-27"", ""2024-04-28"", ""2024-04-29"", ""2024-04-30""]","[""2024-04-20"", ""2024-04-21"", ""2024-04-22"", ""2024-04-23"", ""2024-04-24"", ""2024-04-25"", ""2024-04-26"", ""2024-04-27"", ""2024-04-28"", ""2024-04-29"", ""2024-04-30""]"
Ibis budget Strasbourg Centre République,2024,5,262.0,965.8333333333334,175.66666666666666,26.0,3.0,0.0,1.0,0.0,3,10,12,3,9,262.0,0.0,0.0,965.8333333333334,0.0,0.0,205.33333333333334,0.0,0.0,26.0,0.0,0.0,0.0,0.0,0.0,0.0,24.333333333333332,77.0,0.0,0.0,160.66666666666666,0.0,0.0,0.0,0.0,0.0,0.0,167.5,245.0,0.0,0.0,553.3333333333334,0.0,0.0,0.0,0.0,0.0,0.0,21.666666666666668,58.333333333333336,0.0,0.0,125.33333333333333,0.0,0.0,0.0,0.0,0.0,0.0,4.0,9.0,0.0,0.0,13.0,0.0,0.0,1.0,0.0,1.0,0.0,1.0,0.0,1.0,0.0,0.0,0.0,0.0,0.0,0.09287531806615776,0.29389312977099236,0.0,0.0,0.6132315521628499,0.0,0.0,0.0,0.0,0.0,0.0,0.17342536669542707,0.2536669542709232,0.0,0.0,0.5729076790336497,0.0,0.0,0.0,0.0,0.0,0.0,0.10551948051948053,0.2840909090909091,0.0,0.0,0.6103896103896104,0.0,0.0,0.0,0.0,0.0,0.0,0.15384615384615385,0.34615384615384615,0.0,0.0,0.5,0.0,0.0,13.0,9.333333333333334,8.666666666666666,2.6666666666666665,1.0,2.3333333333333335,0.6666666666666666,1.0,2.0,1.6666666666666667,3.3333333333333335,7.0,2.3333333333333335,2.3333333333333335,1.3333333333333333,6.333333333333333,9.0,8.333333333333334,9.333333333333334,19.0,31.666666666666668,47.0,38.0,34.666666666666664,45.333333333333336,51.833333333333336,43.333333333333336,8.666666666666666,2.6666666666666665,6.666666666666667,1.6666666666666667,2.5,5.5,4.166666666666667,8.833333333333334,22.333333333333332,11.666666666666666,10.333333333333334,3.3333333333333335,19.0,27.333333333333332,32.5,38.5,63.833333333333336,118.16666666666667,156.83333333333334,134.16666666666666,146.66666666666666,10.333333333333334,5.333333333333333,6.0,2.3333333333333335,1.0,2.0,0.6666666666666666,1.0,2.0,1.6666666666666667,3.0,5.0,2.0,2.0,1.3333333333333333,4.666666666666667,7.333333333333333,7.0,8.0,17.666666666666668,23.333333333333332,36.0,28.333333333333332,27.333333333333332,6.666666666666667,7.0,5.0,2.3333333333333335,1.0,2.0,0.6666666666666666,0.6666666666666666,1.6666666666666667,1.6666666666666667,3.0,5.0,1.6666666666666667,2.3333333333333335,1.3333333333333333,5.0,6.666666666666667,7.0,7.0,11.0,13.0,14.333333333333334,14.0,12.0,189.0,73.0,672.3333333333334,293.5,153.33333333333334,52.0,25.0,20.666666666666668,HB6A3,B,67,4.0,9.0,7.0,31.0,"[""2024-05-01"", ""2024-05-08"", ""2024-05-09"", ""2024-05-20""]","[""2024-05-01"", ""2024-05-02"", ""2024-05-03"", ""2024-05-04"", ""2024-05-05"", ""2024-05-09"", ""2024-05-10"", ""2024-05-11"", ""2024-05-12""]","[""2024-05-02"", ""2024-05-03"", ""2024-05-04"", ""2024-05-05"", ""2024-05-10"", ""2024-05-11"", ""2024-05-12""]"
Ibis budget Strasbourg Centre République,2024,6,262.0,965.8333333333334,175.66666666666666,26.0,3.0,0.0,1.0,0.0,3,10,12,3,9,262.0,0.0,0.0,965.8333333333334,0.0,0.0,205.33333333333334,0.0,0.0,26.0,0.0,0.0,0.0,0.0,0.0,0.0,24.333333333333332,77.0,0.0,0.0,160.66666666666666,0.0,0.0,0.0,0.0,0.0,0.0,167.5,245.0,0.0,0.0,553.3333333333334,0.0,0.0,0.0,0.0,0.0,0.0,21.666666666666668,58.333333333333336,0.0,0.0,125.33333333333333,0.0,0.0,0.0,0.0,0.0,0.0,4.0,9.0,0.0,0.0,13.0,0.0,0.0,1.0,0.0,1.0,0.0,1.0,0.0,1.0,0.0,0.0,0.0,0.0,0.0,0.09287531806615776,0.29389312977099236,0.0,0.0,0.6132315521628499,0.0,0.0,0.0,0.0,0.0,0.0,0.17342536669542707,0.2536669542709232,0.0,0.0,0.5729076790336497,0.0,0.0,0.0,0.0,0.0,0.0,0.10551948051948053,0.2840909090909091,0.0,0.0,0.6103896103896104,0.0,0.0,0.0,0.0,0.0,0.0,0.15384615384615385,0.34615384615384615,0.0,0.0,0.5,0.0,0.0,13.0,9.333333333333334,8.666666666666666,2.6666666666666665,1.0,2.3333333333333335,0.6666666666666666,1.0,2.0,1.6666666666666667,3.3333333333333335,7.0,2.3333333333333335,2.3333333333333335,1.3333333333333333,6.333333333333333,9.0,8.333333333333334,9.333333333333334,19.0,31.666666666666668,47.0,38.0,34.666666666666664,45.333333333333336,51.833333333333336,43.333333333333336,8.666666666666666,2.6666666666666665,6.666666666666667,1.6666666666666667,2.5,5.5,4.166666666666667,8.833333333333334,22.333333333333332,11.666666666666666,10.333333333333334,3.3333333333333335,19.0,27.333333333333332,32.5,38.5,63.833333333333336,118.16666666666667,156.83333333333334,134.16666666666666,146.66666666666666,10.333333333333334,5.333333333333333,6.0,2.3333333333333335,1.0,2.0,0.6666666666666666,1.0,2.0,1.6666666666666667,3.0,5.0,2.0,2.0,1.3333333333333333,4.666666666666667,7.333333333333333,7.0,8.0,17.666666666666668,23.333333333333332,36.0,28.333333333333332,27.333333333333332,6.666666666666667,7.0,5.0,2.3333333333333335,1.0,2.0,0.6666666666666666,0.6666666666666666,1.6666666666666667,1.6666666666666667,3.0,5.0,1.6666666666666667,2.3333333333333335,1.3333333333333333,5.0,6.666666666666667,7.0,7.0,11.0,13.0,14.333333333333334,14.0,12.0,189.0,73.0,672.3333333333334,293.5,153.33333333333334,52.0,25.0,20.666666666666668,HB6A3,B,67,0.0,0.0,0.0,30.0,[],[],[]
Ibis budget Strasbourg Centre République,2024,7,262.0,965.8333333333334,175.66666666666666,26.0,3.0,0.0,1.0,0.0,3,10,12,3,9,262.0,0.0,0.0,965.8333333333334,0.0,0.0,205.33333333333334,0.0,0.0,26.0,0.0,0.0,0.0,0.0,0.0,0.0,24.333333333333332,77.0,0.0,0.0,160.66666666666666,0.0,0.0,0.0,0.0,0.0,0.0,167.5,245.0,0.0,0.0,553.3333333333334,0.0,0.0,0.0,0.0,0.0,0.0,21.666666666666668,58.333333333333336,0.0,0.0,125.33333333333333,0.0,0.0,0.0,0.0,0.0,0.0,4.0,9.0,0.0,0.0,13.0,0.0,0.0,1.0,0.0,1.0,0.0,1.0,0.0,1.0,0.0,0.0,0.0,0.0,0.0,0.09287531806615776,0.29389312977099236,0.0,0.0,0.6132315521628499,0.0,0.0,0.0,0.0,0.0,0.0,0.17342536669542707,0.2536669542709232,0.0,0.0,0.5729076790336497,0.0,0.0,0.0,0.0,0.0,0.0,0.10551948051948053,0.2840909090909091,0.0,0.0,0.6103896103896104,0.0,0.0,0.0,0.0,0.0,0.0,0.15384615384615385,0.34615384615384615,0.0,0.0,0.5,0.0,0.0,13.0,9.333333333333334,8.666666666666666,2.6666666666666665,1.0,2.3333333333333335,0.6666666666666666,1.0,2.0,1.6666666666666667,3.3333333333333335,7.0,2.3333333333333335,2.3333333333333335,1.3333333333333333,6.333333333333333,9.0,8.333333333333334,9.333333333333334,19.0,31.666666666666668,47.0,38.0,34.666666666666664,45.333333333333336,51.833333333333336,43.333333333333336,8.666666666666666,2.6666666666666665,6.666666666666667,1.6666666666666667,2.5,5.5,4.166666666666667,8.833333333333334,22.333333333333332,11.666666666666666,10.333333333333334,3.3333333333333335,19.0,27.333333333333332,32.5,38.5,63.833333333333336,118.16666666666667,156.83333333333334,134.16666666666666,146.66666666666666,10.333333333333334,5.333333333333333,6.0,2.3333333333333335,1.0,2.0,0.6666666666666666,1.0,2.0,1.6666666666666667,3.0,5.0,2.0,2.0,1.3333333333333333,4.666666666666667,7.333333333333333,7.0,8.0,17.666666666666668,23.333333333333332,36.0,28.333333333333332,27.333333333333332,6.666666666666667,7.0,5.0,2.3333333333333335,1.0,2.0,0.6666666666666666,0.6666666666666666,1.6666666666666667,1.6666666666666667,3.0,5.0,1.6666666666666667,2.3333333333333335,1.3333333333333333,5.0,6.666666666666667,7.0,7.0,11.0,13.0,14.333333333333334,14.0,12.0,189.0,73.0,672.3333333333334,293.5,153.33333333333334,52.0,25.0,20.666666666666668,HB6A3,B,67,1.0,26.0,25.0,31.0,"[""2024-07-14""]","[""2024-07-06"", ""2024-07-07"", ""2024-07-08"", ""2024-07-09"", ""2024-07-10"", ""2024-07-11"", ""2024-07-12"", ""2024-07-13"", ""2024-07-14"", ""2024-07-15"", ""2024-07-16"", ""2024-07-17"", ""2024-07-18"", ""2024-07-19"", ""2024-07-20"", ""2024-07-21"", ""2024-07-22"", ""2024-07-23"", ""2024-07-24"", ""2024-07-25"", ""2024-07-26"", ""2024-07-27"", ""2024-07-28"", ""2024-07-29"", ""2024-07-30"", ""2024-07-31""]","[""2024-07-06"", ""2024-07-07"", ""2024-07-08"", ""2024-07-09"", ""2024-07-10"", ""2024-07-11"", ""2024-07-12"", ""2024-07-13"", ""2024-07-15"", ""2024-07-16"", ""2024-07-17"", ""2024-07-18"", ""2024-07-19"", ""2024-07-20"", ""2024-07-21"", ""2024-07-22"", ""2024-07-23"", ""2024-07-24"", ""2024-07-25"", ""2024-07-26"", ""2024-07-27"", ""2024-07-28"", ""2024-07-29"", ""2024-07-30"", ""2024-07-31""]"
Ibis budget Strasbourg Centre République,2024,8,262.0,965.8333333333334,175.66666666666666,26.0,3.0,0.0,1.0,0.0,3,10,12,3,9,262.0,0.0,0.0,965.8333333333334,0.0,0.0,205.33333333333334,0.0,0.0,26.0,0.0,0.0,0.0,0.0,0.0,0.0,24.333333333333332,77.0,0.0,0.0,160.66666666666666,0.0,0.0,0.0,0.0,0.0,0.0,167.5,245.0,0.0,0.0,553.3333333333334,0.0,0.0,0.0,0.0,0.0,0.0,21.666666666666668,58.333333333333336,0.0,0.0,125.33333333333333,0.0,0.0,0.0,0.0,0.0,0.0,4.0,9.0,0.0,0.0,13.0,0.0,0.0,1.0,0.0,1.0,0.0,1.0,0.0,1.0,0.0,0.0,0.0,0.0,0.0,0.09287531806615776,0.29389312977099236,0.0,0.0,0.6132315521628499,0.0,0.0,0.0,0.0,0.0,0.0,0.17342536669542707,0.2536669542709232,0.0,0.0,0.5729076790336497,0.0,0.0,0.0,0.0,0.0,0.0,0.10551948051948053,0.2840909090909091,0.0,0.0,0.6103896103896104,0.0,0.0,0.0,0.0,0.0,0.0,0.15384615384615385,0.34615384615384615,0.0,0.0,0.5,0.0,0.0,13.0,9.333333333333334,8.666666666666666,2.6666666666666665,1.0,2.3333333333333335,0.6666666666666666,1.0,2.0,1.6666666666666667,3.3333333333333335,7.0,2.3333333333333335,2.3333333333333335,1.3333333333333333,6.333333333333333,9.0,8.333333333333334,9.333333333333334,19.0,31.666666666666668,47.0,38.0,34.666666666666664,45.333333333333336,51.833333333333336,43.333333333333336,8.666666666666666,2.6666666666666665,6.666666666666667,1.6666666666666667,2.5,5.5,4.166666666666667,8.833333333333334,22.333333333333332,11.666666666666666,10.333333333333334,3.3333333333333335,19.0,27.333333333333332,32.5,38.5,63.833333333333336,118.16666666666667,156.83333333333334,134.16666666666666,146.66666666666666,10.333333333333334,5.333333333333333,6.0,2.3333333333333335,1.0,2.0,0.6666666666666666,1.0,2.0,1.6666666666666667,3.0,5.0,2.0,2.0,1.3333333333333333,4.666666666666667,7.333333333333333,7.0,8.0,17.666666666666668,23.333333333333332,36.0,28.333333333333332,27.333333333333332,6.666666666666667,7.0,5.0,2.3333333333333335,1.0,2.0,0.6666666666666666,0.6666666666666666,1.6666666666666667,1.6666666666666667,3.0,5.0,1.6666666666666667,2.3333333333333335,1.3333333333333333,5.0,6.666666666666667,7.0,7.0,11.0,13.0,14.333333333333334,14.0,12.0,189.0,73.0,672.3333333333334,293.5,153.33333333333334,52.0,25.0,20.666666666666668,HB6A3,B,67,1.0,31.0,30.0,31.0,"[""2024-08-15""]","[""2024-08-01"", ""2024-08-02"", ""2024-08-03"", ""2024-08-04"", ""2024-08-05"", ""2024-08-06"", ""2024-08-07"", ""2024-08-08"", ""2024-08-09"", ""2024-08-10"", ""2024-08-11"", ""2024-08-12"", ""2024-08-13"", ""2024-08-14"", ""2024-08-15"", ""2024-08-16"", ""2024-08-17"", ""2024-08-18"", ""2024-08-19"", ""2024-08-20"", ""2024-08-21"", ""2024-08-22"", ""2024-08-23"", ""2024-08-24"", ""2024-08-25"", ""2024-08-26"", ""2024-08-27"", ""2024-08-28"", ""2024-08-29"", ""2024-08-30"", ""2024-08-31""]","[""2024-08-01"", ""2024-08-02"", ""2024-08-03"", ""2024-08-04"", ""2024-08-05"", ""2024-08-06"", ""2024-08-07"", ""2024-08-08"", ""2024-08-09"", ""2024-08-10"", ""2024-08-11"", ""2024-08-12"", ""2024-08-13"", ""2024-08-14"", ""2024-08-16"", ""2024-08-17"", ""2024-08-18"", ""2024-08-19"", ""2024-08-20"", ""2024-08-21"", ""2024-08-22"", ""2024-08-23"", ""2024-08-24"", ""2024-08-25"", ""2024-08-26"", ""2024-08-27"", ""2024-08-28"", ""2024-08-29"", ""2024-08-30"", ""2024-08-31""]"
Ibis budget Strasbourg Centre République,2024,9,262.0,965.8333333333334,175.66666666666666,26.0,3.0,0.0,1.0,0.0,3,10,12,3,9,262.0,0.0,0.0,965.8333333333334,0.0,0.0,205.33333333333334,0.0,0.0,26.0,0.0,0.0,0.0,0.0,0.0,0.0,24.333333333333332,77.0,0.0,0.0,160.66666666666666,0.0,0.0,0.0,0.0,0.0,0.0,167.5,245.0,0.0,0.0,553.3333333333334,0.0,0.0,0.0,0.0,0.0,0.0,21.666666666666668,58.333333333333336,0.0,0.0,125.33333333333333,0.0,0.0,0.0,0.0,0.0,0.0,4.0,9.0,0.0,0.0,13.0,0.0,0.0,1.0,0.0,1.0,0.0,1.0,0.0,1.0,0.0,0.0,0.0,0.0,0.0,0.09287531806615776,0.29389312977099236,0.0,0.0,0.6132315521628499,0.0,0.0,0.0,0.0,0.0,0.0,0.17342536669542707,0.2536669542709232,0.0,0.0,0.5729076790336497,0.0,0.0,0.0,0.0,0.0,0.0,0.10551948051948053,0.2840909090909091,0.0,0.0,0.6103896103896104,0.0,0.0,0.0,0.0,0.0,0.0,0.15384615384615385,0.34615384615384615,0.0,0.0,0.5,0.0,0.0,13.0,9.333333333333334,8.666666666666666,2.6666666666666665,1.0,2.3333333333333335,0.6666666666666666,1.0,2.0,1.6666666666666667,3.3333333333333335,7.0,2.3333333333333335,2.3333333333333335,1.3333333333333333,6.333333333333333,9.0,8.333333333333334,9.333333333333334,19.0,31.666666666666668,47.0,38.0,34.666666666666664,45.333333333333336,51.833333333333336,43.333333333333336,8.666666666666666,2.6666666666666665,6.666666666666667,1.6666666666666667,2.5,5.5,4.166666666666667,8.833333333333334,22.333333333333332,11.666666666666666,10.333333333333334,3.3333333333333335,19.0,27.333333333333332,32.5,38.5,63.833333333333336,118.16666666666667,156.83333333333334,134.16666666666666,146.66666666666666,10.333333333333334,5.333333333333333,6.0,2.3333333333333335,1.0,2.0,0.6666666666666666,1.0,2.0,1.6666666666666667,3.0,5.0,2.0,2.0,1.3333333333333333,4.666666666666667,7.333333333333333,7.0,8.0,17.666666666666668,23.333333333333332,36.0,28.333333333333332,27.333333333333332,6.666666666666667,7.0,5.0,2.3333333333333335,1.0,2.0,0.6666666666666666,0.6666666666666666,1.6666666666666667,1.6666666666666667,3.0,5.0,1.6666666666666667,2.3333333333333335,1.3333333333333333,5.0,6.666666666666667,7.0,7.0,11.0,13.0,14.333333333333334,14.0,12.0,189.0,73.0,672.3333333333334,293.5,153.33333333333334,52.0,25.0,20.666666666666668,HB6A3,B,67,0.0,1.0,1.0,30.0,[],"[""2024-09-01""]","[""2024-09-01""]"
Ibis budget Strasbourg Centre République,2024,10,151.0,618.5,99.0,22.0,3.0,0.0,1.0,0.0,3,10,12,3,9,151.0,0.0,0.0,618.5,0.0,0.0,112.0,0.0,0.0,22.0,0.0,0.0,0.0,0.0,0.0,0.0,15.0,39.0,0.0,0.0,97.0,0.0,0.0,0.0,0.0,0.0,0.0,142.5,138.5,0.0,0.0,337.5,0.0,0.0,0.0,0.0,0.0,0.0,13.0,26.0,0.0,0.0,73.0,0.0,0.0,0.0,0.0,0.0,0.0,4.0,6.0,0.0,0.0,12.0,0.0,0.0,1.0,0.0,1.0,0.0,1.0,0.0,1.0,0.0,0.0,0.0,0.0,0.0,0.09933774834437085,0.2582781456953642,0.0,0.0,0.6423841059602649,0.0,0.0,0.0,0.0,0.0,0.0,0.23039611964430073,0.22392886014551333,0.0,0.0,0.5456750202101859,0.0,0.0,0.0,0.0,0.0,0.0,0.11607142857142858,0.23214285714285715,0.0,0.0,0.6517857142857143,0.0,0.0,0.0,0.0,0.0,0.0,0.18181818181818182,0.2727272727272727,0.0,0.0,0.5454545454545454,0.0,0.0,11.0,12.0,8.0,4.0,2.0,3.0,0.0,0.0,1.0,2.0,1.0,2.0,1.0,1.0,0.0,6.0,8.0,6.0,8.0,12.0,19.0,21.0,11.0,12.0,38.0,110.5,41.5,10.5,5.5,8.5,0.0,0.0,3.0,5.0,3.0,5.0,15.0,3.0,0.0,23.0,26.0,20.5,28.0,44.0,76.5,73.5,42.5,36.0,7.0,5.0,4.0,4.0,2.0,3.0,0.0,0.0,1.0,2.0,1.0,2.0,1.0,1.0,0.0,4.0,6.0,5.0,7.0,12.0,12.0,15.0,8.0,10.0,4.0,7.0,4.0,4.0,2.0,2.0,0.0,0.0,1.0,2.0,1.0,2.0,1.0,1.0,0.0,5.0,6.0,5.0,5.0,8.0,10.0,9.0,10.0,8.0,106.0,45.0,379.5,239.0,83.0,29.0,21.0,18.0,HB6A3,B,67,0.0,13.0,13.0,31.0,[],"[""2024-10-19"", ""2024-10-20"", ""2024-10-21"", ""2024-10-22"", ""2024-10-23"", ""2024-10-24"", ""2024-10-25"", ""2024-10-26"", ""2024-10-27"", ""2024-10-28"", ""2024-10-29"", ""2024-10-30"", ""2024-10-31""]","[""2024-10-19"", ""2024-10-20"", ""2024-10-21"", ""2024-10-22"", ""2024-10-23"", ""2024-10-24"", ""2024-10-25"", ""2024-10-26"", ""2024-10-27"", ""2024-10-28"", ""2024-10-29"", ""2024-10-30"", ""2024-10-31""]"
Ibis budget Strasbourg Centre République,2024,11,252.0,943.5,173.0,29.0,3.0,0.0,1.0,0.0,3,10,12,3,9,252.0,0.0,0.0,943.5,0.0,0.0,210.0,0.0,0.0,29.0,0.0,0.0,0.0,0.0,0.0,0.0,27.0,91.0,0.0,0.0,134.0,0.0,0.0,0.0,0.0,0.0,0.0,265.0,274.0,0.0,0.0,404.5,0.0,0.0,0.0,0.0,0.0,0.0,23.0,73.0,0.0,0.0,114.0,0.0,0.0,0.0,0.0,0.0,0.0,4.0,11.0,0.0,0.0,14.0,0.0,0.0,1.0,0.0,1.0,0.0,1.0,0.0,1.0,0.0,0.0,0.0,0.0,0.0,0.10714285714285714,0.3611111111111111,0.0,0.0,0.5317460317460317,0.0,0.0,0.0,0.0,0.0,0.0,0.28086910439851615,0.29040805511393747,0.0,0.0,0.4287228404875464,0.0,0.0,0.0,0.0,0.0,0.0,0.10952380952380952,0.3476190476190476,0.0,0.0,0.5428571428571428,0.0,0.0,0.0,0.0,0.0,0.0,0.13793103448275862,0.3793103448275862,0.0,0.0,0.4827586206896552,0.0,0.0,10.0,10.0,9.0,1.0,1.0,2.0,0.0,2.0,2.0,0.0,5.0,12.0,0.0,4.0,1.0,0.0,4.0,10.0,7.0,20.0,28.0,42.0,37.0,45.0,48.0,30.0,36.0,3.0,2.5,6.0,0.0,5.0,5.0,0.0,13.0,44.5,0.0,23.0,2.5,0.0,10.0,53.0,30.0,79.0,122.0,147.0,137.0,147.0,9.0,7.0,8.0,1.0,1.0,1.0,0.0,2.0,2.0,0.0,4.0,7.0,0.0,3.0,1.0,0.0,4.0,9.0,7.0,20.0,22.0,36.0,26.0,40.0,6.0,8.0,7.0,1.0,1.0,2.0,0.0,1.0,2.0,0.0,5.0,9.0,0.0,4.0,1.0,0.0,4.0,8.0,7.0,14.0,13.0,18.0,15.0,17.0,182.0,70.0,680.0,263.5,157.0,53.0,27.0,22.0,HB6A3,B,67,2.0,3.0,2.0,30.0,"[""2024-11-01"", ""2024-11-11""]","[""2024-11-01"", ""2024-11-02"", ""2024-11-03""]","[""2024-11-02"", ""2024-11-03""]"
Ibis budget Strasbourg Centre République,2024,12,383.0,1335.5,255.0,27.0,3.0,0.0,1.0,0.0,3,10,12,3,9,383.0,0.0,0.0,1335.5,0.0,0.0,294.0,0.0,0.0,27.0,0.0,0.0,0.0,0.0,0.0,0.0,31.0,101.0,0.0,0.0,251.0,0.0,0.0,0.0,0.0,0.0,0.0,95.0,322.5,0.0,0.0,918.0,0.0,0.0,0.0,0.0,0.0,0.0,29.0,76.0,0.0,0.0,189.0,0.0,0.0,0.0,0.0,0.0,0.0,4.0,10.0,0.0,0.0,13.0,0.0,0.0,1.0,0.0,1.0,0.0,1.0,0.0,1.0,0.0,0.0,0.0,0.0,0.0,0.08093994778067885,0.26370757180156656,0.0,0.0,0.6553524804177546,0.0,0.0,0.0,0.0,0.0,0.0,0.0711344065892924,0.2414825907899663,0.0,0.0,0.6873830026207413,0.0,0.0,0.0,0.0,0.0,0.0,0.09863945578231292,0.2585034013605442,0.0,0.0,0.6428571428571429,0.0,0.0,0.0,0.0,0.0,0.0,0.14814814814814814,0.37037037037037035,0.0,0.0,0.48148148148148145,0.0,0.0,18.0,6.0,9.0,3.0,0.0,2.0,2.0,1.0,3.0,3.0,4.0,7.0,6.0,2.0,3.0,13.0,15.0,9.0,13.0,25.0,48.0,78.0,66.0,47.0,50.0,15.0,52.5,12.5,0.0,5.5,5.0,2.5,8.5,7.5,10.5,17.5,20.0,5.0,7.5,34.0,46.0,24.0,57.5,68.5,156.0,250.0,223.0,257.0,15.0,4.0,6.0,2.0,0.0,2.0,2.0,1.0,3.0,3.0,4.0,6.0,5.0,2.0,3.0,10.0,12.0,7.0,10.0,21.0,36.0,57.0,51.0,32.0,10.0,6.0,4.0,2.0,0.0,2.0,2.0,1.0,2.0,3.0,3.0,4.0,4.0,2.0,3.0,10.0,10.0,8.0,9.0,11.0,16.0,16.0,17.0,11.0,279.0,104.0,957.5,378.0,220.0,74.0,27.0,22.0,HB6A3,B,67,2.0,11.0,9.0,31.0,"[""2024-12-25"", ""2024-12-26""]","[""2024-12-21"", ""2024-12-22"", ""2024-12-23"", ""2024-12-24"", ""2024-12-25"", ""2024-12-26"", ""2024-12-27"", ""2024-12-28"", ""2024-12-29"", ""2024-12-30"", ""2024-12-31""]","[""2024-12-21"", ""2024-12-22"", ""2024-12-23"", ""2024-12-24"", ""2024-12-27"", ""2024-12-28"", ""2024-12-29"", ""2024-12-30"", ""2024-12-31""]"
Ibis budget Strasbourg Centre République,2025,1,217.0,700.5,143.0,23.0,3.0,0.0,1.0,0.0,12,1,12,12,0,217.0,0.0,0.0,700.5,0.0,0.0,168.0,0.0,0.0,23.0,0.0,0.0,0.0,0.0,0.0,0.0,21.0,55.0,0.0,0.0,141.0,0.0,0.0,0.0,0.0,0.0,0.0,82.5,176.0,0.0,0.0,442.0,0.0,0.0,0.0,0.0,0.0,0.0,18.0,41.0,0.0,0.0,109.0,0.0,0.0,0.0,0.0,0.0,0.0,2.0,8.0,0.0,0.0,13.0,0.0,0.0,1.0,0.0,1.0,0.0,1.0,0.0,1.0,0.0,0.0,0.0,0.0,0.0,0.0967741935483871,0.2534562211981567,0.0,0.0,0.6497695852534562,0.0,0.0,0.0,0.0,0.0,0.0,0.11777301927194861,0.251249107780157,0.0,0.0,0.6309778729478943,0.0,0.0,0.0,0.0,0.0,0.0,0.10714285714285714,0.24404761904761904,0.0,0.0,0.6488095238095238,0.0,0.0,0.0,0.0,0.0,0.0,0.08695652173913043,0.34782608695652173,0.0,0.0,0.5652173913043478,0.0,0.0,14.0,7.0,12.0,8.0,4.0,0.0,0.0,0.0,3.0,6.0,6.0,3.0,4.0,10.0,2.0,0.0,11.0,8.0,4.0,12.0,14.0,26.0,40.0,23.0,36.5,19.5,36.5,20.5,11.0,0.0,0.0,0.0,8.5,21.0,15.5,7.5,10.0,30.5,5.0,0.0,27.5,21.0,15.0,60.0,35.0,75.0,185.0,60.0,12.0,6.0,9.0,7.0,3.0,0.0,0.0,0.0,3.0,4.0,6.0,3.0,4.0,8.0,2.0,0.0,11.0,7.0,3.0,7.0,12.0,19.0,24.0,18.0,13.0,5.0,8.0,6.0,3.0,0.0,0.0,0.0,3.0,3.0,4.0,3.0,3.0,7.0,2.0,0.0,8.0,5.0,2.0,4.0,8.0,10.0,14.0,14.0,179.0,38.0,550.0,150.5,144.0,24.0,23.0,15.0,HB6A3,B,67,1.0,5.0,4.0,31.0,"[""2025-01-01""]","[""2025-01-01"", ""2025-01-02"", ""2025-01-03"", ""2025-01-04"", ""2025-01-05""]","[""2025-01-02"", ""2025-01-03"", ""2025-01-04"", ""2025-01-05""]"
Ibis budget Strasbourg Centre République,2025,2,196.0,745.0,111.0,24.0,3.0,0.0,1.0,0.0,12,1,12,12,0,196.0,0.0,0.0,745.0,0.0,0.0,129.0,0.0,0.0,24.0,0.0,0.0,0.0,0.0,0.0,0.0,21.0,57.0,0.0,0.0,118.0,0.0,0.0,0.0,0.0,0.0,0.0,85.0,193.5,0.0,0.0,466.5,0.0,0.0,0.0,0.0,0.0,0.0,16.0,28.0,0.0,0.0,85.0,0.0,0.0,0.0,0.0,0.0,0.0,3.0,8.0,0.0,0.0,13.0,0.0,0.0,1.0,0.0,1.0,0.0,1.0,0.0,1.0,0.0,0.0,0.0,0.0,0.0,0.10714285714285714,0.29081632653061223,0.0,0.0,0.6020408163265306,0.0,0.0,0.0,0.0,0.0,0.0,0.11409395973154363,0.25973154362416107,0.0,0.0,0.6261744966442953,0.0,0.0,0.0,0.0,0.0,0.0,0.12403100775193798,0.21705426356589147,0.0,0.0,0.6589147286821705,0.0,0.0,0.0,0.0,0.0,0.0,0.125,0.3333333333333333,0.0,0.0,0.5416666666666666,0.0,0.0,9.0,11.0,6.0,0.0,4.0,1.0,1.0,2.0,6.0,9.0,2.0,2.0,4.0,3.0,1.0,2.0,2.0,6.0,10.0,7.0,34.0,27.0,31.0,16.0,32.5,58.0,20.0,0.0,20.0,3.0,2.5,5.0,20.0,75.5,5.0,5.0,10.5,13.5,2.5,5.0,5.5,16.0,26.0,35.0,152.5,92.0,88.5,51.5,6.0,7.0,4.0,0.0,2.0,1.0,1.0,2.0,5.0,5.0,2.0,2.0,3.0,2.0,1.0,2.0,2.0,4.0,10.0,4.0,13.0,19.0,20.0,12.0,5.0,7.0,5.0,0.0,2.0,1.0,1.0,2.0,4.0,5.0,2.0,2.0,4.0,2.0,1.0,2.0,2.0,6.0,6.0,6.0,14.0,13.0,16.0,8.0,133.0,63.0,442.0,303.0,93.0,36.0,22.0,19.0,HB6A3,B,67,0.0,16.0,16.0,28.0,[],"[""2025-02-08"", ""2025-02-09"", ""2025-02-10"", ""2025-02-11"", ""2025-02-12"", ""2025-02-13"", ""2025-02-14"", ""2025-02-15"", ""2025-02-16"", ""2025-02-17"", ""2025-02-18"", ""2025-02-19"", ""2025-02-20"", ""2025-02-21"", ""2025-02-22"", ""2025-02-23""]","[""2025-02-08"", ""2025-02-09"", ""2025-02-10"", ""2025-02-11"", ""2025-02-12"", ""2025-02-13"", ""2025-02-14"", ""2025-02-15"", ""2025-02-16"", ""2025-02-17"", ""2025-02-18"", ""2025-02-19"", ""2025-02-20"", ""2025-02-21"", ""2025-02-22"", ""2025-02-23""]"
Ibis budget Strasbourg Centre République,2025,3,270.0,924.5,175.0,27.0,3.0,0.0,1.0,0.0,12,1,12,12,0,270.0,0.0,0.0,924.5,0.0,0.0,205.0,0.0,0.0,27.0,0.0,0.0,0.0,0.0,0.0,0.0,22.0,98.0,0.0,0.0,150.0,0.0,0.0,0.0,0.0,0.0,0.0,166.5,320.0,0.0,0.0,438.0,0.0,0.0,0.0,0.0,0.0,0.0,19.0,65.0,0.0,0.0,121.0,0.0,0.0,0.0,0.0,0.0,0.0,5.0,10.0,0.0,0.0,12.0,0.0,0.0,1.0,0.0,1.0,0.0,1.0,0.0,1.0,0.0,0.0,0.0,0.0,0.0,0.08148148148148149,0.362962962962963,0.0,0.0,0.5555555555555556,0.0,0.0,0.0,0.0,0.0,0.0,0.18009734991887508,0.34613304488912927,0.0,0.0,0.4737696051919957,0.0,0.0,0.0,0.0,0.0,0.0,0.09268292682926829,0.3170731707317073,0.0,0.0,0.5902439024390244,0.0,0.0,0.0,0.0,0.0,0.0,0.18518518518518517,0.37037037037037035,0.0,0.0,0.4444444444444444,0.0,0.0,16.0,10.0,1.0,5.0,1.0,0.0,1.0,1.0,6.0,2.0,1.0,1.0,17.0,0.0,6.0,8.0,9.0,11.0,10.0,18.0,24.0,63.0,40.0,19.0,52.0,31.0,3.5,55.5,3.5,0.0,2.5,3.0,15.5,5.0,2.5,2.5,49.5,0.0,30.5,20.0,28.0,29.5,48.0,58.0,69.0,213.5,141.5,60.5,11.0,6.0,1.0,4.0,1.0,0.0,1.0,1.0,5.0,2.0,1.0,1.0,12.0,0.0,5.0,8.0,6.0,10.0,7.0,16.0,20.0,44.0,29.0,14.0,8.0,8.0,1.0,3.0,1.0,0.0,1.0,1.0,5.0,2.0,1.0,1.0,9.0,0.0,6.0,7.0,8.0,7.0,8.0,13.0,13.0,21.0,19.0,8.0,172.0,98.0,573.0,351.5,134.0,71.0,27.0,24.0,HB6A3,B,67,0.0,0.0,0.0,31.0,[],[],[]
Ibis budget Strasbourg Centre République,2025,4,293.0,1078.0,183.0,25.0,3.0,0.0,1.0,0.0,12,1,12,12,0,293.0,0.0,0.0,1078.0,0.0,0.0,221.0,0.0,0.0,25.0,0.0,0.0,0.0,0.0,0.0,0.0,25.0,67.0,0.0,0.0,201.0,0.0,0.0,0.0,0.0,0.0,0.0,202.5,231.0,0.0,0.0,644.5,0.0,0.0,0.0,0.0,0.0,0.0,22.0,50.0,0.0,0.0,149.0,0.0,0.0,0.0,0.0,0.0,0.0,5.0,9.0,0.0,0.0,11.0,0.0,0.0,1.0,0.0,1.0,0.0,1.0,0.0,1.0,0.0,0.0,0.0,0.0,0.0,0.08532423208191127,0.22866894197952217,0.0,0.0,0.6860068259385665,0.0,0.0,0.0,0.0,0.0,0.0,0.187847866419295,0.21428571428571427,0.0,0.0,0.5978664192949907,0.0,0.0,0.0,0.0,0.0,0.0,0.09954751131221719,0.22624434389140272,0.0,0.0,0.6742081447963801,0.0,0.0,0.0,0.0,0.0,0.0,0.2,0.36,0.0,0.0,0.44,0.0,0.0,12.0,10.0,3.0,1.0,2.0,1.0,0.0,0.0,2.0,1.0,7.0,6.0,8.0,3.0,9.0,8.0,9.0,15.0,7.0,20.0,32.0,38.0,52.0,47.0,40.0,26.0,7.5,3.5,5.0,2.5,0.0,0.0,5.0,2.5,17.5,20.0,25.0,13.0,28.5,20.5,22.5,37.5,23.0,77.0,205.0,169.0,171.0,156.5,11.0,10.0,3.0,1.0,2.0,1.0,0.0,0.0,2.0,1.0,6.0,5.0,7.0,3.0,8.0,7.0,8.0,12.0,6.0,15.0,20.0,24.0,34.0,35.0,11.0,9.0,3.0,1.0,2.0,1.0,0.0,0.0,2.0,1.0,6.0,5.0,6.0,3.0,8.0,7.0,5.0,7.0,4.0,14.0,19.0,16.0,15.0,15.0,210.0,83.0,768.0,310.0,157.0,64.0,24.0,20.0,HB6A3,B,67,2.0,17.0,15.0,30.0,"[""2025-04-18"", ""2025-04-21""]","[""2025-04-05"", ""2025-04-06"", ""2025-04-07"", ""2025-04-08"", ""2025-04-09"", ""2025-04-10"", ""2025-04-11"", ""2025-04-12"", ""2025-04-13"", ""2025-04-14"", ""2025-04-15"", ""2025-04-16"", ""2025-04-17"", ""2025-04-18"", ""2025-04-19"", ""2025-04-20"", ""2025-04-21""]","[""2025-04-05"", ""2025-04-06"", ""2025-04-07"", ""2025-04-08"", ""2025-04-09"", ""2025-04-10"", ""2025-04-11"", ""2025-04-12"", ""2025-04-13"", ""2025-04-14"", ""2025-04-15"", ""2025-04-16"", ""2025-04-17"", ""2025-04-19"", ""2025-04-20""]"
Ibis budget Strasbourg Centre République,2025,5,213.0,654.0,142.0,23.0,3.0,0.0,1.0,0.0,12,1,12,12,0,213.0,0.0,0.0,654.0,0.0,0.0,166.0,0.0,0.0,23.0,0.0,0.0,0.0,0.0,0.0,0.0,12.0,41.0,0.0,0.0,160.0,0.0,0.0,0.0,0.0,0.0,0.0,45.0,123.0,0.0,0.0,486.0,0.0,0.0,0.0,0.0,0.0,0.0,11.0,31.0,0.0,0.0,124.0,0.0,0.0,0.0,0.0,0.0,0.0,4.0,9.0,0.0,0.0,10.0,0.0,0.0,1.0,0.0,1.0,0.0,1.0,0.0,1.0,0.0,0.0,0.0,0.0,0.0,0.056338028169014086,0.19248826291079812,0.0,0.0,0.7511737089201878,0.0,0.0,0.0,0.0,0.0,0.0,0.06880733944954129,0.18807339449541285,0.0,0.0,0.7431192660550459,0.0,0.0,0.0,0.0,0.0,0.0,0.06626506024096386,0.18674698795180722,0.0,0.0,0.7469879518072289,0.0,0.0,0.0,0.0,0.0,0.0,0.17391304347826086,0.391304347826087,0.0,0.0,0.43478260869565216,0.0,0.0,15.0,2.0,0.0,0.0,4.0,5.0,2.0,8.0,2.0,4.0,1.0,3.0,1.0,2.0,4.0,6.0,8.0,13.0,9.0,8.0,13.0,32.0,48.0,23.0,62.5,5.0,0.0,0.0,10.0,12.5,5.0,28.0,6.0,11.0,2.5,8.5,2.5,5.5,10.5,24.0,25.0,39.0,27.5,20.0,38.5,96.0,151.5,63.0,11.0,2.0,0.0,0.0,4.0,4.0,1.0,5.0,2.0,3.0,1.0,3.0,1.0,2.0,3.0,5.0,6.0,9.0,8.0,4.0,12.0,25.0,40.0,15.0,4.0,1.0,0.0,0.0,4.0,5.0,2.0,4.0,2.0,4.0,1.0,3.0,1.0,2.0,4.0,3.0,7.0,8.0,5.0,6.0,7.0,14.0,19.0,11.0,149.0,64.0,479.0,175.0,117.0,49.0,23.0,16.0,HB6A3,B,67,3.0,3.0,2.0,31.0,"[""2025-05-01"", ""2025-05-08"", ""2025-05-29""]","[""2025-05-29"", ""2025-05-30"", ""2025-05-31""]","[""2025-05-30"", ""2025-05-31""]"
Ibis budget Strasbourg Centre République,2025,6,480.0,1709.0,311.0,25.0,3.0,0.0,1.0,0.0,12,1,12,12,0,480.0,0.0,0.0,1709.0,0.0,0.0,358.0,0.0,0.0,25.0,0.0,0.0,0.0,0.0,0.0,0.0,41.0,87.0,0.0,0.0,352.0,0.0,0.0,0.0,0.0,0.0,0.0,163.5,235.5,0.0,0.0,1310.0,0.0,0.0,0.0,0.0,0.0,0.0,33.0,74.0,0.0,0.0,251.0,0.0,0.0,0.0,0.0,0.0,0.0,4.0,10.0,0.0,0.0,11.0,0.0,0.0,1.0,0.0,1.0,0.0,1.0,0.0,1.0,0.0,0.0,0.0,0.0,0.0,0.08541666666666667,0.18125,0.0,0.0,0.7333333333333333,0.0,0.0,0.0,0.0,0.0,0.0,0.09566998244587478,0.13779988297249854,0.0,0.0,0.7665301345816267,0.0,0.0,0.0,0.0,0.0,0.0,0.09217877094972067,0.20670391061452514,0.0,0.0,0.7011173184357542,0.0,0.0,0.0,0.0,0.0,0.0,0.16,0.4,0.0,0.0,0.44,0.0,0.0,35.0,8.0,24.0,14.0,10.0,2.0,0.0,6.0,6.0,8.0,6.0,9.0,13.0,16.0,9.0,24.0,15.0,29.0,56.0,17.0,30.0,29.0,70.0,44.0,99.0,23.0,97.5,41.0,40.0,6.0,0.0,20.0,20.0,25.0,15.0,22.5,43.0,45.5,25.0,195.0,52.5,79.0,296.0,53.0,80.5,98.5,209.0,123.0,28.0,7.0,18.0,10.0,6.0,2.0,0.0,4.0,5.0,6.0,6.0,8.0,8.0,13.0,7.0,8.0,11.0,25.0,36.0,12.0,27.0,23.0,57.0,31.0,16.0,5.0,14.0,12.0,6.0,2.0,0.0,4.0,3.0,5.0,4.0,9.0,8.0,11.0,8.0,11.0,8.0,16.0,16.0,10.0,13.0,17.0,18.0,15.0,292.0,188.0,1153.0,556.0,210.0,148.0,24.0,23.0,HB6A3,B,67,1.0,1.0,1.0,30.0,"[""2025-06-09""]","[""2025-06-01""]","[""2025-06-01""]"
Ibis budget Strasbourg Centre République,2025,7,410.0,1475.5,242.0,23.0,3.0,0.0,1.0,0.0,12,1,12,12,0,410.0,0.0,0.0,1475.5,0.0,0.0,285.0,0.0,0.0,23.0,0.0,0.0,0.0,0.0,0.0,0.0,47.0,96.0,0.0,0.0,267.0,0.0,0.0,0.0,0.0,0.0,0.0,270.5,309.5,0.0,0.0,895.5,0.0,0.0,0.0,0.0,0.0,0.0,30.0,63.0,0.0,0.0,192.0,0.0,0.0,0.0,0.0,0.0,0.0,4.0,8.0,0.0,0.0,11.0,0.0,0.0,1.0,0.0,1.0,0.0,1.0,0.0,1.0,0.0,0.0,0.0,0.0,0.0,0.11463414634146342,0.23414634146341465,0.0,0.0,0.651219512195122,0.0,0.0,0.0,0.0,0.0,0.0,0.18332768553032872,0.2097594035920027,0.0,0.0,0.6069129108776686,0.0,0.0,0.0,0.0,0.0,0.0,0.10526315789473684,0.22105263157894736,0.0,0.0,0.6736842105263158,0.0,0.0,0.0,0.0,0.0,0.0,0.17391304347826086,0.34782608695652173,0.0,0.0,0.4782608695652174,0.0,0.0,37.0,17.0,13.0,5.0,2.0,3.0,1.0,1.0,2.0,1.0,3.0,10.0,6.0,8.0,1.0,11.0,16.0,14.0,6.0,22.0,42.0,74.0,61.0,54.0,116.0,72.5,38.0,20.0,5.0,8.0,2.5,3.5,5.0,3.5,12.5,33.5,23.5,30.0,2.5,63.5,46.0,38.5,18.0,62.5,188.0,241.5,238.0,203.5,24.0,9.0,10.0,4.0,2.0,2.0,1.0,1.0,2.0,1.0,2.0,9.0,5.0,5.0,1.0,6.0,12.0,13.0,6.0,19.0,23.0,52.0,41.0,35.0,14.0,11.0,7.0,3.0,1.0,3.0,1.0,1.0,2.0,1.0,1.0,6.0,5.0,5.0,1.0,5.0,8.0,11.0,6.0,14.0,16.0,19.0,18.0,19.0,299.0,111.0,1074.0,401.5,215.0,70.0,22.0,23.0,HB6A3,B,67,1.0,27.0,26.0,31.0,"[""2025-07-14""]","[""2025-07-05"", ""2025-07-06"", ""2025-07-07"", ""2025-07-08"", ""2025-07-09"", ""2025-07-10"", ""2025-07-11"", ""2025-07-12"", ""2025-07-13"", ""2025-07-14"", ""2025-07-15"", ""2025-07-16"", ""2025-07-17"", ""2025-07-18"", ""2025-07-19"", ""2025-07-20"", ""2025-07-21"", ""2025-07-22"", ""2025-07-23"", ""2025-07-24"", ""2025-07-25"", ""2025-07-26"", ""2025-07-27"", ""2025-07-28"", ""2025-07-29"", ""2025-07-30"", ""2025-07-31""]","[""2025-07-05"", ""2025-07-06"", ""2025-07-07"", ""2025-07-08"", ""2025-07-09"", ""2025-07-10"", ""2025-07-11"", ""2025-07-12"", ""2025-07-13"", ""2025-07-15"", ""2025-07-16"", ""2025-07-17"", ""2025-07-18"", ""2025-07-19"", ""2025-07-20"", ""2025-07-21"", ""2025-07-22"", ""2025-07-23"", ""2025-07-24"", ""2025-07-25"", ""2025-07-26"", ""2025-07-27"", ""2025-07-28"", ""2025-07-29"", ""2025-07-30"", ""2025-07-31""]"
Ibis budget Strasbourg Centre République,2025,8,546.0,1768.5,352.0,23.0,3.0,0.0,1.0,0.0,12,1,12,12,0,546.0,0.0,0.0,1768.5,0.0,0.0,391.0,0.0,0.0,23.0,0.0,0.0,0.0,0.0,0.0,0.0,41.0,80.0,0.0,0.0,425.0,0.0,0.0,0.0,0.0,0.0,0.0,205.5,222.5,0.0,0.0,1340.5,0.0,0.0,0.0,0.0,0.0,0.0,34.0,61.0,0.0,0.0,296.0,0.0,0.0,0.0,0.0,0.0,0.0,4.0,8.0,0.0,0.0,11.0,0.0,0.0,1.0,0.0,1.0,0.0,1.0,0.0,1.0,0.0,0.0,0.0,0.0,0.0,0.07509157509157509,0.14652014652014653,0.0,0.0,0.7783882783882784,0.0,0.0,0.0,0.0,0.0,0.0,0.11620016963528414,0.12581283573649985,0.0,0.0,0.757986994628216,0.0,0.0,0.0,0.0,0.0,0.0,0.08695652173913043,0.15601023017902813,0.0,0.0,0.7570332480818415,0.0,0.0,0.0,0.0,0.0,0.0,0.17391304347826086,0.34782608695652173,0.0,0.0,0.4782608695652174,0.0,0.0,24.0,11.0,11.0,5.0,1.0,0.0,1.0,3.0,7.0,8.0,11.0,18.0,10.0,12.0,15.0,8.0,11.0,31.0,19.0,40.0,51.0,89.0,108.0,52.0,76.0,52.5,32.5,12.5,2.5,0.0,2.5,7.5,26.0,21.5,27.5,60.5,27.5,40.0,47.5,21.5,27.5,89.5,64.5,125.0,155.5,308.0,389.5,151.0,19.0,6.0,7.0,4.0,1.0,0.0,1.0,3.0,5.0,8.0,7.0,12.0,8.0,10.0,10.0,6.0,9.0,21.0,16.0,35.0,35.0,62.0,66.0,40.0,12.0,7.0,9.0,4.0,1.0,0.0,1.0,3.0,5.0,4.0,8.0,9.0,7.0,8.0,8.0,7.0,7.0,13.0,13.0,13.0,19.0,16.0,20.0,18.0,345.0,201.0,1098.5,670.0,256.0,135.0,23.0,20.0,HB6A3,B,67,1.0,31.0,30.0,31.0,"[""2025-08-15""]","[""2025-08-01"", ""2025-08-02"", ""2025-08-03"", ""2025-08-04"", ""2025-08-05"", ""2025-08-06"", ""2025-08-07"", ""2025-08-08"", ""2025-08-09"", ""2025-08-10"", ""2025-08-11"", ""2025-08-12"", ""2025-08-13"", ""2025-08-14"", ""2025-08-15"", ""2025-08-16"", ""2025-08-17"", ""2025-08-18"", ""2025-08-19"", ""2025-08-20"", ""2025-08-21"", ""2025-08-22"", ""2025-08-23"", ""2025-08-24"", ""2025-08-25"", ""2025-08-26"", ""2025-08-27"", ""2025-08-28"", ""2025-08-29"", ""2025-08-30"", ""2025-08-31""]","[""2025-08-01"", ""2025-08-02"", ""2025-08-03"", ""2025-08-04"", ""2025-08-05"", ""2025-08-06"", ""2025-08-07"", ""2025-08-08"", ""2025-08-09"", ""2025-08-10"", ""2025-08-11"", ""2025-08-12"", ""2025-08-13"", ""2025-08-14"", ""2025-08-16"", ""2025-08-17"", ""2025-08-18"", ""2025-08-19"", ""2025-08-20"", ""2025-08-21"", ""2025-08-22"", ""2025-08-23"", ""2025-08-24"", ""2025-08-25"", ""2025-08-26"", ""2025-08-27"", ""2025-08-28"", ""2025-08-29"", ""2025-08-30"", ""2025-08-31""]"
Ibis budget Strasbourg Centre République,2025,9,207.0,639.0,163.0,22.0,3.0,0.0,1.0,0.0,12,1,12,12,0,207.0,0.0,0.0,639.0,0.0,0.0,178.0,0.0,0.0,22.0,0.0,0.0,0.0,0.0,0.0,0.0,17.0,47.0,0.0,0.0,143.0,0.0,0.0,0.0,0.0,0.0,0.0,80.0,130.5,0.0,0.0,428.5,0.0,0.0,0.0,0.0,0.0,0.0,14.0,40.0,0.0,0.0,124.0,0.0,0.0,0.0,0.0,0.0,0.0,3.0,8.0,0.0,0.0,11.0,0.0,0.0,1.0,0.0,1.0,0.0,1.0,0.0,1.0,0.0,0.0,0.0,0.0,0.0,0.0821256038647343,0.22705314009661837,0.0,0.0,0.6908212560386473,0.0,0.0,0.0,0.0,0.0,0.0,0.12519561815336464,0.20422535211267606,0.0,0.0,0.6705790297339593,0.0,0.0,0.0,0.0,0.0,0.0,0.07865168539325842,0.2247191011235955,0.0,0.0,0.6966292134831461,0.0,0.0,0.0,0.0,0.0,0.0,0.13636363636363635,0.36363636363636365,0.0,0.0,0.5,0.0,0.0,15.0,14.0,3.0,2.0,0.0,0.0,0.0,2.0,0.0,0.0,4.0,6.0,1.0,5.0,8.0,5.0,15.0,7.0,11.0,4.0,16.0,27.0,40.0,22.0,48.5,40.5,7.5,5.0,0.0,0.0,0.0,5.0,0.0,0.0,10.0,20.0,2.5,17.5,20.0,12.5,48.5,17.5,35.0,10.0,40.0,75.5,133.0,90.5,12.0,12.0,3.0,2.0,0.0,0.0,0.0,2.0,0.0,0.0,4.0,5.0,1.0,5.0,7.0,5.0,13.0,6.0,9.0,3.0,15.0,23.0,33.0,18.0,6.0,8.0,3.0,2.0,0.0,0.0,0.0,2.0,0.0,0.0,4.0,4.0,1.0,4.0,4.0,3.0,9.0,7.0,8.0,3.0,6.0,14.0,17.0,9.0,138.0,69.0,407.5,231.5,122.0,56.0,21.0,14.0,HB6A3,B,67,0.0,0.0,0.0,30.0,[],[],[]
Ibis budget Strasbourg Centre République,2025,10,309.0,990.5,215.0,23.0,3.0,0.0,1.0,0.0,12,1,12,12,0,309.0,0.0,0.0,990.5,0.0,0.0,246.0,0.0,0.0,23.0,0.0,0.0,0.0,0.0,0.0,0.0,32.0,66.0,0.0,0.0,211.0,0.0,0.0,0.0,0.0,0.0,0.0,125.0,198.0,0.0,0.0,667.5,0.0,0.0,0.0,0.0,0.0,0.0,25.0,52.0,0.0,0.0,169.0,0.0,0.0,0.0,0.0,0.0,0.0,3.0,9.0,0.0,0.0,11.0,0.0,0.0,1.0,0.0,1.0,0.0,1.0,0.0,1.0,0.0,0.0,0.0,0.0,0.0,0.10355987055016182,0.21359223300970873,0.0,0.0,0.6828478964401294,0.0,0.0,0.0,0.0,0.0,0.0,0.12619888944977284,0.19989904088844018,0.0,0.0,0.673902069661787,0.0,0.0,0.0,0.0,0.0,0.0,0.1016260162601626,0.21138211382113822,0.0,0.0,0.6869918699186992,0.0,0.0,0.0,0.0,0.0,0.0,0.13043478260869565,0.391304347826087,0.0,0.0,0.4782608695652174,0.0,0.0,24.0,12.0,4.0,5.0,1.0,1.0,3.0,2.0,6.0,2.0,3.0,4.0,4.0,3.0,7.0,12.0,14.0,18.0,11.0,19.0,15.0,60.0,59.0,20.0,97.5,31.0,10.0,12.5,5.0,2.5,7.5,5.0,20.0,5.0,7.5,10.0,10.0,7.5,17.5,40.0,53.0,60.0,33.5,55.5,40.0,202.5,202.0,55.5,18.0,10.0,3.0,4.0,1.0,1.0,3.0,2.0,5.0,1.0,3.0,4.0,3.0,3.0,7.0,8.0,9.0,16.0,8.0,19.0,14.0,44.0,44.0,16.0,9.0,9.0,4.0,5.0,1.0,1.0,3.0,2.0,4.0,2.0,2.0,3.0,3.0,2.0,6.0,9.0,10.0,13.0,9.0,12.0,8.0,17.0,18.0,9.0,244.0,65.0,793.0,197.5,193.0,53.0,23.0,20.0,HB6A3,B,67,0.0,14.0,14.0,31.0,[],"[""2025-10-18"", ""2025-10-19"", ""2025-10-20"", ""2025-10-21"", ""2025-10-22"", ""2025-10-23"", ""2025-10-24"", ""2025-10-25"", ""2025-10-26"", ""2025-10-27"", ""2025-10-28"", ""2025-10-29"", ""2025-10-30"", ""2025-10-31""]","[""2025-10-18"", ""2025-10-19"", ""2025-10-20"", ""2025-10-21"", ""2025-10-22"", ""2025-10-23"", ""2025-10-24"", ""2025-10-25"", ""2025-10-26"", ""2025-10-27"", ""2025-10-28"", ""2025-10-29"", ""2025-10-30"", ""2025-10-31""]"
Ibis budget Strasbourg Centre République,2025,11,354.0,1192.5,212.0,22.0,3.0,0.0,1.0,0.0,12,1,12,12,0,354.0,0.0,0.0,1192.5,0.0,0.0,262.0,0.0,0.0,22.0,0.0,0.0,0.0,0.0,0.0,0.0,44.0,93.0,0.0,0.0,217.0,0.0,0.0,0.0,0.0,0.0,0.0,185.0,287.0,0.0,0.0,720.5,0.0,0.0,0.0,0.0,0.0,0.0,34.0,64.0,0.0,0.0,164.0,0.0,0.0,0.0,0.0,0.0,0.0,3.0,8.0,0.0,0.0,11.0,0.0,0.0,1.0,0.0,1.0,0.0,1.0,0.0,1.0,0.0,0.0,0.0,0.0,0.0,0.12429378531073447,0.2627118644067797,0.0,0.0,0.6129943502824858,0.0,0.0,0.0,0.0,0.0,0.0,0.15513626834381553,0.24067085953878406,0.0,0.0,0.6041928721174005,0.0,0.0,0.0,0.0,0.0,0.0,0.1297709923664122,0.24427480916030533,0.0,0.0,0.6259541984732825,0.0,0.0,0.0,0.0,0.0,0.0,0.13636363636363635,0.36363636363636365,0.0,0.0,0.5,0.0,0.0,69.0,19.0,3.0,3.0,2.0,0.0,2.0,2.0,4.0,8.0,3.0,5.0,7.0,4.0,5.0,6.0,6.0,14.0,8.0,33.0,20.0,50.0,49.0,32.0,266.5,80.0,12.5,7.5,7.5,0.0,7.0,5.0,10.5,25.5,14.5,13.0,18.0,15.0,12.5,15.0,20.5,41.0,20.0,105.0,62.5,162.0,165.5,106.0,45.0,11.0,2.0,3.0,2.0,0.0,2.0,2.0,4.0,5.0,2.0,5.0,2.0,3.0,5.0,6.0,5.0,11.0,8.0,24.0,16.0,38.0,35.0,26.0,19.0,8.0,2.0,3.0,2.0,0.0,1.0,1.0,4.0,5.0,2.0,5.0,7.0,2.0,5.0,3.0,5.0,10.0,6.0,18.0,10.0,18.0,15.0,12.0,226.0,128.0,770.5,422.0,166.0,96.0,22.0,22.0,HB6A3,B,67,2.0,2.0,1.0,30.0,"[""2025-11-01"", ""2025-11-11""]","[""2025-11-01"", ""2025-11-02""]","[""2025-11-02""]"
Ibis budget Strasbourg Centre République,2025,12,627.0,2114.5,397.0,22.0,3.0,0.0,1.0,0.0,12,1,12,12,0,627.0,0.0,0.0,2114.5,0.0,0.0,465.0,0.0,0.0,22.0,0.0,0.0,0.0,0.0,0.0,0.0,51.0,143.0,0.0,0.0,433.0,0.0,0.0,0.0,0.0,0.0,0.0,200.0,407.0,0.0,0.0,1507.5,0.0,0.0,0.0,0.0,0.0,0.0,40.0,101.0,0.0,0.0,324.0,0.0,0.0,0.0,0.0,0.0,0.0,3.0,8.0,0.0,0.0,11.0,0.0,0.0,1.0,0.0,1.0,0.0,1.0,0.0,1.0,0.0,0.0,0.0,0.0,0.0,0.08133971291866028,0.22807017543859648,0.0,0.0,0.6905901116427432,0.0,0.0,0.0,0.0,0.0,0.0,0.09458500827618822,0.19248049184204305,0.0,0.0,0.7129344998817687,0.0,0.0,0.0,0.0,0.0,0.0,0.08602150537634409,0.2172043010752688,0.0,0.0,0.6967741935483871,0.0,0.0,0.0,0.0,0.0,0.0,0.13636363636363635,0.36363636363636365,0.0,0.0,0.5,0.0,0.0,31.0,11.0,8.0,4.0,4.0,0.0,4.0,1.0,8.0,9.0,8.0,7.0,10.0,6.0,23.0,8.0,9.0,24.0,32.0,37.0,60.0,127.0,112.0,84.0,97.5,33.5,32.0,15.5,11.0,0.0,15.0,2.5,21.0,30.0,21.0,23.0,27.0,20.0,102.0,20.0,23.5,76.0,96.0,123.5,202.5,419.5,357.5,345.0,22.0,10.0,5.0,2.0,4.0,0.0,3.0,1.0,8.0,8.0,8.0,5.0,7.0,5.0,14.0,7.0,9.0,20.0,24.0,28.0,45.0,89.0,83.0,58.0,12.0,6.0,5.0,3.0,4.0,0.0,1.0,1.0,7.0,6.0,5.0,6.0,6.0,4.0,12.0,7.0,7.0,11.0,16.0,14.0,19.0,21.0,21.0,18.0,442.0,185.0,1505.0,609.5,321.0,144.0,22.0,21.0,HB6A3,B,67,2.0,12.0,10.0,31.0,"[""2025-12-25"", ""2025-12-26""]","[""2025-12-20"", ""2025-12-21"", ""2025-12-22"", ""2025-12-23"", ""2025-12-24"", ""2025-12-25"", ""2025-12-26"", ""2025-12-27"", ""2025-12-28"", ""2025-12-29"", ""2025-12-30"", ""2025-12-31""]","[""2025-12-20"", ""2025-12-21"", ""2025-12-22"", ""2025-12-23"", ""2025-12-24"", ""2025-12-27"", ""2025-12-28"", ""2025-12-29"", ""2025-12-30"", ""2025-12-31""]"
Mercure Paris Montmartre Sacré-Cœur,2024,1,2.0,1.0,2.0,1.0,0.0,1.0,0.0,1.0,12,1,12,12,0,0.0,0.0,2.0,0.0,0.0,1.0,0.0,0.0,2.0,0.0,0.0,1.0,0.0,0.0,0.0,2.0,0.0,0.0,0.0,0.0,0.0,0.0,0.0,0.0,0.0,0.0,1.0,0.0,0.0,0.0,0.0,0.0,0.0,0.0,0.0,0.0,0.0,2.0,0.0,0.0,0.0,0.0,0.0,0.0,0.0,0.0,0.0,0.0,1.0,0.0,0.0,0.0,0.0,0.0,0.0,0.0,0.0,1.0,0.0,1.0,0.0,1.0,0.0,1.0,0.0,0.0,0.0,1.0,0.0,0.0,0.0,0.0,0.0,0.0,0.0,0.0,0.0,0.0,1.0,0.0,0.0,0.0,0.0,0.0,0.0,0.0,0.0,0.0,0.0,1.0,0.0,0.0,0.0,0.0,0.0,0.0,0.0,0.0,0.0,0.0,1.0,0.0,0.0,0.0,0.0,0.0,0.0,0.0,0.0,0.0,0.0,0.0,0.0,0.0,0.0,0.0,0.0,0.0,0.0,0.0,1.0,1.0,0.0,0.0,0.0,0.0,0.0,0.0,0.0,0.0,0.0,0.0,0.0,0.0,0.0,0.0,0.0,0.0,0.0,0.0,0.0,0.0,0.0,0.0,0.5,0.5,0.0,0.0,0.0,0.0,0.0,0.0,0.0,0.0,0.0,0.0,0.0,0.0,0.0,0.0,0.0,0.0,0.0,0.0,0.0,0.0,0.0,0.0,1.0,1.0,0.0,0.0,0.0,0.0,0.0,0.0,0.0,0.0,0.0,0.0,0.0,0.0,0.0,0.0,0.0,0.0,0.0,0.0,0.0,0.0,0.0,0.0,1.0,1.0,0.0,0.0,0.0,0.0,0.0,0.0,0.0,0.0,0.0,0.0,2.0,0.0,1.0,0.0,2.0,0.0,1.0,0.0,H0373,C,75,1.0,7.0,6.0,31.0,"[""2024-01-01""]","[""2024-01-01"", ""2024-01-02"", ""2024-01-03"", ""2024-01-04"", ""2024-01-05"", ""2024-01-06"", ""2024-01-07""]","[""2024-01-02"", ""2024-01-03"", ""2024-01-04"", ""2024-01-05"", ""2024-01-06"", ""2024-01-07""]"
Mercure Paris Montmartre Sacré-Cœur,2024,2,376.0,2982.5,268.0,47.0,4.0,2.0,0.6666666666666666,0.3333333333333333,12,1,12,12,0,365.0,0.0,11.0,2604.5,0.0,378.0,277.0,0.0,8.0,40.0,0.0,7.0,0.0,0.0,46.0,7.0,45.0,31.0,0.0,0.0,243.0,4.0,0.0,0.0,0.0,435.0,290.0,208.0,170.0,0.0,0.0,1791.5,88.0,0.0,0.0,0.0,37.0,4.0,35.0,28.0,0.0,0.0,177.0,4.0,0.0,0.0,0.0,8.0,5.0,11.0,13.0,0.0,0.0,8.0,2.0,0.0,0.9707446808510638,0.02925531914893617,0.8732606873428332,0.1267393126571668,0.9719298245614035,0.028070175438596492,0.851063829787234,0.14893617021276595,0.0,0.0,0.12602739726027398,0.6363636363636364,0.1232876712328767,0.08493150684931507,0.0,0.0,0.6657534246575343,0.36363636363636365,0.0,0.0,0.0,0.1670186216164331,0.7671957671957672,0.07986177769245537,0.06527164522941063,0.0,0.0,0.6878479554617009,0.2328042328042328,0.0,0.0,0.0,0.13357400722021662,0.5,0.1263537906137184,0.10108303249097472,0.0,0.0,0.6389891696750902,0.5,0.0,0.0,0.0,0.2,0.7142857142857143,0.275,0.325,0.0,0.0,0.2,0.2857142857142857,0.0,25.0,18.0,11.0,6.0,6.0,7.0,1.0,6.0,5.0,3.0,7.0,4.0,7.0,2.0,10.0,10.0,20.0,19.0,28.0,8.0,31.0,42.0,54.0,46.0,173.0,163.0,59.0,40.5,90.0,45.0,5.0,30.0,28.0,17.0,44.5,87.0,63.5,9.5,117.0,257.0,123.0,109.0,192.5,49.0,257.0,396.0,348.0,279.0,18.0,13.0,8.0,5.0,3.0,4.0,1.0,6.0,5.0,3.0,5.0,3.0,7.0,2.0,6.0,7.0,15.0,17.0,16.0,6.0,20.0,28.0,44.0,43.0,9.0,8.0,9.0,3.0,3.0,6.0,1.0,6.0,5.0,3.0,4.0,3.0,5.0,2.0,7.0,7.0,11.0,13.0,18.0,4.0,12.0,12.0,20.0,21.0,251.0,125.0,1744.5,1238.0,195.0,90.0,38.0,35.0,H0373,C,75,0.0,16.0,16.0,29.0,[],"[""2024-02-10"", ""2024-02-11"", ""2024-02-12"", ""2024-02-13"", ""2024-02-14"", ""2024-02-15"", ""2024-02-16"", ""2024-02-17"", ""2024-02-18"", ""2024-02-19"", ""2024-02-20"", ""2024-02-21"", ""2024-02-22"", ""2024-02-23"", ""2024-02-24"", ""2024-02-25""]","[""2024-02-10"", ""2024-02-11"", ""2024-02-12"", ""2024-02-13"", ""2024-02-14"", ""2024-02-15"", ""2024-02-16"", ""2024-02-17"", ""2024-02-18"", ""2024-02-19"", ""2024-02-20"", ""2024-02-21"", ""2024-02-22"", ""2024-02-23"", ""2024-02-24"", ""2024-02-25""]"
Mercure Paris Montmartre Sacré-Cœur,2024,3,653.0,4557.0,446.0,45.0,4.0,3.0,0.5714285714285714,0.42857142857142855,12,1,12,12,0,632.0,0.0,21.0,3935.0,0.0,622.0,488.0,0.0,17.0,35.0,0.0,10.0,0.0,0.0,71.0,7.0,31.0,107.0,0.0,0.0,423.0,12.0,2.0,0.0,0.0,584.0,160.0,189.0,397.0,0.0,0.0,2765.0,418.0,44.0,0.0,0.0,57.0,6.0,26.0,85.0,0.0,0.0,320.0,9.0,2.0,0.0,0.0,9.0,6.0,7.0,11.0,0.0,0.0,8.0,3.0,1.0,0.9678407350689127,0.03215926493108729,0.8635066929997806,0.13649330700021944,0.9663366336633663,0.033663366336633666,0.7777777777777778,0.2222222222222222,0.0,0.0,0.11234177215189874,0.3333333333333333,0.0490506329113924,0.16930379746835442,0.0,0.0,0.6693037974683544,0.5714285714285714,0.09523809523809523,0.0,0.0,0.14841168996188056,0.2572347266881029,0.048030495552731894,0.10088945362134688,0.0,0.0,0.7026683608640406,0.6720257234726688,0.0707395498392283,0.0,0.0,0.1168032786885246,0.35294117647058826,0.05327868852459016,0.17418032786885246,0.0,0.0,0.6557377049180327,0.5294117647058824,0.11764705882352941,0.0,0.0,0.2571428571428571,0.6,0.2,0.3142857142857143,0.0,0.0,0.22857142857142856,0.3,0.1,56.0,23.0,13.0,17.0,2.0,2.0,6.0,17.0,13.0,16.0,6.0,15.0,4.0,20.0,12.0,45.0,40.0,26.0,25.0,22.0,45.0,49.0,82.0,97.0,356.0,172.0,82.0,82.0,20.0,9.5,60.0,178.0,109.5,181.5,36.5,123.0,31.0,130.5,58.0,251.0,243.0,270.5,223.5,180.0,305.5,364.0,515.5,574.5,49.0,18.0,9.0,12.0,1.0,2.0,4.0,9.0,9.0,14.0,6.0,13.0,3.0,13.0,12.0,35.0,31.0,17.0,21.0,19.0,32.0,36.0,64.0,76.0,18.0,9.0,5.0,11.0,1.0,2.0,2.0,4.0,7.0,10.0,6.0,8.0,2.0,6.0,7.0,16.0,13.0,11.0,14.0,14.0,17.0,14.0,19.0,16.0,418.0,235.0,2985.5,1571.5,325.0,180.0,37.0,32.0,H0373,C,75,0.0,0.0,0.0,31.0,[],[],[]
Mercure Paris Montmartre Sacré-Cœur,2024,4,749.0,5671.0,519.0,54.0,5.0,3.0,0.625,0.375,12,1,12,12,0,722.0,0.0,27.0,4870.0,0.0,801.0,556.0,0.0,21.0,40.0,0.0,14.0,0.0,0.0,113.0,13.0,55.0,86.0,0.0,0.0,462.0,9.0,11.0,0.0,0.0,1054.0,341.0,279.0,366.0,0.0,0.0,3003.0,236.0,392.0,0.0,0.0,87.0,10.0,54.0,59.0,0.0,0.0,352.0,7.0,8.0,0.0,0.0,9.0,8.0,11.0,8.0,0.0,0.0,11.0,5.0,2.0,0.9639519359145527,0.036048064085447265,0.8587550696526186,0.14124493034738142,0.9636048526863085,0.036395147313691506,0.7407407407407407,0.25925925925925924,0.0,0.0,0.15650969529085873,0.48148148148148145,0.07617728531855955,0.11911357340720222,0.0,0.0,0.6398891966759003,0.3333333333333333,0.1934954344926644,0.0,0.0,0.2164271047227926,0.4257178526841448,0.05728952772073922,0.07515400410677618,0.0,0.0,0.6166324435318276,0.29463171036204744,0.3141473568716722,0.0,0.0,0.1564748201438849,0.47619047619047616,0.09712230215827339,0.10611510791366907,0.0,0.0,0.6330935251798561,0.3333333333333333,0.19767043508050702,0.0,0.0,0.225,0.5714285714285714,0.275,0.2,0.0,0.0,0.275,0.35714285714285715,0.09642857142857142,73.0,47.0,13.0,1.0,0.0,5.0,4.0,9.0,23.0,18.0,12.0,12.0,11.0,16.0,18.0,21.0,37.0,54.0,42.0,27.0,41.0,60.0,93.0,112.0,472.5,251.0,76.0,5.0,0.0,24.5,20.0,90.0,144.0,270.5,214.0,55.0,63.0,109.0,163.0,169.0,356.0,428.5,396.5,406.5,253.5,352.0,589.0,762.5,54.0,39.0,11.0,1.0,0.0,5.0,4.0,7.0,19.0,13.0,9.0,9.0,11.0,10.0,10.0,16.0,26.0,40.0,33.0,17.0,29.0,48.0,77.0,89.0,19.0,12.0,8.0,1.0,0.0,4.0,1.0,4.0,8.0,9.0,6.0,7.0,6.0,9.0,10.0,10.0,13.0,19.0,17.0,16.0,18.0,20.0,23.0,21.0,487.0,262.0,3686.0,1985.0,378.0,199.0,46.0,34.0,H0373,C,75,1.0,16.0,16.0,30.0,"[""2024-04-01""]","[""2024-04-06"", ""2024-04-07"", ""2024-04-08"", ""2024-04-09"", ""2024-04-10"", ""2024-04-11"", ""2024-04-12"", ""2024-04-13"", ""2024-04-14"", ""2024-04-15"", ""2024-04-16"", ""2024-04-17"", ""2024-04-18"", ""2024-04-19"", ""2024-04-20"", ""2024-04-21""]","[""2024-04-06"", ""2024-04-07"", ""2024-04-08"", ""2024-04-09"", ""2024-04-10"", ""2024-04-11"", ""2024-04-12"", ""2024-04-13"", ""2024-04-14"", ""2024-04-15"", ""2024-04-16"", ""2024-04-17"", ""2024-04-18"", ""2024-04-19"", ""2024-04-20"", ""2024-04-21""]"
Mercure Paris Montmartre Sacré-Cœur,2024,5,640.0,4848.0,409.0,41.0,4.0,3.0,0.5714285714285714,0.42857142857142855,12,1,12,12,0,618.0,0.0,22.0,4529.0,0.0,319.0,446.0,0.0,17.0,29.0,0.0,12.0,0.0,0.0,99.0,7.0,68.0,67.0,0.0,0.0,384.0,14.0,1.0,0.0,0.0,1039.0,163.0,431.0,299.0,0.0,0.0,2760.0,124.0,32.0,0.0,0.0,68.0,6.0,60.0,45.0,0.0,0.0,273.0,10.0,1.0,0.0,0.0,4.0,5.0,10.0,6.0,0.0,0.0,9.0,6.0,1.0,0.965625,0.034375,0.9341996699669967,0.0658003300330033,0.9632829373650108,0.0367170626349892,0.7073170731707317,0.2926829268292683,0.0,0.0,0.16019417475728157,0.3181818181818182,0.11003236245954692,0.10841423948220065,0.0,0.0,0.6213592233009708,0.6363636363636364,0.045454545454545456,0.0,0.0,0.22941046588650915,0.5109717868338558,0.09516449547361448,0.06601898873923603,0.0,0.0,0.6094060499006403,0.3887147335423197,0.10031347962382445,0.0,0.0,0.15246636771300448,0.35294117647058826,0.13452914798206278,0.10089686098654709,0.0,0.0,0.6121076233183856,0.5882352941176471,0.058823529411764705,0.0,0.0,0.13793103448275862,0.4166666666666667,0.3448275862068966,0.20689655172413793,0.0,0.0,0.3103448275862069,0.5,0.08333333333333333,76.0,28.0,10.0,0.0,6.0,3.0,8.0,11.0,26.0,7.0,7.0,3.0,16.0,11.0,4.0,23.0,21.0,24.0,44.0,30.0,33.0,52.0,112.0,85.0,665.0,228.0,70.0,0.0,27.0,29.0,68.0,68.0,170.0,118.0,82.0,22.0,113.0,78.0,18.0,146.0,153.0,189.0,301.0,194.0,217.0,322.0,948.0,622.0,52.0,18.0,7.0,0.0,5.0,2.0,5.0,7.0,19.0,5.0,3.0,3.0,10.0,9.0,4.0,13.0,14.0,18.0,34.0,24.0,25.0,41.0,79.0,66.0,18.0,10.0,4.0,0.0,6.0,2.0,4.0,6.0,8.0,5.0,3.0,3.0,8.0,7.0,3.0,10.0,8.0,12.0,18.0,10.0,13.0,18.0,26.0,21.0,457.0,183.0,3444.0,1404.0,327.0,136.0,37.0,32.0,H0373,C,75,4.0,4.0,3.0,31.0,"[""2024-05-01"", ""2024-05-08"", ""2024-05-09"", ""2024-05-20""]","[""2024-05-09"", ""2024-05-10"", ""2024-05-11"", ""2024-05-12""]","[""2024-05-10"", ""2024-05-11"", ""2024-05-12""]"
Mercure Paris Montmartre Sacré-Cœur,2024,6,807.0,5937.0,522.0,33.0,5.0,3.0,0.625,0.375,12,1,12,12,0,800.0,0.0,7.0,5730.0,0.0,207.0,575.0,0.0,5.0,29.0,0.0,4.0,0.0,0.0,71.0,5.0,56.0,107.0,0.0,0.0,563.0,1.0,4.0,0.0,0.0,674.0,157.0,296.0,391.0,0.0,0.0,4324.0,8.0,87.0,0.0,0.0,49.0,3.0,49.0,80.0,0.0,0.0,394.0,1.0,4.0,0.0,0.0,4.0,2.0,10.0,4.0,0.0,0.0,10.0,1.0,2.0,0.9913258983890955,0.008674101610904586,0.965133906013138,0.03486609398686205,0.9913793103448276,0.008620689655172414,0.8787878787878788,0.12121212121212122,0.0,0.0,0.08875,0.7142857142857143,0.07,0.13375,0.0,0.0,0.70375,0.14285714285714285,0.14660714285714285,0.0,0.0,0.11762652705061082,0.7584541062801933,0.05165794066317626,0.06823734729493892,0.0,0.0,0.7546247818499128,0.03864734299516908,0.21075195386599896,0.0,0.0,0.08521739130434783,0.6,0.08521739130434783,0.1391304347826087,0.0,0.0,0.6852173913043478,0.2,0.20521739130434785,0.0,0.0,0.13793103448275862,0.5,0.3448275862068966,0.13793103448275862,0.0,0.0,0.3448275862068966,0.25,0.28448275862068967,80.0,33.0,9.0,11.0,10.0,7.0,6.0,17.0,38.0,14.0,17.0,10.0,19.0,5.0,25.0,37.0,36.0,57.0,42.0,30.0,52.0,57.0,102.0,93.0,567.0,346.0,40.0,157.0,88.0,30.0,25.0,108.0,193.0,82.0,103.0,70.0,226.0,25.0,183.0,232.0,225.0,481.0,259.0,213.0,446.0,407.0,773.0,658.0,56.0,20.0,8.0,6.0,6.0,4.0,4.0,14.0,30.0,13.0,15.0,6.0,10.0,5.0,17.0,26.0,30.0,35.0,33.0,20.0,36.0,42.0,72.0,72.0,12.0,12.0,6.0,4.0,6.0,6.0,4.0,6.0,10.0,9.0,5.0,5.0,8.0,5.0,12.0,12.0,11.0,15.0,12.0,10.0,14.0,14.0,18.0,19.0,604.0,203.0,4606.0,1331.0,423.0,157.0,28.0,25.0,H0373,C,75,0.0,0.0,0.0,30.0,[],[],[]
Mercure Paris Montmartre Sacré-Cœur,2024,7,654.0,6826.0,384.0,34.0,5.0,3.0,0.625,0.375,12,1,12,12,0,646.0,0.0,8.0,6662.0,0.0,164.0,433.0,0.0,6.0,27.0,0.0,7.0,0.0,0.0,96.0,4.0,58.0,128.0,0.0,0.0,363.0,3.0,2.0,0.0,0.0,1221.0,108.0,340.0,451.0,0.0,0.0,4635.0,34.0,37.0,0.0,0.0,63.0,2.0,49.0,91.0,0.0,0.0,229.0,3.0,2.0,0.0,0.0,5.0,4.0,6.0,6.0,0.0,0.0,9.0,2.0,2.0,0.9877675840978594,0.012232415902140673,0.9759742162320539,0.024025783767946087,0.9863325740318907,0.01366742596810934,0.7941176470588235,0.20588235294117646,0.0,0.0,0.14860681114551083,0.5,0.08978328173374613,0.19814241486068113,0.0,0.0,0.5619195046439629,0.375,0.12654798761609906,0.0,0.0,0.18327829480636446,0.6585365853658537,0.05103572500750525,0.0676973881717202,0.0,0.0,0.6957370159111378,0.2073170731707317,0.13639791756668693,0.0,0.0,0.14549653579676675,0.3333333333333333,0.11316397228637413,0.21016166281755197,0.0,0.0,0.5288683602771362,0.5,0.16897613548883755,0.0,0.0,0.18518518518518517,0.5714285714285714,0.2222222222222222,0.2222222222222222,0.0,0.0,0.3333333333333333,0.2857142857142857,0.17989417989417988,81.0,55.0,24.0,11.0,9.0,2.0,8.0,7.0,11.0,13.0,14.0,7.0,6.0,12.0,6.0,16.0,21.0,26.0,8.0,28.0,56.0,77.0,72.0,84.0,2420.0,397.0,184.0,104.0,117.0,10.0,60.0,139.0,51.0,81.0,138.0,38.0,23.0,57.0,28.0,87.0,247.0,188.0,34.0,190.0,420.0,610.0,591.0,612.0,43.0,36.0,18.0,6.0,3.0,2.0,5.0,6.0,9.0,10.0,6.0,5.0,4.0,10.0,4.0,10.0,12.0,20.0,8.0,22.0,31.0,54.0,52.0,63.0,16.0,13.0,10.0,7.0,3.0,2.0,3.0,5.0,8.0,5.0,6.0,6.0,4.0,10.0,5.0,8.0,12.0,10.0,5.0,10.0,11.0,18.0,19.0,18.0,555.0,99.0,6062.0,764.0,366.0,73.0,32.0,20.0,H0373,C,75,1.0,26.0,25.0,31.0,"[""2024-07-14""]","[""2024-07-06"", ""2024-07-07"", ""2024-07-08"", ""2024-07-09"", ""2024-07-10"", ""2024-07-11"", ""2024-07-12"", ""2024-07-13"", ""2024-07-14"", ""2024-07-15"", ""2024-07-16"", ""2024-07-17"", ""2024-07-18"", ""2024-07-19"", ""2024-07-20"", ""2024-07-21"", ""2024-07-22"", ""2024-07-23"", ""2024-07-24"", ""2024-07-25"", ""2024-07-26"", ""2024-07-27"", ""2024-07-28"", ""2024-07-29"", ""2024-07-30"", ""2024-07-31""]","[""2024-07-06"", ""2024-07-07"", ""2024-07-08"", ""2024-07-09"", ""2024-07-10"", ""2024-07-11"", ""2024-07-12"", ""2024-07-13"", ""2024-07-15"", ""2024-07-16"", ""2024-07-17"", ""2024-07-18"", ""2024-07-19"", ""2024-07-20"", ""2024-07-21"", ""2024-07-22"", ""2024-07-23"", ""2024-07-24"", ""2024-07-25"", ""2024-07-26"", ""2024-07-27"", ""2024-07-28"", ""2024-07-29"", ""2024-07-30"", ""2024-07-31""]"
Mercure Paris Montmartre Sacré-Cœur,2024,8,621.0,5285.0,343.0,25.0,4.0,2.0,0.6666666666666666,0.3333333333333333,12,1,12,12,0,615.0,0.0,6.0,5182.0,0.0,103.0,398.0,0.0,5.0,22.0,0.0,3.0,0.0,0.0,98.0,0.0,53.0,122.0,0.0,0.0,342.0,5.0,1.0,0.0,0.0,1321.0,0.0,293.0,568.0,0.0,0.0,3000.0,61.0,42.0,0.0,0.0,67.0,0.0,46.0,72.0,0.0,0.0,213.0,4.0,1.0,0.0,0.0,4.0,0.0,3.0,6.0,0.0,0.0,9.0,2.0,1.0,0.9903381642512077,0.00966183574879227,0.9805108798486282,0.019489120151371806,0.9875930521091811,0.01240694789081886,0.88,0.12,0.0,0.0,0.15934959349593497,0.0,0.08617886178861789,0.1983739837398374,0.0,0.0,0.5560975609756098,0.8333333333333334,0.16666666666666666,0.0,0.0,0.2549208799691239,0.0,0.05654187572365882,0.10961018911617136,0.0,0.0,0.5789270551910459,0.5922330097087378,0.4077669902912621,0.0,0.0,0.16834170854271358,0.0,0.11557788944723618,0.18090452261306533,0.0,0.0,0.535175879396985,0.8,0.2,0.0,0.0,0.18181818181818182,0.0,0.13636363636363635,0.2727272727272727,0.0,0.0,0.4090909090909091,0.6666666666666666,0.3333333333333333,64.0,32.0,16.0,1.0,3.0,1.0,1.0,2.0,13.0,8.0,7.0,2.0,12.0,14.0,25.0,10.0,26.0,34.0,40.0,17.0,58.0,62.0,74.0,99.0,428.0,265.0,101.0,5.0,12.0,5.0,5.0,7.0,193.0,150.0,32.0,10.0,120.0,78.0,252.0,70.0,336.0,195.0,285.0,173.0,635.0,560.0,513.0,855.0,40.0,20.0,9.0,1.0,3.0,1.0,1.0,2.0,7.0,3.0,6.0,2.0,7.0,12.0,14.0,7.0,16.0,23.0,33.0,11.0,29.0,44.0,53.0,59.0,15.0,11.0,7.0,1.0,3.0,1.0,1.0,2.0,6.0,3.0,6.0,2.0,7.0,9.0,8.0,5.0,10.0,11.0,12.0,8.0,14.0,18.0,18.0,18.0,444.0,177.0,3667.0,1618.0,288.0,115.0,22.0,22.0,H0373,C,75,1.0,31.0,30.0,31.0,"[""2024-08-15""]","[""2024-08-01"", ""2024-08-02"", ""2024-08-03"", ""2024-08-04"", ""2024-08-05"", ""2024-08-06"", ""2024-08-07"", ""2024-08-08"", ""2024-08-09"", ""2024-08-10"", ""2024-08-11"", ""2024-08-12"", ""2024-08-13"", ""2024-08-14"", ""2024-08-15"", ""2024-08-16"", ""2024-08-17"", ""2024-08-18"", ""2024-08-19"", ""2024-08-20"", ""2024-08-21"", ""2024-08-22"", ""2024-08-23"", ""2024-08-24"", ""2024-08-25"", ""2024-08-26"", ""2024-08-27"", ""2024-08-28"", ""2024-08-29"", ""2024-08-30"", ""2024-08-31""]","[""2024-08-01"", ""2024-08-02"", ""2024-08-03"", ""2024-08-04"", ""2024-08-05"", ""2024-08-06"", ""2024-08-07"", ""2024-08-08"", ""2024-08-09"", ""2024-08-10"", ""2024-08-11"", ""2024-08-12"", ""2024-08-13"", ""2024-08-14"", ""2024-08-16"", ""2024-08-17"", ""2024-08-18"", ""2024-08-19"", ""2024-08-20"", ""2024-08-21"", ""2024-08-22"", ""2024-08-23"", ""2024-08-24"", ""2024-08-25"", ""2024-08-26"", ""2024-08-27"", ""2024-08-28"", ""2024-08-29"", ""2024-08-30"", ""2024-08-31""]"
Mercure Paris Montmartre Sacré-Cœur,2024,9,903.0,7992.0,534.0,26.0,4.0,2.0,0.6666666666666666,0.3333333333333333,12,1,12,12,0,900.0,0.0,3.0,7938.0,0.0,54.0,626.0,0.0,3.0,23.0,0.0,3.0,0.0,0.0,185.0,0.0,96.0,107.0,0.0,0.0,512.0,2.0,1.0,0.0,0.0,2750.0,0.0,564.0,494.0,0.0,0.0,4130.0,12.0,42.0,0.0,0.0,135.0,0.0,83.0,75.0,0.0,0.0,333.0,2.0,1.0,0.0,0.0,4.0,0.0,3.0,7.0,0.0,0.0,9.0,2.0,1.0,0.9966777408637874,0.0033222591362126247,0.9932432432432432,0.006756756756756757,0.9952305246422893,0.0047694753577106515,0.8846153846153846,0.11538461538461539,0.0,0.0,0.20555555555555555,0.0,0.10666666666666667,0.11888888888888889,0.0,0.0,0.5688888888888889,0.6666666666666666,0.3333333333333333,0.0,0.0,0.34643487024439407,0.0,0.0710506424792139,0.062232300327538424,0.0,0.0,0.5202821869488536,0.2222222222222222,0.7777777777777778,0.0,0.0,0.21565495207667731,0.0,0.13258785942492013,0.11980830670926518,0.0,0.0,0.5319488817891374,0.6666666666666666,0.3333333333333333,0.0,0.0,0.17391304347826086,0.0,0.13043478260869565,0.30434782608695654,0.0,0.0,0.391304347826087,0.6666666666666666,0.3333333333333333,97.0,46.0,12.0,24.0,4.0,7.0,17.0,28.0,16.0,7.0,12.0,13.0,6.0,25.0,18.0,34.0,42.0,60.0,29.0,61.0,74.0,62.0,116.0,93.0,1018.0,471.0,88.0,189.0,30.0,33.0,235.0,203.0,140.0,60.0,108.0,112.0,30.0,145.0,170.0,368.0,338.0,468.0,232.0,600.0,590.0,503.0,987.0,874.0,65.0,32.0,10.0,17.0,2.0,5.0,10.0,18.0,10.0,5.0,8.0,8.0,6.0,16.0,11.0,22.0,29.0,40.0,20.0,41.0,54.0,44.0,89.0,67.0,16.0,13.0,7.0,11.0,3.0,5.0,5.0,9.0,5.0,5.0,5.0,7.0,4.0,10.0,7.0,11.0,16.0,16.0,10.0,16.0,13.0,16.0,18.0,17.0,607.0,296.0,5406.0,2586.0,420.0,209.0,24.0,23.0,H0373,C,75,0.0,1.0,1.0,30.0,[],"[""2024-09-01""]","[""2024-09-01""]"
Mercure Paris Montmartre Sacré-Cœur,2024,10,1058.0,9518.0,576.0,27.0,4.0,2.0,0.6666666666666666,0.3333333333333333,12,1,12,12,0,1046.0,0.0,12.0,9208.0,0.0,310.0,688.0,0.0,7.0,20.0,0.0,7.0,0.0,0.0,182.0,0.0,116.0,98.0,0.0,0.0,650.0,7.0,5.0,0.0,0.0,2857.0,0.0,742.0,499.0,0.0,0.0,5110.0,91.0,219.0,0.0,0.0,123.0,0.0,96.0,69.0,0.0,0.0,400.0,5.0,2.0,0.0,0.0,4.0,0.0,3.0,4.0,0.0,0.0,9.0,3.0,4.0,0.9886578449905482,0.011342155009451797,0.9674301323807523,0.03256986761924774,0.9899280575539569,0.010071942446043165,0.7407407407407407,0.25925925925925924,0.0,0.0,0.1739961759082218,0.0,0.11089866156787763,0.09369024856596558,0.0,0.0,0.621414913957935,0.5833333333333334,0.4166666666666667,0.0,0.0,0.31027367506516074,0.0,0.08058210251954821,0.05419200695047784,0.0,0.0,0.5549522154648132,0.29354838709677417,0.7064516129032258,0.0,0.0,0.17877906976744187,0.0,0.13953488372093023,0.1002906976744186,0.0,0.0,0.5813953488372093,0.7142857142857143,0.2857142857142857,0.0,0.0,0.2,0.0,0.15,0.2,0.0,0.0,0.45,0.42857142857142855,0.5714285714285714,81.0,48.0,32.0,32.0,1.0,15.0,16.0,4.0,14.0,13.0,10.0,21.0,12.0,28.0,19.0,34.0,32.0,64.0,32.0,67.0,69.0,130.0,138.0,146.0,643.0,400.0,204.0,300.0,5.0,215.0,170.0,20.0,120.0,125.0,80.0,127.0,103.0,258.0,135.0,322.0,254.0,595.0,268.0,793.0,671.0,1072.0,1414.0,1224.0,53.0,34.0,27.0,21.0,1.0,8.0,11.0,4.0,10.0,11.0,7.0,16.0,9.0,16.0,9.0,23.0,20.0,43.0,18.0,43.0,43.0,86.0,81.0,101.0,14.0,10.0,11.0,13.0,1.0,9.0,9.0,3.0,9.0,8.0,7.0,11.0,9.0,9.0,8.0,13.0,11.0,15.0,13.0,18.0,14.0,16.0,22.0,18.0,737.0,321.0,6464.0,3054.0,485.0,210.0,27.0,18.0,H0373,C,75,0.0,13.0,13.0,31.0,[],"[""2024-10-19"", ""2024-10-20"", ""2024-10-21"", ""2024-10-22"", ""2024-10-23"", ""2024-10-24"", ""2024-10-25"", ""2024-10-26"", ""2024-10-27"", ""2024-10-28"", ""2024-10-29"", ""2024-10-30"", ""2024-10-31""]","[""2024-10-19"", ""2024-10-20"", ""2024-10-21"", ""2024-10-22"", ""2024-10-23"", ""2024-10-24"", ""2024-10-25"", ""2024-10-26"", ""2024-10-27"", ""2024-10-28"", ""2024-10-29"", ""2024-10-30"", ""2024-10-31""]"
Mercure Paris Montmartre Sacré-Cœur,2024,11,708.0,5706.0,389.0,26.0,5.0,2.0,0.7142857142857143,0.2857142857142857,12,1,12,12,0,705.0,0.0,3.0,5673.0,0.0,33.0,466.0,0.0,3.0,23.0,0.0,3.0,0.0,0.0,96.0,2.0,77.0,94.0,0.0,0.0,437.0,1.0,1.0,0.0,0.0,1458.0,25.0,539.0,386.0,0.0,0.0,3275.0,8.0,15.0,0.0,0.0,66.0,2.0,57.0,65.0,0.0,0.0,277.0,1.0,1.0,0.0,0.0,5.0,2.0,4.0,4.0,0.0,0.0,9.0,1.0,1.0,0.9957627118644068,0.00423728813559322,0.9942166140904312,0.0057833859095688745,0.9936034115138592,0.006396588486140725,0.8846153846153846,0.11538461538461539,0.0,0.0,0.13617021276595745,0.6666666666666666,0.10921985815602837,0.13333333333333333,0.0,0.0,0.6198581560283688,0.3333333333333333,0.0014184397163120568,0.0,0.0,0.257006874669487,0.7575757575757576,0.09501145778247841,0.06804160056407545,0.0,0.0,0.577295963335096,0.24242424242424243,0.0026441036488630354,0.0,0.0,0.14163090128755365,0.6666666666666666,0.1223175965665236,0.13948497854077252,0.0,0.0,0.5944206008583691,0.3333333333333333,0.002145922746781116,0.0,0.0,0.21739130434782608,0.6666666666666666,0.17391304347826086,0.17391304347826086,0.0,0.0,0.391304347826087,0.3333333333333333,0.043478260869565216,46.0,29.0,18.0,17.0,12.0,13.0,0.0,8.0,9.0,7.0,0.0,10.0,19.0,8.0,27.0,19.0,43.0,17.0,35.0,41.0,57.0,53.0,98.0,122.0,261.0,293.0,165.0,195.0,210.0,205.0,0.0,55.0,65.0,35.0,0.0,73.0,141.0,38.0,183.0,130.0,364.0,100.0,355.0,264.0,456.0,434.0,745.0,939.0,34.0,21.0,13.0,7.0,3.0,5.0,0.0,6.0,6.0,7.0,0.0,8.0,10.0,6.0,17.0,14.0,27.0,11.0,26.0,31.0,36.0,33.0,66.0,82.0,12.0,12.0,11.0,5.0,3.0,4.0,0.0,7.0,5.0,4.0,0.0,6.0,6.0,6.0,11.0,11.0,15.0,11.0,14.0,15.0,14.0,16.0,18.0,22.0,477.0,231.0,3854.0,1852.0,315.0,154.0,25.0,22.0,H0373,C,75,2.0,3.0,2.0,30.0,"[""2024-11-01"", ""2024-11-11""]","[""2024-11-01"", ""2024-11-02"", ""2024-11-03""]","[""2024-11-02"", ""2024-11-03""]"
Mercure Paris Montmartre Sacré-Cœur,2024,12,618.0,5509.0,380.0,24.0,4.0,1.0,0.8,0.2,12,1,12,12,0,613.0,0.0,5.0,5429.0,0.0,80.0,423.0,0.0,4.0,21.0,0.0,3.0,0.0,0.0,113.0,5.0,58.0,98.0,0.0,0.0,344.0,0.0,0.0,0.0,0.0,2039.0,80.0,338.0,432.0,0.0,0.0,2620.0,0.0,0.0,0.0,0.0,76.0,4.0,47.0,60.0,0.0,0.0,240.0,0.0,0.0,0.0,0.0,4.0,3.0,4.0,4.0,0.0,0.0,9.0,0.0,0.0,0.9919093851132686,0.008090614886731391,0.9854783082229079,0.014521691777092031,0.990632318501171,0.00936768149882904,0.875,0.125,0.0,0.0,0.18433931484502447,1.0,0.09461663947797716,0.1598694942903752,0.0,0.0,0.5611745513866232,0.0,0.0,0.0,0.0,0.37557561245164856,1.0,0.06225824277030761,0.07957266531589612,0.0,0.0,0.4825934794621477,0.0,0.0,0.0,0.0,0.17966903073286053,1.0,0.1111111111111111,0.14184397163120568,0.0,0.0,0.5673758865248227,0.0,0.0,0.0,0.0,0.19047619047619047,1.0,0.19047619047619047,0.19047619047619047,0.0,0.0,0.42857142857142855,0.0,0.0,60.0,37.0,32.0,12.0,11.0,3.0,0.0,8.0,13.0,14.0,4.0,9.0,11.0,8.0,20.0,10.0,22.0,36.0,35.0,25.0,50.0,42.0,65.0,91.0,546.0,353.0,403.0,87.0,88.0,40.0,0.0,80.0,107.0,103.0,20.0,72.0,64.0,76.0,152.0,72.0,148.0,195.0,394.0,246.0,460.0,452.0,569.0,782.0,46.0,25.0,19.0,9.0,6.0,3.0,0.0,4.0,12.0,11.0,3.0,6.0,8.0,4.0,14.0,6.0,15.0,26.0,20.0,17.0,35.0,27.0,43.0,68.0,17.0,12.0,11.0,6.0,5.0,3.0,0.0,4.0,8.0,7.0,3.0,6.0,7.0,4.0,7.0,4.0,10.0,10.0,14.0,11.0,14.0,11.0,17.0,19.0,434.0,184.0,3789.0,1720.0,300.0,127.0,23.0,21.0,H0373,C,75,1.0,11.0,10.0,31.0,"[""2024-12-25""]","[""2024-12-21"", ""2024-12-22"", ""2024-12-23"", ""2024-12-24"", ""2024-12-25"", ""2024-12-26"", ""2024-12-27"", ""2024-12-28"", ""2024-12-29"", ""2024-12-30"", ""2024-12-31""]","[""2024-12-21"", ""2024-12-22"", ""2024-12-23"", ""2024-12-24"", ""2024-12-26"", ""2024-12-27"", ""2024-12-28"", ""2024-12-29"", ""2024-12-30"", ""2024-12-31""]"
Mercure Paris Montmartre Sacré-Cœur,2025,1,597.0,5178.0,337.0,26.0,5.0,2.0,0.7142857142857143,0.2857142857142857,12,1,12,12,0,588.0,0.0,9.0,5068.0,0.0,110.0,402.0,0.0,9.0,23.0,0.0,3.0,0.0,0.0,81.0,6.0,54.0,131.0,0.0,0.0,320.0,3.0,2.0,0.0,0.0,1514.0,72.0,274.0,621.0,0.0,0.0,2630.0,38.0,29.0,0.0,0.0,63.0,6.0,46.0,71.0,0.0,0.0,220.0,3.0,2.0,0.0,0.0,4.0,1.0,4.0,4.0,0.0,0.0,9.0,2.0,2.0,0.9849246231155779,0.01507537688442211,0.9787562765546544,0.021243723445345693,0.9781021897810219,0.021897810218978103,0.8846153846153846,0.11538461538461539,0.0,0.0,0.1377551020408163,0.6666666666666666,0.09183673469387756,0.2227891156462585,0.0,0.0,0.54421768707483,0.3333333333333333,0.003401360544217687,0.0,0.0,0.29873717442778214,0.6545454545454545,0.054064719810576166,0.12253354380426204,0.0,0.0,0.5189423835832676,0.34545454545454546,0.005722178374112076,0.0,0.0,0.15671641791044777,0.6666666666666666,0.11442786069651742,0.17661691542288557,0.0,0.0,0.5472636815920398,0.3333333333333333,0.004975124378109453,0.0,0.0,0.17391304347826086,0.3333333333333333,0.17391304347826086,0.17391304347826086,0.0,0.0,0.391304347826087,0.6666666666666666,0.08695652173913043,55.0,26.0,34.0,24.0,12.0,8.0,8.0,3.0,19.0,19.0,13.0,13.0,26.0,22.0,15.0,16.0,12.0,20.0,17.0,34.0,30.0,37.0,70.0,64.0,613.0,185.0,196.0,306.0,59.0,90.0,104.0,35.0,123.0,132.0,75.0,87.0,373.0,196.0,119.0,121.0,82.0,127.0,330.0,312.0,224.0,252.0,526.0,511.0,34.0,22.0,22.0,13.0,8.0,4.0,5.0,3.0,14.0,17.0,10.0,9.0,14.0,14.0,11.0,11.0,10.0,11.0,11.0,22.0,23.0,34.0,45.0,44.0,18.0,11.0,13.0,10.0,7.0,3.0,5.0,3.0,7.0,8.0,4.0,6.0,7.0,12.0,9.0,10.0,8.0,10.0,12.0,10.0,13.0,16.0,15.0,19.0,463.0,134.0,4044.0,1134.0,314.0,97.0,25.0,21.0,H0373,C,75,1.0,5.0,4.0,31.0,"[""2025-01-01""]","[""2025-01-01"", ""2025-01-02"", ""2025-01-03"", ""2025-01-04"", ""2025-01-05""]","[""2025-01-02"", ""2025-01-03"", ""2025-01-04"", ""2025-01-05""]"
Mercure Paris Montmartre Sacré-Cœur,2025,2,513.0,4731.0,327.0,28.0,5.0,3.0,0.625,0.375,12,1,12,12,0,499.0,0.0,14.0,4240.0,0.0,491.0,382.0,0.0,12.0,23.0,0.0,5.0,0.0,0.0,75.0,5.0,67.0,83.0,0.0,0.0,272.0,4.0,7.0,0.0,0.0,1803.0,60.0,347.0,271.0,0.0,0.0,1790.0,53.0,407.0,0.0,0.0,50.0,5.0,52.0,65.0,0.0,0.0,213.0,4.0,5.0,0.0,0.0,4.0,1.0,4.0,4.0,0.0,0.0,9.0,2.0,4.0,0.9727095516569201,0.02729044834307992,0.8962164447262735,0.10378355527372649,0.9695431472081218,0.030456852791878174,0.8214285714285714,0.17857142857142858,0.0,0.0,0.15030060120240482,0.35714285714285715,0.1342685370741483,0.16633266533066132,0.0,0.0,0.5450901803607214,0.2857142857142857,0.3611508731749213,0.0,0.0,0.4252358490566038,0.12219959266802444,0.08183962264150943,0.06391509433962264,0.0,0.0,0.4221698113207547,0.1079429735234216,0.7766970564500634,0.0,0.0,0.13089005235602094,0.4166666666666667,0.13612565445026178,0.17015706806282724,0.0,0.0,0.5575916230366492,0.3333333333333333,0.25523560209424084,0.0,0.0,0.17391304347826086,0.2,0.17391304347826086,0.17391304347826086,0.0,0.0,0.391304347826087,0.4,0.48695652173913045,67.0,31.0,6.0,40.0,6.0,1.0,4.0,3.0,6.0,8.0,13.0,18.0,1.0,4.0,12.0,11.0,23.0,25.0,27.0,20.0,21.0,35.0,49.0,82.0,665.0,229.0,50.0,483.0,420.0,5.0,30.0,13.0,32.0,53.0,107.0,128.0,5.0,30.0,94.0,65.0,134.0,175.0,241.0,195.0,114.0,255.0,349.0,859.0,52.0,25.0,4.0,30.0,3.0,1.0,3.0,3.0,5.0,8.0,12.0,15.0,1.0,3.0,9.0,8.0,18.0,17.0,20.0,17.0,19.0,26.0,37.0,58.0,16.0,11.0,3.0,13.0,3.0,1.0,3.0,3.0,4.0,5.0,8.0,8.0,1.0,3.0,5.0,7.0,12.0,15.0,12.0,11.0,7.0,12.0,15.0,22.0,276.0,237.0,2272.0,2459.0,205.0,189.0,27.0,22.0,H0373,C,75,0.0,14.0,14.0,28.0,[],"[""2025-02-15"", ""2025-02-16"", ""2025-02-17"", ""2025-02-18"", ""2025-02-19"", ""2025-02-20"", ""2025-02-21"", ""2025-02-22"", ""2025-02-23"", ""2025-02-24"", ""2025-02-25"", ""2025-02-26"", ""2025-02-27"", ""2025-02-28""]","[""2025-02-15"", ""2025-02-16"", ""2025-02-17"", ""2025-02-18"", ""2025-02-19"", ""2025-02-20"", ""2025-02-21"", ""2025-02-22"", ""2025-02-23"", ""2025-02-24"", ""2025-02-25"", ""2025-02-26"", ""2025-02-27"", ""2025-02-28""]"
Mercure Paris Montmartre Sacré-Cœur,2025,3,569.0,4669.0,358.0,26.0,5.0,2.0,0.7142857142857143,0.2857142857142857,12,1,12,12,0,561.0,0.0,8.0,4575.0,0.0,94.0,413.0,0.0,8.0,22.0,0.0,4.0,0.0,0.0,88.0,5.0,64.0,99.0,0.0,0.0,309.0,3.0,1.0,0.0,0.0,1601.0,78.0,338.0,367.0,0.0,0.0,2255.0,16.0,14.0,0.0,0.0,67.0,5.0,52.0,69.0,0.0,0.0,224.0,3.0,1.0,0.0,0.0,5.0,2.0,3.0,4.0,0.0,0.0,9.0,2.0,1.0,0.9859402460456942,0.014059753954305799,0.9798672092525166,0.020132790747483403,0.9809976247030879,0.019002375296912115,0.8461538461538461,0.15384615384615385,0.0,0.0,0.1568627450980392,0.625,0.1140819964349376,0.17647058823529413,0.0,0.0,0.5508021390374331,0.375,0.0017825311942959,0.0,0.0,0.34994535519125686,0.8297872340425532,0.07387978142076503,0.08021857923497268,0.0,0.0,0.492896174863388,0.1702127659574468,0.0030601092896174863,0.0,0.0,0.162227602905569,0.625,0.12590799031476999,0.16707021791767554,0.0,0.0,0.5423728813559322,0.375,0.002421307506053269,0.0,0.0,0.22727272727272727,0.5,0.13636363636363635,0.18181818181818182,0.0,0.0,0.4090909090909091,0.5,0.045454545454545456,47.0,40.0,20.0,8.0,11.0,2.0,6.0,13.0,26.0,8.0,11.0,9.0,12.0,7.0,12.0,9.0,32.0,30.0,24.0,14.0,31.0,67.0,53.0,77.0,374.0,447.0,260.0,107.0,78.0,20.0,30.0,82.0,150.0,40.0,109.0,42.0,68.0,31.0,78.0,48.0,456.0,139.0,270.0,60.0,216.0,568.0,503.0,493.0,32.0,25.0,13.0,4.0,9.0,1.0,5.0,8.0,23.0,6.0,8.0,9.0,10.0,6.0,8.0,8.0,17.0,22.0,19.0,10.0,23.0,49.0,42.0,64.0,13.0,14.0,8.0,4.0,7.0,1.0,5.0,9.0,11.0,6.0,6.0,6.0,7.0,4.0,6.0,7.0,12.0,11.0,8.0,7.0,13.0,16.0,14.0,14.0,359.0,210.0,3096.0,1573.0,267.0,154.0,24.0,20.0,H0373,C,75,0.0,2.0,2.0,31.0,[],"[""2025-03-01"", ""2025-03-02""]","[""2025-03-01"", ""2025-03-02""]"
Mercure Paris Montmartre Sacré-Cœur,2025,4,508.0,4450.0,332.0,23.0,4.0,1.0,0.8,0.2,12,1,12,12,0,503.0,0.0,5.0,4387.0,0.0,63.0,363.0,0.0,5.0,20.0,0.0,3.0,0.0,0.0,108.0,5.0,39.0,100.0,0.0,0.0,256.0,0.0,0.0,0.0,0.0,1841.0,63.0,169.0,397.0,0.0,0.0,1980.0,0.0,0.0,0.0,0.0,73.0,5.0,38.0,68.0,0.0,0.0,184.0,0.0,0.0,0.0,0.0,5.0,3.0,3.0,3.0,0.0,0.0,9.0,0.0,0.0,0.9901574803149606,0.00984251968503937,0.9858426966292135,0.014157303370786517,0.9864130434782609,0.01358695652173913,0.8695652173913043,0.13043478260869565,0.0,0.0,0.2147117296222664,1.0,0.0775347912524851,0.1988071570576541,0.0,0.0,0.5089463220675944,0.0,0.0,0.0,0.0,0.41964896284476866,1.0,0.038522908593571915,0.09049464326418966,0.0,0.0,0.4513334852974698,0.0,0.0,0.0,0.0,0.20110192837465565,1.0,0.1046831955922865,0.18732782369146006,0.0,0.0,0.5068870523415978,0.0,0.0,0.0,0.0,0.25,1.0,0.15,0.15,0.0,0.0,0.45,0.0,0.0,28.0,11.0,7.0,10.0,7.0,2.0,2.0,6.0,14.0,19.0,17.0,8.0,3.0,6.0,19.0,21.0,21.0,34.0,29.0,14.0,38.0,70.0,56.0,66.0,202.0,61.0,51.0,157.0,183.0,10.0,8.0,40.0,85.0,173.0,241.0,30.0,12.0,36.0,98.0,187.0,151.0,383.0,236.0,129.0,388.0,629.0,434.0,526.0,22.0,10.0,5.0,4.0,3.0,2.0,2.0,5.0,13.0,14.0,12.0,6.0,3.0,5.0,15.0,14.0,14.0,23.0,19.0,10.0,25.0,49.0,47.0,46.0,10.0,7.0,5.0,4.0,3.0,2.0,2.0,3.0,7.0,8.0,6.0,6.0,3.0,4.0,9.0,11.0,10.0,10.0,10.0,6.0,13.0,12.0,15.0,19.0,352.0,156.0,3205.0,1245.0,245.0,123.0,23.0,16.0,H0373,C,75,1.0,16.0,15.0,30.0,"[""2025-04-21""]","[""2025-04-12"", ""2025-04-13"", ""2025-04-14"", ""2025-04-15"", ""2025-04-16"", ""2025-04-17"", ""2025-04-18"", ""2025-04-19"", ""2025-04-20"", ""2025-04-21"", ""2025-04-22"", ""2025-04-23"", ""2025-04-24"", ""2025-04-25"", ""2025-04-26"", ""2025-04-27""]","[""2025-04-12"", ""2025-04-13"", ""2025-04-14"", ""2025-04-15"", ""2025-04-16"", ""2025-04-17"", ""2025-04-18"", ""2025-04-19"", ""2025-04-20"", ""2025-04-22"", ""2025-04-23"", ""2025-04-24"", ""2025-04-25"", ""2025-04-26"", ""2025-04-27""]"
Mercure Paris Montmartre Sacré-Cœur,2025,5,352.0,3087.0,229.0,22.0,4.0,1.0,0.8,0.2,12,1,12,12,0,349.0,0.0,3.0,3051.0,0.0,36.0,255.0,0.0,3.0,21.0,0.0,1.0,0.0,0.0,55.0,3.0,27.0,81.0,0.0,0.0,186.0,0.0,0.0,0.0,0.0,1016.0,36.0,117.0,238.0,0.0,0.0,1680.0,0.0,0.0,0.0,0.0,43.0,3.0,25.0,62.0,0.0,0.0,125.0,0.0,0.0,0.0,0.0,5.0,1.0,3.0,4.0,0.0,0.0,9.0,0.0,0.0,0.9914772727272727,0.008522727272727272,0.9883381924198251,0.011661807580174927,0.9883720930232558,0.011627906976744186,0.9545454545454546,0.045454545454545456,0.0,0.0,0.15759312320916904,1.0,0.07736389684813753,0.23209169054441262,0.0,0.0,0.5329512893982808,0.0,0.0,0.0,0.0,0.33300557194362507,1.0,0.038348082595870206,0.07800721075057358,0.0,0.0,0.5506391347099312,0.0,0.0,0.0,0.0,0.16862745098039217,1.0,0.09803921568627451,0.24313725490196078,0.0,0.0,0.49019607843137253,0.0,0.0,0.0,0.0,0.23809523809523808,1.0,0.14285714285714285,0.19047619047619047,0.0,0.0,0.42857142857142855,0.0,0.0,40.0,21.0,14.0,2.0,9.0,0.0,2.0,8.0,6.0,3.0,2.0,4.0,0.0,4.0,12.0,13.0,13.0,28.0,23.0,16.0,7.0,30.0,37.0,58.0,342.0,272.0,136.0,50.0,43.0,0.0,20.0,61.0,40.0,17.0,30.0,20.0,0.0,23.0,79.0,53.0,138.0,175.0,202.0,129.0,58.0,275.0,403.0,521.0,28.0,13.0,10.0,2.0,6.0,0.0,1.0,7.0,4.0,3.0,2.0,4.0,0.0,2.0,11.0,11.0,8.0,23.0,16.0,12.0,5.0,21.0,23.0,46.0,13.0,9.0,5.0,2.0,5.0,0.0,1.0,5.0,3.0,3.0,2.0,3.0,0.0,2.0,9.0,7.0,8.0,11.0,12.0,9.0,5.0,11.0,11.0,19.0,211.0,141.0,1919.0,1168.0,151.0,107.0,22.0,22.0,H0373,C,75,3.0,3.0,2.0,31.0,"[""2025-05-01"", ""2025-05-08"", ""2025-05-29""]","[""2025-05-29"", ""2025-05-30"", ""2025-05-31""]","[""2025-05-30"", ""2025-05-31""]"
Mercure Paris Montmartre Sacré-Cœur,2025,6,466.0,3445.0,328.0,26.0,4.0,2.0,0.6666666666666666,0.3333333333333333,12,1,12,12,0,455.0,0.0,11.0,3246.0,0.0,199.0,352.0,0.0,8.0,23.0,0.0,3.0,0.0,0.0,37.0,7.0,40.0,116.0,0.0,0.0,262.0,4.0,0.0,0.0,0.0,741.0,109.0,190.0,395.0,0.0,0.0,1920.0,90.0,0.0,0.0,0.0,30.0,5.0,34.0,92.0,0.0,0.0,196.0,3.0,0.0,0.0,0.0,7.0,2.0,3.0,4.0,0.0,0.0,9.0,1.0,0.0,0.9763948497854077,0.023605150214592276,0.9422351233671988,0.05776487663280116,0.9777777777777777,0.022222222222222223,0.8846153846153846,0.11538461538461539,0.0,0.0,0.08131868131868132,0.6363636363636364,0.08791208791208792,0.2549450549450549,0.0,0.0,0.5758241758241758,0.36363636363636365,0.0,0.0,0.0,0.22828096118299446,0.5477386934673367,0.0585335797905114,0.12168823166974738,0.0,0.0,0.5914972273567468,0.45226130653266333,0.0,0.0,0.0,0.08522727272727272,0.625,0.09659090909090909,0.26136363636363635,0.0,0.0,0.5568181818181818,0.375,0.0,0.0,0.0,0.30434782608695654,0.6666666666666666,0.13043478260869565,0.17391304347826086,0.0,0.0,0.391304347826087,0.3333333333333333,0.0,40.0,31.0,24.0,10.0,15.0,6.0,3.0,9.0,9.0,8.0,8.0,8.0,10.0,11.0,15.0,23.0,24.0,12.0,22.0,15.0,23.0,40.0,50.0,50.0,287.0,373.0,175.0,195.0,157.0,42.0,17.0,45.0,45.0,38.0,38.0,60.0,43.0,113.0,115.0,146.0,148.0,68.0,135.0,138.0,226.0,220.0,305.0,316.0,31.0,23.0,17.0,5.0,8.0,4.0,3.0,9.0,9.0,8.0,7.0,3.0,10.0,6.0,8.0,19.0,21.0,10.0,19.0,10.0,17.0,32.0,41.0,40.0,14.0,16.0,8.0,4.0,7.0,4.0,2.0,7.0,4.0,4.0,5.0,4.0,8.0,6.0,10.0,14.0,8.0,6.0,12.0,9.0,11.0,14.0,15.0,14.0,311.0,155.0,2217.0,1228.0,246.0,114.0,25.0,20.0,H0373,C,75,1.0,1.0,1.0,30.0,"[""2025-06-09""]","[""2025-06-01""]","[""2025-06-01""]"
Mercure Paris Montmartre Sacré-Cœur,2025,7,286.0,2152.0,200.0,27.0,4.0,3.0,0.5714285714285714,0.42857142857142855,12,1,12,12,0,281.0,0.0,5.0,2051.0,0.0,101.0,217.0,0.0,5.0,23.0,0.0,4.0,0.0,0.0,31.0,2.0,37.0,64.0,0.0,0.0,149.0,1.0,2.0,0.0,0.0,513.0,42.0,273.0,270.0,0.0,0.0,995.0,15.0,44.0,0.0,0.0,27.0,2.0,29.0,46.0,0.0,0.0,115.0,1.0,2.0,0.0,0.0,6.0,2.0,3.0,4.0,0.0,0.0,10.0,1.0,1.0,0.9825174825174825,0.017482517482517484,0.9530669144981413,0.046933085501858735,0.9774774774774775,0.02252252252252252,0.8518518518518519,0.14814814814814814,0.0,0.0,0.1103202846975089,0.4,0.13167259786476868,0.2277580071174377,0.0,0.0,0.5302491103202847,0.2,0.4,0.0,0.0,0.250121891760117,0.4158415841584158,0.13310580204778158,0.13164310092637738,0.0,0.0,0.48512920526572406,0.1485148514851485,0.43564356435643564,0.0,0.0,0.12442396313364056,0.4,0.1336405529953917,0.2119815668202765,0.0,0.0,0.5299539170506913,0.2,0.4,0.0,0.0,0.2608695652173913,0.5,0.13043478260869565,0.17391304347826086,0.0,0.0,0.43478260869565216,0.25,0.25,40.0,21.0,13.0,4.0,3.0,6.0,6.0,1.0,10.0,2.0,0.0,6.0,0.0,3.0,0.0,1.0,13.0,17.0,21.0,14.0,16.0,18.0,37.0,34.0,259.0,222.0,104.0,41.0,55.0,48.0,38.0,5.0,40.0,10.0,0.0,23.0,0.0,11.0,0.0,5.0,97.0,88.0,273.0,131.0,102.0,101.0,216.0,283.0,28.0,15.0,9.0,4.0,3.0,5.0,5.0,1.0,9.0,2.0,0.0,5.0,0.0,2.0,0.0,1.0,10.0,16.0,12.0,11.0,11.0,14.0,32.0,27.0,15.0,12.0,8.0,4.0,2.0,5.0,3.0,1.0,4.0,2.0,0.0,5.0,0.0,2.0,0.0,1.0,8.0,10.0,8.0,8.0,8.0,9.0,16.0,12.0,207.0,79.0,1499.0,653.0,159.0,63.0,25.0,19.0,H0373,C,75,1.0,27.0,26.0,31.0,"[""2025-07-14""]","[""2025-07-05"", ""2025-07-06"", ""2025-07-07"", ""2025-07-08"", ""2025-07-09"", ""2025-07-10"", ""2025-07-11"", ""2025-07-12"", ""2025-07-13"", ""2025-07-14"", ""2025-07-15"", ""2025-07-16"", ""2025-07-17"", ""2025-07-18"", ""2025-07-19"", ""2025-07-20"", ""2025-07-21"", ""2025-07-22"", ""2025-07-23"", ""2025-07-24"", ""2025-07-25"", ""2025-07-26"", ""2025-07-27"", ""2025-07-28"", ""2025-07-29"", ""2025-07-30"", ""2025-07-31""]","[""2025-07-05"", ""2025-07-06"", ""2025-07-07"", ""2025-07-08"", ""2025-07-09"", ""2025-07-10"", ""2025-07-11"", ""2025-07-12"", ""2025-07-13"", ""2025-07-15"", ""2025-07-16"", ""2025-07-17"", ""2025-07-18"", ""2025-07-19"", ""2025-07-20"", ""2025-07-21"", ""2025-07-22"", ""2025-07-23"", ""2025-07-24"", ""2025-07-25"", ""2025-07-26"", ""2025-07-27"", ""2025-07-28"", ""2025-07-29"", ""2025-07-30"", ""2025-07-31""]"
Mercure Paris Montmartre Sacré-Cœur,2025,8,214.0,1789.0,132.0,22.0,4.0,3.0,0.5714285714285714,0.42857142857142855,12,1,12,12,0,211.0,0.0,3.0,1720.0,0.0,69.0,153.0,0.0,3.0,19.0,0.0,3.0,0.0,0.0,33.0,1.0,27.0,53.0,0.0,0.0,98.0,1.0,1.0,0.0,0.0,542.0,12.0,135.0,185.0,0.0,0.0,858.0,15.0,42.0,0.0,0.0,25.0,1.0,24.0,38.0,0.0,0.0,66.0,1.0,1.0,0.0,0.0,7.0,1.0,3.0,4.0,0.0,0.0,5.0,1.0,1.0,0.985981308411215,0.014018691588785047,0.961430967020682,0.03856903297931805,0.9807692307692307,0.019230769230769232,0.8636363636363636,0.13636363636363635,0.0,0.0,0.15639810426540285,0.3333333333333333,0.12796208530805686,0.25118483412322273,0.0,0.0,0.46445497630331756,0.3333333333333333,0.3333333333333333,0.0,0.0,0.31511627906976747,0.17391304347826086,0.07848837209302326,0.10755813953488372,0.0,0.0,0.49883720930232556,0.21739130434782608,0.6086956521739131,0.0,0.0,0.16339869281045752,0.3333333333333333,0.1568627450980392,0.24836601307189543,0.0,0.0,0.43137254901960786,0.3333333333333333,0.3333333333333333,0.0,0.0,0.3684210526315789,0.3333333333333333,0.15789473684210525,0.21052631578947367,0.0,0.0,0.2631578947368421,0.3333333333333333,0.3333333333333333,20.0,5.0,1.0,4.0,1.0,0.0,1.0,1.0,5.0,4.0,6.0,2.0,2.0,8.0,9.0,12.0,12.0,26.0,2.0,11.0,11.0,16.0,27.0,28.0,135.0,17.0,5.0,54.0,80.0,0.0,5.0,1.0,18.0,64.0,24.0,8.0,6.0,70.0,53.0,65.0,68.0,356.0,35.0,42.0,222.0,73.0,181.0,207.0,13.0,4.0,1.0,2.0,1.0,0.0,1.0,1.0,4.0,4.0,5.0,2.0,2.0,6.0,6.0,7.0,9.0,17.0,2.0,9.0,4.0,14.0,20.0,22.0,7.0,4.0,1.0,2.0,1.0,0.0,1.0,1.0,3.0,4.0,4.0,2.0,2.0,4.0,6.0,5.0,6.0,9.0,2.0,6.0,3.0,10.0,13.0,12.0,137.0,77.0,1135.0,654.0,98.0,58.0,20.0,16.0,H0373,C,75,1.0,31.0,30.0,31.0,"[""2025-08-15""]","[""2025-08-01"", ""2025-08-02"", ""2025-08-03"", ""2025-08-04"", ""2025-08-05"", ""2025-08-06"", ""2025-08-07"", ""2025-08-08"", ""2025-08-09"", ""2025-08-10"", ""2025-08-11"", ""2025-08-12"", ""2025-08-13"", ""2025-08-14"", ""2025-08-15"", ""2025-08-16"", ""2025-08-17"", ""2025-08-18"", ""2025-08-19"", ""2025-08-20"", ""2025-08-21"", ""2025-08-22"", ""2025-08-23"", ""2025-08-24"", ""2025-08-25"", ""2025-08-26"", ""2025-08-27"", ""2025-08-28"", ""2025-08-29"", ""2025-08-30"", ""2025-08-31""]","[""2025-08-01"", ""2025-08-02"", ""2025-08-03"", ""2025-08-04"", ""2025-08-05"", ""2025-08-06"", ""2025-08-07"", ""2025-08-08"", ""2025-08-09"", ""2025-08-10"", ""2025-08-11"", ""2025-08-12"", ""2025-08-13"", ""2025-08-14"", ""2025-08-16"", ""2025-08-17"", ""2025-08-18"", ""2025-08-19"", ""2025-08-20"", ""2025-08-21"", ""2025-08-22"", ""2025-08-23"", ""2025-08-24"", ""2025-08-25"", ""2025-08-26"", ""2025-08-27"", ""2025-08-28"", ""2025-08-29"", ""2025-08-30"", ""2025-08-31""]"
Mercure Paris Montmartre Sacré-Cœur,2025,9,501.0,4024.0,324.0,20.0,4.0,3.0,0.5714285714285714,0.42857142857142855,12,1,12,12,0,497.0,0.0,4.0,3922.0,0.0,102.0,371.0,0.0,4.0,17.0,0.0,3.0,0.0,0.0,69.0,1.0,52.0,129.0,0.0,0.0,247.0,2.0,1.0,0.0,0.0,1411.0,30.0,234.0,496.0,0.0,0.0,1781.0,30.0,42.0,0.0,0.0,49.0,1.0,48.0,85.0,0.0,0.0,189.0,2.0,1.0,0.0,0.0,5.0,1.0,3.0,4.0,0.0,0.0,5.0,1.0,1.0,0.9920159680638723,0.007984031936127744,0.9746520874751491,0.025347912524850896,0.9893333333333333,0.010666666666666666,0.85,0.15,0.0,0.0,0.13883299798792756,0.25,0.10462776659959759,0.2595573440643863,0.0,0.0,0.4969818913480885,0.5,0.25,0.0,0.0,0.3597654258031617,0.29411764705882354,0.05966343702192759,0.12646608873023968,0.0,0.0,0.4541050484446711,0.29411764705882354,0.4117647058823529,0.0,0.0,0.1320754716981132,0.25,0.1293800539083558,0.22911051212938005,0.0,0.0,0.5094339622641509,0.5,0.25,0.0,0.0,0.29411764705882354,0.3333333333333333,0.17647058823529413,0.23529411764705882,0.0,0.0,0.29411764705882354,0.3333333333333333,0.3333333333333333,41.0,44.0,8.0,11.0,8.0,9.0,2.0,6.0,12.0,7.0,11.0,7.0,8.0,8.0,17.0,20.0,24.0,30.0,25.0,10.0,38.0,25.0,54.0,76.0,407.0,287.0,50.0,263.0,36.0,75.0,10.0,28.0,68.0,31.0,106.0,35.0,47.0,34.0,86.0,147.0,166.0,300.0,179.0,101.0,356.0,171.0,464.0,577.0,24.0,33.0,7.0,6.0,8.0,9.0,1.0,6.0,8.0,6.0,9.0,7.0,7.0,6.0,14.0,16.0,20.0,23.0,23.0,8.0,24.0,17.0,37.0,56.0,12.0,10.0,6.0,5.0,5.0,7.0,2.0,4.0,4.0,5.0,6.0,4.0,5.0,4.0,7.0,8.0,11.0,10.0,9.0,9.0,10.0,10.0,12.0,14.0,384.0,117.0,3011.0,1013.0,286.0,89.0,18.0,16.0,H0373,C,75,0.0,0.0,0.0,30.0,[],[],[]
Mercure Paris Montmartre Sacré-Cœur,2025,10,590.0,4607.5,401.0,21.0,4.0,2.0,0.6666666666666666,0.3333333333333333,12,1,12,12,0,583.0,0.0,7.0,4509.0,0.0,98.5,435.0,0.0,6.0,16.0,0.0,5.0,0.0,0.0,102.0,5.0,40.0,97.0,0.0,0.0,344.0,2.0,0.0,0.0,0.0,1444.0,70.7,214.0,331.0,0.0,0.0,2520.0,27.8,0.0,0.0,0.0,76.0,4.0,36.0,73.0,0.0,0.0,250.0,2.0,0.0,0.0,0.0,5.0,4.0,3.0,4.0,0.0,0.0,4.0,1.0,0.0,0.988135593220339,0.011864406779661017,0.9786218122626154,0.0213781877373847,0.9863945578231292,0.013605442176870748,0.7619047619047619,0.23809523809523808,0.0,0.0,0.17495711835334476,0.7142857142857143,0.0686106346483705,0.16638078902229847,0.0,0.0,0.5900514579759862,0.2857142857142857,0.0,0.0,0.0,0.32024839210467954,0.717766497461929,0.04746063428698159,0.07340873807939677,0.0,0.0,0.5588822355289421,0.28223350253807106,0.0,0.0,0.0,0.17471264367816092,0.6666666666666666,0.08275862068965517,0.167816091954023,0.0,0.0,0.5747126436781609,0.3333333333333333,0.0,0.0,0.0,0.3125,0.8,0.1875,0.25,0.0,0.0,0.25,0.2,0.0,55.0,28.0,12.0,6.0,8.0,2.0,5.0,23.0,15.0,10.0,12.0,8.0,4.0,8.0,19.0,12.0,27.0,30.0,34.0,29.0,41.0,65.0,72.0,65.0,486.0,210.0,117.8,23.0,45.0,30.0,20.0,131.0,122.0,55.0,115.9,40.0,20.0,47.0,157.0,81.0,212.9,230.0,293.0,195.0,338.9,515.0,562.0,560.0,34.0,18.0,6.0,5.0,6.0,2.0,5.0,22.0,12.0,9.0,10.0,8.0,4.0,7.0,12.0,12.0,21.0,24.0,27.0,23.0,30.0,42.0,55.0,47.0,11.0,12.0,6.0,4.0,5.0,2.0,4.0,8.0,4.0,5.0,8.0,4.0,3.0,5.0,7.0,10.0,10.0,9.0,10.0,8.0,12.0,11.0,15.0,12.0,395.0,195.0,2922.7,1684.8,310.0,131.0,19.0,17.0,H0373,C,75,0.0,14.0,14.0,31.0,[],"[""2025-10-18"", ""2025-10-19"", ""2025-10-20"", ""2025-10-21"", ""2025-10-22"", ""2025-10-23"", ""2025-10-24"", ""2025-10-25"", ""2025-10-26"", ""2025-10-27"", ""2025-10-28"", ""2025-10-29"", ""2025-10-30"", ""2025-10-31""]","[""2025-10-18"", ""2025-10-19"", ""2025-10-20"", ""2025-10-21"", ""2025-10-22"", ""2025-10-23"", ""2025-10-24"", ""2025-10-25"", ""2025-10-26"", ""2025-10-27"", ""2025-10-28"", ""2025-10-29"", ""2025-10-30"", ""2025-10-31""]"
Mercure Paris Montmartre Sacré-Cœur,2025,11,405.0,3321.5,276.0,23.0,4.0,2.0,0.6666666666666666,0.3333333333333333,12,1,12,12,0,396.0,0.0,9.0,3208.0,0.0,113.5,298.0,0.0,9.0,17.0,0.0,6.0,0.0,0.0,65.0,5.0,38.0,105.0,0.0,0.0,188.0,4.0,0.0,0.0,0.0,1192.0,55.7,202.0,384.0,0.0,0.0,1430.0,57.8,0.0,0.0,0.0,54.0,5.0,31.0,71.0,0.0,0.0,142.0,4.0,0.0,0.0,0.0,5.0,3.0,4.0,4.0,0.0,0.0,4.0,3.0,0.0,0.9777777777777777,0.022222222222222223,0.9658286918560891,0.03417130814391088,0.9706840390879479,0.029315960912052116,0.7391304347826086,0.2608695652173913,0.0,0.0,0.16414141414141414,0.5555555555555556,0.09595959595959595,0.26515151515151514,0.0,0.0,0.47474747474747475,0.4444444444444444,0.0,0.0,0.0,0.371571072319202,0.49074889867841415,0.06296758104738155,0.11970074812967581,0.0,0.0,0.44576059850374067,0.5092511013215859,0.0,0.0,0.0,0.18120805369127516,0.5555555555555556,0.1040268456375839,0.23825503355704697,0.0,0.0,0.47651006711409394,0.4444444444444444,0.0,0.0,0.0,0.29411764705882354,0.5,0.23529411764705882,0.23529411764705882,0.0,0.0,0.23529411764705882,0.5,0.0,50.0,25.0,4.0,13.0,4.0,7.0,3.0,6.0,6.0,1.0,4.0,7.0,2.0,3.0,6.0,8.0,12.0,21.0,16.0,20.0,21.0,34.0,56.0,76.0,357.8,218.0,27.0,128.0,36.0,38.0,9.0,40.0,57.0,30.0,30.0,43.0,6.0,15.0,58.0,81.0,99.0,234.0,103.0,151.0,170.0,341.0,442.7,607.0,33.0,15.0,3.0,6.0,3.0,4.0,3.0,5.0,4.0,1.0,4.0,5.0,2.0,3.0,5.0,5.0,10.0,18.0,14.0,15.0,16.0,25.0,48.0,60.0,14.0,9.0,3.0,5.0,3.0,4.0,2.0,2.0,3.0,1.0,3.0,4.0,2.0,2.0,5.0,5.0,8.0,8.0,9.0,11.0,10.0,7.0,16.0,15.0,232.0,173.0,1977.7,1343.8,177.0,130.0,21.0,20.0,H0373,C,75,2.0,2.0,1.0,30.0,"[""2025-11-01"", ""2025-11-11""]","[""2025-11-01"", ""2025-11-02""]","[""2025-11-02""]"
Mercure Paris Montmartre Sacré-Cœur,2025,12,436.0,3664.3,298.0,23.0,4.0,3.0,0.5714285714285714,0.42857142857142855,12,1,12,12,0,416.0,0.0,20.0,3431.0,0.0,233.3,310.0,0.0,19.0,14.0,0.0,9.0,0.0,0.0,57.0,13.0,55.0,69.0,0.0,0.0,235.0,6.0,1.0,0.0,0.0,1072.0,148.4,277.0,377.0,0.0,0.0,1705.0,62.9,22.0,0.0,0.0,44.0,13.0,45.0,46.0,0.0,0.0,175.0,5.0,1.0,0.0,0.0,5.0,4.0,3.0,2.0,0.0,0.0,4.0,4.0,1.0,0.9541284403669725,0.045871559633027525,0.9363316322353519,0.06366836776464808,0.9422492401215805,0.057750759878419454,0.6086956521739131,0.391304347826087,0.0,0.0,0.13701923076923078,0.65,0.13221153846153846,0.1658653846153846,0.0,0.0,0.5649038461538461,0.3,0.05,0.0,0.0,0.3124453512095599,0.6360908701243034,0.08073447974351501,0.10988050131157097,0.0,0.0,0.49693966773535414,0.2696099442777539,0.09429918559794256,0.0,0.0,0.14193548387096774,0.6842105263157895,0.14516129032258066,0.14838709677419354,0.0,0.0,0.5645161290322581,0.2631578947368421,0.05263157894736842,0.0,0.0,0.35714285714285715,0.4444444444444444,0.21428571428571427,0.14285714285714285,0.0,0.0,0.2857142857142857,0.4444444444444444,0.1111111111111111,28.0,15.0,1.0,9.0,3.0,10.0,4.0,5.0,6.0,3.0,8.0,11.0,5.0,1.0,10.0,13.0,29.0,31.0,36.0,11.0,25.0,38.0,63.0,71.0,223.0,248.0,2.0,114.0,13.0,99.0,37.0,67.0,34.0,13.0,63.9,75.0,22.0,5.0,76.0,79.0,253.0,268.0,307.9,138.0,225.9,261.0,461.8,577.8,20.0,11.0,1.0,8.0,3.0,5.0,3.0,4.0,6.0,2.0,6.0,8.0,5.0,1.0,8.0,11.0,15.0,22.0,29.0,9.0,17.0,33.0,46.0,56.0,10.0,6.0,1.0,8.0,3.0,4.0,3.0,4.0,5.0,2.0,5.0,4.0,4.0,1.0,6.0,7.0,8.0,12.0,12.0,7.0,9.0,12.0,13.0,15.0,306.0,130.0,2498.5,1165.8,232.0,97.0,21.0,18.0,H0373,C,75,1.0,12.0,11.0,31.0,"[""2025-12-25""]","[""2025-12-20"", ""2025-12-21"", ""2025-12-22"", ""2025-12-23"", ""2025-12-24"", ""2025-12-25"", ""2025-12-26"", ""2025-12-27"", ""2025-12-28"", ""2025-12-29"", ""2025-12-30"", ""2025-12-31""]","[""2025-12-20"", ""2025-12-21"", ""2025-12-22"", ""2025-12-23"", ""2025-12-24"", ""2025-12-26"", ""2025-12-27"", ""2025-12-28"", ""2025-12-29"", ""2025-12-30"", ""2025-12-31""]"
Novotel Megève Mont-Blanc,2024,1,115.3,1248.2400000000002,76.4,48.8,4.3,5.8,0.41955627705627707,0.5804437229437229,10,3,12,10,2,73.5,0.0,41.8,364.38,0.0,883.86,50.699999999999996,0.0,34.4,24.7,0.0,24.099999999999998,0.4,8.1,5.2,10.3,8.5,28.6,10.0,4.5,30.1,4.6,5.0,6.0,307.2,46.4,169.53000000000003,54.5,171.56,133.13,113.3,78.95,90.9,76.77,0.4,7.4,3.5,8.4,6.2,18.2,7.9,3.6,21.9,4.4,3.1999999999999997,0.0,4.3,2.0,5.3,3.9,11.0,7.1,3.1,7.2,1.9,3.0,0.6374674761491761,0.3625325238508239,0.291915016343011,0.708084983656989,0.5957696827262045,0.40423031727379555,0.5061475409836066,0.4938524590163934,0.009569377990430623,0.1937799043062201,0.0707482993197279,0.24641148325358855,0.11564625850340136,0.3891156462585034,0.23923444976076558,0.1076555023923445,0.40952380952380957,0.11004784688995216,0.1082674218012564,0.006788405403570701,0.3475663566628199,0.1273395905373511,0.1918063946778902,0.1495691311268456,0.47082715846094736,0.15062340189622792,0.12818772203742673,0.21666941105439377,0.10284434186409613,0.10777808627843061,0.011627906976744188,0.21511627906976746,0.06903353057199212,0.24418604651162792,0.12228796844181461,0.358974358974359,0.2296511627906977,0.10465116279069768,0.4319526627218935,0.12790697674418605,0.08461194440621989,0.0,0.17842323651452283,0.08097165991902834,0.2199170124481328,0.15789473684210525,0.4453441295546559,0.2946058091286307,0.1286307053941909,0.29149797570850206,0.07883817427385892,0.12387656021637242,7.5,6.5,4.3,1.2,1.0,1.5,0.1,0.6,1.4,2.7,3.5,8.0,9.3,7.4,3.9,5.1,4.4,4.8,7.9,6.2,5.1,7.1,7.9,7.9,42.95,50.9,29.590000000000003,5.0,9.1,9.36,0.25,3.2,11.08,32.47,68.385,143.35,122.75500000000002,92.28,46.215,61.269999999999996,42.80499999999999,66.4,60.075,68.17500000000001,71.91,72.16999999999999,70.44,68.10999999999999,4.9,3.8,3.0,0.7,0.9,1.1,0.1,0.6,0.9,2.0,2.9,5.8,6.9,5.8,3.3,3.6,3.7,4.1,5.6,4.8,3.6,5.1,6.0,5.9,4.9,4.4,3.0,1.1,0.9,1.3,0.1,0.6,1.0,1.5,2.5,6.1,6.7,5.8,3.2,4.0,3.2,3.5,5.7,5.5,3.5,5.3,5.8,5.4,78.0,37.3,783.76,464.4799999999999,56.8,28.3,36.5,22.6,HB5I0,A,74,1.0,7.0,6.0,31.0,"[""2024-01-01""]","[""2024-01-01"", ""2024-01-02"", ""2024-01-03"", ""2024-01-04"", ""2024-01-05"", ""2024-01-06"", ""2024-01-07""]","[""2024-01-02"", ""2024-01-03"", ""2024-01-04"", ""2024-01-05"", ""2024-01-06"", ""2024-01-07""]"
Novotel Megève Mont-Blanc,2024,2,115.3,1248.2400000000002,76.4,48.8,4.3,5.8,0.41955627705627707,0.5804437229437229,10,3,12,10,2,73.5,0.0,41.8,364.38,0.0,883.86,50.699999999999996,0.0,34.4,24.7,0.0,24.099999999999998,0.4,8.1,5.2,10.3,8.5,28.6,10.0,4.5,30.1,4.6,5.0,6.0,307.2,46.4,169.53000000000003,54.5,171.56,133.13,113.3,78.95,90.9,76.77,0.4,7.4,3.5,8.4,6.2,18.2,7.9,3.6,21.9,4.4,3.1999999999999997,0.0,4.3,2.0,5.3,3.9,11.0,7.1,3.1,7.2,1.9,3.0,0.6374674761491761,0.3625325238508239,0.291915016343011,0.708084983656989,0.5957696827262045,0.40423031727379555,0.5061475409836066,0.4938524590163934,0.009569377990430623,0.1937799043062201,0.0707482993197279,0.24641148325358855,0.11564625850340136,0.3891156462585034,0.23923444976076558,0.1076555023923445,0.40952380952380957,0.11004784688995216,0.1082674218012564,0.006788405403570701,0.3475663566628199,0.1273395905373511,0.1918063946778902,0.1495691311268456,0.47082715846094736,0.15062340189622792,0.12818772203742673,0.21666941105439377,0.10284434186409613,0.10777808627843061,0.011627906976744188,0.21511627906976746,0.06903353057199212,0.24418604651162792,0.12228796844181461,0.358974358974359,0.2296511627906977,0.10465116279069768,0.4319526627218935,0.12790697674418605,0.08461194440621989,0.0,0.17842323651452283,0.08097165991902834,0.2199170124481328,0.15789473684210525,0.4453441295546559,0.2946058091286307,0.1286307053941909,0.29149797570850206,0.07883817427385892,0.12387656021637242,7.5,6.5,4.3,1.2,1.0,1.5,0.1,0.6,1.4,2.7,3.5,8.0,9.3,7.4,3.9,5.1,4.4,4.8,7.9,6.2,5.1,7.1,7.9,7.9,42.95,50.9,29.590000000000003,5.0,9.1,9.36,0.25,3.2,11.08,32.47,68.385,143.35,122.75500000000002,92.28,46.215,61.269999999999996,42.80499999999999,66.4,60.075,68.17500000000001,71.91,72.16999999999999,70.44,68.10999999999999,4.9,3.8,3.0,0.7,0.9,1.1,0.1,0.6,0.9,2.0,2.9,5.8,6.9,5.8,3.3,3.6,3.7,4.1,5.6,4.8,3.6,5.1,6.0,5.9,4.9,4.4,3.0,1.1,0.9,1.3,0.1,0.6,1.0,1.5,2.5,6.1,6.7,5.8,3.2,4.0,3.2,3.5,5.7,5.5,3.5,5.3,5.8,5.4,78.0,37.3,783.76,464.4799999999999,56.8,28.3,36.5,22.6,HB5I0,A,74,0.0,13.0,13.0,29.0,[],"[""2024-02-17"", ""2024-02-18"", ""2024-02-19"", ""2024-02-20"", ""2024-02-21"", ""2024-02-22"", ""2024-02-23"", ""2024-02-24"", ""2024-02-25"", ""2024-02-26"", ""2024-02-27"", ""2024-02-28"", ""2024-02-29""]","[""2024-02-17"", ""2024-02-18"", ""2024-02-19"", ""2024-02-20"", ""2024-02-21"", ""2024-02-22"", ""2024-02-23"", ""2024-02-24"", ""2024-02-25"", ""2024-02-26"", ""2024-02-27"", ""2024-02-28"", ""2024-02-29""]"
Novotel Megève Mont-Blanc,2024,3,54.0,686.0,39.0,36.0,2.0,5.0,0.2857142857142857,0.7142857142857143,10,3,12,10,2,25.0,0.0,29.0,160.0,0.0,526.0,13.0,0.0,28.0,13.0,0.0,23.0,0.0,3.0,0.0,9.0,15.0,10.0,13.0,3.0,0.0,0.0,1.0,0.0,59.0,0.0,118.0,92.0,68.0,226.0,105.0,0.0,0.0,18.0,0.0,3.0,0.0,7.0,4.0,9.0,14.0,3.0,0.0,0.0,1.0,0.0,2.0,0.0,5.0,6.0,7.0,13.0,3.0,0.0,0.0,0.0,0.46296296296296297,0.5370370370370371,0.23323615160349853,0.7667638483965015,0.3170731707317073,0.6829268292682927,0.3611111111111111,0.6388888888888888,0.0,0.10344827586206896,0.0,0.3103448275862069,0.6,0.4,0.4482758620689655,0.10344827586206896,0.0,0.0,0.034482758620689655,0.0,0.11216730038022814,0.0,0.22433460076045628,0.575,0.425,0.4296577946768061,0.19961977186311788,0.0,0.0,0.034220532319391636,0.0,0.10714285714285714,0.0,0.25,0.3076923076923077,0.6923076923076923,0.5,0.10714285714285714,0.0,0.0,0.03571428571428571,0.0,0.08695652173913043,0.0,0.21739130434782608,0.46153846153846156,0.5384615384615384,0.5652173913043478,0.13043478260869565,0.0,0.0,0.0,0.0,9.0,1.0,3.0,2.0,0.0,0.0,0.0,1.0,1.0,2.0,2.0,5.0,1.0,3.0,1.0,0.0,3.0,5.0,2.0,4.0,2.0,5.0,2.0,0.0,105.0,8.0,21.0,52.0,0.0,0.0,0.0,18.0,8.0,22.0,41.0,36.0,6.0,26.0,30.0,0.0,57.0,63.0,67.0,45.0,12.0,56.0,13.0,0.0,3.0,1.0,2.0,2.0,0.0,0.0,0.0,1.0,1.0,2.0,2.0,5.0,1.0,3.0,1.0,0.0,2.0,4.0,2.0,3.0,2.0,3.0,1.0,0.0,8.0,1.0,3.0,2.0,0.0,0.0,0.0,0.0,1.0,1.0,2.0,5.0,1.0,3.0,1.0,0.0,3.0,4.0,2.0,4.0,1.0,5.0,2.0,41.0,13.0,424.0,262.0,30.0,11.0,28.0,12.0,HB5I0,A,74,0.0,3.0,3.0,31.0,[],"[""2024-03-01"", ""2024-03-02"", ""2024-03-03""]","[""2024-03-01"", ""2024-03-02"", ""2024-03-03""]"
Novotel Megève Mont-Blanc,2024,4,80.0,899.5,50.0,43.0,3.0,5.0,0.375,0.625,10,3,12,10,2,38.0,0.0,42.0,225.0,0.0,674.5,25.0,0.0,30.0,17.0,0.0,26.0,0.0,5.0,0.0,14.0,7.0,23.0,11.0,0.0,8.0,4.0,8.0,0.0,73.0,0.0,248.5,39.0,167.5,133.0,0.0,18.5,90.0,130.0,0.0,5.0,0.0,10.0,6.0,12.0,7.0,0.0,7.0,4.0,4.0,0.0,3.0,0.0,8.0,4.0,11.0,10.0,0.0,2.0,0.0,5.0,0.475,0.525,0.2501389660922735,0.7498610339077265,0.45454545454545453,0.5454545454545454,0.3953488372093023,0.6046511627906976,0.0,0.11904761904761904,0.0,0.3333333333333333,0.18421052631578946,0.6052631578947368,0.2619047619047619,0.0,0.21052631578947367,0.09523809523809523,0.19047619047619047,0.0,0.10822831727205337,0.0,0.3684210526315789,0.17333333333333334,0.7444444444444445,0.19718309859154928,0.0,0.08222222222222222,0.1334321719792439,0.1927353595255745,0.0,0.16666666666666666,0.0,0.3333333333333333,0.24,0.48,0.23333333333333334,0.0,0.28,0.13333333333333333,0.13333333333333333,0.0,0.11538461538461539,0.0,0.3076923076923077,0.23529411764705882,0.6470588235294118,0.38461538461538464,0.0,0.11764705882352941,0.0,0.19230769230769232,1.0,2.0,0.0,0.0,0.0,3.0,0.0,6.0,0.0,4.0,4.0,6.0,17.0,4.0,3.0,5.0,4.0,1.0,1.0,5.0,7.0,1.0,5.0,1.0,8.0,4.0,0.0,0.0,0.0,19.0,0.0,32.0,0.0,37.0,68.0,68.5,204.0,37.0,29.0,78.9,47.5,8.0,6.0,35.0,154.6,10.0,37.0,16.0,1.0,1.0,0.0,0.0,0.0,2.0,0.0,6.0,0.0,3.0,3.0,3.0,9.0,3.0,2.0,4.0,4.0,1.0,1.0,2.0,4.0,1.0,4.0,1.0,1.0,1.0,0.0,0.0,0.0,3.0,0.0,6.0,0.0,2.0,3.0,5.0,11.0,3.0,2.0,5.0,3.0,1.0,1.0,5.0,3.0,1.0,4.0,1.0,53.0,27.0,633.1,266.4,37.0,18.0,32.0,20.0,HB5I0,A,74,1.0,16.0,16.0,30.0,"[""2024-04-01""]","[""2024-04-13"", ""2024-04-14"", ""2024-04-15"", ""2024-04-16"", ""2024-04-17"", ""2024-04-18"", ""2024-04-19"", ""2024-04-20"", ""2024-04-21"", ""2024-04-22"", ""2024-04-23"", ""2024-04-24"", ""2024-04-25"", ""2024-04-26"", ""2024-04-27"", ""2024-04-28""]","[""2024-04-13"", ""2024-04-14"", ""2024-04-15"", ""2024-04-16"", ""2024-04-17"", ""2024-04-18"", ""2024-04-19"", ""2024-04-20"", ""2024-04-21"", ""2024-04-22"", ""2024-04-23"", ""2024-04-24"", ""2024-04-25"", ""2024-04-26"", ""2024-04-27"", ""2024-04-28""]"
Novotel Megève Mont-Blanc,2024,5,110.0,1380.4,70.0,53.0,5.0,6.0,0.45454545454545453,0.5454545454545454,10,3,12,10,2,68.0,0.0,42.0,341.5,0.0,1038.9,46.0,0.0,32.0,27.0,0.0,26.0,0.0,9.0,6.0,17.0,4.0,22.0,6.0,2.0,34.0,6.0,4.0,0.0,365.0,60.0,380.9,27.0,152.5,89.0,60.0,88.0,112.0,46.0,0.0,8.0,4.0,13.0,4.0,15.0,5.0,1.0,22.0,4.0,2.0,0.0,4.0,3.0,8.0,4.0,10.0,6.0,2.0,8.0,4.0,4.0,0.6181818181818182,0.38181818181818183,0.2473920602723848,0.7526079397276152,0.5897435897435898,0.41025641025641024,0.5094339622641509,0.49056603773584906,0.0,0.21428571428571427,0.08823529411764706,0.40476190476190477,0.058823529411764705,0.3235294117647059,0.14285714285714285,0.047619047619047616,0.5,0.14285714285714285,0.07703081232492998,0.0,0.35133314082202327,0.17569546120058566,0.36663778997016067,0.07906295754026355,0.4465592972181552,0.08566753296756184,0.05775339301183944,0.25768667642752563,0.10780633362210029,0.07179741721978436,0.0,0.25,0.08695652173913043,0.40625,0.08695652173913043,0.32608695652173914,0.15625,0.03125,0.4782608695652174,0.125,0.05298913043478261,0.0,0.15384615384615385,0.1111111111111111,0.3076923076923077,0.14814814814814814,0.37037037037037035,0.23076923076923078,0.07692307692307693,0.2962962962962963,0.15384615384615385,0.150997150997151,9.0,11.0,2.0,1.0,1.0,0.0,0.0,0.0,5.0,4.0,8.0,9.0,18.0,7.0,1.0,2.0,5.0,5.0,4.0,4.0,4.0,2.0,2.0,6.0,48.0,55.0,5.0,2.5,4.0,0.0,0.0,0.0,42.5,110.0,128.0,104.5,289.3,169.9,7.5,37.5,41.9,96.0,30.5,102.0,11.0,38.9,10.0,46.4,6.0,5.0,1.0,1.0,1.0,0.0,0.0,0.0,2.0,3.0,6.0,6.0,11.0,7.0,1.0,2.0,4.0,3.0,3.0,4.0,3.0,2.0,2.0,5.0,6.0,7.0,1.0,1.0,1.0,0.0,0.0,0.0,5.0,3.0,4.0,8.0,11.0,6.0,1.0,2.0,4.0,5.0,3.0,4.0,2.0,1.0,2.0,5.0,89.0,21.0,1025.5,354.9,63.0,15.0,43.0,17.0,HB5I0,A,74,4.0,4.0,3.0,31.0,"[""2024-05-01"", ""2024-05-08"", ""2024-05-09"", ""2024-05-20""]","[""2024-05-09"", ""2024-05-10"", ""2024-05-11"", ""2024-05-12""]","[""2024-05-10"", ""2024-05-11"", ""2024-05-12""]"
Novotel Megève Mont-Blanc,2024,6,109.0,973.8,73.0,41.0,5.0,5.0,0.5,0.5,10,3,12,10,2,74.0,0.0,35.0,384.0,0.0,589.8,50.0,0.0,29.0,25.0,0.0,16.0,0.0,6.0,12.0,8.0,12.0,17.0,14.0,1.0,32.0,6.0,1.0,0.0,75.0,112.0,165.8,66.0,116.5,187.0,45.0,82.5,117.0,7.0,0.0,6.0,7.0,8.0,7.0,11.0,8.0,1.0,24.0,6.0,1.0,0.0,2.0,3.0,4.0,4.0,9.0,7.0,1.0,8.0,2.0,1.0,0.6788990825688074,0.3211009174311927,0.3943314849044979,0.6056685150955021,0.6329113924050633,0.3670886075949367,0.6097560975609756,0.3902439024390244,0.0,0.17142857142857143,0.16216216216216217,0.22857142857142856,0.16216216216216217,0.22972972972972974,0.4,0.02857142857142857,0.43243243243243246,0.17142857142857143,0.013513513513513514,0.0,0.1271617497456765,0.2916666666666667,0.2811122414377756,0.171875,0.3033854166666667,0.31705662936588674,0.0762970498474059,0.21484375,0.19837232960325535,0.018229166666666668,0.0,0.20689655172413793,0.14,0.27586206896551724,0.14,0.22,0.27586206896551724,0.034482758620689655,0.48,0.20689655172413793,0.02,0.0,0.125,0.12,0.25,0.16,0.36,0.4375,0.0625,0.32,0.125,0.04,8.0,2.0,3.0,0.0,2.0,4.0,0.0,0.0,0.0,3.0,4.0,9.0,4.0,7.0,9.0,13.0,5.0,3.0,6.0,8.0,6.0,5.0,6.0,2.0,36.0,36.0,18.0,0.0,16.0,29.0,0.0,0.0,0.0,43.0,91.0,147.5,34.0,55.5,53.5,97.0,15.5,29.5,43.4,60.0,37.5,71.4,45.0,15.0,5.0,1.0,2.0,0.0,1.0,2.0,0.0,0.0,0.0,3.0,4.0,8.0,4.0,5.0,6.0,5.0,4.0,3.0,4.0,6.0,4.0,5.0,5.0,2.0,6.0,1.0,2.0,0.0,1.0,2.0,0.0,0.0,0.0,2.0,4.0,8.0,4.0,5.0,9.0,9.0,2.0,3.0,4.0,8.0,4.0,4.0,3.0,2.0,56.0,53.0,494.8,479.0,45.0,34.0,31.0,23.0,HB5I0,A,74,0.0,0.0,0.0,30.0,[],[],[]
Novotel Megève Mont-Blanc,2024,7,148.0,1301.4,100.0,53.0,5.0,6.0,0.45454545454545453,0.5454545454545454,10,3,12,10,2,99.0,0.0,49.0,420.5,0.0,880.9,69.0,0.0,41.0,25.0,0.0,28.0,0.0,7.0,5.0,13.0,12.0,23.0,6.0,5.0,58.0,11.0,8.0,0.0,197.0,44.0,154.9,64.0,154.0,105.0,99.0,152.5,213.0,118.0,0.0,6.0,3.0,11.0,9.0,17.0,6.0,4.0,39.0,11.0,4.0,0.0,4.0,3.0,8.0,3.0,10.0,4.0,4.0,8.0,3.0,6.0,0.668918918918919,0.3310810810810811,0.3231135700015368,0.6768864299984632,0.6272727272727273,0.37272727272727274,0.4716981132075472,0.5283018867924528,0.0,0.14285714285714285,0.050505050505050504,0.2653061224489796,0.12121212121212122,0.23232323232323232,0.12244897959183673,0.10204081632653061,0.5858585858585859,0.22448979591836735,0.15295815295815296,0.0,0.2236349188330117,0.10463733650416171,0.17584288795550007,0.15219976218787157,0.36623067776456597,0.11919627653536156,0.11238506073334091,0.3626634958382878,0.24179816097173346,0.14141142267616527,0.0,0.14634146341463414,0.043478260869565216,0.2682926829268293,0.13043478260869565,0.2463768115942029,0.14634146341463414,0.0975609756097561,0.5652173913043478,0.2682926829268293,0.08766348533050547,0.0,0.14285714285714285,0.12,0.2857142857142857,0.12,0.4,0.14285714285714285,0.14285714285714285,0.32,0.10714285714285714,0.21857142857142858,14.0,14.0,4.0,2.0,0.0,4.0,0.0,0.0,0.0,3.0,1.0,12.0,12.0,12.0,2.0,6.0,3.0,4.0,7.0,6.0,4.0,7.0,10.0,21.0,75.0,153.0,50.0,5.0,0.0,21.5,0.0,0.0,0.0,7.5,12.0,119.0,145.5,105.0,8.5,38.9,36.0,33.0,56.5,62.5,40.0,79.5,69.5,183.5,9.0,7.0,3.0,1.0,0.0,3.0,0.0,0.0,0.0,1.0,1.0,7.0,10.0,10.0,2.0,4.0,3.0,4.0,7.0,6.0,3.0,7.0,8.0,14.0,7.0,8.0,3.0,2.0,0.0,4.0,0.0,0.0,0.0,1.0,1.0,8.0,12.0,10.0,2.0,4.0,2.0,3.0,5.0,6.0,4.0,6.0,8.0,12.0,110.0,38.0,940.0,361.4,81.0,29.0,40.0,25.0,HB5I0,A,74,1.0,26.0,25.0,31.0,"[""2024-07-14""]","[""2024-07-06"", ""2024-07-07"", ""2024-07-08"", ""2024-07-09"", ""2024-07-10"", ""2024-07-11"", ""2024-07-12"", ""2024-07-13"", ""2024-07-14"", ""2024-07-15"", ""2024-07-16"", ""2024-07-17"", ""2024-07-18"", ""2024-07-19"", ""2024-07-20"", ""2024-07-21"", ""2024-07-22"", ""2024-07-23"", ""2024-07-24"", ""2024-07-25"", ""2024-07-26"", ""2024-07-27"", ""2024-07-28"", ""2024-07-29"", ""2024-07-30"", ""2024-07-31""]","[""2024-07-06"", ""2024-07-07"", ""2024-07-08"", ""2024-07-09"", ""2024-07-10"", ""2024-07-11"", ""2024-07-12"", ""2024-07-13"", ""2024-07-15"", ""2024-07-16"", ""2024-07-17"", ""2024-07-18"", ""2024-07-19"", ""2024-07-20"", ""2024-07-21"", ""2024-07-22"", ""2024-07-23"", ""2024-07-24"", ""2024-07-25"", ""2024-07-26"", ""2024-07-27"", ""2024-07-28"", ""2024-07-29"", ""2024-07-30"", ""2024-07-31""]"
Novotel Megève Mont-Blanc,2024,8,188.0,1770.4,122.0,71.0,5.0,6.0,0.45454545454545453,0.5454545454545454,10,3,12,10,2,127.0,0.0,61.0,609.0,0.0,1161.4,93.0,0.0,51.0,35.0,0.0,36.0,0.0,12.0,4.0,9.0,18.0,39.0,19.0,10.0,63.0,7.0,7.0,0.0,323.0,32.0,118.4,119.7,252.1,241.0,277.0,168.5,136.0,102.7,0.0,9.0,3.0,9.0,16.0,31.0,15.0,9.0,40.0,7.0,5.0,0.0,7.0,2.0,6.0,6.0,14.0,11.0,8.0,11.0,3.0,3.0,0.675531914893617,0.324468085106383,0.3439900587437867,0.6560099412562133,0.6458333333333334,0.3541666666666667,0.49295774647887325,0.5070422535211268,0.0,0.19672131147540983,0.031496062992125984,0.14754098360655737,0.14173228346456693,0.30708661417322836,0.3114754098360656,0.16393442622950818,0.49606299212598426,0.11475409836065574,0.08919581773589777,0.0,0.2781126226967453,0.052545155993431854,0.10194592732908558,0.19655172413793104,0.41395730706075534,0.20750817978302047,0.23850525228172892,0.2766830870279146,0.11710005166178748,0.11709069202759934,0.0,0.17647058823529413,0.03225806451612903,0.17647058823529413,0.17204301075268819,0.3333333333333333,0.29411764705882354,0.17647058823529413,0.43010752688172044,0.13725490196078433,0.07147375079063883,0.0,0.19444444444444445,0.05714285714285714,0.16666666666666666,0.17142857142857143,0.4,0.3055555555555556,0.2222222222222222,0.3142857142857143,0.08333333333333333,0.08492063492063492,20.0,14.0,12.0,2.0,2.0,1.0,0.0,0.0,0.0,2.0,1.0,8.0,8.0,14.0,9.0,12.0,10.0,3.0,20.0,6.0,6.0,6.0,7.0,25.0,120.4,72.5,68.3,9.5,5.0,2.5,0.0,0.0,0.0,24.0,12.0,111.0,202.9,210.5,67.5,138.5,132.0,25.1,177.0,60.8,37.0,53.5,76.0,164.4,13.0,10.0,9.0,2.0,2.0,1.0,0.0,0.0,0.0,2.0,1.0,8.0,7.0,10.0,7.0,10.0,8.0,3.0,12.0,5.0,5.0,6.0,7.0,16.0,13.0,8.0,7.0,2.0,2.0,1.0,0.0,0.0,0.0,2.0,1.0,6.0,7.0,11.0,6.0,11.0,7.0,3.0,12.0,6.0,5.0,5.0,6.0,16.0,141.0,47.0,1255.7,514.7,106.0,38.0,58.0,30.0,HB5I0,A,74,1.0,31.0,30.0,31.0,"[""2024-08-15""]","[""2024-08-01"", ""2024-08-02"", ""2024-08-03"", ""2024-08-04"", ""2024-08-05"", ""2024-08-06"", ""2024-08-07"", ""2024-08-08"", ""2024-08-09"", ""2024-08-10"", ""2024-08-11"", ""2024-08-12"", ""2024-08-13"", ""2024-08-14"", ""2024-08-15"", ""2024-08-16"", ""2024-08-17"", ""2024-08-18"", ""2024-08-19"", ""2024-08-20"", ""2024-08-21"", ""2024-08-22"", ""2024-08-23"", ""2024-08-24"", ""2024-08-25"", ""2024-08-26"", ""2024-08-27"", ""2024-08-28"", ""2024-08-29"", ""2024-08-30"", ""2024-08-31""]","[""2024-08-01"", ""2024-08-02"", ""2024-08-03"", ""2024-08-04"", ""2024-08-05"", ""2024-08-06"", ""2024-08-07"", ""2024-08-08"", ""2024-08-09"", ""2024-08-10"", ""2024-08-11"", ""2024-08-12"", ""2024-08-13"", ""2024-08-14"", ""2024-08-16"", ""2024-08-17"", ""2024-08-18"", ""2024-08-19"", ""2024-08-20"", ""2024-08-21"", ""2024-08-22"", ""2024-08-23"", ""2024-08-24"", ""2024-08-25"", ""2024-08-26"", ""2024-08-27"", ""2024-08-28"", ""2024-08-29"", ""2024-08-30"", ""2024-08-31""]"
Novotel Megève Mont-Blanc,2024,9,102.0,1555.4,73.0,47.0,5.0,6.0,0.45454545454545453,0.5454545454545454,10,3,12,10,2,55.0,0.0,47.0,284.8,0.0,1270.6,45.0,0.0,36.0,22.0,0.0,25.0,0.0,11.0,5.0,16.0,1.0,19.0,5.0,6.0,28.0,4.0,7.0,0.0,718.0,52.0,187.6,8.5,118.3,80.0,122.0,73.0,81.0,115.0,0.0,10.0,4.0,10.0,1.0,14.0,5.0,4.0,24.0,4.0,5.0,0.0,7.0,2.0,4.0,1.0,9.0,2.0,6.0,10.0,2.0,4.0,0.5392156862745098,0.46078431372549017,0.18310402468818313,0.8168959753118169,0.5555555555555556,0.4444444444444444,0.46808510638297873,0.5319148936170213,0.0,0.23404255319148937,0.09090909090909091,0.3404255319148936,0.01818181818181818,0.34545454545454546,0.10638297872340426,0.1276595744680851,0.509090909090909,0.0851063829787234,0.14274661508704062,0.0,0.5650873603022195,0.18258426966292135,0.14764678104832363,0.029845505617977528,0.41537921348314605,0.06296237997796317,0.09601762946639383,0.2563202247191011,0.06374940972768771,0.18040722599426617,0.0,0.2777777777777778,0.08888888888888889,0.2777777777777778,0.022222222222222223,0.3111111111111111,0.1388888888888889,0.1111111111111111,0.5333333333333333,0.1111111111111111,0.12777777777777777,0.0,0.28,0.09090909090909091,0.16,0.045454545454545456,0.4090909090909091,0.08,0.24,0.45454545454545453,0.08,0.16,6.0,1.0,4.0,0.0,1.0,0.0,0.0,0.0,6.0,2.0,5.0,12.0,4.0,10.0,4.0,2.0,3.0,3.0,5.0,3.0,5.0,7.0,11.0,8.0,55.5,3.0,33.0,0.0,3.0,0.0,0.0,0.0,45.3,6.0,59.9,398.5,43.5,126.4,194.0,112.5,26.0,17.5,62.0,25.5,21.5,65.3,108.49999999999999,148.5,4.0,1.0,4.0,0.0,1.0,0.0,0.0,0.0,5.0,2.0,2.0,8.0,4.0,8.0,4.0,2.0,2.0,3.0,4.0,3.0,3.0,5.0,8.0,8.0,4.0,1.0,3.0,0.0,1.0,0.0,0.0,0.0,4.0,1.0,3.0,7.0,3.0,6.0,4.0,2.0,2.0,3.0,4.0,2.0,4.0,6.0,7.0,6.0,57.0,45.0,838.9,716.5,44.0,37.0,26.0,32.0,HB5I0,A,74,0.0,1.0,1.0,30.0,[],"[""2024-09-01""]","[""2024-09-01""]"
Novotel Megève Mont-Blanc,2024,10,73.0,789.7,50.0,41.0,4.0,6.0,0.4,0.6,10,3,12,10,2,52.0,0.0,21.0,320.8,0.0,468.9,36.0,0.0,18.0,25.0,0.0,16.0,0.0,6.0,17.0,4.0,5.0,12.0,2.0,2.0,18.0,2.0,5.0,0.0,240.0,140.0,43.9,40.5,90.3,14.0,50.0,50.0,37.0,84.0,0.0,5.0,11.0,4.0,4.0,9.0,2.0,2.0,12.0,2.0,3.0,0.0,4.0,4.0,3.0,4.0,7.0,2.0,2.0,10.0,2.0,3.0,0.7123287671232876,0.2876712328767123,0.40623021400531845,0.5937697859946814,0.6666666666666666,0.3333333333333333,0.6097560975609756,0.3902439024390244,0.0,0.2857142857142857,0.3269230769230769,0.19047619047619047,0.09615384615384616,0.23076923076923078,0.09523809523809523,0.09523809523809523,0.34615384615384615,0.09523809523809523,0.23809523809523808,0.0,0.5118362124120281,0.4364089775561097,0.09362337385370015,0.12624688279301746,0.28148379052369077,0.029857112390701643,0.10663254425250587,0.15586034912718205,0.07890808274685435,0.17914267434420986,0.0,0.2777777777777778,0.3055555555555556,0.2222222222222222,0.1111111111111111,0.25,0.1111111111111111,0.1111111111111111,0.3333333333333333,0.1111111111111111,0.16666666666666666,0.0,0.25,0.16,0.1875,0.16,0.28,0.125,0.125,0.4,0.125,0.1875,5.0,8.0,6.0,0.0,0.0,3.0,0.0,0.0,0.0,1.0,1.0,7.0,6.0,3.0,0.0,1.0,1.0,2.0,6.0,6.0,1.0,5.0,7.0,4.0,31.0,58.7,48.0,0.0,0.0,21.6,0.0,0.0,0.0,18.0,6.0,101.0,121.5,27.0,0.0,3.0,7.5,10.5,17.0,167.4,6.0,83.0,33.0,29.5,4.0,7.0,2.0,0.0,0.0,3.0,0.0,0.0,0.0,1.0,1.0,5.0,5.0,2.0,0.0,1.0,1.0,2.0,3.0,4.0,1.0,4.0,4.0,4.0,4.0,6.0,2.0,0.0,0.0,3.0,0.0,0.0,0.0,0.0,1.0,6.0,5.0,3.0,0.0,1.0,1.0,2.0,5.0,4.0,1.0,4.0,6.0,3.0,54.0,19.0,637.4,152.3,38.0,16.0,34.0,14.0,HB5I0,A,74,0.0,13.0,13.0,31.0,[],"[""2024-10-19"", ""2024-10-20"", ""2024-10-21"", ""2024-10-22"", ""2024-10-23"", ""2024-10-24"", ""2024-10-25"", ""2024-10-26"", ""2024-10-27"", ""2024-10-28"", ""2024-10-29"", ""2024-10-30"", ""2024-10-31""]","[""2024-10-19"", ""2024-10-20"", ""2024-10-21"", ""2024-10-22"", ""2024-10-23"", ""2024-10-24"", ""2024-10-25"", ""2024-10-26"", ""2024-10-27"", ""2024-10-28"", ""2024-10-29"", ""2024-10-30"", ""2024-10-31""]"
Novotel Megève Mont-Blanc,2024,11,72.0,1301.8000000000002,51.0,38.0,4.0,6.0,0.4,0.6,10,3,12,10,2,43.0,0.0,29.0,234.4,0.0,1067.4,27.0,0.0,28.0,21.0,0.0,17.0,0.0,12.0,2.0,8.0,3.0,26.0,2.0,2.0,12.0,4.0,1.0,0.0,693.0,16.0,205.4,24.3,162.6,24.0,65.0,31.5,64.0,16.0,0.0,12.0,2.0,7.0,3.0,14.0,2.0,2.0,8.0,4.0,1.0,0.0,6.0,2.0,5.0,2.0,11.0,2.0,2.0,6.0,1.0,1.0,0.5972222222222222,0.4027777777777778,0.18005838070364108,0.8199416192963589,0.4909090909090909,0.509090909090909,0.5526315789473685,0.4473684210526316,0.0,0.41379310344827586,0.046511627906976744,0.27586206896551724,0.06976744186046512,0.6046511627906976,0.06896551724137931,0.06896551724137931,0.27906976744186046,0.13793103448275862,0.034482758620689655,0.0,0.6492411467116357,0.06825938566552901,0.1924302042345887,0.10366894197952219,0.6936860068259385,0.022484541877459244,0.06089563425145212,0.13438566552901024,0.05995877833989132,0.01498969458497283,0.0,0.42857142857142855,0.07407407407407407,0.25,0.1111111111111111,0.5185185185185185,0.07142857142857142,0.07142857142857142,0.2962962962962963,0.14285714285714285,0.03571428571428571,0.0,0.35294117647058826,0.09523809523809523,0.29411764705882354,0.09523809523809523,0.5238095238095238,0.11764705882352941,0.11764705882352941,0.2857142857142857,0.058823529411764705,0.058823529411764705,3.0,1.0,2.0,0.0,0.0,0.0,0.0,0.0,0.0,7.0,2.0,8.0,3.0,4.0,3.0,3.0,1.0,5.0,0.0,12.0,3.0,5.0,8.0,2.0,13.0,8.0,13.3,0.0,0.0,0.0,0.0,0.0,0.0,71.2,90.0,246.0,62.5,87.5,30.2,11.1,20.0,229.0,0.0,61.099999999999994,153.0,34.3,156.4,15.2,2.0,1.0,1.0,0.0,0.0,0.0,0.0,0.0,0.0,4.0,2.0,6.0,3.0,3.0,3.0,2.0,1.0,5.0,0.0,7.0,3.0,4.0,6.0,2.0,2.0,1.0,2.0,0.0,0.0,0.0,0.0,0.0,0.0,3.0,1.0,7.0,2.0,4.0,2.0,2.0,1.0,4.0,0.0,10.0,3.0,5.0,6.0,1.0,32.0,40.0,552.0,749.8,27.0,28.0,22.0,22.0,HB5I0,A,74,2.0,3.0,2.0,30.0,"[""2024-11-01"", ""2024-11-11""]","[""2024-11-01"", ""2024-11-02"", ""2024-11-03""]","[""2024-11-02"", ""2024-11-03""]"
Novotel Megève Mont-Blanc,2024,12,217.0,1824.0,136.0,65.0,5.0,7.0,0.4166666666666667,0.5833333333333334,10,3,12,10,2,154.0,0.0,63.0,663.8,0.0,1160.2,103.0,0.0,51.0,37.0,0.0,28.0,4.0,10.0,1.0,5.0,8.0,95.0,22.0,14.0,48.0,2.0,8.0,60.0,329.0,8.0,71.9,64.0,433.8,232.3,310.0,125.0,59.0,131.0,4.0,10.0,1.0,5.0,8.0,50.0,15.0,10.0,43.0,2.0,6.0,0.0,4.0,1.0,2.0,5.0,22.0,14.0,3.0,9.0,2.0,3.0,0.7096774193548387,0.2903225806451613,0.3639254385964912,0.6360745614035088,0.6688311688311688,0.33116883116883117,0.5692307692307692,0.4307692307692308,0.06349206349206349,0.15873015873015872,0.006493506493506494,0.07936507936507936,0.05194805194805195,0.6168831168831169,0.3492063492063492,0.2222222222222222,0.3116883116883117,0.031746031746031744,0.10822510822510822,0.051715221513532146,0.28357179796586796,0.012051822838204279,0.0619720737803827,0.09641458270563423,0.653510093401627,0.20022409929322532,0.2671953111532494,0.18830973184694186,0.05085330115497328,0.13418196434636182,0.0784313725490196,0.19607843137254902,0.009708737864077669,0.09803921568627451,0.07766990291262135,0.4854368932038835,0.29411764705882354,0.19607843137254902,0.4174757281553398,0.0392156862745098,0.10774795355035217,0.0,0.14285714285714285,0.02702702702702703,0.07142857142857142,0.13513513513513514,0.5945945945945946,0.5,0.10714285714285714,0.24324324324324326,0.07142857142857142,0.10714285714285714,9.0,3.0,9.0,4.0,2.0,0.0,1.0,0.0,2.0,0.0,7.0,7.0,16.0,12.0,5.0,6.0,12.0,19.0,25.0,10.0,11.0,31.0,18.0,8.0,42.6,13.8,52.3,12.0,11.0,0.0,2.5,0.0,5.0,0.0,194.95,96.5,88.35,98.0,45.95,65.3,101.65,158.4,145.35,40.45,213.5,273.8,113.0,49.6,5.0,2.0,7.0,1.0,2.0,0.0,1.0,0.0,1.0,0.0,7.0,5.0,11.0,9.0,5.0,5.0,10.0,15.0,18.0,9.0,7.0,15.0,13.0,6.0,6.0,3.0,9.0,3.0,2.0,0.0,1.0,0.0,1.0,0.0,6.0,4.0,7.0,9.0,3.0,3.0,10.0,8.0,19.0,8.0,5.0,20.0,11.0,6.0,147.0,70.0,1036.2,787.8,97.0,57.0,51.0,31.0,HB5I0,A,74,1.0,11.0,10.0,31.0,"[""2024-12-25""]","[""2024-12-21"", ""2024-12-22"", ""2024-12-23"", ""2024-12-24"", ""2024-12-25"", ""2024-12-26"", ""2024-12-27"", ""2024-12-28"", ""2024-12-29"", ""2024-12-30"", ""2024-12-31""]","[""2024-12-21"", ""2024-12-22"", ""2024-12-23"", ""2024-12-24"", ""2024-12-26"", ""2024-12-27"", ""2024-12-28"", ""2024-12-29"", ""2024-12-30"", ""2024-12-31""]"
Novotel Megève Mont-Blanc,2025,1,224.0,2018.95,110.0,59.0,5.0,6.0,0.45454545454545453,0.5454545454545454,12,1,12,12,0,141.0,0.0,83.0,763.4,0.0,1255.55,76.0,0.0,56.0,37.0,0.0,22.0,8.0,10.0,2.0,0.0,10.0,86.0,23.0,32.0,42.0,7.0,4.0,120.0,183.0,16.0,0.0,78.0,544.9,248.05,591.0,108.0,112.0,18.0,6.0,8.0,1.0,0.0,6.0,41.0,12.0,22.0,27.0,6.0,3.0,0.0,1.0,2.0,0.0,5.0,23.0,17.0,2.0,7.0,1.0,1.0,0.6294642857142857,0.3705357142857143,0.3781173382203621,0.6218826617796379,0.5757575757575758,0.42424242424242425,0.6271186440677966,0.3728813559322034,0.0963855421686747,0.12048192771084337,0.014184397163120567,0.0,0.07092198581560284,0.6099290780141844,0.27710843373493976,0.3855421686746988,0.2978723404255319,0.08433734939759036,0.0432367768948133,0.09557564414001832,0.14575285731352794,0.02095886822111606,0.0,0.10217448257794079,0.7137804558553839,0.19756282107442955,0.4707100473895902,0.1414723604925334,0.08920393453068377,0.022808528404776165,0.10714285714285714,0.14285714285714285,0.013157894736842105,0.0,0.07894736842105263,0.5394736842105263,0.21428571428571427,0.39285714285714285,0.35526315789473684,0.10714285714285714,0.04887218045112782,0.0,0.045454545454545456,0.05405405405405406,0.0,0.13513513513513514,0.6216216216216216,0.7727272727272727,0.09090909090909091,0.1891891891891892,0.045454545454545456,0.045454545454545456,17.0,12.0,7.0,0.0,4.0,0.0,0.0,0.0,4.0,0.0,14.0,10.0,14.0,13.0,7.0,25.0,0.0,12.0,14.0,8.0,13.0,26.0,2.0,22.0,53.0,82.0,26.5,0.0,26.9,0.0,0.0,0.0,29.150000000000002,0.0,104.2,158.9,141.7,104.4,58.5,200.8,0.0,167.0,157.5,98.5,202.75,235.6,20.0,151.55,12.0,8.0,5.0,0.0,2.0,0.0,0.0,0.0,2.0,0.0,9.0,7.0,7.0,7.0,5.0,6.0,0.0,7.0,8.0,5.0,10.0,14.0,2.0,16.0,10.0,9.0,7.0,0.0,4.0,0.0,0.0,0.0,4.0,0.0,6.0,4.0,12.0,10.0,5.0,9.0,0.0,2.0,7.0,4.0,5.0,8.0,2.0,10.0,166.0,58.0,1463.7,555.25,96.0,36.0,47.0,27.0,HB5I0,A,74,1.0,5.0,4.0,31.0,"[""2025-01-01""]","[""2025-01-01"", ""2025-01-02"", ""2025-01-03"", ""2025-01-04"", ""2025-01-05""]","[""2025-01-02"", ""2025-01-03"", ""2025-01-04"", ""2025-01-05""]"
Novotel Megève Mont-Blanc,2025,2,336.0,2408.65,177.0,75.0,4.0,7.0,0.36363636363636365,0.6363636363636364,12,1,12,12,0,205.0,0.0,131.0,709.5,0.0,1699.15,122.0,0.0,94.0,42.0,0.0,33.0,3.0,19.0,5.0,6.0,18.0,102.0,35.0,11.0,80.0,42.0,15.0,33.0,372.0,40.0,51.9,79.7,385.8,349.25,340.0,204.0,545.5,7.5,3.0,16.0,2.0,6.0,10.0,65.0,25.0,11.0,45.0,27.0,6.0,1.0,4.0,2.0,3.0,7.0,23.0,19.0,1.0,10.0,4.0,1.0,0.6101190476190477,0.3898809523809524,0.29456334461212713,0.7054366553878729,0.5648148148148148,0.4351851851851852,0.56,0.44,0.022900763358778626,0.1450381679389313,0.024390243902439025,0.04580152671755725,0.08780487804878048,0.4975609756097561,0.26717557251908397,0.08396946564885496,0.3902439024390244,0.32061068702290074,0.11450381679389313,0.019421475443604154,0.21893299590971954,0.05637773079633545,0.03054468410675926,0.11233262861169838,0.5437632135306554,0.20554394844481064,0.2001000500250125,0.28752642706131076,0.32104287437836565,0.004413971691728216,0.031914893617021274,0.1702127659574468,0.01639344262295082,0.06382978723404255,0.08196721311475409,0.5327868852459017,0.26595744680851063,0.11702127659574468,0.36885245901639346,0.2872340425531915,0.06382978723404255,0.030303030303030304,0.12121212121212122,0.047619047619047616,0.09090909090909091,0.16666666666666666,0.5476190476190477,0.5757575757575758,0.030303030303030304,0.23809523809523808,0.12121212121212122,0.030303030303030304,38.0,12.0,5.0,1.0,2.0,5.0,7.0,0.0,0.0,4.0,7.0,16.0,17.0,6.0,14.0,6.0,2.0,14.0,31.0,30.0,21.0,19.0,36.0,43.0,181.4,67.7,14.5,2.5,11.0,44.0,38.0,0.0,0.0,10.5,53.0,170.0,141.5,101.9,85.5,77.5,22.9,115.0,247.5,275.7,221.9,83.5,225.45,217.7,21.0,6.0,5.0,1.0,1.0,4.0,2.0,0.0,0.0,4.0,6.0,12.0,14.0,5.0,6.0,5.0,2.0,8.0,20.0,19.0,15.0,12.0,25.0,23.0,23.0,7.0,5.0,1.0,2.0,4.0,1.0,0.0,0.0,3.0,5.0,8.0,11.0,2.0,8.0,4.0,2.0,4.0,17.0,15.0,10.0,9.0,19.0,18.0,236.0,100.0,1804.3,604.35,151.0,65.0,60.0,39.0,HB5I0,A,74,0.0,7.0,7.0,28.0,[],"[""2025-02-22"", ""2025-02-23"", ""2025-02-24"", ""2025-02-25"", ""2025-02-26"", ""2025-02-27"", ""2025-02-28""]","[""2025-02-22"", ""2025-02-23"", ""2025-02-24"", ""2025-02-25"", ""2025-02-26"", ""2025-02-27"", ""2025-02-28""]"
Novotel Megève Mont-Blanc,2025,3,201.0,1371.75,124.0,55.0,3.0,7.0,0.3,0.7,12,1,12,12,0,121.0,0.0,80.0,376.0,0.0,995.75,75.0,0.0,61.0,29.0,0.0,26.0,6.0,7.0,0.0,2.0,18.0,67.0,32.0,12.0,36.0,11.0,10.0,60.0,154.0,0.0,19.0,60.0,221.5,293.75,375.0,94.5,89.0,5.0,5.0,6.0,0.0,2.0,11.0,42.0,23.0,10.0,22.0,10.0,5.0,1.0,2.0,0.0,2.0,5.0,16.0,13.0,3.0,8.0,4.0,1.0,0.6019900497512438,0.39800995024875624,0.2741024239110625,0.7258975760889375,0.5514705882352942,0.4485294117647059,0.5272727272727272,0.4727272727272727,0.075,0.0875,0.0,0.025,0.1487603305785124,0.5537190082644629,0.4,0.15,0.2975206611570248,0.1375,0.125,0.06025608837559628,0.1546572934973638,0.0,0.019081094652272156,0.1595744680851064,0.589095744680851,0.29500376600552347,0.3766005523474768,0.25132978723404253,0.08937986442380115,0.005021340697966357,0.08196721311475409,0.09836065573770492,0.0,0.03278688524590164,0.14666666666666667,0.56,0.3770491803278688,0.16393442622950818,0.29333333333333333,0.16393442622950818,0.08196721311475409,0.038461538461538464,0.07692307692307693,0.0,0.07692307692307693,0.1724137931034483,0.5517241379310345,0.5,0.11538461538461539,0.27586206896551724,0.15384615384615385,0.038461538461538464,11.0,11.0,2.0,3.0,10.0,0.0,4.0,1.0,0.0,1.0,13.0,11.0,12.0,8.0,11.0,13.0,2.0,11.0,10.0,11.0,2.0,10.0,21.0,23.0,45.5,34.0,6.0,9.0,35.5,0.0,89.0,7.5,0.0,24.0,139.0,63.9,158.35,82.0,87.9,91.45,5.5,57.9,62.0,47.9,21.9,45.5,147.45,110.5,8.0,5.0,1.0,2.0,7.0,0.0,3.0,1.0,0.0,1.0,10.0,8.0,10.0,7.0,7.0,8.0,2.0,9.0,5.0,9.0,2.0,5.0,15.0,11.0,9.0,6.0,2.0,3.0,8.0,0.0,3.0,1.0,0.0,1.0,6.0,7.0,10.0,7.0,8.0,8.0,2.0,9.0,7.0,10.0,2.0,7.0,12.0,8.0,92.0,109.0,549.1,822.65,62.0,74.0,41.0,40.0,HB5I0,A,74,0.0,9.0,9.0,31.0,[],"[""2025-03-01"", ""2025-03-02"", ""2025-03-03"", ""2025-03-04"", ""2025-03-05"", ""2025-03-06"", ""2025-03-07"", ""2025-03-08"", ""2025-03-09""]","[""2025-03-01"", ""2025-03-02"", ""2025-03-03"", ""2025-03-04"", ""2025-03-05"", ""2025-03-06"", ""2025-03-07"", ""2025-03-08"", ""2025-03-09""]"
Novotel Megève Mont-Blanc,2025,4,91.0,738.1500000000001,61.0,39.0,3.0,6.0,0.3333333333333333,0.6666666666666666,12,1,12,12,0,54.0,0.0,37.0,190.0,0.0,548.15,35.0,0.0,30.0,19.0,0.0,20.0,3.0,9.0,0.0,4.0,6.0,31.0,13.0,4.0,17.0,4.0,0.0,33.0,229.0,0.0,31.0,24.0,122.5,117.15,105.0,43.5,33.0,0.0,3.0,7.0,0.0,3.0,5.0,18.0,11.0,3.0,12.0,3.0,0.0,2.0,3.0,0.0,3.0,3.0,13.0,8.0,1.0,3.0,3.0,0.0,0.5934065934065934,0.4065934065934066,0.2574002574002574,0.7425997425997426,0.5384615384615384,0.46153846153846156,0.48717948717948717,0.5128205128205128,0.08108108108108109,0.24324324324324326,0.0,0.10810810810810811,0.1111111111111111,0.5740740740740741,0.35135135135135137,0.10810810810810811,0.3148148148148148,0.10810810810810811,0.0,0.06020249931588069,0.41776885888899024,0.0,0.05655386299370611,0.12631578947368421,0.6447368421052632,0.21371887257137648,0.19155340691416584,0.22894736842105262,0.06020249931588069,0.0,0.1,0.23333333333333334,0.0,0.1,0.14285714285714285,0.5142857142857142,0.36666666666666664,0.1,0.34285714285714286,0.1,0.0,0.1,0.15,0.0,0.15,0.15789473684210525,0.6842105263157895,0.4,0.05,0.15789473684210525,0.15,0.0,4.0,7.0,4.0,0.0,1.0,0.0,0.0,0.0,1.0,1.0,3.0,3.0,13.0,6.0,2.0,1.0,3.0,3.0,2.0,3.0,4.0,10.0,7.0,13.0,113.0,20.5,12.0,0.0,4.0,0.0,0.0,0.0,2.5,2.5,86.5,16.5,77.0,100.9,12.0,20.0,27.0,29.9,5.5,11.5,33.0,44.9,45.45,73.5,3.0,4.0,1.0,0.0,1.0,0.0,0.0,0.0,1.0,1.0,3.0,3.0,9.0,4.0,1.0,1.0,3.0,2.0,2.0,2.0,3.0,5.0,6.0,10.0,2.0,5.0,2.0,0.0,1.0,0.0,0.0,0.0,1.0,1.0,2.0,3.0,7.0,5.0,1.0,0.0,2.0,3.0,2.0,2.0,3.0,7.0,6.0,8.0,68.0,23.0,589.65,148.5,50.0,15.0,33.0,12.0,HB5I0,A,74,1.0,12.0,11.0,30.0,"[""2025-04-21""]","[""2025-04-19"", ""2025-04-20"", ""2025-04-21"", ""2025-04-22"", ""2025-04-23"", ""2025-04-24"", ""2025-04-25"", ""2025-04-26"", ""2025-04-27"", ""2025-04-28"", ""2025-04-29"", ""2025-04-30""]","[""2025-04-19"", ""2025-04-20"", ""2025-04-22"", ""2025-04-23"", ""2025-04-24"", ""2025-04-25"", ""2025-04-26"", ""2025-04-27"", ""2025-04-28"", ""2025-04-29"", ""2025-04-30""]"
Novotel Megève Mont-Blanc,2025,5,63.0,596.2,45.0,31.0,3.0,6.0,0.3333333333333333,0.6666666666666666,12,1,12,12,0,36.0,0.0,27.0,131.9,0.0,464.3,27.0,0.0,23.0,18.0,0.0,13.0,4.0,4.0,0.0,3.0,11.0,15.0,10.0,5.0,10.0,1.0,0.0,60.0,50.0,0.0,95.9,48.0,57.9,109.4,145.0,26.0,4.0,0.0,4.0,3.0,0.0,3.0,7.0,10.0,8.0,4.0,10.0,1.0,0.0,1.0,2.0,0.0,2.0,5.0,10.0,7.0,0.0,3.0,1.0,0.0,0.5714285714285714,0.42857142857142855,0.22123448507212345,0.7787655149278765,0.54,0.46,0.5806451612903226,0.41935483870967744,0.14814814814814814,0.14814814814814814,0.0,0.1111111111111111,0.3055555555555556,0.4166666666666667,0.37037037037037035,0.18518518518518517,0.2777777777777778,0.037037037037037035,0.0,0.12922679302175316,0.10768899418479431,0.0,0.2065474908464355,0.3639120545868082,0.43896891584533737,0.23562351927632996,0.3122980831359035,0.19711902956785443,0.008615119534783545,0.0,0.17391304347826086,0.13043478260869565,0.0,0.13043478260869565,0.25925925925925924,0.37037037037037035,0.34782608695652173,0.17391304347826086,0.37037037037037035,0.043478260869565216,0.0,0.07692307692307693,0.15384615384615385,0.0,0.15384615384615385,0.2777777777777778,0.5555555555555556,0.5384615384615384,0.0,0.16666666666666666,0.07692307692307693,0.0,4.0,4.0,0.0,7.0,0.0,0.0,0.0,0.0,0.0,1.0,5.0,0.0,7.0,6.0,5.0,2.0,0.0,3.0,2.0,4.0,1.0,6.0,3.0,3.0,11.5,94.9,0.0,20.0,0.0,0.0,0.0,0.0,0.0,15.0,61.5,0.0,82.95,117.15,59.9,12.5,0.0,18.5,5.0,24.0,3.0,27.9,9.0,33.4,3.0,3.0,0.0,6.0,0.0,0.0,0.0,0.0,0.0,1.0,5.0,0.0,7.0,4.0,3.0,2.0,0.0,2.0,2.0,3.0,1.0,3.0,2.0,3.0,3.0,1.0,0.0,6.0,0.0,0.0,0.0,0.0,0.0,0.0,2.0,0.0,5.0,5.0,4.0,2.0,0.0,3.0,1.0,3.0,1.0,4.0,3.0,3.0,40.0,23.0,338.95,257.25,30.0,20.0,20.0,14.0,HB5I0,A,74,3.0,7.0,5.0,31.0,"[""2025-05-01"", ""2025-05-08"", ""2025-05-29""]","[""2025-05-01"", ""2025-05-02"", ""2025-05-03"", ""2025-05-04"", ""2025-05-29"", ""2025-05-30"", ""2025-05-31""]","[""2025-05-02"", ""2025-05-03"", ""2025-05-04"", ""2025-05-30"", ""2025-05-31""]"
Novotel Megève Mont-Blanc,2025,6,144.0,1183.55,73.0,51.0,3.0,7.0,0.3,0.7,12,1,12,12,0,76.0,0.0,68.0,281.5,0.0,902.05,41.0,0.0,49.0,21.0,0.0,30.0,15.0,9.0,0.0,7.0,16.0,45.0,15.0,2.0,15.0,7.0,13.0,196.5,346.0,0.0,104.0,48.0,196.0,131.05,55.0,37.5,63.0,6.5,13.0,8.0,0.0,5.0,10.0,22.0,12.0,2.0,9.0,6.0,3.0,7.0,7.0,0.0,5.0,4.0,14.0,8.0,0.0,3.0,2.0,1.0,0.5277777777777778,0.4722222222222222,0.23784377508343543,0.7621562249165645,0.45555555555555555,0.5444444444444444,0.4117647058823529,0.5882352941176471,0.22058823529411764,0.1323529411764706,0.0,0.10294117647058823,0.21052631578947367,0.5921052631578947,0.22058823529411764,0.029411764705882353,0.19736842105263158,0.10294117647058823,0.19117647058823528,0.21783714871681173,0.38357075550135805,0.0,0.11529294385011918,0.1705150976909414,0.6962699822380106,0.14528019511113577,0.0609722299207361,0.13321492007104796,0.06984091790920681,0.007205808990632449,0.2653061224489796,0.16326530612244897,0.0,0.10204081632653061,0.24390243902439024,0.5365853658536586,0.24489795918367346,0.04081632653061224,0.21951219512195122,0.12244897959183673,0.061224489795918366,0.23333333333333334,0.23333333333333334,0.0,0.16666666666666666,0.19047619047619047,0.6666666666666666,0.26666666666666666,0.0,0.14285714285714285,0.06666666666666667,0.03333333333333333,12.0,7.0,8.0,0.0,0.0,0.0,2.0,0.0,1.0,1.0,12.0,10.0,3.0,6.0,5.0,14.0,1.0,6.0,5.0,0.0,9.0,8.0,13.0,21.0,46.95,21.0,24.0,0.0,0.0,0.0,6.0,0.0,35.0,45.0,37.0,213.9,34.0,42.0,58.0,100.0,15.0,30.0,100.4,0.0,58.0,112.9,101.4,103.0,8.0,3.0,5.0,0.0,0.0,0.0,1.0,0.0,1.0,1.0,3.0,7.0,3.0,4.0,4.0,6.0,1.0,3.0,5.0,0.0,7.0,7.0,9.0,12.0,8.0,5.0,7.0,0.0,0.0,0.0,1.0,0.0,1.0,1.0,2.0,8.0,3.0,5.0,3.0,5.0,0.0,4.0,5.0,0.0,6.0,6.0,12.0,11.0,101.0,43.0,631.3,552.25,55.0,35.0,37.0,31.0,HB5I0,A,74,1.0,1.0,1.0,30.0,"[""2025-06-09""]","[""2025-06-01""]","[""2025-06-01""]"
Novotel Megève Mont-Blanc,2025,7,268.0,1835.2,147.0,59.0,4.0,6.0,0.4,0.6,12,1,12,12,0,181.0,0.0,87.0,593.0,0.0,1242.2,114.0,0.0,68.0,28.0,0.0,31.0,25.0,7.0,1.0,9.0,46.0,95.0,24.0,6.0,39.0,16.0,0.0,354.5,190.0,8.0,109.0,128.5,359.0,215.7,210.0,97.5,163.0,0.0,22.0,7.0,1.0,6.0,28.0,59.0,14.0,5.0,26.0,14.0,0.0,11.0,2.0,1.0,4.0,5.0,17.0,10.0,0.0,5.0,4.0,0.0,0.6753731343283582,0.3246268656716418,0.32312554489973844,0.6768744551002616,0.6263736263736264,0.37362637362637363,0.4745762711864407,0.5254237288135594,0.28735632183908044,0.08045977011494253,0.0055248618784530384,0.10344827586206896,0.2541436464088398,0.5248618784530387,0.27586206896551724,0.06896551724137931,0.2154696132596685,0.1839080459770115,0.0,0.2853807760425052,0.15295443567863468,0.013490725126475547,0.08774754467879568,0.2166947723440135,0.6053962900505903,0.1736435356625342,0.16905490259217518,0.16441821247892074,0.13121880534535502,0.0,0.3235294117647059,0.10294117647058823,0.008771929824561403,0.08823529411764706,0.24561403508771928,0.5175438596491229,0.20588235294117646,0.07352941176470588,0.22807017543859648,0.20588235294117646,0.0,0.3548387096774194,0.06451612903225806,0.03571428571428571,0.12903225806451613,0.17857142857142858,0.6071428571428571,0.3225806451612903,0.0,0.17857142857142858,0.12903225806451613,0.0,34.0,13.0,3.0,10.0,7.0,0.0,1.0,0.0,0.0,1.0,1.0,11.0,8.0,18.0,12.0,8.0,20.0,12.0,20.0,19.0,20.0,12.0,23.0,15.0,173.0,34.5,75.0,37.5,62.5,0.0,3.0,0.0,0.0,9.0,5.0,154.35,81.9,117.3,80.0,26.5,166.5,53.5,68.0,111.8,105.5,114.5,170.35,185.5,19.0,10.0,2.0,7.0,5.0,0.0,1.0,0.0,0.0,1.0,1.0,7.0,6.0,13.0,10.0,5.0,13.0,7.0,9.0,12.0,15.0,12.0,16.0,11.0,19.0,9.0,2.0,6.0,6.0,0.0,1.0,0.0,0.0,1.0,1.0,8.0,6.0,12.0,8.0,5.0,10.0,6.0,9.0,14.0,16.0,7.0,16.0,9.0,183.0,85.0,1316.45,518.75,128.0,54.0,49.0,34.0,HB5I0,A,74,1.0,27.0,26.0,31.0,"[""2025-07-14""]","[""2025-07-05"", ""2025-07-06"", ""2025-07-07"", ""2025-07-08"", ""2025-07-09"", ""2025-07-10"", ""2025-07-11"", ""2025-07-12"", ""2025-07-13"", ""2025-07-14"", ""2025-07-15"", ""2025-07-16"", ""2025-07-17"", ""2025-07-18"", ""2025-07-19"", ""2025-07-20"", ""2025-07-21"", ""2025-07-22"", ""2025-07-23"", ""2025-07-24"", ""2025-07-25"", ""2025-07-26"", ""2025-07-27"", ""2025-07-28"", ""2025-07-29"", ""2025-07-30"", ""2025-07-31""]","[""2025-07-05"", ""2025-07-06"", ""2025-07-07"", ""2025-07-08"", ""2025-07-09"", ""2025-07-10"", ""2025-07-11"", ""2025-07-12"", ""2025-07-13"", ""2025-07-15"", ""2025-07-16"", ""2025-07-17"", ""2025-07-18"", ""2025-07-19"", ""2025-07-20"", ""2025-07-21"", ""2025-07-22"", ""2025-07-23"", ""2025-07-24"", ""2025-07-25"", ""2025-07-26"", ""2025-07-27"", ""2025-07-28"", ""2025-07-29"", ""2025-07-30"", ""2025-07-31""]"
Novotel Megève Mont-Blanc,2025,8,356.0,2873.55,204.0,66.0,3.0,7.0,0.3,0.7,12,1,12,12,0,197.0,0.0,159.0,623.5,0.0,2250.05,116.0,0.0,131.0,26.0,0.0,40.0,56.0,11.0,0.0,1.0,36.0,93.0,39.0,12.0,68.0,36.0,4.0,917.95,191.0,0.0,4.0,110.0,343.5,374.1,360.0,170.0,399.0,4.0,50.0,8.0,0.0,1.0,23.0,49.0,27.0,11.0,44.0,32.0,2.0,19.0,3.0,0.0,1.0,6.0,15.0,12.0,0.0,5.0,4.0,1.0,0.5533707865168539,0.44662921348314605,0.21697899810339127,0.7830210018966087,0.46963562753036436,0.5303643724696356,0.3939393939393939,0.6060606060606061,0.3522012578616352,0.06918238993710692,0.0,0.006289308176100629,0.18274111675126903,0.4720812182741117,0.24528301886792453,0.07547169811320754,0.34517766497461927,0.22641509433962265,0.025157232704402517,0.4079687118064043,0.0848870025110553,0.0,0.0017777382724828337,0.1764234161988773,0.5509222133119487,0.16626297193395703,0.15999644452345502,0.272654370489174,0.17732939268016265,0.0017777382724828337,0.3816793893129771,0.061068702290076333,0.0,0.007633587786259542,0.19827586206896552,0.4224137931034483,0.20610687022900764,0.08396946564885496,0.3793103448275862,0.24427480916030533,0.015267175572519083,0.475,0.075,0.0,0.025,0.23076923076923078,0.5769230769230769,0.3,0.0,0.19230769230769232,0.1,0.025,21.0,45.0,9.0,8.0,4.0,0.0,0.0,3.0,0.0,7.0,9.0,14.0,35.0,16.0,9.0,20.0,10.0,8.0,24.0,17.0,23.0,14.0,26.0,34.0,197.0,269.5,24.5,22.0,11.5,0.0,0.0,7.5,0.0,111.9,57.0,102.5,365.85,222.85,191.45,148.25,67.0,76.95,132.85,150.5,136.0,123.5,218.5,236.45,17.0,22.0,7.0,5.0,3.0,0.0,0.0,1.0,0.0,5.0,6.0,13.0,21.0,12.0,9.0,13.0,8.0,8.0,17.0,13.0,13.0,12.0,19.0,23.0,11.0,15.0,7.0,7.0,3.0,0.0,0.0,1.0,0.0,5.0,6.0,9.0,21.0,9.0,9.0,11.0,8.0,5.0,16.0,8.0,9.0,10.0,16.0,15.0,228.0,128.0,1846.25,1027.3,155.0,92.0,58.0,40.0,HB5I0,A,74,1.0,31.0,30.0,31.0,"[""2025-08-15""]","[""2025-08-01"", ""2025-08-02"", ""2025-08-03"", ""2025-08-04"", ""2025-08-05"", ""2025-08-06"", ""2025-08-07"", ""2025-08-08"", ""2025-08-09"", ""2025-08-10"", ""2025-08-11"", ""2025-08-12"", ""2025-08-13"", ""2025-08-14"", ""2025-08-15"", ""2025-08-16"", ""2025-08-17"", ""2025-08-18"", ""2025-08-19"", ""2025-08-20"", ""2025-08-21"", ""2025-08-22"", ""2025-08-23"", ""2025-08-24"", ""2025-08-25"", ""2025-08-26"", ""2025-08-27"", ""2025-08-28"", ""2025-08-29"", ""2025-08-30"", ""2025-08-31""]","[""2025-08-01"", ""2025-08-02"", ""2025-08-03"", ""2025-08-04"", ""2025-08-05"", ""2025-08-06"", ""2025-08-07"", ""2025-08-08"", ""2025-08-09"", ""2025-08-10"", ""2025-08-11"", ""2025-08-12"", ""2025-08-13"", ""2025-08-14"", ""2025-08-16"", ""2025-08-17"", ""2025-08-18"", ""2025-08-19"", ""2025-08-20"", ""2025-08-21"", ""2025-08-22"", ""2025-08-23"", ""2025-08-24"", ""2025-08-25"", ""2025-08-26"", ""2025-08-27"", ""2025-08-28"", ""2025-08-29"", ""2025-08-30"", ""2025-08-31""]"
Novotel Megève Mont-Blanc,2025,9,164.0,1220.8,99.0,38.0,3.0,7.0,0.3,0.7,12,1,12,12,0,80.0,0.0,84.0,237.5,0.0,983.3,47.0,0.0,70.0,16.0,0.0,22.0,28.0,6.0,0.0,6.0,19.0,25.0,19.0,6.0,36.0,15.0,4.0,389.5,70.0,0.0,34.0,52.5,95.0,150.8,180.0,90.0,155.0,4.0,25.0,6.0,0.0,5.0,11.0,19.0,13.0,4.0,17.0,14.0,3.0,8.0,2.0,0.0,2.0,5.0,6.0,7.0,0.0,5.0,2.0,1.0,0.4878048780487805,0.5121951219512195,0.19454456094364353,0.8054554390563565,0.4017094017094017,0.5982905982905983,0.42105263157894735,0.5789473684210527,0.3333333333333333,0.07142857142857142,0.0,0.07142857142857142,0.2375,0.3125,0.2261904761904762,0.07142857142857142,0.45,0.17857142857142858,0.047619047619047616,0.39611512254652703,0.07118885385945287,0.0,0.03457744330316282,0.22105263157894736,0.4,0.15336113088579276,0.18305705278145024,0.37894736842105264,0.15763246211735993,0.004067934506254449,0.35714285714285715,0.08571428571428572,0.0,0.07142857142857142,0.23404255319148937,0.40425531914893614,0.18571428571428572,0.05714285714285714,0.3617021276595745,0.2,0.04285714285714286,0.36363636363636365,0.09090909090909091,0.0,0.09090909090909091,0.3125,0.375,0.3181818181818182,0.0,0.3125,0.09090909090909091,0.045454545454545456,13.0,17.0,0.0,0.0,0.0,0.0,0.0,0.0,0.0,3.0,2.0,4.0,12.0,16.0,7.0,7.0,0.0,8.0,7.0,1.0,11.0,10.0,28.0,18.0,75.5,87.0,0.0,0.0,0.0,0.0,0.0,0.0,0.0,7.5,5.0,41.0,106.0,138.0,49.5,69.0,0.0,57.5,75.9,13.0,83.5,134.5,202.9,75.0,11.0,8.0,0.0,0.0,0.0,0.0,0.0,0.0,0.0,1.0,1.0,4.0,9.0,9.0,5.0,6.0,0.0,7.0,6.0,1.0,11.0,8.0,16.0,14.0,8.0,5.0,0.0,0.0,0.0,0.0,0.0,0.0,0.0,2.0,1.0,2.0,6.0,9.0,6.0,6.0,0.0,5.0,6.0,1.0,6.0,7.0,15.0,9.0,120.0,44.0,779.5,441.3,85.0,32.0,30.0,20.0,HB5I0,A,74,0.0,0.0,0.0,30.0,[],[],[]
Novotel Megève Mont-Blanc,2025,10,70.0,458.65,34.0,30.0,3.0,6.0,0.3333333333333333,0.6666666666666666,12,1,12,12,0,28.0,0.0,42.0,121.0,0.0,337.65,19.0,0.0,22.0,12.0,0.0,18.0,5.0,0.0,0.0,10.0,8.0,10.0,11.0,1.0,10.0,3.0,12.0,71.95,0.0,0.0,119.5,37.5,58.5,96.2,20.0,25.0,18.0,12.0,5.0,0.0,0.0,5.0,4.0,7.0,6.0,1.0,8.0,2.0,3.0,4.0,0.0,0.0,4.0,4.0,5.0,7.0,0.0,3.0,2.0,1.0,0.4,0.6,0.2638177259348087,0.7361822740651913,0.4634146341463415,0.5365853658536586,0.4,0.6,0.11904761904761904,0.0,0.0,0.23809523809523808,0.2857142857142857,0.35714285714285715,0.2619047619047619,0.023809523809523808,0.35714285714285715,0.07142857142857142,0.2857142857142857,0.21309047830593814,0.0,0.0,0.353916777728417,0.30991735537190085,0.4834710743801653,0.28491041018806457,0.059232933511032135,0.2066115702479339,0.05330964015992892,0.03553976010661928,0.22727272727272727,0.0,0.0,0.22727272727272727,0.21052631578947367,0.3684210526315789,0.2727272727272727,0.045454545454545456,0.42105263157894735,0.09090909090909091,0.13636363636363635,0.2222222222222222,0.0,0.0,0.2222222222222222,0.3333333333333333,0.4166666666666667,0.3888888888888889,0.0,0.25,0.1111111111111111,0.05555555555555555,6.0,1.0,5.0,0.0,1.0,1.0,0.0,0.0,3.0,0.0,1.0,4.0,11.0,2.0,3.0,14.0,1.0,1.0,2.0,6.0,0.0,0.0,4.0,4.0,18.5,10.0,13.0,0.0,8.0,7.0,0.0,0.0,16.5,0.0,2.5,22.5,119.75,12.5,15.0,79.0,18.5,9.0,8.5,38.0,0.0,0.0,12.0,48.4,4.0,1.0,3.0,0.0,1.0,1.0,0.0,0.0,1.0,0.0,1.0,3.0,6.0,2.0,3.0,4.0,1.0,1.0,2.0,3.0,0.0,0.0,2.0,2.0,4.0,1.0,4.0,0.0,1.0,1.0,0.0,0.0,3.0,0.0,1.0,4.0,7.0,2.0,3.0,5.0,1.0,1.0,2.0,5.0,0.0,0.0,2.0,3.0,52.0,18.0,278.85,179.8,29.0,12.0,24.0,12.0,HB5I0,A,74,0.0,14.0,14.0,31.0,[],"[""2025-10-18"", ""2025-10-19"", ""2025-10-20"", ""2025-10-21"", ""2025-10-22"", ""2025-10-23"", ""2025-10-24"", ""2025-10-25"", ""2025-10-26"", ""2025-10-27"", ""2025-10-28"", ""2025-10-29"", ""2025-10-30"", ""2025-10-31""]","[""2025-10-18"", ""2025-10-19"", ""2025-10-20"", ""2025-10-21"", ""2025-10-22"", ""2025-10-23"", ""2025-10-24"", ""2025-10-25"", ""2025-10-26"", ""2025-10-27"", ""2025-10-28"", ""2025-10-29"", ""2025-10-30"", ""2025-10-31""]"
Novotel Megève Mont-Blanc,2025,11,158.0,1201.85,97.0,31.0,3.0,7.0,0.3,0.7,12,1,12,12,0,72.0,12.0,74.0,203.5,152.0,846.35,40.0,8.0,60.0,8.0,4.0,19.0,16.0,6.0,0.0,6.0,37.0,8.0,11.0,5.0,27.0,25.0,5.0,139.0,104.0,0.0,71.5,93.0,43.0,95.85,160.0,67.5,271.0,5.0,13.0,4.0,0.0,4.0,19.0,5.0,7.0,4.0,16.0,24.0,4.0,3.0,2.0,0.0,3.0,2.0,5.0,7.0,0.0,1.0,3.0,1.0,0.4931506849315068,0.5068493150684932,0.1938372148402153,0.8061627851597848,0.4,0.6,0.2962962962962963,0.7037037037037037,0.21621621621621623,0.08108108108108109,0.0,0.08108108108108109,0.5138888888888888,0.1111111111111111,0.14864864864864866,0.06756756756756757,0.375,0.33783783783783783,0.06756756756756757,0.16423465469368465,0.12288060495067052,0.0,0.08448041590358599,0.457002457002457,0.2113022113022113,0.11325101908194009,0.18904708453949312,0.3316953316953317,0.32019849943876644,0.00590772139185916,0.21666666666666667,0.06666666666666667,0.0,0.06666666666666667,0.475,0.125,0.11666666666666667,0.06666666666666667,0.4,0.4,0.06666666666666667,0.15789473684210525,0.10526315789473684,0.0,0.15789473684210525,0.25,0.625,0.3684210526315789,0.0,0.125,0.15789473684210525,0.05263157894736842,8.0,1.0,0.0,4.0,0.0,0.0,0.0,0.0,6.0,9.0,1.0,6.0,25.0,14.0,5.0,7.0,0.0,9.0,9.0,17.0,4.0,16.0,4.0,13.0,40.0,4.0,0.0,10.0,0.0,0.0,0.0,0.0,57.0,59.0,5.0,12.0,268.5,67.0,43.5,100.0,0.0,71.0,49.95,134.4,25.0,115.5,19.0,121.0,5.0,1.0,0.0,1.0,0.0,0.0,0.0,0.0,4.0,7.0,1.0,3.0,14.0,8.0,4.0,7.0,0.0,6.0,8.0,13.0,3.0,11.0,3.0,9.0,6.0,1.0,0.0,1.0,0.0,0.0,0.0,0.0,6.0,6.0,1.0,2.0,9.0,4.0,4.0,5.0,0.0,5.0,4.0,8.0,2.0,7.0,3.0,5.0,77.0,81.0,625.0,576.85,59.0,49.0,19.0,22.0,HB5I0,A,74,2.0,2.0,1.0,30.0,"[""2025-11-01"", ""2025-11-11""]","[""2025-11-01"", ""2025-11-02""]","[""2025-11-02""]"
Novotel Megève Mont-Blanc,2025,12,448.0,3334.5,261.0,70.0,4.0,7.0,0.36363636363636365,0.6363636363636364,12,1,12,12,0,234.0,113.0,101.0,744.0,1270.4,1320.1,151.0,80.0,84.0,15.0,35.0,21.0,16.0,7.0,0.0,8.0,39.0,115.0,18.0,13.0,75.0,36.0,8.0,135.0,206.0,0.0,57.5,98.0,358.5,171.6,350.0,187.5,397.0,103.0,15.0,7.0,0.0,7.0,25.0,76.0,13.0,11.0,45.0,29.0,7.0,2.0,4.0,0.0,3.0,2.0,8.0,8.0,0.0,4.0,3.0,2.0,0.6985074626865672,0.30149253731343284,0.3604476527300034,0.6395523472699965,0.6425531914893617,0.3574468085106383,0.4166666666666667,0.5833333333333334,0.15841584158415842,0.06930693069306931,0.0,0.07920792079207921,0.16666666666666666,0.49145299145299143,0.1782178217821782,0.12871287128712872,0.32051282051282054,0.3564356435643564,0.05107049166455107,0.10226497992576321,0.15604878418301646,0.0,0.04355730626467692,0.13172043010752688,0.48185483870967744,0.12999015226119234,0.2651314294371639,0.25201612903225806,0.3007347928187259,0.13668115725999902,0.17857142857142858,0.08333333333333333,0.0,0.08333333333333333,0.16556291390728478,0.5033112582781457,0.15476190476190477,0.13095238095238096,0.2980132450331126,0.34523809523809523,0.056922106590980764,0.09523809523809523,0.19047619047619047,0.0,0.14285714285714285,0.13333333333333333,0.5333333333333333,0.38095238095238093,0.0,0.26666666666666666,0.14285714285714285,0.11428571428571428,16.0,20.0,19.0,7.0,4.0,0.0,0.0,0.0,1.0,9.0,14.0,28.0,18.0,17.0,14.0,17.0,25.0,27.0,34.0,34.0,27.0,45.0,24.0,48.0,74.0,71.9,69.0,19.5,10.5,0.0,0.0,0.0,2.5,88.35,181.0,288.65,122.5,216.1,130.2,157.5,147.65,227.35,280.6,228.25,322.25,282.4,126.8,287.5,10.0,7.0,10.0,3.0,4.0,0.0,0.0,0.0,1.0,7.0,11.0,18.0,16.0,12.0,11.0,12.0,16.0,19.0,30.0,23.0,20.0,35.0,18.0,32.0,9.0,9.0,11.0,3.0,3.0,0.0,0.0,0.0,1.0,7.0,12.0,15.0,9.0,12.0,12.0,6.0,17.0,15.0,19.0,20.0,18.0,15.0,15.0,21.0,307.0,141.0,2293.8,1040.7,210.0,105.0,53.0,46.0,HB5I0,A,74,1.0,12.0,11.0,31.0,"[""2025-12-25""]","[""2025-12-20"", ""2025-12-21"", ""2025-12-22"", ""2025-12-23"", ""2025-12-24"", ""2025-12-25"", ""2025-12-26"", ""2025-12-27"", ""2025-12-28"", ""2025-12-29"", ""2025-12-30"", ""2025-12-31""]","[""2025-12-20"", ""2025-12-21"", ""2025-12-22"", ""2025-12-23"", ""2025-12-24"", ""2025-12-26"", ""2025-12-27"", ""2025-12-28"", ""2025-12-29"", ""2025-12-30"", ""2025-12-31""]"
Novotel Paris Tour Eiffel,2024,1,1204.0,5938.43375,689.5,0.0,2.5714285714285716,1.7142857142857142,0.5357142857142858,0.46428571428571425,7,5,12,8,4,986.625,0.0,217.375,4227.49625,0.0,1710.9375,572.5,0.0,171.75,0.0,0.0,0.0,0.0,0.0,0.0,2.0,189.125,252.5,0.0,0.0,545.0,215.25,0.125,0.0,0.0,0.0,16.0,1181.1,855.5,0.0,0.0,2190.89625,1692.625,2.3125,0.0,0.0,0.0,1.5,136.75,145.375,0.0,0.0,290.375,170.125,0.125,0.0,0.0,0.0,0.0,0.0,0.0,0.0,0.0,0.0,0.0,0.0,0.8194559800664452,0.18054401993355482,0.7118874147581422,0.28811258524185773,0.7692307692307693,0.23076923076923078,0.0,0.0,0.0,0.0,0.0,0.009200690051753882,0.1916888382110731,0.25592296972000506,0.0,0.0,0.5523881920689219,0.9902242668200115,0.0005750431282346176,0.0,0.0,0.0,0.009351598173515982,0.27938522713059766,0.20236564373061242,0.0,0.0,0.5182491291387898,0.989296803652968,0.0013515981735159818,0.0,0.0,0.0,0.008733624454148471,0.2388646288209607,0.2539301310043668,0.0,0.0,0.5072052401746725,0.9905385735080058,0.000727802037845706,0.0,0.0,0.0,0.0,0.0,0.0,0.0,0.0,0.0,0.0,0.0,117.5,53.875,36.0,12.125,7.625,7.875,9.75,16.5,25.25,26.75,23.625,23.125,19.25,23.375,21.75,32.875,46.0,45.5,60.875,65.5,103.0,122.625,146.375,156.875,587.575,266.2625,171.4375,55.349999999999994,36.125,36.2875,46.66250000000001,95.17499999999998,135.2,143.9625,121.69999999999999,103.4375,109.375,115.65,114.6,156.8375,228.46249999999998,230.35,263.7875,375.8,474.4375,545.2125,757.85875,766.8875,72.75,30.375,21.625,7.25,4.125,5.625,7.0,11.5,17.5,18.875,15.375,14.625,15.25,16.125,15.0,21.375,27.5,28.75,36.75,39.0,62.0,73.625,88.125,94.125,0.0,0.0,0.0,0.0,0.0,0.0,0.0,0.0,0.0,0.0,0.0,0.0,0.0,0.0,0.0,0.0,0.0,0.0,0.0,0.0,0.0,0.0,0.0,0.0,825.625,378.375,4219.68375,1718.7500000000002,515.375,228.875,0.0,0.0,H3546,C,75,1.0,7.0,6.0,31.0,"[""2024-01-01""]","[""2024-01-01"", ""2024-01-02"", ""2024-01-03"", ""2024-01-04"", ""2024-01-05"", ""2024-01-06"", ""2024-01-07""]","[""2024-01-02"", ""2024-01-03"", ""2024-01-04"", ""2024-01-05"", ""2024-01-06"", ""2024-01-07""]"
Novotel Paris Tour Eiffel,2024,2,1204.0,5938.43375,689.5,0.0,2.5714285714285716,1.7142857142857142,0.5357142857142858,0.46428571428571425,7,5,12,8,4,986.625,0.0,217.375,4227.49625,0.0,1710.9375,572.5,0.0,171.75,0.0,0.0,0.0,0.0,0.0,0.0,2.0,189.125,252.5,0.0,0.0,545.0,215.25,0.125,0.0,0.0,0.0,16.0,1181.1,855.5,0.0,0.0,2190.89625,1692.625,2.3125,0.0,0.0,0.0,1.5,136.75,145.375,0.0,0.0,290.375,170.125,0.125,0.0,0.0,0.0,0.0,0.0,0.0,0.0,0.0,0.0,0.0,0.0,0.8194559800664452,0.18054401993355482,0.7118874147581422,0.28811258524185773,0.7692307692307693,0.23076923076923078,0.0,0.0,0.0,0.0,0.0,0.009200690051753882,0.1916888382110731,0.25592296972000506,0.0,0.0,0.5523881920689219,0.9902242668200115,0.0005750431282346176,0.0,0.0,0.0,0.009351598173515982,0.27938522713059766,0.20236564373061242,0.0,0.0,0.5182491291387898,0.989296803652968,0.0013515981735159818,0.0,0.0,0.0,0.008733624454148471,0.2388646288209607,0.2539301310043668,0.0,0.0,0.5072052401746725,0.9905385735080058,0.000727802037845706,0.0,0.0,0.0,0.0,0.0,0.0,0.0,0.0,0.0,0.0,0.0,117.5,53.875,36.0,12.125,7.625,7.875,9.75,16.5,25.25,26.75,23.625,23.125,19.25,23.375,21.75,32.875,46.0,45.5,60.875,65.5,103.0,122.625,146.375,156.875,587.575,266.2625,171.4375,55.349999999999994,36.125,36.2875,46.66250000000001,95.17499999999998,135.2,143.9625,121.69999999999999,103.4375,109.375,115.65,114.6,156.8375,228.46249999999998,230.35,263.7875,375.8,474.4375,545.2125,757.85875,766.8875,72.75,30.375,21.625,7.25,4.125,5.625,7.0,11.5,17.5,18.875,15.375,14.625,15.25,16.125,15.0,21.375,27.5,28.75,36.75,39.0,62.0,73.625,88.125,94.125,0.0,0.0,0.0,0.0,0.0,0.0,0.0,0.0,0.0,0.0,0.0,0.0,0.0,0.0,0.0,0.0,0.0,0.0,0.0,0.0,0.0,0.0,0.0,0.0,825.625,378.375,4219.68375,1718.7500000000002,515.375,228.875,0.0,0.0,H3546,C,75,0.0,16.0,16.0,29.0,[],"[""2024-02-10"", ""2024-02-11"", ""2024-02-12"", ""2024-02-13"", ""2024-02-14"", ""2024-02-15"", ""2024-02-16"", ""2024-02-17"", ""2024-02-18"", ""2024-02-19"", ""2024-02-20"", ""2024-02-21"", ""2024-02-22"", ""2024-02-23"", ""2024-02-24"", ""2024-02-25""]","[""2024-02-10"", ""2024-02-11"", ""2024-02-12"", ""2024-02-13"", ""2024-02-14"", ""2024-02-15"", ""2024-02-16"", ""2024-02-17"", ""2024-02-18"", ""2024-02-19"", ""2024-02-20"", ""2024-02-21"", ""2024-02-22"", ""2024-02-23"", ""2024-02-24"", ""2024-02-25""]"
Novotel Paris Tour Eiffel,2024,3,1204.0,5938.43375,689.5,0.0,2.5714285714285716,1.7142857142857142,0.5357142857142858,0.46428571428571425,7,5,12,8,4,986.625,0.0,217.375,4227.49625,0.0,1710.9375,572.5,0.0,171.75,0.0,0.0,0.0,0.0,0.0,0.0,2.0,189.125,252.5,0.0,0.0,545.0,215.25,0.125,0.0,0.0,0.0,16.0,1181.1,855.5,0.0,0.0,2190.89625,1692.625,2.3125,0.0,0.0,0.0,1.5,136.75,145.375,0.0,0.0,290.375,170.125,0.125,0.0,0.0,0.0,0.0,0.0,0.0,0.0,0.0,0.0,0.0,0.0,0.8194559800664452,0.18054401993355482,0.7118874147581422,0.28811258524185773,0.7692307692307693,0.23076923076923078,0.0,0.0,0.0,0.0,0.0,0.009200690051753882,0.1916888382110731,0.25592296972000506,0.0,0.0,0.5523881920689219,0.9902242668200115,0.0005750431282346176,0.0,0.0,0.0,0.009351598173515982,0.27938522713059766,0.20236564373061242,0.0,0.0,0.5182491291387898,0.989296803652968,0.0013515981735159818,0.0,0.0,0.0,0.008733624454148471,0.2388646288209607,0.2539301310043668,0.0,0.0,0.5072052401746725,0.9905385735080058,0.000727802037845706,0.0,0.0,0.0,0.0,0.0,0.0,0.0,0.0,0.0,0.0,0.0,117.5,53.875,36.0,12.125,7.625,7.875,9.75,16.5,25.25,26.75,23.625,23.125,19.25,23.375,21.75,32.875,46.0,45.5,60.875,65.5,103.0,122.625,146.375,156.875,587.575,266.2625,171.4375,55.349999999999994,36.125,36.2875,46.66250000000001,95.17499999999998,135.2,143.9625,121.69999999999999,103.4375,109.375,115.65,114.6,156.8375,228.46249999999998,230.35,263.7875,375.8,474.4375,545.2125,757.85875,766.8875,72.75,30.375,21.625,7.25,4.125,5.625,7.0,11.5,17.5,18.875,15.375,14.625,15.25,16.125,15.0,21.375,27.5,28.75,36.75,39.0,62.0,73.625,88.125,94.125,0.0,0.0,0.0,0.0,0.0,0.0,0.0,0.0,0.0,0.0,0.0,0.0,0.0,0.0,0.0,0.0,0.0,0.0,0.0,0.0,0.0,0.0,0.0,0.0,825.625,378.375,4219.68375,1718.7500000000002,515.375,228.875,0.0,0.0,H3546,C,75,0.0,0.0,0.0,31.0,[],[],[]
Novotel Paris Tour Eiffel,2024,4,1204.0,5938.43375,689.5,0.0,2.5714285714285716,1.7142857142857142,0.5357142857142858,0.46428571428571425,7,5,12,8,4,986.625,0.0,217.375,4227.49625,0.0,1710.9375,572.5,0.0,171.75,0.0,0.0,0.0,0.0,0.0,0.0,2.0,189.125,252.5,0.0,0.0,545.0,215.25,0.125,0.0,0.0,0.0,16.0,1181.1,855.5,0.0,0.0,2190.89625,1692.625,2.3125,0.0,0.0,0.0,1.5,136.75,145.375,0.0,0.0,290.375,170.125,0.125,0.0,0.0,0.0,0.0,0.0,0.0,0.0,0.0,0.0,0.0,0.0,0.8194559800664452,0.18054401993355482,0.7118874147581422,0.28811258524185773,0.7692307692307693,0.23076923076923078,0.0,0.0,0.0,0.0,0.0,0.009200690051753882,0.1916888382110731,0.25592296972000506,0.0,0.0,0.5523881920689219,0.9902242668200115,0.0005750431282346176,0.0,0.0,0.0,0.009351598173515982,0.27938522713059766,0.20236564373061242,0.0,0.0,0.5182491291387898,0.989296803652968,0.0013515981735159818,0.0,0.0,0.0,0.008733624454148471,0.2388646288209607,0.2539301310043668,0.0,0.0,0.5072052401746725,0.9905385735080058,0.000727802037845706,0.0,0.0,0.0,0.0,0.0,0.0,0.0,0.0,0.0,0.0,0.0,117.5,53.875,36.0,12.125,7.625,7.875,9.75,16.5,25.25,26.75,23.625,23.125,19.25,23.375,21.75,32.875,46.0,45.5,60.875,65.5,103.0,122.625,146.375,156.875,587.575,266.2625,171.4375,55.349999999999994,36.125,36.2875,46.66250000000001,95.17499999999998,135.2,143.9625,121.69999999999999,103.4375,109.375,115.65,114.6,156.8375,228.46249999999998,230.35,263.7875,375.8,474.4375,545.2125,757.85875,766.8875,72.75,30.375,21.625,7.25,4.125,5.625,7.0,11.5,17.5,18.875,15.375,14.625,15.25,16.125,15.0,21.375,27.5,28.75,36.75,39.0,62.0,73.625,88.125,94.125,0.0,0.0,0.0,0.0,0.0,0.0,0.0,0.0,0.0,0.0,0.0,0.0,0.0,0.0,0.0,0.0,0.0,0.0,0.0,0.0,0.0,0.0,0.0,0.0,825.625,378.375,4219.68375,1718.7500000000002,515.375,228.875,0.0,0.0,H3546,C,75,1.0,16.0,16.0,30.0,"[""2024-04-01""]","[""2024-04-06"", ""2024-04-07"", ""2024-04-08"", ""2024-04-09"", ""2024-04-10"", ""2024-04-11"", ""2024-04-12"", ""2024-04-13"", ""2024-04-14"", ""2024-04-15"", ""2024-04-16"", ""2024-04-17"", ""2024-04-18"", ""2024-04-19"", ""2024-04-20"", ""2024-04-21""]","[""2024-04-06"", ""2024-04-07"", ""2024-04-08"", ""2024-04-09"", ""2024-04-10"", ""2024-04-11"", ""2024-04-12"", ""2024-04-13"", ""2024-04-14"", ""2024-04-15"", ""2024-04-16"", ""2024-04-17"", ""2024-04-18"", ""2024-04-19"", ""2024-04-20"", ""2024-04-21""]"
Novotel Paris Tour Eiffel,2024,5,1.0,3.0,1.0,0.0,0.0,1.0,0.0,1.0,7,5,12,8,4,0.0,0.0,1.0,0.0,0.0,3.0,0.0,0.0,1.0,0.0,0.0,0.0,0.0,0.0,0.0,0.0,0.0,0.0,0.0,0.0,0.0,1.0,0.0,0.0,0.0,0.0,0.0,0.0,0.0,0.0,0.0,0.0,3.0,0.0,0.0,0.0,0.0,0.0,0.0,0.0,0.0,0.0,0.0,1.0,0.0,0.0,0.0,0.0,0.0,0.0,0.0,0.0,0.0,0.0,0.0,0.0,0.0,1.0,0.0,1.0,0.0,1.0,0.0,0.0,0.0,0.0,0.0,0.0,0.0,0.0,0.0,0.0,0.0,1.0,0.0,0.0,0.0,0.0,0.0,0.0,0.0,0.0,0.0,0.0,1.0,0.0,0.0,0.0,0.0,0.0,0.0,0.0,0.0,0.0,0.0,1.0,0.0,0.0,0.0,0.0,0.0,0.0,0.0,0.0,0.0,0.0,0.0,0.0,0.0,0.0,0.0,0.0,0.0,0.0,0.0,0.0,0.0,0.0,0.0,0.0,0.0,0.0,0.0,0.0,1.0,0.0,0.0,0.0,0.0,0.0,0.0,0.0,0.0,0.0,0.0,0.0,0.0,0.0,0.0,0.0,0.0,0.0,0.0,0.0,0.0,0.0,0.0,0.0,3.0,0.0,0.0,0.0,0.0,0.0,0.0,0.0,0.0,0.0,0.0,0.0,0.0,0.0,0.0,0.0,0.0,0.0,0.0,0.0,0.0,0.0,0.0,0.0,1.0,0.0,0.0,0.0,0.0,0.0,0.0,0.0,0.0,0.0,0.0,0.0,0.0,0.0,0.0,0.0,0.0,0.0,0.0,0.0,0.0,0.0,0.0,0.0,0.0,0.0,0.0,0.0,0.0,0.0,0.0,0.0,1.0,0.0,3.0,0.0,1.0,0.0,0.0,0.0,H3546,C,75,4.0,4.0,3.0,31.0,"[""2024-05-01"", ""2024-05-08"", ""2024-05-09"", ""2024-05-20""]","[""2024-05-09"", ""2024-05-10"", ""2024-05-11"", ""2024-05-12""]","[""2024-05-10"", ""2024-05-11"", ""2024-05-12""]"
Novotel Paris Tour Eiffel,2024,6,335.0,3682.5,199.0,0.0,3.0,1.0,0.75,0.25,7,5,12,8,4,286.0,0.0,49.0,3077.5,0.0,605.0,170.0,0.0,38.0,0.0,0.0,0.0,0.0,0.0,0.0,0.0,42.0,59.0,0.0,0.0,185.0,49.0,0.0,0.0,0.0,0.0,0.0,310.0,391.5,0.0,0.0,2376.0,605.0,0.0,0.0,0.0,0.0,0.0,34.0,37.0,0.0,0.0,99.0,38.0,0.0,0.0,0.0,0.0,0.0,0.0,0.0,0.0,0.0,0.0,0.0,0.0,0.8537313432835821,0.14626865671641792,0.8357094365241005,0.16429056347589951,0.8173076923076923,0.18269230769230768,0.0,0.0,0.0,0.0,0.0,0.0,0.14685314685314685,0.2062937062937063,0.0,0.0,0.6468531468531469,1.0,0.0,0.0,0.0,0.0,0.0,0.10073111291632819,0.1272136474411048,0.0,0.0,0.7720552396425671,1.0,0.0,0.0,0.0,0.0,0.0,0.2,0.21764705882352942,0.0,0.0,0.5823529411764706,1.0,0.0,0.0,0.0,0.0,0.0,0.0,0.0,0.0,0.0,0.0,0.0,0.0,59.0,13.0,2.0,3.0,0.0,1.0,4.0,8.0,1.0,11.0,5.0,1.0,9.0,5.0,6.0,9.0,22.0,13.0,11.0,41.0,20.0,26.0,30.0,35.0,719.5,192.0,5.0,22.5,0.0,3.0,11.5,55.0,3.0,91.5,43.5,4.0,45.5,18.0,37.5,50.5,242.0,266.5,73.5,617.0,346.5,169.0,441.0,225.0,34.0,7.0,2.0,1.0,0.0,1.0,3.0,5.0,1.0,7.0,4.0,1.0,9.0,4.0,5.0,6.0,12.0,8.0,8.0,20.0,11.0,20.0,16.0,23.0,0.0,0.0,0.0,0.0,0.0,0.0,0.0,0.0,0.0,0.0,0.0,0.0,0.0,0.0,0.0,0.0,0.0,0.0,0.0,0.0,0.0,0.0,0.0,0.0,335.0,0.0,3682.5,0.0,208.0,0.0,0.0,0.0,H3546,C,75,0.0,0.0,0.0,30.0,[],[],[]
Novotel Paris Tour Eiffel,2024,7,382.0,2825.67,200.0,0.0,3.0,2.0,0.6,0.4,7,5,12,8,4,336.0,0.0,46.0,2410.17,0.0,415.5,180.0,0.0,40.0,0.0,0.0,0.0,0.0,0.0,0.0,0.0,55.0,97.0,0.0,0.0,184.0,45.0,1.0,0.0,0.0,0.0,0.0,502.0,556.6999999999999,0.0,0.0,1351.47,397.0,18.5,0.0,0.0,0.0,0.0,41.0,48.0,0.0,0.0,91.0,39.0,1.0,0.0,0.0,0.0,0.0,0.0,0.0,0.0,0.0,0.0,0.0,0.0,0.8795811518324608,0.12041884816753927,0.8529552283175318,0.1470447716824682,0.8181818181818182,0.18181818181818182,0.0,0.0,0.0,0.0,0.0,0.0,0.1636904761904762,0.28869047619047616,0.0,0.0,0.5476190476190477,0.9782608695652174,0.021739130434782608,0.0,0.0,0.0,0.0,0.2082840629499164,0.23097955745860246,0.0,0.0,0.560736379591481,0.9554753309265944,0.044524669073405534,0.0,0.0,0.0,0.0,0.22777777777777777,0.26666666666666666,0.0,0.0,0.5055555555555555,0.975,0.025,0.0,0.0,0.0,0.0,0.0,0.0,0.0,0.0,0.0,0.0,0.0,41.0,16.0,17.0,0.0,0.0,2.0,0.0,4.0,7.0,6.0,3.0,1.0,7.0,9.0,5.0,9.0,13.0,9.0,17.0,23.0,34.0,14.0,88.0,57.0,253.5,110.5,106.7,0.0,0.0,7.1,0.0,16.1,35.6,28.9,18.9,2.9,41.9,52.599999999999994,25.6,50.9,119.5,53.900000000000006,83.1,126.19999999999999,153.9,117.39999999999999,870.0699999999999,550.4000000000001,27.0,11.0,10.0,0.0,0.0,1.0,0.0,3.0,5.0,6.0,2.0,1.0,6.0,4.0,4.0,6.0,5.0,6.0,12.0,12.0,24.0,9.0,40.0,26.0,0.0,0.0,0.0,0.0,0.0,0.0,0.0,0.0,0.0,0.0,0.0,0.0,0.0,0.0,0.0,0.0,0.0,0.0,0.0,0.0,0.0,0.0,0.0,0.0,379.0,3.0,2815.67,10.0,217.0,3.0,0.0,0.0,H3546,C,75,1.0,26.0,25.0,31.0,"[""2024-07-14""]","[""2024-07-06"", ""2024-07-07"", ""2024-07-08"", ""2024-07-09"", ""2024-07-10"", ""2024-07-11"", ""2024-07-12"", ""2024-07-13"", ""2024-07-14"", ""2024-07-15"", ""2024-07-16"", ""2024-07-17"", ""2024-07-18"", ""2024-07-19"", ""2024-07-20"", ""2024-07-21"", ""2024-07-22"", ""2024-07-23"", ""2024-07-24"", ""2024-07-25"", ""2024-07-26"", ""2024-07-27"", ""2024-07-28"", ""2024-07-29"", ""2024-07-30"", ""2024-07-31""]","[""2024-07-06"", ""2024-07-07"", ""2024-07-08"", ""2024-07-09"", ""2024-07-10"", ""2024-07-11"", ""2024-07-12"", ""2024-07-13"", ""2024-07-15"", ""2024-07-16"", ""2024-07-17"", ""2024-07-18"", ""2024-07-19"", ""2024-07-20"", ""2024-07-21"", ""2024-07-22"", ""2024-07-23"", ""2024-07-24"", ""2024-07-25"", ""2024-07-26"", ""2024-07-27"", ""2024-07-28"", ""2024-07-29"", ""2024-07-30"", ""2024-07-31""]"
Novotel Paris Tour Eiffel,2024,9,365.0,1718.4999999999995,200.0,0.0,3.0,2.0,0.6,0.4,7,5,12,8,4,279.0,0.0,86.0,1079.5,0.0,639.0,156.0,0.0,68.0,0.0,0.0,0.0,0.0,0.0,0.0,1.0,54.0,87.0,0.0,0.0,138.0,85.0,0.0,0.0,0.0,0.0,8.0,314.6,269.4,0.0,0.0,495.5,631.0,0.0,0.0,0.0,0.0,1.0,39.0,48.0,0.0,0.0,69.0,67.0,0.0,0.0,0.0,0.0,0.0,0.0,0.0,0.0,0.0,0.0,0.0,0.0,0.7643835616438356,0.2356164383561644,0.6281640965958685,0.37183590340413153,0.6964285714285714,0.30357142857142855,0.0,0.0,0.0,0.0,0.0,0.011627906976744186,0.1935483870967742,0.3118279569892473,0.0,0.0,0.4946236559139785,0.9883720930232558,0.0,0.0,0.0,0.0,0.012519561815336464,0.291431218156554,0.2495599814729041,0.0,0.0,0.4590088003705419,0.9874804381846636,0.0,0.0,0.0,0.0,0.014705882352941176,0.25,0.3076923076923077,0.0,0.0,0.4423076923076923,0.9852941176470589,0.0,0.0,0.0,0.0,0.0,0.0,0.0,0.0,0.0,0.0,0.0,0.0,56.0,32.0,17.0,4.0,2.0,0.0,0.0,3.0,7.0,0.0,4.0,13.0,0.0,5.0,15.0,8.0,19.0,7.0,12.0,27.0,25.0,28.0,29.0,52.0,250.0,149.4,56.1,29.0,16.0,0.0,0.0,32.9,41.8,0.0,30.0,48.0,0.0,17.8,63.1,30.9,72.2,26.5,76.3,126.1,135.6,142.3,135.4,239.1,33.0,13.0,12.0,4.0,1.0,0.0,0.0,3.0,6.0,0.0,3.0,6.0,0.0,2.0,9.0,5.0,11.0,5.0,8.0,12.0,19.0,19.0,20.0,33.0,0.0,0.0,0.0,0.0,0.0,0.0,0.0,0.0,0.0,0.0,0.0,0.0,0.0,0.0,0.0,0.0,0.0,0.0,0.0,0.0,0.0,0.0,0.0,0.0,80.0,285.0,376.3,1342.1999999999998,54.0,170.0,0.0,0.0,H3546,C,75,0.0,1.0,1.0,30.0,[],"[""2024-09-01""]","[""2024-09-01""]"
Novotel Paris Tour Eiffel,2024,10,2927.0,13290.0,1705.0,0.0,3.0,2.0,0.6,0.4,7,5,12,8,4,2379.0,0.0,548.0,8996.0,0.0,4294.0,1415.0,0.0,427.0,0.0,0.0,0.0,0.0,0.0,0.0,6.0,443.0,614.0,0.0,0.0,1322.0,542.0,0.0,0.0,0.0,0.0,48.0,2545.7,1918.3999999999999,0.0,0.0,4531.9,4246.0,0.0,0.0,0.0,0.0,4.0,339.0,356.0,0.0,0.0,720.0,423.0,0.0,0.0,0.0,0.0,0.0,0.0,0.0,0.0,0.0,0.0,0.0,0.0,0.8127775879740349,0.18722241202596515,0.6768999247554552,0.32310007524454476,0.7681867535287731,0.23181324647122692,0.0,0.0,0.0,0.0,0.0,0.010948905109489052,0.1862126944094157,0.25809163514081546,0.0,0.0,0.5556956704497689,0.9890510948905109,0.0,0.0,0.0,0.0,0.011178388448998603,0.2829813250333481,0.21325033348154734,0.0,0.0,0.5037683414851044,0.9888216115510013,0.0,0.0,0.0,0.0,0.00936768149882904,0.23957597173144876,0.25159010600706716,0.0,0.0,0.508833922261484,0.990632318501171,0.0,0.0,0.0,0.0,0.0,0.0,0.0,0.0,0.0,0.0,0.0,0.0,299.0,104.0,84.0,29.0,18.0,25.0,20.0,41.0,61.0,52.0,73.0,45.0,41.0,30.0,41.0,108.0,145.0,96.0,117.0,125.0,264.0,373.0,310.0,426.0,1342.1,460.4,397.4,109.6,101.8,121.2,101.8,237.10000000000002,263.9,287.5,347.6,211.5,256.4,129.8,278.4,457.9,618.3,412.7,531.0,702.9,1093.9,1642.4,1336.8,1847.6,190.0,62.0,55.0,18.0,12.0,20.0,14.0,28.0,44.0,39.0,50.0,29.0,29.0,24.0,31.0,74.0,85.0,64.0,79.0,82.0,157.0,217.0,187.0,252.0,0.0,0.0,0.0,0.0,0.0,0.0,0.0,0.0,0.0,0.0,0.0,0.0,0.0,0.0,0.0,0.0,0.0,0.0,0.0,0.0,0.0,0.0,0.0,0.0,2068.0,859.0,9395.9,3894.1000000000004,1308.0,534.0,0.0,0.0,H3546,C,75,0.0,13.0,13.0,31.0,[],"[""2024-10-19"", ""2024-10-20"", ""2024-10-21"", ""2024-10-22"", ""2024-10-23"", ""2024-10-24"", ""2024-10-25"", ""2024-10-26"", ""2024-10-27"", ""2024-10-28"", ""2024-10-29"", ""2024-10-30"", ""2024-10-31""]","[""2024-10-19"", ""2024-10-20"", ""2024-10-21"", ""2024-10-22"", ""2024-10-23"", ""2024-10-24"", ""2024-10-25"", ""2024-10-26"", ""2024-10-27"", ""2024-10-28"", ""2024-10-29"", ""2024-10-30"", ""2024-10-31""]"
Novotel Paris Tour Eiffel,2024,11,2488.0,11874.8,1493.0,0.0,3.0,2.0,0.6,0.4,7,5,12,8,4,2001.0,0.0,487.0,8030.799999999999,0.0,3844.0,1198.0,0.0,392.0,0.0,0.0,0.0,0.0,0.0,0.0,2.0,437.0,479.0,0.0,0.0,1085.0,485.0,0.0,0.0,0.0,0.0,16.0,2752.7,1511.5,0.0,0.0,3766.6,3828.0,0.0,0.0,0.0,0.0,1.0,313.0,284.0,0.0,0.0,601.0,391.0,0.0,0.0,0.0,0.0,0.0,0.0,0.0,0.0,0.0,0.0,0.0,0.0,0.8042604501607717,0.19573954983922828,0.6762892848721662,0.3237107151278337,0.7534591194968554,0.24654088050314465,0.0,0.0,0.0,0.0,0.0,0.004106776180698152,0.21839080459770116,0.23938030984507747,0.0,0.0,0.5422288855572214,0.9958932238193019,0.0,0.0,0.0,0.0,0.004162330905306972,0.34276784380136477,0.1882128804104199,0.0,0.0,0.4690192757882154,0.9958376690946931,0.0,0.0,0.0,0.0,0.002551020408163265,0.2612687813021703,0.2370617696160267,0.0,0.0,0.501669449081803,0.9974489795918368,0.0,0.0,0.0,0.0,0.0,0.0,0.0,0.0,0.0,0.0,0.0,0.0,205.0,104.0,67.0,35.0,13.0,20.0,24.0,28.0,55.0,51.0,52.0,46.0,60.0,65.0,62.0,60.0,66.0,113.0,127.0,109.0,185.0,240.0,364.0,337.0,900.3,525.5,335.5,154.3,67.2,82.3,135.9,192.3,339.6,266.6,285.1,226.7,334.20000000000005,373.6,285.20000000000005,322.8,318.9,526.3,468.0,544.8,852.7,1074.1,1665.6,1597.3,134.0,58.0,41.0,20.0,7.0,12.0,20.0,24.0,37.0,33.0,33.0,34.0,51.0,48.0,40.0,37.0,44.0,71.0,70.0,73.0,118.0,146.0,228.0,211.0,0.0,0.0,0.0,0.0,0.0,0.0,0.0,0.0,0.0,0.0,0.0,0.0,0.0,0.0,0.0,0.0,0.0,0.0,0.0,0.0,0.0,0.0,0.0,0.0,1587.0,901.0,7654.4,4220.4,1023.0,567.0,0.0,0.0,H3546,C,75,2.0,3.0,2.0,30.0,"[""2024-11-01"", ""2024-11-11""]","[""2024-11-01"", ""2024-11-02"", ""2024-11-03""]","[""2024-11-02"", ""2024-11-03""]"
Novotel Paris Tour Eiffel,2024,12,3134.0,14113.0,1718.0,0.0,3.0,2.0,0.6,0.4,7,5,12,8,4,2612.0,0.0,522.0,10226.0,0.0,3887.0,1461.0,0.0,408.0,0.0,0.0,0.0,0.0,0.0,0.0,7.0,482.0,684.0,0.0,0.0,1446.0,515.0,0.0,0.0,0.0,0.0,56.0,3023.8,2196.5,0.0,0.0,5005.7,3831.0,0.0,0.0,0.0,0.0,6.0,328.0,390.0,0.0,0.0,743.0,402.0,0.0,0.0,0.0,0.0,0.0,0.0,0.0,0.0,0.0,0.0,0.0,0.0,0.8334396936821953,0.16656030631780472,0.7245801743073762,0.2754198256926238,0.7817014446227929,0.21829855537720708,0.0,0.0,0.0,0.0,0.0,0.013409961685823755,0.18453292496171517,0.26186830015313933,0.0,0.0,0.5535987748851455,0.9865900383141762,0.0,0.0,0.0,0.0,0.014406997684589657,0.29569724232348915,0.21479561901036573,0.0,0.0,0.4895071386661451,0.9855930023154104,0.0,0.0,0.0,0.0,0.014705882352941176,0.2245037645448323,0.2669404517453799,0.0,0.0,0.5085557837097878,0.9852941176470589,0.0,0.0,0.0,0.0,0.0,0.0,0.0,0.0,0.0,0.0,0.0,0.0,280.0,162.0,101.0,26.0,28.0,15.0,30.0,48.0,71.0,94.0,52.0,79.0,37.0,73.0,45.0,69.0,102.0,126.0,203.0,199.0,296.0,300.0,350.0,348.0,1235.2,692.3,470.8,127.4,104.0,76.7,124.1,228.0,397.70000000000005,477.20000000000005,248.5,334.4,197.0,333.4,227.0,341.7,453.8,556.9,878.4000000000001,889.4,1212.9,1216.5,1614.0,1675.7,164.0,92.0,53.0,15.0,13.0,11.0,19.0,29.0,47.0,66.0,31.0,46.0,27.0,47.0,31.0,43.0,62.0,76.0,117.0,113.0,167.0,178.0,214.0,208.0,0.0,0.0,0.0,0.0,0.0,0.0,0.0,0.0,0.0,0.0,0.0,0.0,0.0,0.0,0.0,0.0,0.0,0.0,0.0,0.0,0.0,0.0,0.0,0.0,2155.0,979.0,9829.7,4283.3,1312.0,557.0,0.0,0.0,H3546,C,75,1.0,11.0,10.0,31.0,"[""2024-12-25""]","[""2024-12-21"", ""2024-12-22"", ""2024-12-23"", ""2024-12-24"", ""2024-12-25"", ""2024-12-26"", ""2024-12-27"", ""2024-12-28"", ""2024-12-29"", ""2024-12-30"", ""2024-12-31""]","[""2024-12-21"", ""2024-12-22"", ""2024-12-23"", ""2024-12-24"", ""2024-12-26"", ""2024-12-27"", ""2024-12-28"", ""2024-12-29"", ""2024-12-30"", ""2024-12-31""]"
Novotel Paris Tour Eiffel,2025,1,2357.0,10889.6,1340.0,0.0,3.0,1.0,0.75,0.25,12,1,12,12,0,2052.0,0.0,305.0,8470.6,0.0,2419.0,1211.0,0.0,238.0,0.0,0.0,0.0,0.0,0.0,0.0,0.0,447.0,508.0,0.0,0.0,1097.0,305.0,0.0,0.0,0.0,0.0,0.0,2842.6,1763.5,0.0,0.0,3864.5,2419.0,0.0,0.0,0.0,0.0,0.0,313.0,290.0,0.0,0.0,608.0,238.0,0.0,0.0,0.0,0.0,0.0,0.0,0.0,0.0,0.0,0.0,0.0,0.0,0.8705982180738226,0.12940178192617735,0.7778614457831325,0.22213855421686746,0.8357487922705314,0.1642512077294686,0.0,0.0,0.0,0.0,0.0,0.0,0.21783625730994152,0.2475633528265107,0.0,0.0,0.5346003898635477,1.0,0.0,0.0,0.0,0.0,0.0,0.33558425613297754,0.20819068306849572,0.0,0.0,0.45622506079852665,1.0,0.0,0.0,0.0,0.0,0.0,0.2584640792733278,0.23947151114781173,0.0,0.0,0.5020644095788604,1.0,0.0,0.0,0.0,0.0,0.0,0.0,0.0,0.0,0.0,0.0,0.0,0.0,290.0,109.0,87.0,46.0,32.0,21.0,18.0,38.0,40.0,59.0,38.0,32.0,29.0,28.0,38.0,52.0,70.0,82.0,115.0,151.0,210.0,251.0,282.0,239.0,1281.9,478.6,369.20000000000005,218.0,133.8,113.1,103.6,257.7,202.3,313.6,190.1,142.10000000000002,124.4,173.2,172.3,212.7,310.4,354.5,595.8,748.2,1003.4,1080.5,1260.2,1050.0,155.0,58.0,55.0,29.0,18.0,12.0,14.0,28.0,32.0,42.0,30.0,21.0,24.0,20.0,22.0,35.0,44.0,52.0,74.0,96.0,127.0,146.0,167.0,148.0,0.0,0.0,0.0,0.0,0.0,0.0,0.0,0.0,0.0,0.0,0.0,0.0,0.0,0.0,0.0,0.0,0.0,0.0,0.0,0.0,0.0,0.0,0.0,0.0,1732.0,625.0,7956.1,2933.5,1063.0,386.0,0.0,0.0,H3546,C,75,1.0,5.0,4.0,31.0,"[""2025-01-01""]","[""2025-01-01"", ""2025-01-02"", ""2025-01-03"", ""2025-01-04"", ""2025-01-05""]","[""2025-01-02"", ""2025-01-03"", ""2025-01-04"", ""2025-01-05""]"
Novotel Paris Tour Eiffel,2025,2,2569.0,12402.599999999999,1471.0,0.0,3.0,2.0,0.6,0.4,12,1,12,12,0,2129.0,0.0,440.0,8946.6,0.0,3456.0,1258.0,0.0,354.0,0.0,0.0,0.0,0.0,0.0,0.0,3.0,429.0,514.0,0.0,0.0,1186.0,437.0,0.0,0.0,0.0,0.0,24.0,2892.1,1853.2,0.0,0.0,4201.3,3432.0,0.0,0.0,0.0,0.0,3.0,310.0,299.0,0.0,0.0,649.0,351.0,0.0,0.0,0.0,0.0,0.0,0.0,0.0,0.0,0.0,0.0,0.0,0.0,0.8287271311794473,0.17127286882055273,0.7213487494557593,0.2786512505442407,0.7803970223325062,0.2196029776674938,0.0,0.0,0.0,0.0,0.0,0.006818181818181818,0.20150305307656177,0.24142790042273368,0.0,0.0,0.5570690465007045,0.9931818181818182,0.0,0.0,0.0,0.0,0.006944444444444444,0.3232624684237587,0.2071401426240136,0.0,0.0,0.4695973889522277,0.9930555555555556,0.0,0.0,0.0,0.0,0.00847457627118644,0.246422893481717,0.23767885532591415,0.0,0.0,0.5158982511923689,0.9915254237288136,0.0,0.0,0.0,0.0,0.0,0.0,0.0,0.0,0.0,0.0,0.0,0.0,227.0,111.0,74.0,37.0,30.0,34.0,16.0,50.0,67.0,61.0,38.0,38.0,55.0,43.0,60.0,82.0,87.0,71.0,110.0,95.0,199.0,322.0,318.0,344.0,1122.4,501.4,355.1,186.70000000000002,124.7,178.2,84.5,300.2,352.9,301.4,236.8,207.2,268.3,175.6,292.6,429.4,449.9,352.7,523.7,574.3,898.3,1457.8,1419.8,1608.7,131.0,70.0,43.0,23.0,19.0,16.0,12.0,39.0,53.0,42.0,27.0,31.0,38.0,29.0,31.0,56.0,62.0,45.0,65.0,65.0,124.0,181.0,201.0,209.0,0.0,0.0,0.0,0.0,0.0,0.0,0.0,0.0,0.0,0.0,0.0,0.0,0.0,0.0,0.0,0.0,0.0,0.0,0.0,0.0,0.0,0.0,0.0,0.0,1783.0,786.0,8663.8,3738.8,1129.0,483.0,0.0,0.0,H3546,C,75,0.0,14.0,14.0,28.0,[],"[""2025-02-15"", ""2025-02-16"", ""2025-02-17"", ""2025-02-18"", ""2025-02-19"", ""2025-02-20"", ""2025-02-21"", ""2025-02-22"", ""2025-02-23"", ""2025-02-24"", ""2025-02-25"", ""2025-02-26"", ""2025-02-27"", ""2025-02-28""]","[""2025-02-15"", ""2025-02-16"", ""2025-02-17"", ""2025-02-18"", ""2025-02-19"", ""2025-02-20"", ""2025-02-21"", ""2025-02-22"", ""2025-02-23"", ""2025-02-24"", ""2025-02-25"", ""2025-02-26"", ""2025-02-27"", ""2025-02-28""]"
Novotel Paris Tour Eiffel,2025,3,2790.0,13418.0,1638.0,0.0,3.0,2.0,0.6,0.4,12,1,12,12,0,2343.0,0.0,447.0,10258.0,0.0,3160.0,1436.0,0.0,351.0,0.0,0.0,0.0,0.0,0.0,0.0,6.0,510.0,576.0,0.0,0.0,1257.0,441.0,0.0,0.0,0.0,0.0,48.0,3653.0,2109.2,0.0,0.0,4495.8,3112.0,0.0,0.0,0.0,0.0,5.0,345.0,343.0,0.0,0.0,748.0,346.0,0.0,0.0,0.0,0.0,0.0,0.0,0.0,0.0,0.0,0.0,0.0,0.0,0.8397849462365592,0.16021505376344086,0.7644954538679386,0.2355045461320614,0.8035814213766088,0.19641857862339115,0.0,0.0,0.0,0.0,0.0,0.013422818791946308,0.2176696542893726,0.24583866837387963,0.0,0.0,0.5364916773367477,0.9865771812080537,0.0,0.0,0.0,0.0,0.015189873417721518,0.35611230259309806,0.20561512965490347,0.0,0.0,0.43827256775199847,0.9848101265822785,0.0,0.0,0.0,0.0,0.014245014245014245,0.2402506963788301,0.23885793871866295,0.0,0.0,0.520891364902507,0.9857549857549858,0.0,0.0,0.0,0.0,0.0,0.0,0.0,0.0,0.0,0.0,0.0,0.0,216.0,96.0,62.0,40.0,44.0,19.0,30.0,71.0,74.0,43.0,51.0,54.0,47.0,53.0,63.0,60.0,97.0,112.0,91.0,107.0,271.0,283.0,356.0,450.0,1038.7,451.6,303.2,231.3,257.7,95.8,162.9,355.2,365.8,252.39999999999998,262.1,235.9,243.60000000000002,254.8,272.8,276.1,418.5,522.0,394.6,563.3,1338.8,1327.1,1677.1,2116.7,135.0,46.0,33.0,28.0,28.0,10.0,20.0,51.0,53.0,34.0,40.0,34.0,35.0,31.0,41.0,37.0,66.0,65.0,62.0,71.0,169.0,193.0,230.0,275.0,0.0,0.0,0.0,0.0,0.0,0.0,0.0,0.0,0.0,0.0,0.0,0.0,0.0,0.0,0.0,0.0,0.0,0.0,0.0,0.0,0.0,0.0,0.0,0.0,1723.0,1067.0,8262.1,5155.9,1126.0,661.0,0.0,0.0,H3546,C,75,0.0,2.0,2.0,31.0,[],"[""2025-03-01"", ""2025-03-02""]","[""2025-03-01"", ""2025-03-02""]"
Novotel Paris Tour Eiffel,2025,4,3118.0,14855.0,1741.0,0.0,3.0,2.0,0.6,0.4,12,1,12,12,0,2802.0,7.0,309.0,12489.0,28.0,2338.0,1750.0,5.0,258.0,0.0,0.0,0.0,0.0,0.0,0.0,2.0,648.0,661.0,0.0,0.0,1493.0,307.0,0.0,0.0,0.0,0.0,16.0,4827.4,2330.3,0.0,0.0,5331.3,2322.0,0.0,0.0,0.0,0.0,2.0,459.0,373.0,0.0,0.0,918.0,256.0,0.0,0.0,0.0,0.0,0.0,0.0,0.0,0.0,0.0,0.0,0.0,0.0,0.9006750241080038,0.09932497589199614,0.8423146961624064,0.15768530383759358,0.8715139442231076,0.12848605577689243,0.0,0.0,0.0,0.0,0.0,0.006472491909385114,0.23126338329764454,0.23590292648108493,0.0,0.0,0.5328336902212705,0.9935275080906149,0.0,0.0,0.0,0.0,0.006843455945252352,0.3865321482904956,0.18658819761390025,0.0,0.0,0.42687965409560413,0.9931565440547476,0.0,0.0,0.0,0.0,0.007751937984496124,0.2622857142857143,0.21314285714285713,0.0,0.0,0.5245714285714286,0.9922480620155039,0.0,0.0,0.0,0.0,0.0,0.0,0.0,0.0,0.0,0.0,0.0,0.0,327.0,156.0,53.0,56.0,16.0,16.0,25.0,22.0,68.0,63.0,53.0,41.0,50.0,44.0,52.0,65.0,100.0,105.0,95.0,105.0,212.0,378.0,528.0,488.0,1619.5,773.5,258.7,326.4,99.8,78.1,133.3,102.6,316.1,282.0,269.3,192.2,259.9,206.1,262.7,318.8,386.0,494.2,457.5,510.79999999999995,959.7,1777.6,2420.0,2350.2,202.0,96.0,34.0,36.0,12.0,11.0,14.0,15.0,51.0,46.0,38.0,27.0,39.0,38.0,36.0,44.0,61.0,68.0,64.0,70.0,137.0,246.0,313.0,315.0,0.0,0.0,0.0,0.0,0.0,0.0,0.0,0.0,0.0,0.0,0.0,0.0,0.0,0.0,0.0,0.0,0.0,0.0,0.0,0.0,0.0,0.0,0.0,0.0,2207.0,911.0,10557.8,4297.200000000001,1459.0,554.0,0.0,0.0,H3546,C,75,1.0,16.0,15.0,30.0,"[""2025-04-21""]","[""2025-04-12"", ""2025-04-13"", ""2025-04-14"", ""2025-04-15"", ""2025-04-16"", ""2025-04-17"", ""2025-04-18"", ""2025-04-19"", ""2025-04-20"", ""2025-04-21"", ""2025-04-22"", ""2025-04-23"", ""2025-04-24"", ""2025-04-25"", ""2025-04-26"", ""2025-04-27""]","[""2025-04-12"", ""2025-04-13"", ""2025-04-14"", ""2025-04-15"", ""2025-04-16"", ""2025-04-17"", ""2025-04-18"", ""2025-04-19"", ""2025-04-20"", ""2025-04-22"", ""2025-04-23"", ""2025-04-24"", ""2025-04-25"", ""2025-04-26"", ""2025-04-27""]"
Novotel Paris Tour Eiffel,2025,5,3259.0,15280.2,1831.0,0.0,3.0,2.0,0.6,0.4,12,1,12,12,0,2893.0,0.0,366.0,12587.2,0.0,2693.0,1818.0,0.0,285.0,0.0,0.0,0.0,0.0,0.0,0.0,6.0,675.0,590.0,0.0,0.0,1628.0,360.0,0.0,0.0,0.0,0.0,48.0,4658.0,2031.7,0.0,0.0,5897.5,2645.0,0.0,0.0,0.0,0.0,6.0,487.0,359.0,0.0,0.0,972.0,279.0,0.0,0.0,0.0,0.0,0.0,0.0,0.0,0.0,0.0,0.0,0.0,0.0,0.8876956121509666,0.11230438784903345,0.8237588513239356,0.17624114867606444,0.8644793152639088,0.1355206847360913,0.0,0.0,0.0,0.0,0.0,0.01639344262295082,0.23332181126857934,0.20394054614586934,0.0,0.0,0.5627376425855514,0.9836065573770492,0.0,0.0,0.0,0.0,0.017823988117341254,0.37005847209863985,0.16141000381339773,0.0,0.0,0.46853152408796234,0.9821760118826588,0.0,0.0,0.0,0.0,0.021052631578947368,0.2678767876787679,0.19746974697469746,0.0,0.0,0.5346534653465347,0.9789473684210527,0.0,0.0,0.0,0.0,0.0,0.0,0.0,0.0,0.0,0.0,0.0,0.0,450.0,178.0,67.0,24.0,30.0,26.0,27.0,35.0,48.0,26.0,47.0,23.0,41.0,57.0,93.0,92.0,160.0,121.0,126.0,146.0,179.0,234.0,448.0,581.0,2203.7,892.0,320.1,119.4,157.9,140.7,164.1,193.7,234.10000000000002,138.9,228.3,104.0,197.3,269.6,500.3,383.1,641.5999999999999,499.40000000000003,573.6,656.0,835.7,1027.5,2101.3,2697.9,271.0,120.0,44.0,14.0,18.0,19.0,19.0,23.0,42.0,24.0,30.0,17.0,29.0,37.0,59.0,66.0,89.0,80.0,89.0,104.0,111.0,161.0,283.0,354.0,0.0,0.0,0.0,0.0,0.0,0.0,0.0,0.0,0.0,0.0,0.0,0.0,0.0,0.0,0.0,0.0,0.0,0.0,0.0,0.0,0.0,0.0,0.0,0.0,2311.0,948.0,10727.599999999999,4552.6,1487.0,616.0,0.0,0.0,H3546,C,75,3.0,3.0,2.0,31.0,"[""2025-05-01"", ""2025-05-08"", ""2025-05-29""]","[""2025-05-29"", ""2025-05-30"", ""2025-05-31""]","[""2025-05-30"", ""2025-05-31""]"
Novotel Paris Tour Eiffel,2025,6,3612.0,17358.9,2033.0,0.0,3.0,2.0,0.6,0.4,12,1,12,12,0,3169.0,0.0,443.0,13957.9,0.0,3401.0,1973.0,0.0,321.0,0.0,0.0,0.0,0.0,0.0,0.0,3.0,676.0,598.0,0.0,0.0,1895.0,440.0,0.0,0.0,0.0,0.0,24.0,4725.8,2033.3999999999999,0.0,0.0,7198.7,3377.0,0.0,0.0,0.0,0.0,3.0,528.0,347.0,0.0,0.0,1098.0,318.0,0.0,0.0,0.0,0.0,0.0,0.0,0.0,0.0,0.0,0.0,0.0,0.0,0.8773532668881506,0.12264673311184938,0.8040774473036885,0.1959225526963114,0.8600697471665214,0.13993025283347865,0.0,0.0,0.0,0.0,0.0,0.006772009029345372,0.21331650362890503,0.1887030609024929,0.0,0.0,0.5979804354686021,0.9932279909706546,0.0,0.0,0.0,0.0,0.007056748015289621,0.338575287113391,0.14568094054263175,0.0,0.0,0.5157437723439773,0.9929432519847103,0.0,0.0,0.0,0.0,0.009345794392523364,0.267612772427775,0.17587430309173846,0.0,0.0,0.5565129244804866,0.9906542056074766,0.0,0.0,0.0,0.0,0.0,0.0,0.0,0.0,0.0,0.0,0.0,0.0,439.0,186.0,76.0,79.0,37.0,18.0,26.0,49.0,58.0,46.0,52.0,33.0,49.0,92.0,103.0,146.0,124.0,194.0,215.0,136.0,175.0,318.0,397.0,564.0,1987.6999999999998,921.5999999999999,354.8,410.1,193.6,89.5,124.7,308.5,283.2,227.8,240.6,143.0,226.7,434.0,514.3,696.0,557.5999999999999,938.2,1104.6,666.6,744.6,1597.3,1885.5,2708.3999999999996,282.0,114.0,48.0,56.0,25.0,16.0,20.0,35.0,44.0,36.0,35.0,28.0,35.0,62.0,61.0,90.0,78.0,114.0,131.0,87.0,102.0,206.0,248.0,341.0,0.0,0.0,0.0,0.0,0.0,0.0,0.0,0.0,0.0,0.0,0.0,0.0,0.0,0.0,0.0,0.0,0.0,0.0,0.0,0.0,0.0,0.0,0.0,0.0,2509.0,1103.0,12408.400000000001,4950.5,1596.0,698.0,0.0,0.0,H3546,C,75,1.0,1.0,1.0,30.0,"[""2025-06-09""]","[""2025-06-01""]","[""2025-06-01""]"
Novotel Paris Tour Eiffel,2025,7,4515.0,23386.0,2384.0,0.0,3.0,2.0,0.6,0.4,12,1,12,12,0,4074.0,0.0,441.0,19600.0,0.0,3786.0,2391.0,0.0,319.0,0.0,0.0,0.0,0.0,0.0,0.0,6.0,866.0,792.0,0.0,0.0,2416.0,435.0,0.0,0.0,0.0,0.0,48.0,6293.7,2651.6,0.0,0.0,10654.7,3738.0,0.0,0.0,0.0,0.0,6.0,620.0,418.0,0.0,0.0,1353.0,313.0,0.0,0.0,0.0,0.0,0.0,0.0,0.0,0.0,0.0,0.0,0.0,0.0,0.9023255813953488,0.09767441860465116,0.8381082699050714,0.16189173009492858,0.8822878228782288,0.11771217712177122,0.0,0.0,0.0,0.0,0.0,0.013605442176870748,0.21256750122729504,0.19440353460972018,0.0,0.0,0.5930289641629848,0.9863945578231292,0.0,0.0,0.0,0.0,0.012678288431061807,0.32110714285714287,0.1352857142857143,0.0,0.0,0.5436071428571428,0.9873217115689382,0.0,0.0,0.0,0.0,0.018808777429467086,0.2593057298201589,0.17482225010455876,0.0,0.0,0.5658720200752823,0.9811912225705329,0.0,0.0,0.0,0.0,0.0,0.0,0.0,0.0,0.0,0.0,0.0,0.0,614.0,282.0,119.0,34.0,30.0,32.0,28.0,48.0,68.0,75.0,76.0,111.0,112.0,97.0,90.0,147.0,140.0,194.0,176.0,202.0,222.0,340.0,509.0,769.0,2995.2,1419.5,563.7,142.2,102.19999999999999,130.2,123.3,302.7,338.4,459.4,441.4,596.5,585.7,483.20000000000005,389.0,724.6,674.2,839.7,793.7,1042.3,976.9,1692.4,2932.5,4637.1,376.0,160.0,83.0,23.0,12.0,20.0,18.0,34.0,43.0,56.0,57.0,60.0,69.0,67.0,54.0,80.0,84.0,111.0,111.0,119.0,136.0,215.0,291.0,431.0,0.0,0.0,0.0,0.0,0.0,0.0,0.0,0.0,0.0,0.0,0.0,0.0,0.0,0.0,0.0,0.0,0.0,0.0,0.0,0.0,0.0,0.0,0.0,0.0,3314.0,1201.0,17473.5,5912.5,1963.0,747.0,0.0,0.0,H3546,C,75,1.0,27.0,26.0,31.0,"[""2025-07-14""]","[""2025-07-05"", ""2025-07-06"", ""2025-07-07"", ""2025-07-08"", ""2025-07-09"", ""2025-07-10"", ""2025-07-11"", ""2025-07-12"", ""2025-07-13"", ""2025-07-14"", ""2025-07-15"", ""2025-07-16"", ""2025-07-17"", ""2025-07-18"", ""2025-07-19"", ""2025-07-20"", ""2025-07-21"", ""2025-07-22"", ""2025-07-23"", ""2025-07-24"", ""2025-07-25"", ""2025-07-26"", ""2025-07-27"", ""2025-07-28"", ""2025-07-29"", ""2025-07-30"", ""2025-07-31""]","[""2025-07-05"", ""2025-07-06"", ""2025-07-07"", ""2025-07-08"", ""2025-07-09"", ""2025-07-10"", ""2025-07-11"", ""2025-07-12"", ""2025-07-13"", ""2025-07-15"", ""2025-07-16"", ""2025-07-17"", ""2025-07-18"", ""2025-07-19"", ""2025-07-20"", ""2025-07-21"", ""2025-07-22"", ""2025-07-23"", ""2025-07-24"", ""2025-07-25"", ""2025-07-26"", ""2025-07-27"", ""2025-07-28"", ""2025-07-29"", ""2025-07-30"", ""2025-07-31""]"
Novotel Paris Tour Eiffel,2025,8,3837.0,17853.899999999998,1988.0,0.0,3.0,2.0,0.6,0.4,12,1,12,12,0,3360.0,0.0,477.0,14214.9,0.0,3639.0,1895.0,0.0,342.0,0.0,0.0,0.0,0.0,0.0,0.0,7.0,704.0,629.0,0.0,0.0,2027.0,470.0,0.0,0.0,0.0,0.0,56.0,4641.7,2191.4,0.0,0.0,7381.8,3583.0,0.0,0.0,0.0,0.0,7.0,487.0,331.0,0.0,0.0,1077.0,335.0,0.0,0.0,0.0,0.0,0.0,0.0,0.0,0.0,0.0,0.0,0.0,0.0,0.8756841282251759,0.12431587177482409,0.7961789861038764,0.20382101389612353,0.8471166741171211,0.15288332588287887,0.0,0.0,0.0,0.0,0.0,0.014675052410901468,0.20952380952380953,0.18720238095238095,0.0,0.0,0.6032738095238095,0.9853249475890985,0.0,0.0,0.0,0.0,0.01538884308876065,0.32653764711675776,0.15416218193585604,0.0,0.0,0.5193001709473862,0.9846111569112393,0.0,0.0,0.0,0.0,0.02046783625730994,0.2569920844327177,0.17467018469656992,0.0,0.0,0.5683377308707124,0.97953216374269,0.0,0.0,0.0,0.0,0.0,0.0,0.0,0.0,0.0,0.0,0.0,0.0,443.0,217.0,92.0,40.0,38.0,10.0,25.0,28.0,37.0,62.0,87.0,41.0,85.0,58.0,66.0,150.0,166.0,142.0,157.0,159.0,252.0,418.0,492.0,572.0,1981.2,1077.7,470.29999999999995,223.10000000000002,217.3,51.5,109.5,140.7,209.6,362.1,427.4,173.2,357.6,291.9,276.7,726.2,713.4000000000001,573.4,646.5,763.8,1122.4,1871.1,2198.7999999999997,2868.5,239.0,117.0,53.0,26.0,25.0,9.0,17.0,16.0,25.0,38.0,56.0,30.0,48.0,35.0,40.0,89.0,110.0,84.0,88.0,86.0,143.0,236.0,294.0,333.0,0.0,0.0,0.0,0.0,0.0,0.0,0.0,0.0,0.0,0.0,0.0,0.0,0.0,0.0,0.0,0.0,0.0,0.0,0.0,0.0,0.0,0.0,0.0,0.0,2576.0,1261.0,12094.5,5759.4,1509.0,728.0,0.0,0.0,H3546,C,75,1.0,31.0,30.0,31.0,"[""2025-08-15""]","[""2025-08-01"", ""2025-08-02"", ""2025-08-03"", ""2025-08-04"", ""2025-08-05"", ""2025-08-06"", ""2025-08-07"", ""2025-08-08"", ""2025-08-09"", ""2025-08-10"", ""2025-08-11"", ""2025-08-12"", ""2025-08-13"", ""2025-08-14"", ""2025-08-15"", ""2025-08-16"", ""2025-08-17"", ""2025-08-18"", ""2025-08-19"", ""2025-08-20"", ""2025-08-21"", ""2025-08-22"", ""2025-08-23"", ""2025-08-24"", ""2025-08-25"", ""2025-08-26"", ""2025-08-27"", ""2025-08-28"", ""2025-08-29"", ""2025-08-30"", ""2025-08-31""]","[""2025-08-01"", ""2025-08-02"", ""2025-08-03"", ""2025-08-04"", ""2025-08-05"", ""2025-08-06"", ""2025-08-07"", ""2025-08-08"", ""2025-08-09"", ""2025-08-10"", ""2025-08-11"", ""2025-08-12"", ""2025-08-13"", ""2025-08-14"", ""2025-08-16"", ""2025-08-17"", ""2025-08-18"", ""2025-08-19"", ""2025-08-20"", ""2025-08-21"", ""2025-08-22"", ""2025-08-23"", ""2025-08-24"", ""2025-08-25"", ""2025-08-26"", ""2025-08-27"", ""2025-08-28"", ""2025-08-29"", ""2025-08-30"", ""2025-08-31""]"
Novotel Paris Tour Eiffel,2025,9,2866.0,13850.1,1693.0,0.0,3.0,2.0,0.6,0.4,12,1,12,12,0,2471.0,0.0,395.0,10648.1,0.0,3202.0,1601.0,0.0,307.0,0.0,0.0,0.0,0.0,0.0,0.0,4.0,504.0,476.0,0.0,0.0,1491.0,391.0,0.0,0.0,0.0,0.0,32.0,3433.9,1596.7,0.0,0.0,5617.5,3170.0,0.0,0.0,0.0,0.0,4.0,404.0,269.0,0.0,0.0,928.0,303.0,0.0,0.0,0.0,0.0,0.0,0.0,0.0,0.0,0.0,0.0,0.0,0.0,0.8621772505233776,0.13782274947662246,0.7688103334993971,0.23118966650060288,0.839098532494759,0.1609014675052411,0.0,0.0,0.0,0.0,0.0,0.010126582278481013,0.20396600566572237,0.19263456090651557,0.0,0.0,0.603399433427762,0.9898734177215189,0.0,0.0,0.0,0.0,0.009993753903810118,0.32248945821320235,0.1499516345639128,0.0,0.0,0.5275589072228848,0.9900062460961899,0.0,0.0,0.0,0.0,0.013029315960912053,0.2523422860712055,0.1680199875078076,0.0,0.0,0.5796377264209869,0.9869706840390879,0.0,0.0,0.0,0.0,0.0,0.0,0.0,0.0,0.0,0.0,0.0,0.0,297.0,129.0,55.0,78.0,23.0,28.0,35.0,29.0,52.0,52.0,60.0,34.0,35.0,80.0,52.0,106.0,106.0,116.0,131.0,149.0,167.0,288.0,344.0,420.0,1382.8000000000002,589.6,267.8,381.0,133.1,127.8,181.6,159.4,249.5,322.4,344.5,217.0,195.2,393.6,255.1,475.8,465.5,482.6,622.6,674.7,888.6,1470.3,1608.9,1960.7,198.0,89.0,44.0,48.0,13.0,16.0,27.0,22.0,42.0,31.0,45.0,26.0,24.0,38.0,33.0,64.0,78.0,72.0,78.0,100.0,119.0,191.0,239.0,271.0,0.0,0.0,0.0,0.0,0.0,0.0,0.0,0.0,0.0,0.0,0.0,0.0,0.0,0.0,0.0,0.0,0.0,0.0,0.0,0.0,0.0,0.0,0.0,0.0,2100.0,766.0,9996.6,3853.5,1391.0,517.0,0.0,0.0,H3546,C,75,0.0,0.0,0.0,30.0,[],[],[]
Novotel Paris Tour Eiffel,2025,10,3172.0,14511.5,1705.0,0.0,3.0,2.0,0.6,0.4,12,1,12,12,0,2794.0,0.0,378.0,11601.5,0.0,2910.0,1658.0,0.0,278.0,0.0,0.0,0.0,0.0,0.0,0.0,4.0,524.0,610.0,0.0,0.0,1660.0,374.0,0.0,0.0,0.0,0.0,32.0,3534.2,2069.3,0.0,0.0,5998.0,2878.0,0.0,0.0,0.0,0.0,4.0,397.0,334.0,0.0,0.0,927.0,274.0,0.0,0.0,0.0,0.0,0.0,0.0,0.0,0.0,0.0,0.0,0.0,0.0,0.8808322824716267,0.11916771752837327,0.7994693863487579,0.2005306136512421,0.856404958677686,0.14359504132231404,0.0,0.0,0.0,0.0,0.0,0.010582010582010581,0.1875447387258411,0.21832498210450965,0.0,0.0,0.5941302791696492,0.9894179894179894,0.0,0.0,0.0,0.0,0.010996563573883162,0.3046330215920355,0.17836486661207604,0.0,0.0,0.5170021117958885,0.9890034364261169,0.0,0.0,0.0,0.0,0.014388489208633094,0.23944511459589868,0.2014475271411339,0.0,0.0,0.5591073582629674,0.9856115107913669,0.0,0.0,0.0,0.0,0.0,0.0,0.0,0.0,0.0,0.0,0.0,0.0,322.0,138.0,85.0,23.0,22.0,11.0,15.0,42.0,41.0,46.0,50.0,42.0,57.0,57.0,76.0,66.0,86.0,124.0,165.0,163.0,260.0,354.0,531.0,396.0,1424.1,630.6,399.1,141.4,139.60000000000002,48.3,68.9,205.4,213.7,195.60000000000002,232.0,195.39999999999998,317.4,280.6,387.1,297.5,330.0,539.5,699.0,728.5,1232.2,1656.1,2349.8,1799.7,177.0,97.0,48.0,19.0,15.0,8.0,12.0,29.0,35.0,32.0,30.0,31.0,38.0,42.0,44.0,44.0,46.0,70.0,98.0,96.0,160.0,209.0,305.0,251.0,0.0,0.0,0.0,0.0,0.0,0.0,0.0,0.0,0.0,0.0,0.0,0.0,0.0,0.0,0.0,0.0,0.0,0.0,0.0,0.0,0.0,0.0,0.0,0.0,2295.0,877.0,10697.6,3813.9,1418.0,518.0,0.0,0.0,H3546,C,75,0.0,14.0,14.0,31.0,[],"[""2025-10-18"", ""2025-10-19"", ""2025-10-20"", ""2025-10-21"", ""2025-10-22"", ""2025-10-23"", ""2025-10-24"", ""2025-10-25"", ""2025-10-26"", ""2025-10-27"", ""2025-10-28"", ""2025-10-29"", ""2025-10-30"", ""2025-10-31""]","[""2025-10-18"", ""2025-10-19"", ""2025-10-20"", ""2025-10-21"", ""2025-10-22"", ""2025-10-23"", ""2025-10-24"", ""2025-10-25"", ""2025-10-26"", ""2025-10-27"", ""2025-10-28"", ""2025-10-29"", ""2025-10-30"", ""2025-10-31""]"
Novotel Paris Tour Eiffel,2025,11,2610.0,11985.9,1497.0,0.0,3.0,2.0,0.6,0.4,12,1,12,12,0,2298.0,2.0,310.0,9513.9,16.0,2456.0,1438.0,2.0,251.0,0.0,0.0,0.0,0.0,0.0,0.0,2.0,473.0,509.0,0.0,0.0,1316.0,308.0,0.0,0.0,0.0,0.0,16.0,3037.8,1684.1,0.0,0.0,4792.0,2440.0,0.0,0.0,0.0,0.0,2.0,370.0,272.0,0.0,0.0,796.0,249.0,0.0,0.0,0.0,0.0,0.0,0.0,0.0,0.0,0.0,0.0,0.0,0.0,0.8811349693251533,0.11886503067484662,0.7948186701643288,0.20518132983567114,0.8513913558318532,0.14860864416814684,0.0,0.0,0.0,0.0,0.0,0.0064516129032258064,0.20583115752828546,0.22149695387293297,0.0,0.0,0.5726718885987816,0.9935483870967742,0.0,0.0,0.0,0.0,0.006514657980456026,0.31930123293286666,0.1770146837784715,0.0,0.0,0.5036840832886619,0.993485342019544,0.0,0.0,0.0,0.0,0.00796812749003984,0.2573018080667594,0.18915159944367177,0.0,0.0,0.5535465924895688,0.9920318725099602,0.0,0.0,0.0,0.0,0.0,0.0,0.0,0.0,0.0,0.0,0.0,0.0,199.0,128.0,29.0,49.0,25.0,23.0,22.0,44.0,53.0,42.0,57.0,59.0,46.0,70.0,29.0,68.0,92.0,130.0,119.0,182.0,199.0,293.0,322.0,330.0,845.4,548.2,127.7,202.6,133.4,119.5,131.9,206.10000000000002,283.8,207.9,257.1,283.3,233.1,380.6,172.4,366.3,418.3,605.9,565.5999999999999,796.2,947.0,1281.6,1360.5,1511.5,128.0,77.0,24.0,23.0,18.0,12.0,16.0,33.0,47.0,30.0,45.0,44.0,32.0,43.0,23.0,47.0,63.0,82.0,75.0,112.0,125.0,178.0,201.0,213.0,0.0,0.0,0.0,0.0,0.0,0.0,0.0,0.0,0.0,0.0,0.0,0.0,0.0,0.0,0.0,0.0,0.0,0.0,0.0,0.0,0.0,0.0,0.0,0.0,1754.0,856.0,8063.7,3922.2,1149.0,542.0,0.0,0.0,H3546,C,75,2.0,2.0,1.0,30.0,"[""2025-11-01"", ""2025-11-11""]","[""2025-11-01"", ""2025-11-02""]","[""2025-11-02""]"
Novotel Paris Tour Eiffel,2025,12,3151.0,14433.8,1711.0,0.0,3.0,2.0,0.6,0.4,12,1,12,12,0,2881.0,12.0,258.0,12434.8,96.0,1903.0,1736.0,11.0,199.0,0.0,0.0,0.0,0.0,0.0,0.0,8.0,632.0,569.0,0.0,0.0,1680.0,250.0,0.0,0.0,0.0,0.0,64.0,4380.5,1993.1,0.0,0.0,6061.2,1839.0,0.0,0.0,0.0,0.0,6.0,413.0,309.0,0.0,0.0,1014.0,193.0,0.0,0.0,0.0,0.0,0.0,0.0,0.0,0.0,0.0,0.0,0.0,0.0,0.9178082191780822,0.0821917808219178,0.8672739192902676,0.13272608070973232,0.8971576227390181,0.10284237726098192,0.0,0.0,0.0,0.0,0.0,0.031007751937984496,0.21936827490454702,0.197500867754252,0.0,0.0,0.583130857341201,0.9689922480620154,0.0,0.0,0.0,0.0,0.033631108775617445,0.3522774793321968,0.16028404156078105,0.0,0.0,0.48743847910702226,0.9663688912243825,0.0,0.0,0.0,0.0,0.03015075376884422,0.23790322580645162,0.17799539170506912,0.0,0.0,0.5841013824884793,0.9698492462311558,0.0,0.0,0.0,0.0,0.0,0.0,0.0,0.0,0.0,0.0,0.0,0.0,265.0,141.0,67.0,48.0,27.0,27.0,29.0,50.0,61.0,64.0,63.0,39.0,47.0,49.0,59.0,78.0,131.0,84.0,153.0,170.0,338.0,315.0,410.0,436.0,1160.7,826.2,369.3,210.4,146.3,112.9,145.2,231.3,273.4,294.0,269.2,218.1,241.6,245.4,272.2,377.9,533.1,367.70000000000005,753.3,722.5,1464.3,1471.3,1780.4,1947.1,141.0,86.0,42.0,28.0,16.0,18.0,20.0,35.0,45.0,47.0,38.0,29.0,36.0,31.0,37.0,53.0,82.0,58.0,83.0,101.0,199.0,201.0,268.0,252.0,0.0,0.0,0.0,0.0,0.0,0.0,0.0,0.0,0.0,0.0,0.0,0.0,0.0,0.0,0.0,0.0,0.0,0.0,0.0,0.0,0.0,0.0,0.0,0.0,2273.0,878.0,10458.9,3974.9,1404.0,542.0,0.0,0.0,H3546,C,75,1.0,12.0,11.0,31.0,"[""2025-12-25""]","[""2025-12-20"", ""2025-12-21"", ""2025-12-22"", ""2025-12-23"", ""2025-12-24"", ""2025-12-25"", ""2025-12-26"", ""2025-12-27"", ""2025-12-28"", ""2025-12-29"", ""2025-12-30"", ""2025-12-31""]","[""2025-12-20"", ""2025-12-21"", ""2025-12-22"", ""2025-12-23"", ""2025-12-24"", ""2025-12-26"", ""2025-12-27"", ""2025-12-28"", ""2025-12-29"", ""2025-12-30"", ""2025-12-31""]"
Novotel Porte d’Italie,2024,1,165.5,599.115,109.25,0.0,3.0,0.5,0.875,0.125,4,9,12,4,8,159.0,6.0,0.5,559.04,39.725,0.35,124.0,4.75,0.5,0.0,0.0,0.0,0.0,0.0,0.0,0.0,43.5,71.5,0.0,0.0,44.0,0.5,0.0,0.0,0.0,0.0,0.0,131.6,202.69,0.0,0.0,224.75,0.35,0.0,0.0,0.0,0.0,0.0,33.75,55.25,0.0,0.0,35.0,0.5,0.0,0.0,0.0,0.0,0.0,0.0,0.0,0.0,0.0,0.0,0.0,0.0,0.9968652037617555,0.003134796238244514,0.9993743184540302,0.000625681545969717,0.9959839357429718,0.004016064257028112,0.0,0.0,0.0,0.0,0.0,0.0,0.27358490566037735,0.449685534591195,0.0,0.0,0.27672955974842767,1.0,0.0,0.0,0.0,0.0,0.0,0.2354035489410418,0.3625679736691471,0.0,0.0,0.4020284773898111,1.0,0.0,0.0,0.0,0.0,0.0,0.2721774193548387,0.44556451612903225,0.0,0.0,0.28225806451612906,1.0,0.0,0.0,0.0,0.0,0.0,0.0,0.0,0.0,0.0,0.0,0.0,0.0,18.5,2.0,8.5,2.0,2.0,0.25,3.25,1.0,0.75,1.25,3.0,7.0,4.25,3.75,4.5,5.25,10.0,9.0,7.0,9.25,14.5,10.75,17.5,20.25,69.49999999999999,7.1499999999999995,26.350000000000005,8.4,8.7,1.375,12.75,5.25,3.75,5.625,11.5,24.9,14.4,13.225000000000001,16.3,18.475,33.475,29.5075,22.7,32.425,50.824999999999996,38.35,69.19999999999999,74.9825,13.5,2.0,7.5,1.75,1.25,0.25,2.25,1.0,0.75,1.0,2.75,5.0,3.0,3.0,3.5,4.25,8.0,6.75,6.0,7.25,11.5,8.5,13.0,15.5,0.0,0.0,0.0,0.0,0.0,0.0,0.0,0.0,0.0,0.0,0.0,0.0,0.0,0.0,0.0,0.0,0.0,0.0,0.0,0.0,0.0,0.0,0.0,0.0,98.25,67.25,341.5,257.615,78.25,51.0,0.0,0.0,,,,,,,,[],[],[]
Novotel Porte d’Italie,2024,2,165.5,599.115,109.25,0.0,3.0,0.5,0.875,0.125,4,9,12,4,8,159.0,6.0,0.5,559.04,39.725,0.35,124.0,4.75,0.5,0.0,0.0,0.0,0.0,0.0,0.0,0.0,43.5,71.5,0.0,0.0,44.0,0.5,0.0,0.0,0.0,0.0,0.0,131.6,202.69,0.0,0.0,224.75,0.35,0.0,0.0,0.0,0.0,0.0,33.75,55.25,0.0,0.0,35.0,0.5,0.0,0.0,0.0,0.0,0.0,0.0,0.0,0.0,0.0,0.0,0.0,0.0,0.9968652037617555,0.003134796238244514,0.9993743184540302,0.000625681545969717,0.9959839357429718,0.004016064257028112,0.0,0.0,0.0,0.0,0.0,0.0,0.27358490566037735,0.449685534591195,0.0,0.0,0.27672955974842767,1.0,0.0,0.0,0.0,0.0,0.0,0.2354035489410418,0.3625679736691471,0.0,0.0,0.4020284773898111,1.0,0.0,0.0,0.0,0.0,0.0,0.2721774193548387,0.44556451612903225,0.0,0.0,0.28225806451612906,1.0,0.0,0.0,0.0,0.0,0.0,0.0,0.0,0.0,0.0,0.0,0.0,0.0,18.5,2.0,8.5,2.0,2.0,0.25,3.25,1.0,0.75,1.25,3.0,7.0,4.25,3.75,4.5,5.25,10.0,9.0,7.0,9.25,14.5,10.75,17.5,20.25,69.49999999999999,7.1499999999999995,26.350000000000005,8.4,8.7,1.375,12.75,5.25,3.75,5.625,11.5,24.9,14.4,13.225000000000001,16.3,18.475,33.475,29.5075,22.7,32.425,50.824999999999996,38.35,69.19999999999999,74.9825,13.5,2.0,7.5,1.75,1.25,0.25,2.25,1.0,0.75,1.0,2.75,5.0,3.0,3.0,3.5,4.25,8.0,6.75,6.0,7.25,11.5,8.5,13.0,15.5,0.0,0.0,0.0,0.0,0.0,0.0,0.0,0.0,0.0,0.0,0.0,0.0,0.0,0.0,0.0,0.0,0.0,0.0,0.0,0.0,0.0,0.0,0.0,0.0,98.25,67.25,341.5,257.615,78.25,51.0,0.0,0.0,,,,,,,,[],[],[]
Novotel Porte d’Italie,2024,3,165.5,599.115,109.25,0.0,3.0,0.5,0.875,0.125,4,9,12,4,8,159.0,6.0,0.5,559.04,39.725,0.35,124.0,4.75,0.5,0.0,0.0,0.0,0.0,0.0,0.0,0.0,43.5,71.5,0.0,0.0,44.0,0.5,0.0,0.0,0.0,0.0,0.0,131.6,202.69,0.0,0.0,224.75,0.35,0.0,0.0,0.0,0.0,0.0,33.75,55.25,0.0,0.0,35.0,0.5,0.0,0.0,0.0,0.0,0.0,0.0,0.0,0.0,0.0,0.0,0.0,0.0,0.9968652037617555,0.003134796238244514,0.9993743184540302,0.000625681545969717,0.9959839357429718,0.004016064257028112,0.0,0.0,0.0,0.0,0.0,0.0,0.27358490566037735,0.449685534591195,0.0,0.0,0.27672955974842767,1.0,0.0,0.0,0.0,0.0,0.0,0.2354035489410418,0.3625679736691471,0.0,0.0,0.4020284773898111,1.0,0.0,0.0,0.0,0.0,0.0,0.2721774193548387,0.44556451612903225,0.0,0.0,0.28225806451612906,1.0,0.0,0.0,0.0,0.0,0.0,0.0,0.0,0.0,0.0,0.0,0.0,0.0,18.5,2.0,8.5,2.0,2.0,0.25,3.25,1.0,0.75,1.25,3.0,7.0,4.25,3.75,4.5,5.25,10.0,9.0,7.0,9.25,14.5,10.75,17.5,20.25,69.49999999999999,7.1499999999999995,26.350000000000005,8.4,8.7,1.375,12.75,5.25,3.75,5.625,11.5,24.9,14.4,13.225000000000001,16.3,18.475,33.475,29.5075,22.7,32.425,50.824999999999996,38.35,69.19999999999999,74.9825,13.5,2.0,7.5,1.75,1.25,0.25,2.25,1.0,0.75,1.0,2.75,5.0,3.0,3.0,3.5,4.25,8.0,6.75,6.0,7.25,11.5,8.5,13.0,15.5,0.0,0.0,0.0,0.0,0.0,0.0,0.0,0.0,0.0,0.0,0.0,0.0,0.0,0.0,0.0,0.0,0.0,0.0,0.0,0.0,0.0,0.0,0.0,0.0,98.25,67.25,341.5,257.615,78.25,51.0,0.0,0.0,,,,,,,,[],[],[]
Novotel Porte d’Italie,2024,4,165.5,599.115,109.25,0.0,3.0,0.5,0.875,0.125,4,9,12,4,8,159.0,6.0,0.5,559.04,39.725,0.35,124.0,4.75,0.5,0.0,0.0,0.0,0.0,0.0,0.0,0.0,43.5,71.5,0.0,0.0,44.0,0.5,0.0,0.0,0.0,0.0,0.0,131.6,202.69,0.0,0.0,224.75,0.35,0.0,0.0,0.0,0.0,0.0,33.75,55.25,0.0,0.0,35.0,0.5,0.0,0.0,0.0,0.0,0.0,0.0,0.0,0.0,0.0,0.0,0.0,0.0,0.9968652037617555,0.003134796238244514,0.9993743184540302,0.000625681545969717,0.9959839357429718,0.004016064257028112,0.0,0.0,0.0,0.0,0.0,0.0,0.27358490566037735,0.449685534591195,0.0,0.0,0.27672955974842767,1.0,0.0,0.0,0.0,0.0,0.0,0.2354035489410418,0.3625679736691471,0.0,0.0,0.4020284773898111,1.0,0.0,0.0,0.0,0.0,0.0,0.2721774193548387,0.44556451612903225,0.0,0.0,0.28225806451612906,1.0,0.0,0.0,0.0,0.0,0.0,0.0,0.0,0.0,0.0,0.0,0.0,0.0,18.5,2.0,8.5,2.0,2.0,0.25,3.25,1.0,0.75,1.25,3.0,7.0,4.25,3.75,4.5,5.25,10.0,9.0,7.0,9.25,14.5,10.75,17.5,20.25,69.49999999999999,7.1499999999999995,26.350000000000005,8.4,8.7,1.375,12.75,5.25,3.75,5.625,11.5,24.9,14.4,13.225000000000001,16.3,18.475,33.475,29.5075,22.7,32.425,50.824999999999996,38.35,69.19999999999999,74.9825,13.5,2.0,7.5,1.75,1.25,0.25,2.25,1.0,0.75,1.0,2.75,5.0,3.0,3.0,3.5,4.25,8.0,6.75,6.0,7.25,11.5,8.5,13.0,15.5,0.0,0.0,0.0,0.0,0.0,0.0,0.0,0.0,0.0,0.0,0.0,0.0,0.0,0.0,0.0,0.0,0.0,0.0,0.0,0.0,0.0,0.0,0.0,0.0,98.25,67.25,341.5,257.615,78.25,51.0,0.0,0.0,,,,,,,,[],[],[]
Novotel Porte d’Italie,2024,5,165.5,599.115,109.25,0.0,3.0,0.5,0.875,0.125,4,9,12,4,8,159.0,6.0,0.5,559.04,39.725,0.35,124.0,4.75,0.5,0.0,0.0,0.0,0.0,0.0,0.0,0.0,43.5,71.5,0.0,0.0,44.0,0.5,0.0,0.0,0.0,0.0,0.0,131.6,202.69,0.0,0.0,224.75,0.35,0.0,0.0,0.0,0.0,0.0,33.75,55.25,0.0,0.0,35.0,0.5,0.0,0.0,0.0,0.0,0.0,0.0,0.0,0.0,0.0,0.0,0.0,0.0,0.9968652037617555,0.003134796238244514,0.9993743184540302,0.000625681545969717,0.9959839357429718,0.004016064257028112,0.0,0.0,0.0,0.0,0.0,0.0,0.27358490566037735,0.449685534591195,0.0,0.0,0.27672955974842767,1.0,0.0,0.0,0.0,0.0,0.0,0.2354035489410418,0.3625679736691471,0.0,0.0,0.4020284773898111,1.0,0.0,0.0,0.0,0.0,0.0,0.2721774193548387,0.44556451612903225,0.0,0.0,0.28225806451612906,1.0,0.0,0.0,0.0,0.0,0.0,0.0,0.0,0.0,0.0,0.0,0.0,0.0,18.5,2.0,8.5,2.0,2.0,0.25,3.25,1.0,0.75,1.25,3.0,7.0,4.25,3.75,4.5,5.25,10.0,9.0,7.0,9.25,14.5,10.75,17.5,20.25,69.49999999999999,7.1499999999999995,26.350000000000005,8.4,8.7,1.375,12.75,5.25,3.75,5.625,11.5,24.9,14.4,13.225000000000001,16.3,18.475,33.475,29.5075,22.7,32.425,50.824999999999996,38.35,69.19999999999999,74.9825,13.5,2.0,7.5,1.75,1.25,0.25,2.25,1.0,0.75,1.0,2.75,5.0,3.0,3.0,3.5,4.25,8.0,6.75,6.0,7.25,11.5,8.5,13.0,15.5,0.0,0.0,0.0,0.0,0.0,0.0,0.0,0.0,0.0,0.0,0.0,0.0,0.0,0.0,0.0,0.0,0.0,0.0,0.0,0.0,0.0,0.0,0.0,0.0,98.25,67.25,341.5,257.615,78.25,51.0,0.0,0.0,,,,,,,,[],[],[]
Novotel Porte d’Italie,2024,6,165.5,599.115,109.25,0.0,3.0,0.5,0.875,0.125,4,9,12,4,8,159.0,6.0,0.5,559.04,39.725,0.35,124.0,4.75,0.5,0.0,0.0,0.0,0.0,0.0,0.0,0.0,43.5,71.5,0.0,0.0,44.0,0.5,0.0,0.0,0.0,0.0,0.0,131.6,202.69,0.0,0.0,224.75,0.35,0.0,0.0,0.0,0.0,0.0,33.75,55.25,0.0,0.0,35.0,0.5,0.0,0.0,0.0,0.0,0.0,0.0,0.0,0.0,0.0,0.0,0.0,0.0,0.9968652037617555,0.003134796238244514,0.9993743184540302,0.000625681545969717,0.9959839357429718,0.004016064257028112,0.0,0.0,0.0,0.0,0.0,0.0,0.27358490566037735,0.449685534591195,0.0,0.0,0.27672955974842767,1.0,0.0,0.0,0.0,0.0,0.0,0.2354035489410418,0.3625679736691471,0.0,0.0,0.4020284773898111,1.0,0.0,0.0,0.0,0.0,0.0,0.2721774193548387,0.44556451612903225,0.0,0.0,0.28225806451612906,1.0,0.0,0.0,0.0,0.0,0.0,0.0,0.0,0.0,0.0,0.0,0.0,0.0,18.5,2.0,8.5,2.0,2.0,0.25,3.25,1.0,0.75,1.25,3.0,7.0,4.25,3.75,4.5,5.25,10.0,9.0,7.0,9.25,14.5,10.75,17.5,20.25,69.49999999999999,7.1499999999999995,26.350000000000005,8.4,8.7,1.375,12.75,5.25,3.75,5.625,11.5,24.9,14.4,13.225000000000001,16.3,18.475,33.475,29.5075,22.7,32.425,50.824999999999996,38.35,69.19999999999999,74.9825,13.5,2.0,7.5,1.75,1.25,0.25,2.25,1.0,0.75,1.0,2.75,5.0,3.0,3.0,3.5,4.25,8.0,6.75,6.0,7.25,11.5,8.5,13.0,15.5,0.0,0.0,0.0,0.0,0.0,0.0,0.0,0.0,0.0,0.0,0.0,0.0,0.0,0.0,0.0,0.0,0.0,0.0,0.0,0.0,0.0,0.0,0.0,0.0,98.25,67.25,341.5,257.615,78.25,51.0,0.0,0.0,,,,,,,,[],[],[]
Novotel Porte d’Italie,2024,7,165.5,599.115,109.25,0.0,3.0,0.5,0.875,0.125,4,9,12,4,8,159.0,6.0,0.5,559.04,39.725,0.35,124.0,4.75,0.5,0.0,0.0,0.0,0.0,0.0,0.0,0.0,43.5,71.5,0.0,0.0,44.0,0.5,0.0,0.0,0.0,0.0,0.0,131.6,202.69,0.0,0.0,224.75,0.35,0.0,0.0,0.0,0.0,0.0,33.75,55.25,0.0,0.0,35.0,0.5,0.0,0.0,0.0,0.0,0.0,0.0,0.0,0.0,0.0,0.0,0.0,0.0,0.9968652037617555,0.003134796238244514,0.9993743184540302,0.000625681545969717,0.9959839357429718,0.004016064257028112,0.0,0.0,0.0,0.0,0.0,0.0,0.27358490566037735,0.449685534591195,0.0,0.0,0.27672955974842767,1.0,0.0,0.0,0.0,0.0,0.0,0.2354035489410418,0.3625679736691471,0.0,0.0,0.4020284773898111,1.0,0.0,0.0,0.0,0.0,0.0,0.2721774193548387,0.44556451612903225,0.0,0.0,0.28225806451612906,1.0,0.0,0.0,0.0,0.0,0.0,0.0,0.0,0.0,0.0,0.0,0.0,0.0,18.5,2.0,8.5,2.0,2.0,0.25,3.25,1.0,0.75,1.25,3.0,7.0,4.25,3.75,4.5,5.25,10.0,9.0,7.0,9.25,14.5,10.75,17.5,20.25,69.49999999999999,7.1499999999999995,26.350000000000005,8.4,8.7,1.375,12.75,5.25,3.75,5.625,11.5,24.9,14.4,13.225000000000001,16.3,18.475,33.475,29.5075,22.7,32.425,50.824999999999996,38.35,69.19999999999999,74.9825,13.5,2.0,7.5,1.75,1.25,0.25,2.25,1.0,0.75,1.0,2.75,5.0,3.0,3.0,3.5,4.25,8.0,6.75,6.0,7.25,11.5,8.5,13.0,15.5,0.0,0.0,0.0,0.0,0.0,0.0,0.0,0.0,0.0,0.0,0.0,0.0,0.0,0.0,0.0,0.0,0.0,0.0,0.0,0.0,0.0,0.0,0.0,0.0,98.25,67.25,341.5,257.615,78.25,51.0,0.0,0.0,,,,,,,,[],[],[]
Novotel Porte d’Italie,2024,8,165.5,599.115,109.25,0.0,3.0,0.5,0.875,0.125,4,9,12,4,8,159.0,6.0,0.5,559.04,39.725,0.35,124.0,4.75,0.5,0.0,0.0,0.0,0.0,0.0,0.0,0.0,43.5,71.5,0.0,0.0,44.0,0.5,0.0,0.0,0.0,0.0,0.0,131.6,202.69,0.0,0.0,224.75,0.35,0.0,0.0,0.0,0.0,0.0,33.75,55.25,0.0,0.0,35.0,0.5,0.0,0.0,0.0,0.0,0.0,0.0,0.0,0.0,0.0,0.0,0.0,0.0,0.9968652037617555,0.003134796238244514,0.9993743184540302,0.000625681545969717,0.9959839357429718,0.004016064257028112,0.0,0.0,0.0,0.0,0.0,0.0,0.27358490566037735,0.449685534591195,0.0,0.0,0.27672955974842767,1.0,0.0,0.0,0.0,0.0,0.0,0.2354035489410418,0.3625679736691471,0.0,0.0,0.4020284773898111,1.0,0.0,0.0,0.0,0.0,0.0,0.2721774193548387,0.44556451612903225,0.0,0.0,0.28225806451612906,1.0,0.0,0.0,0.0,0.0,0.0,0.0,0.0,0.0,0.0,0.0,0.0,0.0,18.5,2.0,8.5,2.0,2.0,0.25,3.25,1.0,0.75,1.25,3.0,7.0,4.25,3.75,4.5,5.25,10.0,9.0,7.0,9.25,14.5,10.75,17.5,20.25,69.49999999999999,7.1499999999999995,26.350000000000005,8.4,8.7,1.375,12.75,5.25,3.75,5.625,11.5,24.9,14.4,13.225000000000001,16.3,18.475,33.475,29.5075,22.7,32.425,50.824999999999996,38.35,69.19999999999999,74.9825,13.5,2.0,7.5,1.75,1.25,0.25,2.25,1.0,0.75,1.0,2.75,5.0,3.0,3.0,3.5,4.25,8.0,6.75,6.0,7.25,11.5,8.5,13.0,15.5,0.0,0.0,0.0,0.0,0.0,0.0,0.0,0.0,0.0,0.0,0.0,0.0,0.0,0.0,0.0,0.0,0.0,0.0,0.0,0.0,0.0,0.0,0.0,0.0,98.25,67.25,341.5,257.615,78.25,51.0,0.0,0.0,,,,,,,,[],[],[]
Novotel Porte d’Italie,2024,9,40.0,150.8,31.0,0.0,3.0,0.0,1.0,0.0,4,9,12,4,8,40.0,0.0,0.0,150.8,0.0,0.0,32.0,0.0,0.0,0.0,0.0,0.0,0.0,0.0,0.0,0.0,5.0,17.0,0.0,0.0,18.0,0.0,0.0,0.0,0.0,0.0,0.0,12.5,46.3,0.0,0.0,92.0,0.0,0.0,0.0,0.0,0.0,0.0,5.0,12.0,0.0,0.0,15.0,0.0,0.0,0.0,0.0,0.0,0.0,0.0,0.0,0.0,0.0,0.0,0.0,0.0,1.0,0.0,1.0,0.0,1.0,0.0,0.0,0.0,0.0,0.0,0.0,0.0,0.125,0.425,0.0,0.0,0.45,0.0,0.0,0.0,0.0,0.0,0.0,0.08289124668435012,0.30702917771883287,0.0,0.0,0.6100795755968169,0.0,0.0,0.0,0.0,0.0,0.0,0.15625,0.375,0.0,0.0,0.46875,0.0,0.0,0.0,0.0,0.0,0.0,0.0,0.0,0.0,0.0,0.0,0.0,0.0,2.0,0.0,7.0,0.0,0.0,0.0,1.0,0.0,1.0,1.0,3.0,0.0,1.0,2.0,0.0,0.0,2.0,1.0,2.0,0.0,5.0,8.0,4.0,0.0,10.0,0.0,18.1,0.0,0.0,0.0,2.6,0.0,5.0,5.0,13.9,0.0,2.9,6.0,0.0,0.0,10.0,2.5,7.3,0.0,21.0,28.5,18.0,0.0,1.0,0.0,5.0,0.0,0.0,0.0,1.0,0.0,1.0,1.0,3.0,0.0,1.0,1.0,0.0,0.0,1.0,1.0,2.0,0.0,5.0,5.0,4.0,0.0,0.0,0.0,0.0,0.0,0.0,0.0,0.0,0.0,0.0,0.0,0.0,0.0,0.0,0.0,0.0,0.0,0.0,0.0,0.0,0.0,0.0,0.0,0.0,0.0,8.0,32.0,27.8,123.0,7.0,25.0,0.0,0.0,,,,,,,,[],[],[]
Novotel Porte d’Italie,2024,10,244.0,868.9,156.0,0.0,3.0,0.0,1.0,0.0,4,9,12,4,8,231.0,13.0,0.0,785.5,83.4,0.0,175.0,10.0,0.0,0.0,0.0,0.0,0.0,0.0,0.0,0.0,60.0,112.0,0.0,0.0,59.0,0.0,0.0,0.0,0.0,0.0,0.0,167.4,318.6,0.0,0.0,299.5,0.0,0.0,0.0,0.0,0.0,0.0,48.0,84.0,0.0,0.0,43.0,0.0,0.0,0.0,0.0,0.0,0.0,0.0,0.0,0.0,0.0,0.0,0.0,0.0,1.0,0.0,1.0,0.0,1.0,0.0,0.0,0.0,0.0,0.0,0.0,0.0,0.2597402597402597,0.48484848484848486,0.0,0.0,0.2554112554112554,0.0,0.0,0.0,0.0,0.0,0.0,0.21311266709102483,0.40560152768936986,0.0,0.0,0.38128580521960537,0.0,0.0,0.0,0.0,0.0,0.0,0.2742857142857143,0.48,0.0,0.0,0.24571428571428572,0.0,0.0,0.0,0.0,0.0,0.0,0.0,0.0,0.0,0.0,0.0,0.0,0.0,25.0,2.0,15.0,4.0,8.0,0.0,5.0,1.0,1.0,0.0,2.0,16.0,5.0,8.0,8.0,9.0,21.0,18.0,9.0,11.0,20.0,20.0,17.0,19.0,89.3,7.6,47.7,18.1,34.8,0.0,18.0,5.0,5.0,0.0,4.8,59.599999999999994,13.600000000000001,26.1,25.9,27.3,74.80000000000001,61.9,22.7,42.6,75.3,66.80000000000001,69.2,72.8,18.0,2.0,13.0,3.0,5.0,0.0,3.0,1.0,1.0,0.0,2.0,10.0,3.0,6.0,6.0,8.0,17.0,14.0,7.0,8.0,16.0,15.0,11.0,16.0,0.0,0.0,0.0,0.0,0.0,0.0,0.0,0.0,0.0,0.0,0.0,0.0,0.0,0.0,0.0,0.0,0.0,0.0,0.0,0.0,0.0,0.0,0.0,0.0,157.0,87.0,517.2,351.7,120.0,65.0,0.0,0.0,,,,,,,,[],[],[]
Novotel Porte d’Italie,2024,11,191.0,700.6599999999999,125.0,0.0,3.0,1.0,0.75,0.25,4,9,12,4,8,183.0,7.0,1.0,656.96,43.0,0.7,140.0,5.0,1.0,0.0,0.0,0.0,0.0,0.0,0.0,0.0,48.0,74.0,0.0,0.0,61.0,1.0,0.0,0.0,0.0,0.0,0.0,134.6,209.85999999999999,0.0,0.0,312.5,0.7,0.0,0.0,0.0,0.0,0.0,34.0,56.0,0.0,0.0,50.0,1.0,0.0,0.0,0.0,0.0,0.0,0.0,0.0,0.0,0.0,0.0,0.0,0.0,0.9945652173913043,0.005434782608695652,0.9989356202292977,0.0010643797707021864,0.9929078014184397,0.0070921985815602835,0.0,0.0,0.0,0.0,0.0,0.0,0.26229508196721313,0.40437158469945356,0.0,0.0,0.3333333333333333,1.0,0.0,0.0,0.0,0.0,0.0,0.20488309790550413,0.31944106186069166,0.0,0.0,0.47567584023380416,1.0,0.0,0.0,0.0,0.0,0.0,0.24285714285714285,0.4,0.0,0.0,0.35714285714285715,1.0,0.0,0.0,0.0,0.0,0.0,0.0,0.0,0.0,0.0,0.0,0.0,0.0,28.0,0.0,6.0,2.0,0.0,1.0,4.0,1.0,1.0,3.0,2.0,4.0,5.0,2.0,2.0,8.0,10.0,11.0,10.0,11.0,20.0,9.0,17.0,34.0,106.4,0.0,18.8,5.5,0.0,5.5,13.399999999999999,5.0,5.0,12.5,7.6,11.6,15.8,8.0,7.6,30.8,29.4,37.629999999999995,42.1,40.4,62.9,39.5,59.0,136.23000000000002,18.0,0.0,6.0,2.0,0.0,1.0,3.0,1.0,1.0,2.0,2.0,4.0,3.0,2.0,2.0,5.0,9.0,8.0,9.0,8.0,15.0,8.0,11.0,26.0,0.0,0.0,0.0,0.0,0.0,0.0,0.0,0.0,0.0,0.0,0.0,0.0,0.0,0.0,0.0,0.0,0.0,0.0,0.0,0.0,0.0,0.0,0.0,0.0,115.0,76.0,417.6,283.06,91.0,55.0,0.0,0.0,,,,,,,,[],[],[]
Novotel Porte d’Italie,2024,12,187.0,676.0999999999999,125.0,0.0,3.0,1.0,0.75,0.25,4,9,12,4,8,182.0,4.0,1.0,642.9,32.5,0.7,149.0,4.0,1.0,0.0,0.0,0.0,0.0,0.0,0.0,0.0,61.0,83.0,0.0,0.0,38.0,1.0,0.0,0.0,0.0,0.0,0.0,211.9,236.0,0.0,0.0,195.0,0.7,0.0,0.0,0.0,0.0,0.0,48.0,69.0,0.0,0.0,32.0,1.0,0.0,0.0,0.0,0.0,0.0,0.0,0.0,0.0,0.0,0.0,0.0,0.0,0.994535519125683,0.00546448087431694,0.9989123679303915,0.0010876320696084523,0.9933333333333333,0.006666666666666667,0.0,0.0,0.0,0.0,0.0,0.0,0.33516483516483514,0.45604395604395603,0.0,0.0,0.2087912087912088,1.0,0.0,0.0,0.0,0.0,0.0,0.32960024887229744,0.36708663866853325,0.0,0.0,0.3033131124591694,1.0,0.0,0.0,0.0,0.0,0.0,0.3221476510067114,0.46308724832214765,0.0,0.0,0.21476510067114093,1.0,0.0,0.0,0.0,0.0,0.0,0.0,0.0,0.0,0.0,0.0,0.0,0.0,19.0,6.0,6.0,2.0,0.0,0.0,3.0,2.0,0.0,1.0,5.0,8.0,6.0,3.0,8.0,4.0,7.0,6.0,7.0,15.0,13.0,6.0,32.0,28.0,72.3,21.0,20.799999999999997,10.0,0.0,0.0,17.0,11.0,0.0,5.0,19.7,28.4,25.3,12.8,31.7,15.8,19.7,16.0,18.7,46.7,44.099999999999994,18.6,130.6,90.9,17.0,6.0,6.0,2.0,0.0,0.0,2.0,2.0,0.0,1.0,4.0,6.0,5.0,3.0,6.0,4.0,5.0,4.0,6.0,13.0,10.0,6.0,26.0,20.0,0.0,0.0,0.0,0.0,0.0,0.0,0.0,0.0,0.0,0.0,0.0,0.0,0.0,0.0,0.0,0.0,0.0,0.0,0.0,0.0,0.0,0.0,0.0,0.0,113.0,74.0,403.4,272.7,95.0,59.0,0.0,0.0,,,,,,,,[],[],[]
Novotel Porte d’Italie,2025,1,32.0,151.60000000000002,21.0,0.0,3.0,0.0,1.0,0.0,12,1,12,12,0,26.0,6.0,0.0,85.6,66.0,0.0,22.0,4.0,0.0,0.0,0.0,0.0,0.0,0.0,0.0,0.0,9.0,12.0,0.0,0.0,5.0,0.0,0.0,0.0,0.0,0.0,0.0,23.9,35.7,0.0,0.0,26.0,0.0,0.0,0.0,0.0,0.0,0.0,7.0,11.0,0.0,0.0,4.0,0.0,0.0,0.0,0.0,0.0,0.0,0.0,0.0,0.0,0.0,0.0,0.0,0.0,1.0,0.0,1.0,0.0,1.0,0.0,0.0,0.0,0.0,0.0,0.0,0.0,0.34615384615384615,0.46153846153846156,0.0,0.0,0.19230769230769232,0.0,0.0,0.0,0.0,0.0,0.0,0.27920560747663553,0.4170560747663552,0.0,0.0,0.3037383177570094,0.0,0.0,0.0,0.0,0.0,0.0,0.3181818181818182,0.5,0.0,0.0,0.18181818181818182,0.0,0.0,0.0,0.0,0.0,0.0,0.0,0.0,0.0,0.0,0.0,0.0,0.0,0.0,3.0,0.0,1.0,0.0,0.0,0.0,0.0,0.0,0.0,0.0,0.0,1.0,0.0,2.0,1.0,1.0,6.0,6.0,5.0,2.0,0.0,3.0,1.0,0.0,7.5,0.0,3.0,0.0,0.0,0.0,0.0,0.0,0.0,0.0,0.0,2.9,0.0,6.0,5.5,3.0,31.6,24.299999999999997,38.0,6.0,0.0,20.5,3.3,0.0,1.0,0.0,1.0,0.0,0.0,0.0,0.0,0.0,0.0,0.0,0.0,1.0,0.0,2.0,1.0,1.0,6.0,6.0,3.0,1.0,0.0,2.0,1.0,0.0,0.0,0.0,0.0,0.0,0.0,0.0,0.0,0.0,0.0,0.0,0.0,0.0,0.0,0.0,0.0,0.0,0.0,0.0,0.0,0.0,0.0,0.0,0.0,28.0,4.0,138.6,13.0,24.0,2.0,0.0,0.0,,,,,,,,[],[],[]
Novotel Porte d’Italie,2025,2,60.0,250.99999999999997,40.0,0.0,3.0,0.0,1.0,0.0,12,1,12,12,0,54.0,6.0,0.0,185.0,66.0,0.0,40.0,4.0,0.0,0.0,0.0,0.0,0.0,0.0,0.0,0.0,24.0,15.0,0.0,0.0,15.0,0.0,0.0,0.0,0.0,0.0,0.0,78.3,41.7,0.0,0.0,65.0,0.0,0.0,0.0,0.0,0.0,0.0,17.0,12.0,0.0,0.0,11.0,0.0,0.0,0.0,0.0,0.0,0.0,0.0,0.0,0.0,0.0,0.0,0.0,0.0,1.0,0.0,1.0,0.0,1.0,0.0,0.0,0.0,0.0,0.0,0.0,0.0,0.4444444444444444,0.2777777777777778,0.0,0.0,0.2777777777777778,0.0,0.0,0.0,0.0,0.0,0.0,0.42324324324324325,0.22540540540540543,0.0,0.0,0.35135135135135137,0.0,0.0,0.0,0.0,0.0,0.0,0.425,0.3,0.0,0.0,0.275,0.0,0.0,0.0,0.0,0.0,0.0,0.0,0.0,0.0,0.0,0.0,0.0,0.0,4.0,3.0,0.0,0.0,0.0,0.0,0.0,0.0,1.0,1.0,0.0,1.0,2.0,1.0,1.0,1.0,6.0,2.0,2.0,4.0,10.0,3.0,7.0,11.0,22.5,9.0,0.0,0.0,0.0,0.0,0.0,0.0,3.3,5.5,0.0,2.9,7.5,2.6,3.0,3.3,14.399999999999999,4.9,5.6,44.1,31.2,13.0,24.2,54.0,3.0,2.0,0.0,0.0,0.0,0.0,0.0,0.0,1.0,1.0,0.0,1.0,2.0,1.0,1.0,1.0,2.0,2.0,2.0,3.0,6.0,3.0,6.0,7.0,0.0,0.0,0.0,0.0,0.0,0.0,0.0,0.0,0.0,0.0,0.0,0.0,0.0,0.0,0.0,0.0,0.0,0.0,0.0,0.0,0.0,0.0,0.0,0.0,32.0,28.0,103.9,147.1,24.0,20.0,0.0,0.0,,,,,,,,[],[],[]
Novotel Porte d’Italie,2025,3,125.0,494.5999999999999,92.0,0.0,3.0,0.0,1.0,0.0,12,1,12,12,0,124.0,1.0,0.0,487.1,7.5,0.0,101.0,1.0,0.0,0.0,0.0,0.0,0.0,0.0,0.0,0.0,34.0,51.0,0.0,0.0,39.0,0.0,0.0,0.0,0.0,0.0,0.0,130.0,191.6,0.0,0.0,165.5,0.0,0.0,0.0,0.0,0.0,0.0,25.0,44.0,0.0,0.0,32.0,0.0,0.0,0.0,0.0,0.0,0.0,0.0,0.0,0.0,0.0,0.0,0.0,0.0,1.0,0.0,1.0,0.0,1.0,0.0,0.0,0.0,0.0,0.0,0.0,0.0,0.27419354838709675,0.4112903225806452,0.0,0.0,0.31451612903225806,0.0,0.0,0.0,0.0,0.0,0.0,0.2668856497639088,0.3933483884212687,0.0,0.0,0.3397659618148224,0.0,0.0,0.0,0.0,0.0,0.0,0.24752475247524752,0.43564356435643564,0.0,0.0,0.31683168316831684,0.0,0.0,0.0,0.0,0.0,0.0,0.0,0.0,0.0,0.0,0.0,0.0,0.0,11.0,3.0,0.0,3.0,1.0,3.0,0.0,0.0,1.0,0.0,1.0,0.0,2.0,2.0,3.0,1.0,6.0,6.0,4.0,17.0,15.0,12.0,11.0,23.0,34.5,15.3,0.0,12.5,5.5,16.5,0.0,0.0,3.3,0.0,5.0,0.0,9.5,5.0,12.5,3.0,24.9,25.9,20.0,76.7,54.8,45.4,37.9,86.4,10.0,3.0,0.0,3.0,1.0,2.0,0.0,0.0,1.0,0.0,1.0,0.0,2.0,2.0,3.0,1.0,5.0,5.0,4.0,13.0,11.0,9.0,8.0,18.0,0.0,0.0,0.0,0.0,0.0,0.0,0.0,0.0,0.0,0.0,0.0,0.0,0.0,0.0,0.0,0.0,0.0,0.0,0.0,0.0,0.0,0.0,0.0,0.0,91.0,34.0,350.0,144.6,75.0,27.0,0.0,0.0,,,,,,,,[],[],[]
Novotel Porte d’Italie,2025,4,83.0,291.79999999999995,57.0,0.0,3.0,0.0,1.0,0.0,12,1,12,12,0,83.0,0.0,0.0,291.8,0.0,0.0,59.0,0.0,0.0,0.0,0.0,0.0,0.0,0.0,0.0,0.0,31.0,20.0,0.0,0.0,32.0,0.0,0.0,0.0,0.0,0.0,0.0,80.6,78.7,0.0,0.0,132.5,0.0,0.0,0.0,0.0,0.0,0.0,19.0,15.0,0.0,0.0,25.0,0.0,0.0,0.0,0.0,0.0,0.0,0.0,0.0,0.0,0.0,0.0,0.0,0.0,1.0,0.0,1.0,0.0,1.0,0.0,0.0,0.0,0.0,0.0,0.0,0.0,0.37349397590361444,0.24096385542168675,0.0,0.0,0.3855421686746988,0.0,0.0,0.0,0.0,0.0,0.0,0.27621658670322136,0.2697052775873886,0.0,0.0,0.45407813570939,0.0,0.0,0.0,0.0,0.0,0.0,0.3220338983050847,0.2542372881355932,0.0,0.0,0.423728813559322,0.0,0.0,0.0,0.0,0.0,0.0,0.0,0.0,0.0,0.0,0.0,0.0,0.0,6.0,7.0,2.0,2.0,0.0,0.0,0.0,6.0,0.0,0.0,1.0,1.0,2.0,1.0,0.0,1.0,2.0,12.0,4.0,4.0,8.0,3.0,11.0,10.0,19.0,27.5,4.8,10.5,0.0,0.0,0.0,23.3,0.0,0.0,3.0,5.0,7.4,3.0,0.0,3.0,7.5,34.9,13.0,12.2,27.9,13.5,35.9,40.4,5.0,5.0,1.0,2.0,0.0,0.0,0.0,4.0,0.0,0.0,1.0,1.0,2.0,1.0,0.0,1.0,2.0,7.0,3.0,3.0,6.0,3.0,5.0,7.0,0.0,0.0,0.0,0.0,0.0,0.0,0.0,0.0,0.0,0.0,0.0,0.0,0.0,0.0,0.0,0.0,0.0,0.0,0.0,0.0,0.0,0.0,0.0,0.0,61.0,22.0,211.60000000000002,80.2,44.0,15.0,0.0,0.0,,,,,,,,[],[],[]
Novotel Porte d’Italie,2025,5,218.0,884.0999999999999,148.0,0.0,3.0,0.0,1.0,0.0,12,1,12,12,0,212.0,6.0,0.0,819.6,64.5,0.0,160.0,5.0,0.0,0.0,0.0,0.0,0.0,0.0,0.0,0.0,23.0,83.0,0.0,0.0,106.0,0.0,0.0,0.0,0.0,0.0,0.0,73.0,290.6,0.0,0.0,456.0,0.0,0.0,0.0,0.0,0.0,0.0,16.0,67.0,0.0,0.0,77.0,0.0,0.0,0.0,0.0,0.0,0.0,0.0,0.0,0.0,0.0,0.0,0.0,0.0,1.0,0.0,1.0,0.0,1.0,0.0,0.0,0.0,0.0,0.0,0.0,0.0,0.10849056603773585,0.3915094339622642,0.0,0.0,0.5,0.0,0.0,0.0,0.0,0.0,0.0,0.08906783796974134,0.35456320156173743,0.0,0.0,0.5563689604685212,0.0,0.0,0.0,0.0,0.0,0.0,0.1,0.41875,0.0,0.0,0.48125,0.0,0.0,0.0,0.0,0.0,0.0,0.0,0.0,0.0,0.0,0.0,0.0,0.0,33.0,8.0,7.0,0.0,0.0,1.0,0.0,4.0,5.0,2.0,3.0,1.0,7.0,3.0,7.0,8.0,5.0,8.0,11.0,9.0,16.0,17.0,26.0,37.0,144.2,35.9,26.7,0.0,0.0,2.4,0.0,18.0,17.2,8.3,9.1,2.9,26.7,28.5,25.1,26.8,15.9,35.0,51.1,31.9,58.3,72.7,87.6,159.8,24.0,7.0,6.0,0.0,0.0,1.0,0.0,2.0,4.0,2.0,3.0,1.0,4.0,2.0,5.0,6.0,5.0,6.0,10.0,5.0,12.0,12.0,19.0,29.0,0.0,0.0,0.0,0.0,0.0,0.0,0.0,0.0,0.0,0.0,0.0,0.0,0.0,0.0,0.0,0.0,0.0,0.0,0.0,0.0,0.0,0.0,0.0,0.0,145.0,73.0,585.2,298.9,112.0,53.0,0.0,0.0,,,,,,,,[],[],[]
Novotel Porte d’Italie,2025,6,115.0,559.2,96.0,0.0,3.0,0.0,1.0,0.0,12,1,12,12,0,113.0,2.0,0.0,547.2,12.0,0.0,100.0,1.0,0.0,0.0,0.0,0.0,0.0,0.0,0.0,0.0,13.0,32.0,0.0,0.0,68.0,0.0,0.0,0.0,0.0,0.0,0.0,114.2,132.5,0.0,0.0,300.5,0.0,0.0,0.0,0.0,0.0,0.0,13.0,27.0,0.0,0.0,60.0,0.0,0.0,0.0,0.0,0.0,0.0,0.0,0.0,0.0,0.0,0.0,0.0,0.0,1.0,0.0,1.0,0.0,1.0,0.0,0.0,0.0,0.0,0.0,0.0,0.0,0.11504424778761062,0.2831858407079646,0.0,0.0,0.6017699115044248,0.0,0.0,0.0,0.0,0.0,0.0,0.20869883040935672,0.24214181286549705,0.0,0.0,0.5491593567251462,0.0,0.0,0.0,0.0,0.0,0.0,0.13,0.27,0.0,0.0,0.6,0.0,0.0,0.0,0.0,0.0,0.0,0.0,0.0,0.0,0.0,0.0,0.0,0.0,13.0,8.0,0.0,3.0,1.0,0.0,0.0,1.0,0.0,1.0,0.0,0.0,4.0,0.0,0.0,3.0,10.0,9.0,6.0,2.0,5.0,14.0,21.0,14.0,69.0,30.0,0.0,13.0,3.1,0.0,0.0,5.0,0.0,5.0,0.0,0.0,14.0,0.0,0.0,16.0,36.9,33.1,42.0,10.5,37.0,54.0,104.1,86.5,12.0,7.0,0.0,3.0,1.0,0.0,0.0,1.0,0.0,1.0,0.0,0.0,4.0,0.0,0.0,2.0,8.0,8.0,5.0,2.0,5.0,11.0,19.0,12.0,0.0,0.0,0.0,0.0,0.0,0.0,0.0,0.0,0.0,0.0,0.0,0.0,0.0,0.0,0.0,0.0,0.0,0.0,0.0,0.0,0.0,0.0,0.0,0.0,80.0,35.0,382.3,176.9,69.0,32.0,0.0,0.0,,,,,,,,[],[],[]
Novotel Porte d’Italie,2025,7,179.0,760.0,123.0,0.0,3.0,0.0,1.0,0.0,12,1,12,12,0,179.0,0.0,0.0,760.0,0.0,0.0,139.0,0.0,0.0,0.0,0.0,0.0,0.0,0.0,0.0,0.0,31.0,55.0,0.0,0.0,93.0,0.0,0.0,0.0,0.0,0.0,0.0,146.1,182.4,0.0,0.0,431.5,0.0,0.0,0.0,0.0,0.0,0.0,23.0,46.0,0.0,0.0,70.0,0.0,0.0,0.0,0.0,0.0,0.0,0.0,0.0,0.0,0.0,0.0,0.0,0.0,1.0,0.0,1.0,0.0,1.0,0.0,0.0,0.0,0.0,0.0,0.0,0.0,0.17318435754189945,0.30726256983240224,0.0,0.0,0.5195530726256983,0.0,0.0,0.0,0.0,0.0,0.0,0.19223684210526315,0.24000000000000002,0.0,0.0,0.5677631578947369,0.0,0.0,0.0,0.0,0.0,0.0,0.16546762589928057,0.33093525179856115,0.0,0.0,0.5035971223021583,0.0,0.0,0.0,0.0,0.0,0.0,0.0,0.0,0.0,0.0,0.0,0.0,0.0,24.0,30.0,0.0,1.0,2.0,2.0,0.0,0.0,2.0,5.0,4.0,11.0,1.0,1.0,5.0,9.0,5.0,0.0,9.0,6.0,8.0,8.0,23.0,23.0,121.0,123.7,0.0,4.5,5.699999999999999,10.0,0.0,0.0,9.5,17.3,14.6,44.4,3.0,2.8,21.6,62.8,15.6,0.0,33.9,20.2,30.4,33.1,86.3,99.6,16.0,25.0,0.0,1.0,2.0,1.0,0.0,0.0,2.0,4.0,4.0,8.0,1.0,1.0,2.0,7.0,3.0,0.0,6.0,6.0,7.0,7.0,18.0,18.0,0.0,0.0,0.0,0.0,0.0,0.0,0.0,0.0,0.0,0.0,0.0,0.0,0.0,0.0,0.0,0.0,0.0,0.0,0.0,0.0,0.0,0.0,0.0,0.0,114.0,65.0,463.4,296.6,89.0,50.0,0.0,0.0,,,,,,,,[],[],[]
Novotel Porte d’Italie,2025,8,121.0,508.70000000000005,85.0,0.0,3.0,0.0,1.0,0.0,12,1,12,12,0,121.0,0.0,0.0,508.7,0.0,0.0,91.0,0.0,0.0,0.0,0.0,0.0,0.0,0.0,0.0,0.0,22.0,32.0,0.0,0.0,67.0,0.0,0.0,0.0,0.0,0.0,0.0,103.6,93.1,0.0,0.0,312.0,0.0,0.0,0.0,0.0,0.0,0.0,18.0,24.0,0.0,0.0,49.0,0.0,0.0,0.0,0.0,0.0,0.0,0.0,0.0,0.0,0.0,0.0,0.0,0.0,1.0,0.0,1.0,0.0,1.0,0.0,0.0,0.0,0.0,0.0,0.0,0.0,0.18181818181818182,0.2644628099173554,0.0,0.0,0.5537190082644629,0.0,0.0,0.0,0.0,0.0,0.0,0.20365637900530764,0.18301552978179672,0.0,0.0,0.6133280912128957,0.0,0.0,0.0,0.0,0.0,0.0,0.1978021978021978,0.26373626373626374,0.0,0.0,0.5384615384615384,0.0,0.0,0.0,0.0,0.0,0.0,0.0,0.0,0.0,0.0,0.0,0.0,0.0,16.0,7.0,2.0,9.0,0.0,0.0,0.0,0.0,0.0,4.0,1.0,2.0,4.0,0.0,3.0,2.0,6.0,3.0,5.0,1.0,3.0,12.0,19.0,22.0,71.4,29.9,9.0,31.1,0.0,0.0,0.0,0.0,0.0,18.5,5.5,6.1,17.9,0.0,8.799999999999999,9.5,21.2,13.5,13.9,5.0,13.0,36.2,75.3,122.9,12.0,6.0,1.0,6.0,0.0,0.0,0.0,0.0,0.0,3.0,1.0,2.0,3.0,0.0,2.0,2.0,4.0,2.0,5.0,1.0,2.0,9.0,13.0,17.0,0.0,0.0,0.0,0.0,0.0,0.0,0.0,0.0,0.0,0.0,0.0,0.0,0.0,0.0,0.0,0.0,0.0,0.0,0.0,0.0,0.0,0.0,0.0,0.0,74.0,47.0,281.2,227.5,57.0,34.0,0.0,0.0,,,,,,,,[],[],[]
Novotel Porte d’Italie,2025,9,80.0,283.5,58.0,0.0,3.0,0.0,1.0,0.0,12,1,12,12,0,80.0,0.0,0.0,283.5,0.0,0.0,62.0,0.0,0.0,0.0,0.0,0.0,0.0,0.0,0.0,0.0,24.0,35.0,0.0,0.0,21.0,0.0,0.0,0.0,0.0,0.0,0.0,59.1,118.89999999999999,0.0,0.0,105.5,0.0,0.0,0.0,0.0,0.0,0.0,18.0,26.0,0.0,0.0,18.0,0.0,0.0,0.0,0.0,0.0,0.0,0.0,0.0,0.0,0.0,0.0,0.0,0.0,1.0,0.0,1.0,0.0,1.0,0.0,0.0,0.0,0.0,0.0,0.0,0.0,0.3,0.4375,0.0,0.0,0.2625,0.0,0.0,0.0,0.0,0.0,0.0,0.20846560846560847,0.41940035273368603,0.0,0.0,0.37213403880070545,0.0,0.0,0.0,0.0,0.0,0.0,0.2903225806451613,0.41935483870967744,0.0,0.0,0.2903225806451613,0.0,0.0,0.0,0.0,0.0,0.0,0.0,0.0,0.0,0.0,0.0,0.0,0.0,5.0,2.0,3.0,2.0,1.0,0.0,0.0,2.0,0.0,0.0,1.0,3.0,1.0,1.0,2.0,3.0,0.0,1.0,1.0,8.0,6.0,7.0,15.0,16.0,13.2,7.5,7.199999999999999,10.0,5.0,0.0,0.0,14.0,0.0,0.0,5.0,10.2,2.5,2.8,5.1,12.8,0.0,3.5,2.8,22.4,18.1,28.6,52.0,60.8,4.0,2.0,1.0,1.0,1.0,0.0,0.0,1.0,0.0,0.0,1.0,3.0,1.0,1.0,1.0,2.0,0.0,1.0,1.0,6.0,6.0,6.0,11.0,12.0,0.0,0.0,0.0,0.0,0.0,0.0,0.0,0.0,0.0,0.0,0.0,0.0,0.0,0.0,0.0,0.0,0.0,0.0,0.0,0.0,0.0,0.0,0.0,0.0,60.0,20.0,202.8,80.7,45.0,17.0,0.0,0.0,,,,,,,,[],[],[]
Novotel Porte d’Italie,2025,10,14.0,57.29999999999999,11.0,0.0,2.0,0.0,1.0,0.0,12,1,12,12,0,14.0,0.0,0.0,57.3,0.0,0.0,12.0,0.0,0.0,0.0,0.0,0.0,0.0,0.0,0.0,0.0,5.0,9.0,0.0,0.0,0.0,0.0,0.0,0.0,0.0,0.0,0.0,26.0,31.299999999999997,0.0,0.0,0.0,0.0,0.0,0.0,0.0,0.0,0.0,4.0,8.0,0.0,0.0,0.0,0.0,0.0,0.0,0.0,0.0,0.0,0.0,0.0,0.0,0.0,0.0,0.0,0.0,1.0,0.0,1.0,0.0,1.0,0.0,0.0,0.0,0.0,0.0,0.0,0.0,0.35714285714285715,0.6428571428571429,0.0,0.0,0.0,0.0,0.0,0.0,0.0,0.0,0.0,0.4537521815008726,0.5462478184991274,0.0,0.0,0.0,0.0,0.0,0.0,0.0,0.0,0.0,0.3333333333333333,0.6666666666666666,0.0,0.0,0.0,0.0,0.0,0.0,0.0,0.0,0.0,0.0,0.0,0.0,0.0,0.0,0.0,0.0,2.0,0.0,0.0,0.0,0.0,0.0,0.0,0.0,1.0,1.0,0.0,0.0,0.0,0.0,0.0,1.0,0.0,0.0,0.0,1.0,4.0,0.0,3.0,1.0,19.5,0.0,0.0,0.0,0.0,0.0,0.0,0.0,3.5,2.3,0.0,0.0,0.0,0.0,0.0,7.0,0.0,0.0,0.0,2.3,11.0,0.0,8.399999999999999,3.3,2.0,0.0,0.0,0.0,0.0,0.0,0.0,0.0,1.0,1.0,0.0,0.0,0.0,0.0,0.0,1.0,0.0,0.0,0.0,1.0,3.0,0.0,2.0,1.0,0.0,0.0,0.0,0.0,0.0,0.0,0.0,0.0,0.0,0.0,0.0,0.0,0.0,0.0,0.0,0.0,0.0,0.0,0.0,0.0,0.0,0.0,0.0,0.0,12.0,2.0,37.8,19.5,10.0,2.0,0.0,0.0,,,,,,,,[],[],[]
Novotel Porte d’Italie,2025,11,94.0,291.15000000000003,66.0,0.0,3.0,0.0,1.0,0.0,12,1,12,12,0,94.0,0.0,0.0,291.15,0.0,0.0,77.0,0.0,0.0,0.0,0.0,0.0,0.0,0.0,0.0,0.0,24.0,41.0,0.0,0.0,29.0,0.0,0.0,0.0,0.0,0.0,0.0,52.15,108.0,0.0,0.0,131.0,0.0,0.0,0.0,0.0,0.0,0.0,20.0,33.0,0.0,0.0,24.0,0.0,0.0,0.0,0.0,0.0,0.0,0.0,0.0,0.0,0.0,0.0,0.0,0.0,1.0,0.0,1.0,0.0,1.0,0.0,0.0,0.0,0.0,0.0,0.0,0.0,0.2553191489361702,0.43617021276595747,0.0,0.0,0.30851063829787234,0.0,0.0,0.0,0.0,0.0,0.0,0.17911729349132752,0.37094281298299847,0.0,0.0,0.4499398935256741,0.0,0.0,0.0,0.0,0.0,0.0,0.2597402597402597,0.42857142857142855,0.0,0.0,0.3116883116883117,0.0,0.0,0.0,0.0,0.0,0.0,0.0,0.0,0.0,0.0,0.0,0.0,0.0,10.0,8.0,0.0,0.0,3.0,0.0,0.0,1.0,3.0,0.0,2.0,1.0,5.0,3.0,2.0,2.0,4.0,3.0,2.0,7.0,7.0,14.0,8.0,9.0,22.7,24.1,0.0,0.0,7.5,0.0,0.0,5.0,12.5,0.0,5.3,3.0,11.5,6.05,6.0,3.0,12.8,8.8,6.5,21.5,22.0,45.3,29.1,38.5,10.0,4.0,0.0,0.0,2.0,0.0,0.0,1.0,3.0,0.0,2.0,1.0,4.0,2.0,2.0,2.0,2.0,3.0,2.0,5.0,6.0,12.0,7.0,7.0,0.0,0.0,0.0,0.0,0.0,0.0,0.0,0.0,0.0,0.0,0.0,0.0,0.0,0.0,0.0,0.0,0.0,0.0,0.0,0.0,0.0,0.0,0.0,0.0,57.0,37.0,169.25,121.9,50.0,27.0,0.0,0.0,,,,,,,,[],[],[]
Novotel Porte d’Italie,2025,12,108.0,423.79999999999995,73.0,0.0,3.0,0.0,1.0,0.0,12,1,12,12,0,108.0,0.0,0.0,423.8,0.0,0.0,83.0,0.0,0.0,0.0,0.0,0.0,0.0,0.0,0.0,0.0,19.0,36.0,0.0,0.0,53.0,0.0,0.0,0.0,0.0,0.0,0.0,52.5,106.3,0.0,0.0,265.0,0.0,0.0,0.0,0.0,0.0,0.0,18.0,26.0,0.0,0.0,39.0,0.0,0.0,0.0,0.0,0.0,0.0,0.0,0.0,0.0,0.0,0.0,0.0,0.0,1.0,0.0,1.0,0.0,1.0,0.0,0.0,0.0,0.0,0.0,0.0,0.0,0.17592592592592593,0.3333333333333333,0.0,0.0,0.49074074074074076,0.0,0.0,0.0,0.0,0.0,0.0,0.12387918829636621,0.2508258612553091,0.0,0.0,0.6252949504483246,0.0,0.0,0.0,0.0,0.0,0.0,0.21686746987951808,0.3132530120481928,0.0,0.0,0.46987951807228917,0.0,0.0,0.0,0.0,0.0,0.0,0.0,0.0,0.0,0.0,0.0,0.0,0.0,11.0,1.0,0.0,0.0,0.0,0.0,0.0,9.0,2.0,1.0,2.0,0.0,3.0,3.0,1.0,2.0,3.0,3.0,7.0,3.0,10.0,13.0,11.0,23.0,40.5,5.0,0.0,0.0,0.0,0.0,0.0,43.5,8.0,5.0,5.5,0.0,13.3,10.5,3.0,10.0,10.6,10.5,27.0,13.0,40.8,50.5,42.8,84.3,9.0,1.0,0.0,0.0,0.0,0.0,0.0,5.0,2.0,1.0,1.0,0.0,2.0,3.0,1.0,2.0,2.0,3.0,7.0,2.0,8.0,10.0,7.0,17.0,0.0,0.0,0.0,0.0,0.0,0.0,0.0,0.0,0.0,0.0,0.0,0.0,0.0,0.0,0.0,0.0,0.0,0.0,0.0,0.0,0.0,0.0,0.0,0.0,66.0,42.0,259.7,164.1,51.0,32.0,0.0,0.0,,,,,,,,[],[],[]
