nom_hotel,annee,mois,nombre_ventes,montant_ventes,nombre_paniers,nombre_produits,nombre_categories_mois_f_b,nombre_categories_mois_n_f_b,pct_categories_mois_f_b,pct_categories_mois_n_f_b,nombre_mois,premier_mois,dernier_mois,mois_actifs,mois_manquants,cat_f_b_nombre_ventes,cat_nan_nombre_ventes,cat_n_f_b_nombre_ventes,cat_f_b_montant_ventes,cat_nan_montant_ventes,cat_n_f_b_montant_ventes,cat_f_b_nombre_paniers,cat_nan_nombre_paniers,cat_n_f_b_nombre_paniers,cat_f_b_nombre_produits,cat_nan_nombre_produits,cat_n_f_b_nombre_produits,sous_cat_ref_nombre_ventes,sous_cat_accessoires_nombre_ventes,sous_cat_alcool_nombre_ventes,sous_cat_cosmetique_nombre_ventes,sous_cat_food_salee_nombre_ventes,sous_cat_food_sucree_nombre_ventes,sous_cat_jeux_enfants_nombre_ventes,sous_cat_pap_nombre_ventes,sous_cat_sans_alcool_nombre_ventes,sous_cat_sos_nombre_ventes,sous_cat_souvenirs_nombre_ventes,sous_cat_nan_nombre_ventes,sous_cat_ref_montant_ventes,sous_cat_accessoires_montant_ventes,sous_cat_alcool_montant_ventes,sous_cat_cosmetique_montant_ventes,sous_cat_food_salee_montant_ventes,sous_cat_food_sucree_montant_ventes,sous_cat_jeux_enfants_montant_ventes,sous_cat_pap_montant_ventes,sous_cat_sans_alcool_montant_ventes,sous_cat_sos_montant_ventes,sous_cat_souvenirs_montant_ventes,sous_cat_nan_montant_ventes,sous_cat_ref_nombre_paniers,sous_cat_accessoires_nombre_paniers,sous_cat_alcool_nombre_paniers,sous_cat_cosmetique_nombre_paniers,sous_cat_food_salee_nombre_paniers,sous_cat_food_sucree_nombre_paniers,sous_cat_jeux_enfants_nombre_paniers,sous_cat_pap_nombre_paniers,sous_cat_sans_alcool_nombre_paniers,sous_cat_sos_nombre_paniers,sous_cat_souvenirs_nombre_paniers,sous_cat_nan_nombre_paniers,sous_cat_ref_nombre_produits,sous_cat_accessoires_nombre_produits,sous_cat_alcool_nombre_produits,sous_cat_cosmetique_nombre_produits,sous_cat_food_salee_nombre_produits,sous_cat_food_sucree_nombre_produits,sous_cat_jeux_enfants_nombre_produits,sous_cat_pap_nombre_produits,sous_cat_sans_alcool_nombre_produits,sous_cat_sos_nombre_produits,sous_cat_souvenirs_nombre_produits,sous_cat_nan_nombre_produits,heure_0_nombre_ventes,heure_1_nombre_ventes,heure_2_nombre_ventes,heure_3_nombre_ventes,heure_4_nombre_ventes,heure_5_nombre_ventes,heure_6_nombre_ventes,heure_7_nombre_ventes,heure_8_nombre_ventes,heure_9_nombre_ventes,heure_10_nombre_ventes,heure_11_nombre_ventes,heure_12_nombre_ventes,heure_13_nombre_ventes,heure_14_nombre_ventes,heure_15_nombre_ventes,heure_16_nombre_ventes,heure_17_nombre_ventes,heure_18_nombre_ventes,heure_19_nombre_ventes,heure_20_nombre_ventes,heure_21_nombre_ventes,heure_22_nombre_ventes,heure_23_nombre_ventes,heure_0_montant_ventes,heure_1_montant_ventes,heure_2_montant_ventes,heure_3_montant_ventes,heure_4_montant_ventes,heure_5_montant_ventes,heure_6_montant_ventes,heure_7_montant_ventes,heure_8_montant_ventes,heure_9_montant_ventes,heure_10_montant_ventes,heure_11_montant_ventes,heure_12_montant_ventes,heure_13_montant_ventes,heure_14_montant_ventes,heure_15_montant_ventes,heure_16_montant_ventes,heure_17_montant_ventes,heure_18_montant_ventes,heure_19_montant_ventes,heure_20_montant_ventes,heure_21_montant_ventes,heure_22_montant_ventes,heure_23_montant_ventes,heure_0_nombre_paniers,heure_1_nombre_paniers,heure_2_nombre_paniers,heure_3_nombre_paniers,heure_4_nombre_paniers,heure_5_nombre_paniers,heure_6_nombre_paniers,heure_7_nombre_paniers,heure_8_nombre_paniers,heure_9_nombre_paniers,heure_10_nombre_paniers,heure_11_nombre_paniers,heure_12_nombre_paniers,heure_13_nombre_paniers,heure_14_nombre_paniers,heure_15_nombre_paniers,heure_16_nombre_paniers,heure_17_nombre_paniers,heure_18_nombre_paniers,heure_19_nombre_paniers,heure_20_nombre_paniers,heure_21_nombre_paniers,heure_22_nombre_paniers,heure_23_nombre_paniers,heure_0_nombre_produits,heure_1_nombre_produits,heure_2_nombre_produits,heure_3_nombre_produits,heure_4_nombre_produits,heure_5_nombre_produits,heure_6_nombre_produits,heure_7_nombre_produits,heure_8_nombre_produits,heure_9_nombre_produits,heure_10_nombre_produits,heure_11_nombre_produits,heure_12_nombre_produits,heure_13_nombre_produits,heure_14_nombre_produits,heure_15_nombre_produits,heure_16_nombre_produits,heure_17_nombre_produits,heure_18_nombre_produits,heure_19_nombre_produits,heure_20_nombre_produits,heure_21_nombre_produits,heure_22_nombre_produits,heure_23_nombre_produits,weekend_0_nombre_ventes,weekend_1_nombre_ventes,weekend_0_montant_ventes,weekend_1_montant_ventes,weekend_0_nombre_paniers,weekend_1_nombre_paniers,weekend_0_nombre_produits,weekend_1_nombre_produits,holiday_0_nombre_ventes,holiday_1_nombre_ventes,holiday_0_montant_ventes,holiday_1_montant_ventes,holiday_0_nombre_paniers,holiday_1_nombre_paniers,holiday_0_nombre_produits,holiday_1_nombre_produits
Ibis budget Nice,2023,1,23.5,253.0,20.0,11.5,0.0,2.75,0.0,1.0,4,8,11,4,8,0.0,0.0,23.5,0.0,0.0,253.0,0.0,0.0,20.25,0.0,0.0,11.5,0.0,16.25,0.0,1.0,0.0,0.0,0.0,5.75,0.0,0.5,0.0,0.0,0.0,182.5,0.0,10.0,0.0,0.0,0.0,56.5,0.0,4.0,0.0,0.0,0.0,13.0,0.0,1.0,0.0,0.0,0.0,5.75,0.0,0.5,0.0,0.0,0.0,7.0,0.0,0.5,0.0,0.0,0.0,3.5,0.0,0.5,0.0,0.0,0.0,0.0,0.0,0.0,0.0,0.0,0.0,0.0,0.0,0.5,1.5,2.5,3.5,2.25,1.75,1.75,2.0,2.5,3.5,1.0,0.5,0.25,0.0,0.0,0.0,0.0,0.0,0.0,0.0,0.0,0.0,0.0,0.0,6.5,22.5,24.75,35.0,23.0,16.0,20.75,29.25,26.0,30.0,9.75,6.25,3.25,0.0,0.0,0.0,0.0,0.0,0.0,0.0,0.0,0.0,0.0,0.0,0.25,1.25,2.25,3.5,2.0,1.5,1.75,1.25,2.25,2.5,1.0,0.5,0.25,0.0,0.0,0.0,0.0,0.0,0.0,0.0,0.0,0.0,0.0,0.0,0.25,1.5,2.25,3.25,2.25,1.75,1.5,1.25,2.25,2.75,1.0,0.5,0.25,0.0,0.0,15.0,8.5,160.75,92.25,12.25,8.0,9.25,6.25,23.25,0.25,249.75,3.25,20.0,0.25,11.5,0.25
Ibis budget Nice,2023,2,23.5,253.0,20.0,11.5,0.0,2.75,0.0,1.0,4,8,11,4,8,0.0,0.0,23.5,0.0,0.0,253.0,0.0,0.0,20.25,0.0,0.0,11.5,0.0,16.25,0.0,1.0,0.0,0.0,0.0,5.75,0.0,0.5,0.0,0.0,0.0,182.5,0.0,10.0,0.0,0.0,0.0,56.5,0.0,4.0,0.0,0.0,0.0,13.0,0.0,1.0,0.0,0.0,0.0,5.75,0.0,0.5,0.0,0.0,0.0,7.0,0.0,0.5,0.0,0.0,0.0,3.5,0.0,0.5,0.0,0.0,0.0,0.0,0.0,0.0,0.0,0.0,0.0,0.0,0.0,0.5,1.5,2.5,3.5,2.25,1.75,1.75,2.0,2.5,3.5,1.0,0.5,0.25,0.0,0.0,0.0,0.0,0.0,0.0,0.0,0.0,0.0,0.0,0.0,6.5,22.5,24.75,35.0,23.0,16.0,20.75,29.25,26.0,30.0,9.75,6.25,3.25,0.0,0.0,0.0,0.0,0.0,0.0,0.0,0.0,0.0,0.0,0.0,0.25,1.25,2.25,3.5,2.0,1.5,1.75,1.25,2.25,2.5,1.0,0.5,0.25,0.0,0.0,0.0,0.0,0.0,0.0,0.0,0.0,0.0,0.0,0.0,0.25,1.5,2.25,3.25,2.25,1.75,1.5,1.25,2.25,2.75,1.0,0.5,0.25,0.0,0.0,15.0,8.5,160.75,92.25,12.25,8.0,9.25,6.25,23.25,0.25,249.75,3.25,20.0,0.25,11.5,0.25
Ibis budget Nice,2023,3,23.5,253.0,20.0,11.5,0.0,2.75,0.0,1.0,4,8,11,4,8,0.0,0.0,23.5,0.0,0.0,253.0,0.0,0.0,20.25,0.0,0.0,11.5,0.0,16.25,0.0,1.0,0.0,0.0,0.0,5.75,0.0,0.5,0.0,0.0,0.0,182.5,0.0,10.0,0.0,0.0,0.0,56.5,0.0,4.0,0.0,0.0,0.0,13.0,0.0,1.0,0.0,0.0,0.0,5.75,0.0,0.5,0.0,0.0,0.0,7.0,0.0,0.5,0.0,0.0,0.0,3.5,0.0,0.5,0.0,0.0,0.0,0.0,0.0,0.0,0.0,0.0,0.0,0.0,0.0,0.5,1.5,2.5,3.5,2.25,1.75,1.75,2.0,2.5,3.5,1.0,0.5,0.25,0.0,0.0,0.0,0.0,0.0,0.0,0.0,0.0,0.0,0.0,0.0,6.5,22.5,24.75,35.0,23.0,16.0,20.75,29.25,26.0,30.0,9.75,6.25,3.25,0.0,0.0,0.0,0.0,0.0,0.0,0.0,0.0,0.0,0.0,0.0,0.25,1.25,2.25,3.5,2.0,1.5,1.75,1.25,2.25,2.5,1.0,0.5,0.25,0.0,0.0,0.0,0.0,0.0,0.0,0.0,0.0,0.0,0.0,0.0,0.25,1.5,2.25,3.25,2.25,1.75,1.5,1.25,2.25,2.75,1.0,0.5,0.25,0.0,0.0,15.0,8.5,160.75,92.25,12.25,8.0,9.25,6.25,23.25,0.25,249.75,3.25,20.0,0.25,11.5,0.25
Ibis budget Nice,2023,4,23.5,253.0,20.0,11.5,0.0,2.75,0.0,1.0,4,8,11,4,8,0.0,0.0,23.5,0.0,0.0,253.0,0.0,0.0,20.25,0.0,0.0,11.5,0.0,16.25,0.0,1.0,0.0,0.0,0.0,5.75,0.0,0.5,0.0,0.0,0.0,182.5,0.0,10.0,0.0,0.0,0.0,56.5,0.0,4.0,0.0,0.0,0.0,13.0,0.0,1.0,0.0,0.0,0.0,5.75,0.0,0.5,0.0,0.0,0.0,7.0,0.0,0.5,0.0,0.0,0.0,3.5,0.0,0.5,0.0,0.0,0.0,0.0,0.0,0.0,0.0,0.0,0.0,0.0,0.0,0.5,1.5,2.5,3.5,2.25,1.75,1.75,2.0,2.5,3.5,1.0,0.5,0.25,0.0,0.0,0.0,0.0,0.0,0.0,0.0,0.0,0.0,0.0,0.0,6.5,22.5,24.75,35.0,23.0,16.0,20.75,29.25,26.0,30.0,9.75,6.25,3.25,0.0,0.0,0.0,0.0,0.0,0.0,0.0,0.0,0.0,0.0,0.0,0.25,1.25,2.25,3.5,2.0,1.5,1.75,1.25,2.25,2.5,1.0,0.5,0.25,0.0,0.0,0.0,0.0,0.0,0.0,0.0,0.0,0.0,0.0,0.0,0.25,1.5,2.25,3.25,2.25,1.75,1.5,1.25,2.25,2.75,1.0,0.5,0.25,0.0,0.0,15.0,8.5,160.75,92.25,12.25,8.0,9.25,6.25,23.25,0.25,249.75,3.25,20.0,0.25,11.5,0.25
Ibis budget Nice,2023,5,23.5,253.0,20.0,11.5,0.0,2.75,0.0,1.0,4,8,11,4,8,0.0,0.0,23.5,0.0,0.0,253.0,0.0,0.0,20.25,0.0,0.0,11.5,0.0,16.25,0.0,1.0,0.0,0.0,0.0,5.75,0.0,0.5,0.0,0.0,0.0,182.5,0.0,10.0,0.0,0.0,0.0,56.5,0.0,4.0,0.0,0.0,0.0,13.0,0.0,1.0,0.0,0.0,0.0,5.75,0.0,0.5,0.0,0.0,0.0,7.0,0.0,0.5,0.0,0.0,0.0,3.5,0.0,0.5,0.0,0.0,0.0,0.0,0.0,0.0,0.0,0.0,0.0,0.0,0.0,0.5,1.5,2.5,3.5,2.25,1.75,1.75,2.0,2.5,3.5,1.0,0.5,0.25,0.0,0.0,0.0,0.0,0.0,0.0,0.0,0.0,0.0,0.0,0.0,6.5,22.5,24.75,35.0,23.0,16.0,20.75,29.25,26.0,30.0,9.75,6.25,3.25,0.0,0.0,0.0,0.0,0.0,0.0,0.0,0.0,0.0,0.0,0.0,0.25,1.25,2.25,3.5,2.0,1.5,1.75,1.25,2.25,2.5,1.0,0.5,0.25,0.0,0.0,0.0,0.0,0.0,0.0,0.0,0.0,0.0,0.0,0.0,0.25,1.5,2.25,3.25,2.25,1.75,1.5,1.25,2.25,2.75,1.0,0.5,0.25,0.0,0.0,15.0,8.5,160.75,92.25,12.25,8.0,9.25,6.25,23.25,0.25,249.75,3.25,20.0,0.25,11.5,0.25
Ibis budget Nice,2023,6,23.5,253.0,20.0,11.5,0.0,2.75,0.0,1.0,4,8,11,4,8,0.0,0.0,23.5,0.0,0.0,253.0,0.0,0.0,20.25,0.0,0.0,11.5,0.0,16.25,0.0,1.0,0.0,0.0,0.0,5.75,0.0,0.5,0.0,0.0,0.0,182.5,0.0,10.0,0.0,0.0,0.0,56.5,0.0,4.0,0.0,0.0,0.0,13.0,0.0,1.0,0.0,0.0,0.0,5.75,0.0,0.5,0.0,0.0,0.0,7.0,0.0,0.5,0.0,0.0,0.0,3.5,0.0,0.5,0.0,0.0,0.0,0.0,0.0,0.0,0.0,0.0,0.0,0.0,0.0,0.5,1.5,2.5,3.5,2.25,1.75,1.75,2.0,2.5,3.5,1.0,0.5,0.25,0.0,0.0,0.0,0.0,0.0,0.0,0.0,0.0,0.0,0.0,0.0,6.5,22.5,24.75,35.0,23.0,16.0,20.75,29.25,26.0,30.0,9.75,6.25,3.25,0.0,0.0,0.0,0.0,0.0,0.0,0.0,0.0,0.0,0.0,0.0,0.25,1.25,2.25,3.5,2.0,1.5,1.75,1.25,2.25,2.5,1.0,0.5,0.25,0.0,0.0,0.0,0.0,0.0,0.0,0.0,0.0,0.0,0.0,0.0,0.25,1.5,2.25,3.25,2.25,1.75,1.5,1.25,2.25,2.75,1.0,0.5,0.25,0.0,0.0,15.0,8.5,160.75,92.25,12.25,8.0,9.25,6.25,23.25,0.25,249.75,3.25,20.0,0.25,11.5,0.25
Ibis budget Nice,2023,7,23.5,253.0,20.0,11.5,0.0,2.75,0.0,1.0,4,8,11,4,8,0.0,0.0,23.5,0.0,0.0,253.0,0.0,0.0,20.25,0.0,0.0,11.5,0.0,16.25,0.0,1.0,0.0,0.0,0.0,5.75,0.0,0.5,0.0,0.0,0.0,182.5,0.0,10.0,0.0,0.0,0.0,56.5,0.0,4.0,0.0,0.0,0.0,13.0,0.0,1.0,0.0,0.0,0.0,5.75,0.0,0.5,0.0,0.0,0.0,7.0,0.0,0.5,0.0,0.0,0.0,3.5,0.0,0.5,0.0,0.0,0.0,0.0,0.0,0.0,0.0,0.0,0.0,0.0,0.0,0.5,1.5,2.5,3.5,2.25,1.75,1.75,2.0,2.5,3.5,1.0,0.5,0.25,0.0,0.0,0.0,0.0,0.0,0.0,0.0,0.0,0.0,0.0,0.0,6.5,22.5,24.75,35.0,23.0,16.0,20.75,29.25,26.0,30.0,9.75,6.25,3.25,0.0,0.0,0.0,0.0,0.0,0.0,0.0,0.0,0.0,0.0,0.0,0.25,1.25,2.25,3.5,2.0,1.5,1.75,1.25,2.25,2.5,1.0,0.5,0.25,0.0,0.0,0.0,0.0,0.0,0.0,0.0,0.0,0.0,0.0,0.0,0.25,1.5,2.25,3.25,2.25,1.75,1.5,1.25,2.25,2.75,1.0,0.5,0.25,0.0,0.0,15.0,8.5,160.75,92.25,12.25,8.0,9.25,6.25,23.25,0.25,249.75,3.25,20.0,0.25,11.5,0.25
Ibis budget Nice,2023,8,41.0,475.0,33.0,18.0,0.0,4.0,0.0,1.0,4,8,11,4,8,0.0,0.0,41.0,0.0,0.0,475.0,0.0,0.0,34.0,0.0,0.0,18.0,0.0,32.0,0.0,1.0,0.0,0.0,0.0,7.0,0.0,1.0,0.0,0.0,0.0,383.0,0.0,10.0,0.0,0.0,0.0,74.0,0.0,8.0,0.0,0.0,0.0,25.0,0.0,1.0,0.0,0.0,0.0,7.0,0.0,1.0,0.0,0.0,0.0,11.0,0.0,1.0,0.0,0.0,0.0,5.0,0.0,1.0,0.0,0.0,0.0,0.0,0.0,0.0,0.0,0.0,0.0,0.0,0.0,0.0,3.0,3.0,7.0,2.0,1.0,2.0,5.0,5.0,9.0,2.0,1.0,1.0,0.0,0.0,0.0,0.0,0.0,0.0,0.0,0.0,0.0,0.0,0.0,0.0,59.0,25.0,79.0,23.0,12.0,28.0,62.0,63.0,77.0,21.0,13.0,13.0,0.0,0.0,0.0,0.0,0.0,0.0,0.0,0.0,0.0,0.0,0.0,0.0,2.0,3.0,7.0,2.0,1.0,2.0,3.0,4.0,6.0,2.0,1.0,1.0,0.0,0.0,0.0,0.0,0.0,0.0,0.0,0.0,0.0,0.0,0.0,0.0,3.0,3.0,6.0,2.0,1.0,2.0,3.0,4.0,7.0,2.0,1.0,1.0,0.0,0.0,29.0,12.0,335.0,140.0,23.0,11.0,18.0,7.0,40.0,1.0,462.0,13.0,33.0,1.0,18.0,1.0
Ibis budget Nice,2023,9,30.0,322.0,27.0,16.0,0.0,4.0,0.0,1.0,4,8,11,4,8,0.0,0.0,30.0,0.0,0.0,322.0,0.0,0.0,27.0,0.0,0.0,16.0,0.0,16.0,0.0,3.0,0.0,0.0,0.0,10.0,0.0,1.0,0.0,0.0,0.0,186.0,0.0,30.0,0.0,0.0,0.0,98.0,0.0,8.0,0.0,0.0,0.0,13.0,0.0,3.0,0.0,0.0,0.0,10.0,0.0,1.0,0.0,0.0,0.0,9.0,0.0,1.0,0.0,0.0,0.0,5.0,0.0,1.0,0.0,0.0,0.0,0.0,0.0,0.0,0.0,0.0,0.0,0.0,0.0,0.0,2.0,3.0,3.0,6.0,4.0,4.0,3.0,4.0,1.0,0.0,0.0,0.0,0.0,0.0,0.0,0.0,0.0,0.0,0.0,0.0,0.0,0.0,0.0,0.0,22.0,37.0,25.0,56.0,40.0,46.0,55.0,32.0,9.0,0.0,0.0,0.0,0.0,0.0,0.0,0.0,0.0,0.0,0.0,0.0,0.0,0.0,0.0,0.0,2.0,3.0,3.0,5.0,3.0,4.0,2.0,4.0,1.0,0.0,0.0,0.0,0.0,0.0,0.0,0.0,0.0,0.0,0.0,0.0,0.0,0.0,0.0,0.0,2.0,3.0,3.0,6.0,4.0,3.0,2.0,4.0,1.0,0.0,0.0,0.0,0.0,0.0,17.0,13.0,178.0,144.0,15.0,12.0,11.0,11.0,30.0,0.0,322.0,0.0,27.0,0.0,16.0,0.0
Ibis budget Nice,2023,10,22.0,206.0,19.0,11.0,0.0,2.0,0.0,1.0,4,8,11,4,8,0.0,0.0,22.0,0.0,0.0,206.0,0.0,0.0,19.0,0.0,0.0,11.0,0.0,17.0,0.0,0.0,0.0,0.0,0.0,5.0,0.0,0.0,0.0,0.0,0.0,161.0,0.0,0.0,0.0,0.0,0.0,45.0,0.0,0.0,0.0,0.0,0.0,14.0,0.0,0.0,0.0,0.0,0.0,5.0,0.0,0.0,0.0,0.0,0.0,8.0,0.0,0.0,0.0,0.0,0.0,3.0,0.0,0.0,0.0,0.0,0.0,0.0,0.0,0.0,0.0,0.0,0.0,0.0,0.0,2.0,0.0,4.0,4.0,1.0,2.0,1.0,0.0,1.0,4.0,2.0,1.0,0.0,0.0,0.0,0.0,0.0,0.0,0.0,0.0,0.0,0.0,0.0,0.0,26.0,0.0,37.0,36.0,13.0,12.0,9.0,0.0,9.0,34.0,18.0,12.0,0.0,0.0,0.0,0.0,0.0,0.0,0.0,0.0,0.0,0.0,0.0,0.0,1.0,0.0,3.0,4.0,1.0,2.0,1.0,0.0,1.0,3.0,2.0,1.0,0.0,0.0,0.0,0.0,0.0,0.0,0.0,0.0,0.0,0.0,0.0,0.0,1.0,0.0,3.0,4.0,1.0,2.0,1.0,0.0,1.0,3.0,2.0,1.0,0.0,0.0,0.0,13.0,9.0,121.0,85.0,10.0,9.0,7.0,7.0,22.0,0.0,206.0,0.0,19.0,0.0,11.0,0.0
Ibis budget Nice,2023,11,1.0,9.0,1.0,1.0,0.0,1.0,0.0,1.0,4,8,11,4,8,0.0,0.0,1.0,0.0,0.0,9.0,0.0,0.0,1.0,0.0,0.0,1.0,0.0,0.0,0.0,0.0,0.0,0.0,0.0,1.0,0.0,0.0,0.0,0.0,0.0,0.0,0.0,0.0,0.0,0.0,0.0,9.0,0.0,0.0,0.0,0.0,0.0,0.0,0.0,0.0,0.0,0.0,0.0,1.0,0.0,0.0,0.0,0.0,0.0,0.0,0.0,0.0,0.0,0.0,0.0,1.0,0.0,0.0,0.0,0.0,0.0,0.0,0.0,0.0,0.0,0.0,0.0,0.0,0.0,0.0,1.0,0.0,0.0,0.0,0.0,0.0,0.0,0.0,0.0,0.0,0.0,0.0,0.0,0.0,0.0,0.0,0.0,0.0,0.0,0.0,0.0,0.0,0.0,0.0,9.0,0.0,0.0,0.0,0.0,0.0,0.0,0.0,0.0,0.0,0.0,0.0,0.0,0.0,0.0,0.0,0.0,0.0,0.0,0.0,0.0,0.0,0.0,0.0,1.0,0.0,0.0,0.0,0.0,0.0,0.0,0.0,0.0,0.0,0.0,0.0,0.0,0.0,0.0,0.0,0.0,0.0,0.0,0.0,0.0,0.0,0.0,0.0,1.0,0.0,0.0,0.0,0.0,0.0,0.0,0.0,0.0,0.0,0.0,0.0,0.0,0.0,1.0,0.0,9.0,0.0,1.0,0.0,1.0,0.0,1.0,0.0,9.0,0.0,1.0,0.0,1.0,0.0
Ibis budget Nice,2023,12,23.5,253.0,20.0,11.5,0.0,2.75,0.0,1.0,4,8,11,4,8,0.0,0.0,23.5,0.0,0.0,253.0,0.0,0.0,20.25,0.0,0.0,11.5,0.0,16.25,0.0,1.0,0.0,0.0,0.0,5.75,0.0,0.5,0.0,0.0,0.0,182.5,0.0,10.0,0.0,0.0,0.0,56.5,0.0,4.0,0.0,0.0,0.0,13.0,0.0,1.0,0.0,0.0,0.0,5.75,0.0,0.5,0.0,0.0,0.0,7.0,0.0,0.5,0.0,0.0,0.0,3.5,0.0,0.5,0.0,0.0,0.0,0.0,0.0,0.0,0.0,0.0,0.0,0.0,0.0,0.5,1.5,2.5,3.5,2.25,1.75,1.75,2.0,2.5,3.5,1.0,0.5,0.25,0.0,0.0,0.0,0.0,0.0,0.0,0.0,0.0,0.0,0.0,0.0,6.5,22.5,24.75,35.0,23.0,16.0,20.75,29.25,26.0,30.0,9.75,6.25,3.25,0.0,0.0,0.0,0.0,0.0,0.0,0.0,0.0,0.0,0.0,0.0,0.25,1.25,2.25,3.5,2.0,1.5,1.75,1.25,2.25,2.5,1.0,0.5,0.25,0.0,0.0,0.0,0.0,0.0,0.0,0.0,0.0,0.0,0.0,0.0,0.25,1.5,2.25,3.25,2.25,1.75,1.5,1.25,2.25,2.75,1.0,0.5,0.25,0.0,0.0,15.0,8.5,160.75,92.25,12.25,8.0,9.25,6.25,23.25,0.25,249.75,3.25,20.0,0.25,11.5,0.25
Ibis budget Nice,2024,1,169.0,535.6099999999999,109.7,27.6,1.9,2.9,0.3588095238095238,0.6411904761904762,10,3,12,10,2,152.0,0.0,17.0,352.84999999999997,0.0,182.76,105.3,0.0,15.5,16.5,0.0,11.1,0.0,11.1,0.0,0.9,10.6,7.3,0.7,3.6,134.1,0.7,0.0,0.0,0.0,115.96,0.0,8.9,24.7,13.45,12.6,36.5,314.7,8.8,0.0,0.0,0.0,10.0,0.0,0.9,9.0,5.7,0.7,3.3,90.6,0.6,0.0,0.0,0.0,7.0,0.0,0.6,2.6,2.4,0.3,2.8,11.5,0.4,0.0,0.0,16.9,11.8,7.4,6.2,3.9,1.6,2.0,0.9,2.1,2.4,4.0,5.6,7.7,7.5,6.4,7.1,6.2,8.8,9.5,6.7,9.1,8.0,10.6,16.6,39.96,27.120000000000005,16.060000000000002,14.38,8.66,3.7700000000000005,4.76,2.34,5.29,7.540000000000002,18.33,36.06,38.64,31.449999999999996,28.759999999999998,27.320000000000004,24.92,36.010000000000005,28.830000000000002,21.81,26.490000000000002,21.63,26.020000000000003,39.46,11.5,7.0,4.4,3.6,2.3,1.2,1.2,0.5,1.8,2.0,2.9,4.9,6.3,5.4,5.2,5.2,4.8,6.5,7.1,5.0,7.0,5.4,8.7,10.9,6.8,4.9,2.7,2.6,1.7,1.2,1.1,0.8,1.1,1.9,2.7,3.6,5.3,4.6,4.2,4.2,4.6,6.1,5.8,4.0,5.9,4.9,6.5,8.0,115.1,53.9,367.38,168.23,83.4,37.4,24.4,16.5,167.0,2.0,530.96,4.65,119.3,1.5,27.6,1.7
Ibis budget Nice,2024,2,169.0,535.6099999999999,109.7,27.6,1.9,2.9,0.3588095238095238,0.6411904761904762,10,3,12,10,2,152.0,0.0,17.0,352.84999999999997,0.0,182.76,105.3,0.0,15.5,16.5,0.0,11.1,0.0,11.1,0.0,0.9,10.6,7.3,0.7,3.6,134.1,0.7,0.0,0.0,0.0,115.96,0.0,8.9,24.7,13.45,12.6,36.5,314.7,8.8,0.0,0.0,0.0,10.0,0.0,0.9,9.0,5.7,0.7,3.3,90.6,0.6,0.0,0.0,0.0,7.0,0.0,0.6,2.6,2.4,0.3,2.8,11.5,0.4,0.0,0.0,16.9,11.8,7.4,6.2,3.9,1.6,2.0,0.9,2.1,2.4,4.0,5.6,7.7,7.5,6.4,7.1,6.2,8.8,9.5,6.7,9.1,8.0,10.6,16.6,39.96,27.120000000000005,16.060000000000002,14.38,8.66,3.7700000000000005,4.76,2.34,5.29,7.540000000000002,18.33,36.06,38.64,31.449999999999996,28.759999999999998,27.320000000000004,24.92,36.010000000000005,28.830000000000002,21.81,26.490000000000002,21.63,26.020000000000003,39.46,11.5,7.0,4.4,3.6,2.3,1.2,1.2,0.5,1.8,2.0,2.9,4.9,6.3,5.4,5.2,5.2,4.8,6.5,7.1,5.0,7.0,5.4,8.7,10.9,6.8,4.9,2.7,2.6,1.7,1.2,1.1,0.8,1.1,1.9,2.7,3.6,5.3,4.6,4.2,4.2,4.6,6.1,5.8,4.0,5.9,4.9,6.5,8.0,115.1,53.9,367.38,168.23,83.4,37.4,24.4,16.5,167.0,2.0,530.96,4.65,119.3,1.5,27.6,1.7
Ibis budget Nice,2024,3,2.0,16.0,2.0,2.0,0.0,1.0,0.0,1.0,10,3,12,10,2,0.0,0.0,2.0,0.0,0.0,16.0,0.0,0.0,2.0,0.0,0.0,2.0,0.0,2.0,0.0,0.0,0.0,0.0,0.0,0.0,0.0,0.0,0.0,0.0,0.0,16.0,0.0,0.0,0.0,0.0,0.0,0.0,0.0,0.0,0.0,0.0,0.0,2.0,0.0,0.0,0.0,0.0,0.0,0.0,0.0,0.0,0.0,0.0,0.0,2.0,0.0,0.0,0.0,0.0,0.0,0.0,0.0,0.0,0.0,0.0,0.0,0.0,0.0,0.0,0.0,0.0,0.0,0.0,0.0,1.0,0.0,0.0,0.0,0.0,0.0,0.0,0.0,0.0,0.0,0.0,1.0,0.0,0.0,0.0,0.0,0.0,0.0,0.0,0.0,0.0,0.0,0.0,0.0,10.0,0.0,0.0,0.0,0.0,0.0,0.0,0.0,0.0,0.0,0.0,6.0,0.0,0.0,0.0,0.0,0.0,0.0,0.0,0.0,0.0,0.0,0.0,0.0,1.0,0.0,0.0,0.0,0.0,0.0,0.0,0.0,0.0,0.0,0.0,1.0,0.0,0.0,0.0,0.0,0.0,0.0,0.0,0.0,0.0,0.0,0.0,0.0,1.0,0.0,0.0,0.0,0.0,0.0,0.0,0.0,0.0,0.0,0.0,1.0,0.0,0.0,0.0,1.0,1.0,10.0,6.0,1.0,1.0,1.0,1.0,2.0,0.0,16.0,0.0,2.0,0.0,2.0,0.0
Ibis budget Nice,2024,4,12.0,145.0,12.0,7.0,0.0,3.0,0.0,1.0,10,3,12,10,2,0.0,0.0,12.0,0.0,0.0,145.0,0.0,0.0,12.0,0.0,0.0,7.0,0.0,9.0,0.0,2.0,0.0,0.0,0.0,0.0,0.0,1.0,0.0,0.0,0.0,117.0,0.0,20.0,0.0,0.0,0.0,0.0,0.0,8.0,0.0,0.0,0.0,9.0,0.0,2.0,0.0,0.0,0.0,0.0,0.0,1.0,0.0,0.0,0.0,5.0,0.0,1.0,0.0,0.0,0.0,0.0,0.0,1.0,0.0,0.0,0.0,0.0,0.0,0.0,0.0,0.0,0.0,0.0,0.0,1.0,1.0,3.0,0.0,0.0,0.0,3.0,1.0,3.0,0.0,0.0,0.0,0.0,0.0,0.0,0.0,0.0,0.0,0.0,0.0,0.0,0.0,0.0,0.0,6.0,6.0,36.0,0.0,0.0,0.0,33.0,28.0,36.0,0.0,0.0,0.0,0.0,0.0,0.0,0.0,0.0,0.0,0.0,0.0,0.0,0.0,0.0,0.0,1.0,1.0,3.0,0.0,0.0,0.0,2.0,3.0,2.0,0.0,0.0,0.0,0.0,0.0,0.0,0.0,0.0,0.0,0.0,0.0,0.0,0.0,0.0,0.0,1.0,1.0,3.0,0.0,0.0,0.0,3.0,2.0,2.0,0.0,0.0,0.0,0.0,0.0,0.0,6.0,6.0,83.0,62.0,7.0,5.0,5.0,5.0,12.0,0.0,145.0,0.0,12.0,0.0,7.0,0.0
Ibis budget Nice,2024,5,53.0,270.8,44.0,24.0,1.0,2.0,0.3333333333333333,0.6666666666666666,10,3,12,10,2,36.0,0.0,17.0,87.80000000000001,0.0,183.0,30.0,0.0,15.0,8.0,0.0,16.0,0.0,8.0,0.0,0.0,0.0,0.0,0.0,9.0,36.0,0.0,0.0,0.0,0.0,97.0,0.0,0.0,0.0,0.0,0.0,86.0,87.80000000000001,0.0,0.0,0.0,0.0,8.0,0.0,0.0,0.0,0.0,0.0,7.0,30.0,0.0,0.0,0.0,0.0,8.0,0.0,0.0,0.0,0.0,0.0,8.0,8.0,0.0,0.0,0.0,0.0,0.0,0.0,0.0,0.0,0.0,0.0,0.0,5.0,0.0,5.0,3.0,7.0,2.0,4.0,3.0,3.0,3.0,2.0,0.0,5.0,2.0,7.0,2.0,0.0,0.0,0.0,0.0,0.0,0.0,0.0,0.0,14.2,0.0,34.3,32.0,50.9,19.0,13.100000000000001,8.100000000000001,17.4,13.7,14.5,0.0,29.1,4.4,15.700000000000001,4.4,0.0,0.0,0.0,0.0,0.0,0.0,0.0,0.0,3.0,0.0,4.0,2.0,6.0,2.0,4.0,2.0,3.0,3.0,2.0,0.0,5.0,2.0,5.0,2.0,0.0,0.0,0.0,0.0,0.0,0.0,0.0,0.0,2.0,0.0,3.0,2.0,7.0,2.0,3.0,2.0,2.0,3.0,2.0,0.0,3.0,1.0,3.0,1.0,40.0,13.0,207.5,63.3,34.0,11.0,20.0,7.0,53.0,0.0,270.8,0.0,45.0,0.0,24.0,0.0
Ibis budget Nice,2024,6,247.0,841.5,177.0,40.0,2.0,5.0,0.2857142857142857,0.7142857142857143,10,3,12,10,2,217.0,0.0,30.0,500.40000000000003,0.0,341.1,161.0,0.0,30.0,18.0,0.0,22.0,0.0,20.0,0.0,1.0,21.0,0.0,1.0,7.0,196.0,1.0,0.0,0.0,0.0,208.1,0.0,10.0,46.0,0.0,18.0,89.0,454.40000000000003,16.0,0.0,0.0,0.0,20.0,0.0,1.0,18.0,0.0,1.0,7.0,143.0,1.0,0.0,0.0,0.0,12.0,0.0,1.0,3.0,0.0,1.0,7.0,15.0,1.0,0.0,0.0,18.0,10.0,9.0,5.0,3.0,4.0,2.0,4.0,7.0,6.0,10.0,6.0,17.0,10.0,15.0,8.0,9.0,11.0,15.0,19.0,4.0,12.0,13.0,30.0,51.900000000000006,23.8,19.6,11.100000000000001,6.2,9.2,4.4,10.4,15.0,24.200000000000003,49.400000000000006,39.8,82.0,54.8,78.0,48.3,29.700000000000003,28.700000000000003,55.0,43.9,9.8,47.0,28.900000000000002,70.4,15.0,7.0,4.0,4.0,2.0,4.0,2.0,1.0,7.0,5.0,6.0,6.0,14.0,9.0,14.0,8.0,8.0,8.0,9.0,13.0,4.0,11.0,11.0,19.0,9.0,4.0,2.0,4.0,2.0,4.0,1.0,4.0,2.0,5.0,6.0,4.0,10.0,7.0,11.0,6.0,7.0,8.0,11.0,8.0,3.0,11.0,7.0,13.0,156.0,91.0,463.0,378.5,120.0,71.0,28.0,31.0,247.0,0.0,841.5,0.0,191.0,0.0,40.0,0.0
Ibis budget Nice,2024,7,338.0,1052.1,208.0,38.0,2.0,5.0,0.2857142857142857,0.7142857142857143,10,3,12,10,2,305.0,0.0,33.0,721.6,0.0,330.5,195.0,0.0,31.0,21.0,0.0,17.0,0.0,21.0,0.0,2.0,24.0,0.0,3.0,6.0,281.0,1.0,0.0,0.0,0.0,188.5,0.0,20.0,59.0,0.0,54.0,60.0,662.6,8.0,0.0,0.0,0.0,20.0,0.0,2.0,21.0,0.0,3.0,5.0,174.0,1.0,0.0,0.0,0.0,12.0,0.0,1.0,5.0,0.0,1.0,2.0,16.0,1.0,0.0,0.0,29.0,24.0,20.0,19.0,7.0,3.0,4.0,0.0,6.0,4.0,6.0,12.0,14.0,21.0,8.0,15.0,15.0,16.0,16.0,17.0,18.0,18.0,18.0,28.0,67.7,52.900000000000006,46.0,46.2,15.8,6.6000000000000005,10.100000000000001,0.0,16.6,8.600000000000001,18.8,73.3,69.7,88.1,28.700000000000003,52.7,50.0,62.900000000000006,45.7,95.8,43.5,44.300000000000004,43.400000000000006,64.7,21.0,11.0,13.0,8.0,6.0,2.0,2.0,0.0,5.0,3.0,4.0,12.0,13.0,16.0,5.0,7.0,10.0,13.0,11.0,12.0,10.0,8.0,15.0,19.0,12.0,8.0,8.0,6.0,5.0,1.0,3.0,0.0,4.0,2.0,5.0,10.0,10.0,12.0,5.0,7.0,10.0,13.0,6.0,9.0,11.0,9.0,9.0,10.0,253.0,85.0,822.7,229.4,175.0,51.0,38.0,20.0,332.0,6.0,1038.3000000000002,13.8,221.0,5.0,38.0,5.0
Ibis budget Nice,2024,8,370.0,1173.0,237.0,36.0,2.0,4.0,0.3333333333333333,0.6666666666666666,10,3,12,10,2,339.0,0.0,31.0,811.0,0.0,362.0,219.0,0.0,26.0,20.0,0.0,16.0,0.0,23.0,0.0,3.0,17.0,0.0,3.0,2.0,322.0,0.0,0.0,0.0,0.0,259.0,0.0,29.0,47.0,0.0,54.0,20.0,764.0,0.0,0.0,0.0,0.0,18.0,0.0,3.0,12.0,0.0,3.0,2.0,207.0,0.0,0.0,0.0,0.0,11.0,0.0,2.0,4.0,0.0,1.0,2.0,16.0,0.0,0.0,0.0,43.0,32.0,24.0,16.0,24.0,6.0,14.0,2.0,2.0,2.0,3.0,3.0,15.0,25.0,19.0,19.0,13.0,20.0,19.0,7.0,17.0,8.0,16.0,21.0,104.4,77.4,53.400000000000006,37.300000000000004,54.1,15.7,33.1,6.0,4.9,4.4,6.6000000000000005,37.7,96.9,108.4,110.7,61.0,50.2,64.5,46.900000000000006,19.1,52.7,31.900000000000002,36.5,59.2,26.0,22.0,14.0,11.0,12.0,3.0,8.0,1.0,2.0,2.0,3.0,3.0,12.0,15.0,14.0,13.0,10.0,11.0,14.0,5.0,14.0,6.0,12.0,12.0,12.0,11.0,4.0,6.0,7.0,4.0,7.0,1.0,2.0,1.0,1.0,3.0,9.0,13.0,10.0,7.0,9.0,9.0,10.0,6.0,9.0,3.0,10.0,9.0,249.0,121.0,787.8000000000001,385.20000000000005,167.0,78.0,33.0,26.0,370.0,0.0,1173.0,0.0,245.0,0.0,36.0,0.0
Ibis budget Nice,2024,9,258.0,771.2,158.0,39.0,3.0,3.0,0.5,0.5,10,3,12,10,2,236.0,0.0,22.0,541.2,0.0,230.0,166.0,0.0,20.0,25.0,0.0,14.0,0.0,14.0,0.0,1.0,17.0,25.0,0.0,7.0,194.0,0.0,0.0,0.0,0.0,151.0,0.0,10.0,36.5,47.5,0.0,69.0,457.20000000000005,0.0,0.0,0.0,0.0,12.0,0.0,1.0,15.0,21.0,0.0,7.0,130.0,0.0,0.0,0.0,0.0,8.0,0.0,1.0,4.0,6.0,0.0,5.0,15.0,0.0,0.0,0.0,20.0,24.0,5.0,15.0,3.0,1.0,0.0,2.0,0.0,3.0,6.0,22.0,13.0,1.0,11.0,13.0,9.0,14.0,16.0,3.0,10.0,13.0,20.0,34.0,47.5,52.800000000000004,10.9,32.5,6.5,2.0,0.0,4.0,0.0,6.4,16.6,125.80000000000001,39.2,2.7,30.9,46.6,23.200000000000003,56.1,49.1,7.0,42.2,27.700000000000003,63.0,78.5,14.0,13.0,5.0,9.0,2.0,1.0,0.0,2.0,0.0,2.0,5.0,16.0,10.0,1.0,9.0,10.0,5.0,12.0,13.0,3.0,7.0,9.0,17.0,21.0,7.0,12.0,4.0,6.0,2.0,1.0,0.0,2.0,0.0,2.0,4.0,8.0,10.0,1.0,7.0,8.0,7.0,8.0,9.0,3.0,7.0,7.0,14.0,14.0,168.0,90.0,534.1,237.1,126.0,60.0,35.0,26.0,258.0,0.0,771.2,0.0,186.0,0.0,39.0,0.0
Ibis budget Nice,2024,10,200.0,596.3,124.0,39.0,3.0,3.0,0.5,0.5,10,3,12,10,2,181.0,0.0,19.0,407.3,0.0,189.0,130.0,0.0,15.0,26.0,0.0,13.0,0.0,11.0,0.0,0.0,14.0,20.0,0.0,4.0,147.0,4.0,0.0,0.0,0.0,98.0,0.0,0.0,30.5,40.0,0.0,35.0,336.8,56.0,0.0,0.0,0.0,8.0,0.0,0.0,13.0,14.0,0.0,4.0,103.0,3.0,0.0,0.0,0.0,9.0,0.0,0.0,3.0,7.0,0.0,3.0,16.0,1.0,0.0,0.0,31.0,16.0,2.0,1.0,0.0,2.0,0.0,0.0,0.0,3.0,7.0,3.0,8.0,12.0,3.0,5.0,4.0,9.0,13.0,12.0,23.0,9.0,11.0,26.0,67.30000000000001,35.5,4.4,2.2,0.0,4.2,0.0,0.0,0.0,6.7,48.6,6.2,36.0,31.400000000000002,18.2,12.600000000000001,31.4,61.7,41.7,29.900000000000002,52.6,21.200000000000003,21.8,62.7,25.0,8.0,1.0,1.0,0.0,2.0,0.0,0.0,0.0,3.0,4.0,3.0,5.0,7.0,3.0,5.0,3.0,7.0,12.0,10.0,16.0,6.0,8.0,16.0,16.0,6.0,1.0,1.0,0.0,2.0,0.0,0.0,0.0,3.0,5.0,3.0,4.0,7.0,3.0,5.0,3.0,8.0,9.0,8.0,13.0,5.0,7.0,15.0,144.0,56.0,452.9,143.4,102.0,43.0,37.0,19.0,200.0,0.0,596.3,0.0,145.0,0.0,39.0,0.0
Ibis budget Nice,2024,11,101.0,241.19999999999996,68.0,27.0,3.0,2.0,0.6,0.4,10,3,12,10,2,98.0,0.0,3.0,223.20000000000002,0.0,18.0,77.0,0.0,3.0,24.0,0.0,3.0,0.0,2.0,0.0,0.0,6.0,13.0,0.0,1.0,79.0,0.0,0.0,0.0,0.0,12.0,0.0,0.0,13.0,20.5,0.0,6.0,189.70000000000002,0.0,0.0,0.0,0.0,2.0,0.0,0.0,5.0,13.0,0.0,1.0,59.0,0.0,0.0,0.0,0.0,2.0,0.0,0.0,4.0,5.0,0.0,1.0,15.0,0.0,0.0,0.0,8.0,4.0,2.0,3.0,0.0,0.0,0.0,1.0,1.0,3.0,2.0,4.0,2.0,2.0,4.0,0.0,6.0,6.0,8.0,1.0,10.0,9.0,12.0,13.0,16.7,10.3,3.5,8.100000000000001,0.0,0.0,0.0,3.0,2.2,6.9,3.0,9.8,9.0,4.7,8.0,0.0,14.4,12.4,22.1,2.0,21.9,21.200000000000003,30.900000000000002,31.1,5.0,3.0,2.0,1.0,0.0,0.0,0.0,1.0,1.0,2.0,2.0,4.0,2.0,2.0,3.0,0.0,4.0,5.0,6.0,1.0,10.0,6.0,10.0,10.0,5.0,3.0,2.0,1.0,0.0,0.0,0.0,1.0,1.0,3.0,2.0,3.0,2.0,2.0,3.0,0.0,4.0,6.0,8.0,1.0,10.0,7.0,8.0,8.0,56.0,45.0,133.60000000000002,107.60000000000001,44.0,36.0,23.0,23.0,93.0,8.0,220.9,20.3,75.0,5.0,27.0,7.0
Ibis budget Nice,2024,12,109.0,248.99999999999997,67.0,24.0,3.0,1.0,0.75,0.25,10,3,12,10,2,108.0,0.0,1.0,236.0,0.0,13.0,75.0,0.0,1.0,23.0,0.0,1.0,0.0,1.0,0.0,0.0,7.0,15.0,0.0,0.0,86.0,0.0,0.0,0.0,0.0,13.0,0.0,0.0,15.0,26.5,0.0,0.0,194.5,0.0,0.0,0.0,0.0,1.0,0.0,0.0,6.0,9.0,0.0,0.0,60.0,0.0,0.0,0.0,0.0,1.0,0.0,0.0,3.0,6.0,0.0,0.0,14.0,0.0,0.0,0.0,20.0,8.0,12.0,3.0,2.0,0.0,0.0,0.0,0.0,1.0,0.0,0.0,1.0,2.0,0.0,5.0,2.0,6.0,6.0,8.0,3.0,9.0,9.0,12.0,44.1,18.5,22.8,6.4,4.0,0.0,0.0,0.0,0.0,2.2,0.0,0.0,2.7,5.4,0.0,10.9,4.9,24.1,13.3,20.4,7.1000000000000005,18.6,20.0,23.6,9.0,6.0,5.0,2.0,1.0,0.0,0.0,0.0,0.0,1.0,0.0,0.0,1.0,2.0,0.0,5.0,2.0,4.0,4.0,6.0,3.0,6.0,9.0,10.0,7.0,5.0,6.0,2.0,1.0,0.0,0.0,0.0,0.0,1.0,0.0,0.0,1.0,2.0,0.0,4.0,2.0,4.0,3.0,5.0,2.0,6.0,7.0,10.0,78.0,31.0,179.2,69.80000000000001,58.0,18.0,24.0,7.0,103.0,6.0,236.60000000000002,12.4,71.0,5.0,24.0,5.0
Ibis budget Nice,2025,1,143.0,345.5999999999999,88.0,27.0,3.0,2.0,0.6,0.4,12,1,12,12,0,140.0,0.0,3.0,311.6,0.0,34.0,100.0,0.0,3.0,24.0,0.0,3.0,0.0,2.0,0.0,0.0,14.0,15.0,0.0,0.0,111.0,1.0,0.0,0.0,0.0,20.0,0.0,0.0,28.5,25.0,0.0,0.0,258.1,14.0,0.0,0.0,0.0,2.0,0.0,0.0,10.0,12.0,0.0,0.0,78.0,1.0,0.0,0.0,0.0,2.0,0.0,0.0,4.0,5.0,0.0,0.0,15.0,1.0,0.0,0.0,14.0,6.0,2.0,1.0,0.0,0.0,1.0,0.0,2.0,2.0,2.0,3.0,12.0,5.0,6.0,5.0,2.0,5.0,10.0,9.0,9.0,10.0,8.0,29.0,31.0,13.5,5.4,2.7,0.0,0.0,2.2,0.0,5.0,4.4,12.0,14.9,26.5,10.4,14.4,12.600000000000001,16.0,10.100000000000001,21.1,21.3,20.3,19.5,17.700000000000003,64.6,11.0,3.0,1.0,1.0,0.0,0.0,1.0,0.0,2.0,2.0,2.0,3.0,7.0,3.0,6.0,4.0,2.0,4.0,9.0,6.0,6.0,7.0,6.0,17.0,12.0,3.0,2.0,1.0,0.0,0.0,1.0,0.0,2.0,1.0,2.0,3.0,7.0,5.0,6.0,4.0,2.0,3.0,7.0,9.0,6.0,6.0,4.0,14.0,117.0,26.0,279.20000000000005,66.4,84.0,19.0,25.0,15.0,127.0,16.0,308.3,37.3,92.0,11.0,25.0,13.0
Ibis budget Nice,2025,2,110.0,268.29999999999995,73.0,24.0,3.0,2.0,0.6,0.4,12,1,12,12,0,108.0,0.0,2.0,252.3,0.0,16.0,79.0,0.0,2.0,22.0,0.0,2.0,0.0,1.0,0.0,0.0,10.0,9.0,0.0,1.0,89.0,0.0,0.0,0.0,0.0,10.0,0.0,0.0,20.0,17.5,0.0,6.0,214.8,0.0,0.0,0.0,0.0,1.0,0.0,0.0,6.0,8.0,0.0,1.0,65.0,0.0,0.0,0.0,0.0,1.0,0.0,0.0,3.0,4.0,0.0,1.0,15.0,0.0,0.0,0.0,15.0,7.0,2.0,3.0,0.0,0.0,0.0,2.0,1.0,2.0,2.0,12.0,0.0,8.0,3.0,3.0,3.0,1.0,3.0,4.0,4.0,7.0,17.0,11.0,34.2,16.1,5.0,8.100000000000001,0.0,0.0,0.0,4.4,2.2,5.7,4.4,31.400000000000002,0.0,27.8,6.0,7.4,6.6000000000000005,2.2,9.7,8.600000000000001,10.100000000000001,14.4,36.2,27.8,10.0,5.0,2.0,2.0,0.0,0.0,0.0,2.0,1.0,1.0,2.0,5.0,0.0,6.0,3.0,3.0,2.0,1.0,3.0,4.0,4.0,5.0,12.0,8.0,9.0,3.0,2.0,2.0,0.0,0.0,0.0,1.0,1.0,2.0,1.0,8.0,0.0,8.0,3.0,2.0,1.0,1.0,3.0,3.0,4.0,5.0,6.0,5.0,65.0,45.0,163.3,105.0,44.0,37.0,21.0,17.0,110.0,0.0,268.3,0.0,81.0,0.0,24.0,0.0
Ibis budget Nice,2025,3,245.0,625.6,186.0,29.0,3.0,2.0,0.6,0.4,12,1,12,12,0,243.0,0.0,2.0,578.6,0.0,47.0,195.0,0.0,4.0,27.0,0.0,2.0,0.0,2.0,0.0,0.0,9.0,23.0,0.0,0.0,211.0,0.0,0.0,0.0,22.0,25.0,0.0,0.0,19.5,41.0,0.0,0.0,518.1,0.0,0.0,0.0,2.0,2.0,0.0,0.0,7.0,18.0,0.0,0.0,170.0,0.0,0.0,0.0,0.0,2.0,0.0,0.0,4.0,5.0,0.0,0.0,18.0,0.0,0.0,0.0,22.0,3.0,6.0,1.0,1.0,0.0,0.0,4.0,1.0,8.0,13.0,6.0,1.0,16.0,6.0,8.0,13.0,23.0,11.0,14.0,22.0,20.0,22.0,24.0,48.800000000000004,7.9,14.3,2.2,2.2,0.0,0.0,11.4,3.0,20.700000000000003,40.8,16.4,2.0,39.6,14.4,20.9,32.2,53.2,55.9,32.1,49.0,45.6,51.400000000000006,61.6,17.0,3.0,4.0,1.0,1.0,0.0,0.0,1.0,1.0,8.0,11.0,6.0,1.0,15.0,6.0,4.0,11.0,19.0,13.0,11.0,16.0,15.0,16.0,19.0,14.0,3.0,4.0,1.0,1.0,0.0,0.0,2.0,1.0,6.0,9.0,4.0,1.0,9.0,4.0,5.0,6.0,12.0,7.0,10.0,8.0,14.0,12.0,13.0,162.0,83.0,414.2,211.4,131.0,68.0,24.0,25.0,245.0,0.0,625.6,0.0,199.0,0.0,29.0,0.0
Ibis budget Nice,2025,4,266.0,816.3000000000001,187.0,47.0,3.0,5.0,0.375,0.625,12,1,12,12,0,247.0,0.0,19.0,593.2,0.0,223.1,189.0,0.0,15.0,29.0,0.0,18.0,1.0,12.0,0.0,1.0,20.0,18.0,0.0,4.0,209.0,1.0,0.0,0.0,12.0,144.1,0.0,9.0,55.5,39.6,0.0,44.0,498.1,14.0,0.0,0.0,1.0,9.0,0.0,1.0,15.0,16.0,0.0,3.0,158.0,1.0,0.0,0.0,1.0,11.0,0.0,1.0,7.0,5.0,0.0,4.0,17.0,1.0,0.0,0.0,33.0,21.0,18.0,1.0,5.0,0.0,0.0,0.0,0.0,2.0,4.0,5.0,13.0,11.0,6.0,10.0,6.0,15.0,7.0,19.0,15.0,5.0,34.0,36.0,79.9,50.0,40.5,2.2,12.7,0.0,0.0,0.0,0.0,4.9,18.1,32.9,53.7,46.400000000000006,29.8,33.900000000000006,22.4,43.9,17.6,78.2,49.800000000000004,11.600000000000001,99.3,88.5,24.0,16.0,12.0,1.0,5.0,0.0,0.0,0.0,0.0,2.0,3.0,4.0,10.0,9.0,5.0,10.0,6.0,14.0,7.0,14.0,10.0,3.0,24.0,25.0,14.0,8.0,7.0,1.0,5.0,0.0,0.0,0.0,0.0,2.0,4.0,5.0,9.0,6.0,5.0,9.0,5.0,10.0,6.0,9.0,9.0,4.0,17.0,13.0,209.0,57.0,652.1,164.2,162.0,42.0,42.0,20.0,266.0,0.0,816.3000000000001,0.0,204.0,0.0,47.0,0.0
Ibis budget Nice,2025,5,411.0,1346.1999999999998,267.0,48.0,2.0,5.0,0.2857142857142857,0.7142857142857143,12,1,12,12,0,371.0,0.0,40.0,890.2,0.0,456.0,238.0,0.0,37.0,24.0,0.0,24.0,13.0,20.0,0.0,0.0,21.0,0.0,1.0,5.0,350.0,1.0,0.0,0.0,167.0,207.0,0.0,0.0,70.5,0.0,18.0,50.0,819.7,14.0,0.0,0.0,13.0,17.0,0.0,0.0,14.0,0.0,1.0,5.0,224.0,1.0,0.0,0.0,6.0,12.0,0.0,0.0,6.0,0.0,1.0,4.0,18.0,1.0,0.0,0.0,23.0,45.0,20.0,25.0,11.0,0.0,0.0,4.0,4.0,9.0,21.0,5.0,26.0,23.0,10.0,11.0,15.0,21.0,20.0,12.0,10.0,14.0,24.0,58.0,53.6,105.9,44.400000000000006,56.2,26.0,0.0,0.0,8.2,10.8,43.3,57.900000000000006,57.0,139.1,95.30000000000001,35.400000000000006,42.2,52.5,77.2,90.2,50.2,31.6,43.8,67.7,157.7,17.0,23.0,11.0,12.0,4.0,0.0,0.0,2.0,3.0,7.0,18.0,4.0,22.0,20.0,9.0,9.0,9.0,16.0,18.0,9.0,6.0,9.0,16.0,31.0,10.0,13.0,7.0,7.0,4.0,0.0,0.0,3.0,2.0,8.0,7.0,4.0,13.0,12.0,6.0,6.0,8.0,13.0,13.0,8.0,5.0,8.0,7.0,14.0,291.0,120.0,999.1,347.1,195.0,80.0,42.0,27.0,377.0,34.0,1210.0,136.2,251.0,24.0,44.0,14.0
Ibis budget Nice,2025,6,473.0,1633.7000000000003,298.0,51.0,2.0,5.0,0.2857142857142857,0.7142857142857143,12,1,12,12,0,407.0,0.0,66.0,961.7,0.0,672.0,261.0,0.0,60.0,24.0,0.0,27.0,23.0,31.0,0.0,0.0,25.0,0.0,2.0,9.0,382.0,1.0,0.0,0.0,295.0,220.0,0.0,0.0,67.5,0.0,36.0,113.0,894.2,8.0,0.0,0.0,19.0,27.0,0.0,0.0,19.0,0.0,2.0,11.0,242.0,1.0,0.0,0.0,8.0,12.0,0.0,0.0,6.0,0.0,1.0,5.0,18.0,1.0,0.0,0.0,58.0,25.0,54.0,20.0,12.0,0.0,3.0,0.0,3.0,6.0,12.0,11.0,21.0,27.0,14.0,10.0,19.0,20.0,22.0,17.0,15.0,27.0,34.0,43.0,136.1,58.900000000000006,129.9,44.800000000000004,27.5,0.0,8.100000000000001,0.0,6.2,35.4,66.7,64.8,79.80000000000001,174.3,33.400000000000006,37.400000000000006,141.2,64.2,76.3,63.2,47.6,76.0,122.9,139.0,43.0,17.0,24.0,14.0,6.0,0.0,1.0,0.0,2.0,4.0,11.0,9.0,12.0,20.0,11.0,8.0,17.0,15.0,17.0,14.0,12.0,18.0,20.0,26.0,16.0,11.0,15.0,9.0,4.0,0.0,1.0,0.0,3.0,5.0,8.0,6.0,11.0,13.0,8.0,5.0,11.0,10.0,12.0,11.0,10.0,12.0,16.0,19.0,303.0,170.0,1033.2,600.5,209.0,112.0,47.0,35.0,473.0,0.0,1633.7,0.0,321.0,0.0,51.0,0.0
Ibis budget Nice,2025,7,451.0,1690.6000000000001,309.0,54.0,2.0,4.0,0.3333333333333333,0.6666666666666666,12,1,12,12,0,385.0,0.0,66.0,939.6,0.0,751.0,270.0,0.0,58.0,27.0,0.0,27.0,33.0,22.0,0.0,0.0,42.0,0.0,2.0,9.0,343.0,0.0,0.0,0.0,425.0,202.0,0.0,0.0,121.0,0.0,36.0,88.0,818.6,0.0,0.0,0.0,26.0,21.0,0.0,0.0,34.0,0.0,2.0,9.0,236.0,0.0,0.0,0.0,13.0,9.0,0.0,0.0,9.0,0.0,1.0,4.0,18.0,0.0,0.0,0.0,38.0,17.0,33.0,18.0,8.0,17.0,5.0,0.0,1.0,6.0,16.0,15.0,21.0,25.0,17.0,34.0,21.0,11.0,36.0,26.0,32.0,13.0,21.0,20.0,97.9,45.5,77.6,44.300000000000004,20.0,40.800000000000004,12.0,0.0,2.2,40.9,77.8,117.9,126.6,99.1,58.300000000000004,101.2,125.1,67.2,154.4,89.9,111.2,43.6,82.1,55.0,28.0,16.0,21.0,13.0,7.0,8.0,3.0,0.0,1.0,3.0,12.0,12.0,17.0,18.0,16.0,19.0,14.0,10.0,22.0,22.0,23.0,11.0,16.0,16.0,16.0,10.0,12.0,10.0,5.0,7.0,3.0,0.0,1.0,4.0,8.0,12.0,15.0,12.0,13.0,15.0,13.0,9.0,18.0,18.0,14.0,8.0,13.0,12.0,336.0,115.0,1262.3000000000002,428.3,252.0,76.0,52.0,32.0,432.0,19.0,1632.0,58.6,317.0,11.0,54.0,12.0
Ibis budget Nice,2025,8,480.0,1800.8000000000002,299.0,56.0,2.0,3.0,0.4,0.6,12,1,12,12,0,395.0,0.0,85.0,951.8000000000001,0.0,849.0,251.0,0.0,67.0,26.0,0.0,30.0,30.0,53.0,0.0,0.0,26.0,0.0,2.0,0.0,369.0,0.0,0.0,0.0,360.0,453.0,0.0,0.0,83.0,0.0,36.0,0.0,868.8000000000001,0.0,0.0,0.0,29.0,36.0,0.0,0.0,20.0,0.0,2.0,0.0,231.0,0.0,0.0,0.0,15.0,14.0,0.0,0.0,8.0,0.0,1.0,0.0,18.0,0.0,0.0,0.0,47.0,41.0,24.0,25.0,8.0,8.0,4.0,2.0,2.0,4.0,16.0,12.0,23.0,38.0,17.0,23.0,21.0,14.0,18.0,19.0,15.0,24.0,21.0,54.0,126.80000000000001,95.4,54.2,62.7,18.900000000000002,18.900000000000002,8.8,4.7,4.2,34.4,54.300000000000004,84.6,145.8,233.5,94.3,111.5,66.30000000000001,80.0,74.6,55.0,50.3,90.5,71.7,159.4,29.0,26.0,11.0,14.0,5.0,5.0,1.0,1.0,2.0,3.0,9.0,13.0,19.0,27.0,10.0,15.0,16.0,8.0,12.0,15.0,13.0,15.0,16.0,33.0,12.0,12.0,6.0,12.0,4.0,3.0,1.0,2.0,2.0,2.0,5.0,10.0,17.0,23.0,12.0,15.0,13.0,9.0,11.0,9.0,9.0,18.0,13.0,18.0,320.0,160.0,1077.3000000000002,723.5,218.0,100.0,47.0,42.0,465.0,15.0,1750.3000000000002,50.5,307.0,11.0,56.0,9.0
Ibis budget Nice,2025,9,415.0,1506.6,285.0,54.0,2.0,3.0,0.4,0.6,12,1,12,12,0,349.0,0.0,66.0,827.6,0.0,679.0,240.0,0.0,63.0,26.0,0.0,28.0,32.0,32.0,0.0,0.0,35.0,0.0,0.0,2.0,314.0,0.0,0.0,0.0,424.0,232.0,0.0,0.0,94.5,0.0,0.0,23.0,733.1,0.0,0.0,0.0,31.0,30.0,0.0,0.0,29.0,0.0,0.0,2.0,211.0,0.0,0.0,0.0,12.0,14.0,0.0,0.0,8.0,0.0,0.0,2.0,18.0,0.0,0.0,0.0,29.0,37.0,12.0,10.0,8.0,5.0,1.0,2.0,2.0,8.0,13.0,18.0,30.0,17.0,10.0,24.0,11.0,31.0,23.0,30.0,19.0,19.0,20.0,36.0,71.7,88.30000000000001,27.900000000000002,22.3,21.5,10.9,4.0,4.7,5.7,38.5,60.1,129.7,111.9,91.8,33.2,79.6,62.1,140.7,99.7,114.80000000000001,78.2,57.4,68.5,83.4,21.0,19.0,9.0,8.0,6.0,3.0,1.0,2.0,2.0,6.0,12.0,12.0,16.0,15.0,8.0,16.0,9.0,23.0,18.0,25.0,17.0,14.0,16.0,25.0,10.0,14.0,3.0,7.0,7.0,4.0,1.0,2.0,2.0,5.0,9.0,11.0,12.0,13.0,9.0,12.0,7.0,20.0,12.0,18.0,13.0,10.0,13.0,11.0,268.0,147.0,1094.4,412.2,205.0,98.0,53.0,29.0,415.0,0.0,1506.6,0.0,303.0,0.0,54.0,0.0
Ibis budget Nice,2025,10,319.0,995.9999999999999,205.0,47.0,2.0,3.0,0.4,0.6,12,1,12,12,0,285.0,0.0,34.0,695.0,0.0,301.0,195.0,0.0,29.0,26.0,0.0,21.0,11.0,20.0,0.0,0.0,32.0,0.0,0.0,3.0,253.0,0.0,0.0,0.0,116.0,155.0,0.0,0.0,91.5,0.0,0.0,30.0,603.5,0.0,0.0,0.0,10.0,16.0,0.0,0.0,27.0,0.0,0.0,3.0,168.0,0.0,0.0,0.0,7.0,12.0,0.0,0.0,8.0,0.0,0.0,2.0,18.0,0.0,0.0,0.0,33.0,28.0,9.0,4.0,2.0,2.0,1.0,0.0,0.0,1.0,8.0,16.0,18.0,11.0,6.0,14.0,14.0,13.0,15.0,20.0,22.0,14.0,34.0,34.0,97.2,73.30000000000001,28.6,9.600000000000001,4.0,5.2,2.7,0.0,0.0,8.0,17.400000000000002,49.6,55.7,51.8,22.1,71.9,61.0,59.0,43.2,59.7,60.6,42.900000000000006,87.8,84.7,20.0,16.0,8.0,3.0,2.0,2.0,1.0,0.0,0.0,1.0,6.0,12.0,9.0,9.0,4.0,10.0,8.0,10.0,11.0,14.0,18.0,13.0,26.0,21.0,15.0,13.0,5.0,3.0,1.0,2.0,1.0,0.0,0.0,1.0,2.0,9.0,9.0,7.0,5.0,10.0,8.0,9.0,10.0,12.0,15.0,10.0,17.0,12.0,239.0,80.0,756.7,239.3,166.0,58.0,42.0,28.0,319.0,0.0,996.0,0.0,224.0,0.0,47.0,0.0
Ibis budget Nice,2025,11,202.0,551.1,136.0,32.0,2.0,2.0,0.5,0.5,12,1,12,12,0,190.0,3.0,9.0,449.1,6.0,96.0,132.0,2.0,9.0,26.0,1.0,5.0,7.0,2.0,0.0,0.0,17.0,0.0,0.0,0.0,173.0,0.0,0.0,3.0,84.0,12.0,0.0,0.0,46.0,0.0,0.0,0.0,403.1,0.0,0.0,6.0,7.0,2.0,0.0,0.0,14.0,0.0,0.0,0.0,118.0,0.0,0.0,2.0,3.0,2.0,0.0,0.0,8.0,0.0,0.0,0.0,18.0,0.0,0.0,1.0,12.0,7.0,6.0,4.0,5.0,0.0,1.0,3.0,0.0,12.0,5.0,11.0,5.0,5.0,6.0,5.0,12.0,9.0,8.0,12.0,19.0,9.0,25.0,21.0,27.8,16.9,14.0,9.2,14.100000000000001,0.0,2.7,6.2,0.0,38.1,12.9,36.5,12.100000000000001,25.9,23.9,10.600000000000001,27.8,20.400000000000002,27.6,28.3,48.800000000000004,19.8,66.80000000000001,60.7,7.0,4.0,3.0,2.0,2.0,0.0,1.0,2.0,0.0,8.0,4.0,10.0,4.0,5.0,5.0,3.0,10.0,6.0,6.0,7.0,15.0,8.0,15.0,16.0,9.0,6.0,4.0,3.0,5.0,0.0,1.0,2.0,0.0,7.0,5.0,9.0,4.0,5.0,6.0,3.0,9.0,5.0,6.0,8.0,11.0,5.0,7.0,10.0,109.0,93.0,261.9,289.20000000000005,78.0,65.0,25.0,26.0,195.0,7.0,524.1,27.0,136.0,7.0,31.0,3.0
Ibis budget Nice,2025,12,163.0,467.9,108.0,31.0,2.0,4.0,0.3333333333333333,0.6666666666666666,12,1,12,12,0,137.0,18.0,8.0,333.90000000000003,58.0,76.0,89.0,17.0,8.0,21.0,3.0,7.0,3.0,3.0,0.0,0.0,8.0,0.0,0.0,1.0,129.0,1.0,0.0,18.0,32.0,24.0,0.0,0.0,22.0,0.0,0.0,16.0,311.90000000000003,4.0,0.0,58.0,3.0,3.0,0.0,0.0,7.0,0.0,0.0,1.0,82.0,1.0,0.0,17.0,2.0,3.0,0.0,0.0,5.0,0.0,0.0,1.0,16.0,1.0,0.0,3.0,3.0,3.0,3.0,2.0,3.0,0.0,0.0,1.0,5.0,7.0,6.0,2.0,6.0,8.0,9.0,3.0,10.0,2.0,11.0,8.0,16.0,12.0,17.0,26.0,8.2,8.100000000000001,6.6000000000000005,4.7,7.6000000000000005,0.0,0.0,3.5,12.600000000000001,39.0,37.8,4.9,21.1,19.700000000000003,30.0,6.2,21.6,4.0,27.6,19.9,38.3,33.0,53.2,60.300000000000004,3.0,3.0,1.0,1.0,2.0,0.0,0.0,1.0,3.0,5.0,4.0,2.0,6.0,5.0,7.0,3.0,6.0,1.0,6.0,6.0,13.0,9.0,14.0,13.0,3.0,1.0,1.0,2.0,2.0,0.0,0.0,1.0,2.0,5.0,4.0,2.0,4.0,7.0,6.0,2.0,2.0,2.0,6.0,6.0,8.0,9.0,8.0,7.0,122.0,41.0,365.1,102.80000000000001,84.0,30.0,27.0,16.0,161.0,2.0,463.20000000000005,4.7,113.0,1.0,31.0,2.0
Ibis budget Strasbourg Centre République,2024,1,262.0,965.8333333333334,175.66666666666666,26.0,3.0,0.0,1.0,0.0,3,10,12,3,9,262.0,0.0,0.0,965.8333333333334,0.0,0.0,205.33333333333334,0.0,0.0,26.0,0.0,0.0,0.0,0.0,0.0,0.0,24.333333333333332,77.0,0.0,0.0,160.66666666666666,0.0,0.0,0.0,0.0,0.0,0.0,0.0,167.5,245.0,0.0,0.0,553.3333333333334,0.0,0.0,0.0,0.0,0.0,0.0,0.0,21.666666666666668,58.333333333333336,0.0,0.0,125.33333333333333,0.0,0.0,0.0,0.0,0.0,0.0,0.0,4.0,9.0,0.0,0.0,13.0,0.0,0.0,0.0,13.0,9.333333333333334,8.666666666666666,2.6666666666666665,1.0,2.3333333333333335,0.6666666666666666,1.0,2.0,1.6666666666666667,3.3333333333333335,7.0,2.3333333333333335,2.3333333333333335,1.3333333333333333,6.333333333333333,9.0,8.333333333333334,9.333333333333334,19.0,31.666666666666668,47.0,38.0,34.666666666666664,45.333333333333336,51.833333333333336,43.333333333333336,8.666666666666666,2.6666666666666665,6.666666666666667,1.6666666666666667,2.5,5.5,4.166666666666667,8.833333333333334,22.333333333333332,11.666666666666666,10.333333333333334,3.3333333333333335,19.0,27.333333333333332,32.5,38.5,63.833333333333336,118.16666666666667,156.83333333333334,134.16666666666666,146.66666666666666,10.333333333333334,5.333333333333333,6.0,2.3333333333333335,1.0,2.0,0.6666666666666666,1.0,2.0,1.6666666666666667,3.0,5.0,2.0,2.0,1.3333333333333333,4.666666666666667,7.333333333333333,7.0,8.0,17.666666666666668,23.333333333333332,36.0,28.333333333333332,27.333333333333332,6.666666666666667,7.0,5.0,2.3333333333333335,1.0,2.0,0.6666666666666666,0.6666666666666666,1.6666666666666667,1.6666666666666667,3.0,5.0,1.6666666666666667,2.3333333333333335,1.3333333333333333,5.0,6.666666666666667,7.0,7.0,11.0,13.0,14.333333333333334,14.0,12.0,189.0,73.0,672.3333333333334,293.5,153.33333333333334,52.0,25.0,20.666666666666668,249.0,13.0,914.0,51.833333333333336,195.33333333333334,10.0,26.0,7.666666666666667
Ibis budget Strasbourg Centre République,2024,2,262.0,965.8333333333334,175.66666666666666,26.0,3.0,0.0,1.0,0.0,3,10,12,3,9,262.0,0.0,0.0,965.8333333333334,0.0,0.0,205.33333333333334,0.0,0.0,26.0,0.0,0.0,0.0,0.0,0.0,0.0,24.333333333333332,77.0,0.0,0.0,160.66666666666666,0.0,0.0,0.0,0.0,0.0,0.0,0.0,167.5,245.0,0.0,0.0,553.3333333333334,0.0,0.0,0.0,0.0,0.0,0.0,0.0,21.666666666666668,58.333333333333336,0.0,0.0,125.33333333333333,0.0,0.0,0.0,0.0,0.0,0.0,0.0,4.0,9.0,0.0,0.0,13.0,0.0,0.0,0.0,13.0,9.333333333333334,8.666666666666666,2.6666666666666665,1.0,2.3333333333333335,0.6666666666666666,1.0,2.0,1.6666666666666667,3.3333333333333335,7.0,2.3333333333333335,2.3333333333333335,1.3333333333333333,6.333333333333333,9.0,8.333333333333334,9.333333333333334,19.0,31.666666666666668,47.0,38.0,34.666666666666664,45.333333333333336,51.833333333333336,43.333333333333336,8.666666666666666,2.6666666666666665,6.666666666666667,1.6666666666666667,2.5,5.5,4.166666666666667,8.833333333333334,22.333333333333332,11.666666666666666,10.333333333333334,3.3333333333333335,19.0,27.333333333333332,32.5,38.5,63.833333333333336,118.16666666666667,156.83333333333334,134.16666666666666,146.66666666666666,10.333333333333334,5.333333333333333,6.0,2.3333333333333335,1.0,2.0,0.6666666666666666,1.0,2.0,1.6666666666666667,3.0,5.0,2.0,2.0,1.3333333333333333,4.666666666666667,7.333333333333333,7.0,8.0,17.666666666666668,23.333333333333332,36.0,28.333333333333332,27.333333333333332,6.666666666666667,7.0,5.0,2.3333333333333335,1.0,2.0,0.6666666666666666,0.6666666666666666,1.6666666666666667,1.6666666666666667,3.0,5.0,1.6666666666666667,2.3333333333333335,1.3333333333333333,5.0,6.666666666666667,7.0,7.0,11.0,13.0,14.333333333333334,14.0,12.0,189.0,73.0,672.3333333333334,293.5,153.33333333333334,52.0,25.0,20.666666666666668,249.0,13.0,914.0,51.833333333333336,195.33333333333334,10.0,26.0,7.666666666666667
Ibis budget Strasbourg Centre République,2024,3,262.0,965.8333333333334,175.66666666666666,26.0,3.0,0.0,1.0,0.0,3,10,12,3,9,262.0,0.0,0.0,965.8333333333334,0.0,0.0,205.33333333333334,0.0,0.0,26.0,0.0,0.0,0.0,0.0,0.0,0.0,24.333333333333332,77.0,0.0,0.0,160.66666666666666,0.0,0.0,0.0,0.0,0.0,0.0,0.0,167.5,245.0,0.0,0.0,553.3333333333334,0.0,0.0,0.0,0.0,0.0,0.0,0.0,21.666666666666668,58.333333333333336,0.0,0.0,125.33333333333333,0.0,0.0,0.0,0.0,0.0,0.0,0.0,4.0,9.0,0.0,0.0,13.0,0.0,0.0,0.0,13.0,9.333333333333334,8.666666666666666,2.6666666666666665,1.0,2.3333333333333335,0.6666666666666666,1.0,2.0,1.6666666666666667,3.3333333333333335,7.0,2.3333333333333335,2.3333333333333335,1.3333333333333333,6.333333333333333,9.0,8.333333333333334,9.333333333333334,19.0,31.666666666666668,47.0,38.0,34.666666666666664,45.333333333333336,51.833333333333336,43.333333333333336,8.666666666666666,2.6666666666666665,6.666666666666667,1.6666666666666667,2.5,5.5,4.166666666666667,8.833333333333334,22.333333333333332,11.666666666666666,10.333333333333334,3.3333333333333335,19.0,27.333333333333332,32.5,38.5,63.833333333333336,118.16666666666667,156.83333333333334,134.16666666666666,146.66666666666666,10.333333333333334,5.333333333333333,6.0,2.3333333333333335,1.0,2.0,0.6666666666666666,1.0,2.0,1.6666666666666667,3.0,5.0,2.0,2.0,1.3333333333333333,4.666666666666667,7.333333333333333,7.0,8.0,17.666666666666668,23.333333333333332,36.0,28.333333333333332,27.333333333333332,6.666666666666667,7.0,5.0,2.3333333333333335,1.0,2.0,0.6666666666666666,0.6666666666666666,1.6666666666666667,1.6666666666666667,3.0,5.0,1.6666666666666667,2.3333333333333335,1.3333333333333333,5.0,6.666666666666667,7.0,7.0,11.0,13.0,14.333333333333334,14.0,12.0,189.0,73.0,672.3333333333334,293.5,153.33333333333334,52.0,25.0,20.666666666666668,249.0,13.0,914.0,51.833333333333336,195.33333333333334,10.0,26.0,7.666666666666667
Ibis budget Strasbourg Centre République,2024,4,262.0,965.8333333333334,175.66666666666666,26.0,3.0,0.0,1.0,0.0,3,10,12,3,9,262.0,0.0,0.0,965.8333333333334,0.0,0.0,205.33333333333334,0.0,0.0,26.0,0.0,0.0,0.0,0.0,0.0,0.0,24.333333333333332,77.0,0.0,0.0,160.66666666666666,0.0,0.0,0.0,0.0,0.0,0.0,0.0,167.5,245.0,0.0,0.0,553.3333333333334,0.0,0.0,0.0,0.0,0.0,0.0,0.0,21.666666666666668,58.333333333333336,0.0,0.0,125.33333333333333,0.0,0.0,0.0,0.0,0.0,0.0,0.0,4.0,9.0,0.0,0.0,13.0,0.0,0.0,0.0,13.0,9.333333333333334,8.666666666666666,2.6666666666666665,1.0,2.3333333333333335,0.6666666666666666,1.0,2.0,1.6666666666666667,3.3333333333333335,7.0,2.3333333333333335,2.3333333333333335,1.3333333333333333,6.333333333333333,9.0,8.333333333333334,9.333333333333334,19.0,31.666666666666668,47.0,38.0,34.666666666666664,45.333333333333336,51.833333333333336,43.333333333333336,8.666666666666666,2.6666666666666665,6.666666666666667,1.6666666666666667,2.5,5.5,4.166666666666667,8.833333333333334,22.333333333333332,11.666666666666666,10.333333333333334,3.3333333333333335,19.0,27.333333333333332,32.5,38.5,63.833333333333336,118.16666666666667,156.83333333333334,134.16666666666666,146.66666666666666,10.333333333333334,5.333333333333333,6.0,2.3333333333333335,1.0,2.0,0.6666666666666666,1.0,2.0,1.6666666666666667,3.0,5.0,2.0,2.0,1.3333333333333333,4.666666666666667,7.333333333333333,7.0,8.0,17.666666666666668,23.333333333333332,36.0,28.333333333333332,27.333333333333332,6.666666666666667,7.0,5.0,2.3333333333333335,1.0,2.0,0.6666666666666666,0.6666666666666666,1.6666666666666667,1.6666666666666667,3.0,5.0,1.6666666666666667,2.3333333333333335,1.3333333333333333,5.0,6.666666666666667,7.0,7.0,11.0,13.0,14.333333333333334,14.0,12.0,189.0,73.0,672.3333333333334,293.5,153.33333333333334,52.0,25.0,20.666666666666668,249.0,13.0,914.0,51.833333333333336,195.33333333333334,10.0,26.0,7.666666666666667
Ibis budget Strasbourg Centre République,2024,5,262.0,965.8333333333334,175.66666666666666,26.0,3.0,0.0,1.0,0.0,3,10,12,3,9,262.0,0.0,0.0,965.8333333333334,0.0,0.0,205.33333333333334,0.0,0.0,26.0,0.0,0.0,0.0,0.0,0.0,0.0,24.333333333333332,77.0,0.0,0.0,160.66666666666666,0.0,0.0,0.0,0.0,0.0,0.0,0.0,167.5,245.0,0.0,0.0,553.3333333333334,0.0,0.0,0.0,0.0,0.0,0.0,0.0,21.666666666666668,58.333333333333336,0.0,0.0,125.33333333333333,0.0,0.0,0.0,0.0,0.0,0.0,0.0,4.0,9.0,0.0,0.0,13.0,0.0,0.0,0.0,13.0,9.333333333333334,8.666666666666666,2.6666666666666665,1.0,2.3333333333333335,0.6666666666666666,1.0,2.0,1.6666666666666667,3.3333333333333335,7.0,2.3333333333333335,2.3333333333333335,1.3333333333333333,6.333333333333333,9.0,8.333333333333334,9.333333333333334,19.0,31.666666666666668,47.0,38.0,34.666666666666664,45.333333333333336,51.833333333333336,43.333333333333336,8.666666666666666,2.6666666666666665,6.666666666666667,1.6666666666666667,2.5,5.5,4.166666666666667,8.833333333333334,22.333333333333332,11.666666666666666,10.333333333333334,3.3333333333333335,19.0,27.333333333333332,32.5,38.5,63.833333333333336,118.16666666666667,156.83333333333334,134.16666666666666,146.66666666666666,10.333333333333334,5.333333333333333,6.0,2.3333333333333335,1.0,2.0,0.6666666666666666,1.0,2.0,1.6666666666666667,3.0,5.0,2.0,2.0,1.3333333333333333,4.666666666666667,7.333333333333333,7.0,8.0,17.666666666666668,23.333333333333332,36.0,28.333333333333332,27.333333333333332,6.666666666666667,7.0,5.0,2.3333333333333335,1.0,2.0,0.6666666666666666,0.6666666666666666,1.6666666666666667,1.6666666666666667,3.0,5.0,1.6666666666666667,2.3333333333333335,1.3333333333333333,5.0,6.666666666666667,7.0,7.0,11.0,13.0,14.333333333333334,14.0,12.0,189.0,73.0,672.3333333333334,293.5,153.33333333333334,52.0,25.0,20.666666666666668,249.0,13.0,914.0,51.833333333333336,195.33333333333334,10.0,26.0,7.666666666666667
Ibis budget Strasbourg Centre République,2024,6,262.0,965.8333333333334,175.66666666666666,26.0,3.0,0.0,1.0,0.0,3,10,12,3,9,262.0,0.0,0.0,965.8333333333334,0.0,0.0,205.33333333333334,0.0,0.0,26.0,0.0,0.0,0.0,0.0,0.0,0.0,24.333333333333332,77.0,0.0,0.0,160.66666666666666,0.0,0.0,0.0,0.0,0.0,0.0,0.0,167.5,245.0,0.0,0.0,553.3333333333334,0.0,0.0,0.0,0.0,0.0,0.0,0.0,21.666666666666668,58.333333333333336,0.0,0.0,125.33333333333333,0.0,0.0,0.0,0.0,0.0,0.0,0.0,4.0,9.0,0.0,0.0,13.0,0.0,0.0,0.0,13.0,9.333333333333334,8.666666666666666,2.6666666666666665,1.0,2.3333333333333335,0.6666666666666666,1.0,2.0,1.6666666666666667,3.3333333333333335,7.0,2.3333333333333335,2.3333333333333335,1.3333333333333333,6.333333333333333,9.0,8.333333333333334,9.333333333333334,19.0,31.666666666666668,47.0,38.0,34.666666666666664,45.333333333333336,51.833333333333336,43.333333333333336,8.666666666666666,2.6666666666666665,6.666666666666667,1.6666666666666667,2.5,5.5,4.166666666666667,8.833333333333334,22.333333333333332,11.666666666666666,10.333333333333334,3.3333333333333335,19.0,27.333333333333332,32.5,38.5,63.833333333333336,118.16666666666667,156.83333333333334,134.16666666666666,146.66666666666666,10.333333333333334,5.333333333333333,6.0,2.3333333333333335,1.0,2.0,0.6666666666666666,1.0,2.0,1.6666666666666667,3.0,5.0,2.0,2.0,1.3333333333333333,4.666666666666667,7.333333333333333,7.0,8.0,17.666666666666668,23.333333333333332,36.0,28.333333333333332,27.333333333333332,6.666666666666667,7.0,5.0,2.3333333333333335,1.0,2.0,0.6666666666666666,0.6666666666666666,1.6666666666666667,1.6666666666666667,3.0,5.0,1.6666666666666667,2.3333333333333335,1.3333333333333333,5.0,6.666666666666667,7.0,7.0,11.0,13.0,14.333333333333334,14.0,12.0,189.0,73.0,672.3333333333334,293.5,153.33333333333334,52.0,25.0,20.666666666666668,249.0,13.0,914.0,51.833333333333336,195.33333333333334,10.0,26.0,7.666666666666667
Ibis budget Strasbourg Centre République,2024,7,262.0,965.8333333333334,175.66666666666666,26.0,3.0,0.0,1.0,0.0,3,10,12,3,9,262.0,0.0,0.0,965.8333333333334,0.0,0.0,205.33333333333334,0.0,0.0,26.0,0.0,0.0,0.0,0.0,0.0,0.0,24.333333333333332,77.0,0.0,0.0,160.66666666666666,0.0,0.0,0.0,0.0,0.0,0.0,0.0,167.5,245.0,0.0,0.0,553.3333333333334,0.0,0.0,0.0,0.0,0.0,0.0,0.0,21.666666666666668,58.333333333333336,0.0,0.0,125.33333333333333,0.0,0.0,0.0,0.0,0.0,0.0,0.0,4.0,9.0,0.0,0.0,13.0,0.0,0.0,0.0,13.0,9.333333333333334,8.666666666666666,2.6666666666666665,1.0,2.3333333333333335,0.6666666666666666,1.0,2.0,1.6666666666666667,3.3333333333333335,7.0,2.3333333333333335,2.3333333333333335,1.3333333333333333,6.333333333333333,9.0,8.333333333333334,9.333333333333334,19.0,31.666666666666668,47.0,38.0,34.666666666666664,45.333333333333336,51.833333333333336,43.333333333333336,8.666666666666666,2.6666666666666665,6.666666666666667,1.6666666666666667,2.5,5.5,4.166666666666667,8.833333333333334,22.333333333333332,11.666666666666666,10.333333333333334,3.3333333333333335,19.0,27.333333333333332,32.5,38.5,63.833333333333336,118.16666666666667,156.83333333333334,134.16666666666666,146.66666666666666,10.333333333333334,5.333333333333333,6.0,2.3333333333333335,1.0,2.0,0.6666666666666666,1.0,2.0,1.6666666666666667,3.0,5.0,2.0,2.0,1.3333333333333333,4.666666666666667,7.333333333333333,7.0,8.0,17.666666666666668,23.333333333333332,36.0,28.333333333333332,27.333333333333332,6.666666666666667,7.0,5.0,2.3333333333333335,1.0,2.0,0.6666666666666666,0.6666666666666666,1.6666666666666667,1.6666666666666667,3.0,5.0,1.6666666666666667,2.3333333333333335,1.3333333333333333,5.0,6.666666666666667,7.0,7.0,11.0,13.0,14.333333333333334,14.0,12.0,189.0,73.0,672.3333333333334,293.5,153.33333333333334,52.0,25.0,20.666666666666668,249.0,13.0,914.0,51.833333333333336,195.33333333333334,10.0,26.0,7.666666666666667
Ibis budget Strasbourg Centre République,2024,8,262.0,965.8333333333334,175.66666666666666,26.0,3.0,0.0,1.0,0.0,3,10,12,3,9,262.0,0.0,0.0,965.8333333333334,0.0,0.0,205.33333333333334,0.0,0.0,26.0,0.0,0.0,0.0,0.0,0.0,0.0,24.333333333333332,77.0,0.0,0.0,160.66666666666666,0.0,0.0,0.0,0.0,0.0,0.0,0.0,167.5,245.0,0.0,0.0,553.3333333333334,0.0,0.0,0.0,0.0,0.0,0.0,0.0,21.666666666666668,58.333333333333336,0.0,0.0,125.33333333333333,0.0,0.0,0.0,0.0,0.0,0.0,0.0,4.0,9.0,0.0,0.0,13.0,0.0,0.0,0.0,13.0,9.333333333333334,8.666666666666666,2.6666666666666665,1.0,2.3333333333333335,0.6666666666666666,1.0,2.0,1.6666666666666667,3.3333333333333335,7.0,2.3333333333333335,2.3333333333333335,1.3333333333333333,6.333333333333333,9.0,8.333333333333334,9.333333333333334,19.0,31.666666666666668,47.0,38.0,34.666666666666664,45.333333333333336,51.833333333333336,43.333333333333336,8.666666666666666,2.6666666666666665,6.666666666666667,1.6666666666666667,2.5,5.5,4.166666666666667,8.833333333333334,22.333333333333332,11.666666666666666,10.333333333333334,3.3333333333333335,19.0,27.333333333333332,32.5,38.5,63.833333333333336,118.16666666666667,156.83333333333334,134.16666666666666,146.66666666666666,10.333333333333334,5.333333333333333,6.0,2.3333333333333335,1.0,2.0,0.6666666666666666,1.0,2.0,1.6666666666666667,3.0,5.0,2.0,2.0,1.3333333333333333,4.666666666666667,7.333333333333333,7.0,8.0,17.666666666666668,23.333333333333332,36.0,28.333333333333332,27.333333333333332,6.666666666666667,7.0,5.0,2.3333333333333335,1.0,2.0,0.6666666666666666,0.6666666666666666,1.6666666666666667,1.6666666666666667,3.0,5.0,1.6666666666666667,2.3333333333333335,1.3333333333333333,5.0,6.666666666666667,7.0,7.0,11.0,13.0,14.333333333333334,14.0,12.0,189.0,73.0,672.3333333333334,293.5,153.33333333333334,52.0,25.0,20.666666666666668,249.0,13.0,914.0,51.833333333333336,195.33333333333334,10.0,26.0,7.666666666666667
Ibis budget Strasbourg Centre République,2024,9,262.0,965.8333333333334,175.66666666666666,26.0,3.0,0.0,1.0,0.0,3,10,12,3,9,262.0,0.0,0.0,965.8333333333334,0.0,0.0,205.33333333333334,0.0,0.0,26.0,0.0,0.0,0.0,0.0,0.0,0.0,24.333333333333332,77.0,0.0,0.0,160.66666666666666,0.0,0.0,0.0,0.0,0.0,0.0,0.0,167.5,245.0,0.0,0.0,553.3333333333334,0.0,0.0,0.0,0.0,0.0,0.0,0.0,21.666666666666668,58.333333333333336,0.0,0.0,125.33333333333333,0.0,0.0,0.0,0.0,0.0,0.0,0.0,4.0,9.0,0.0,0.0,13.0,0.0,0.0,0.0,13.0,9.333333333333334,8.666666666666666,2.6666666666666665,1.0,2.3333333333333335,0.6666666666666666,1.0,2.0,1.6666666666666667,3.3333333333333335,7.0,2.3333333333333335,2.3333333333333335,1.3333333333333333,6.333333333333333,9.0,8.333333333333334,9.333333333333334,19.0,31.666666666666668,47.0,38.0,34.666666666666664,45.333333333333336,51.833333333333336,43.333333333333336,8.666666666666666,2.6666666666666665,6.666666666666667,1.6666666666666667,2.5,5.5,4.166666666666667,8.833333333333334,22.333333333333332,11.666666666666666,10.333333333333334,3.3333333333333335,19.0,27.333333333333332,32.5,38.5,63.833333333333336,118.16666666666667,156.83333333333334,134.16666666666666,146.66666666666666,10.333333333333334,5.333333333333333,6.0,2.3333333333333335,1.0,2.0,0.6666666666666666,1.0,2.0,1.6666666666666667,3.0,5.0,2.0,2.0,1.3333333333333333,4.666666666666667,7.333333333333333,7.0,8.0,17.666666666666668,23.333333333333332,36.0,28.333333333333332,27.333333333333332,6.666666666666667,7.0,5.0,2.3333333333333335,1.0,2.0,0.6666666666666666,0.6666666666666666,1.6666666666666667,1.6666666666666667,3.0,5.0,1.6666666666666667,2.3333333333333335,1.3333333333333333,5.0,6.666666666666667,7.0,7.0,11.0,13.0,14.333333333333334,14.0,12.0,189.0,73.0,672.3333333333334,293.5,153.33333333333334,52.0,25.0,20.666666666666668,249.0,13.0,914.0,51.833333333333336,195.33333333333334,10.0,26.0,7.666666666666667
Ibis budget Strasbourg Centre République,2024,10,151.0,618.5,99.0,22.0,3.0,0.0,1.0,0.0,3,10,12,3,9,151.0,0.0,0.0,618.5,0.0,0.0,112.0,0.0,0.0,22.0,0.0,0.0,0.0,0.0,0.0,0.0,15.0,39.0,0.0,0.0,97.0,0.0,0.0,0.0,0.0,0.0,0.0,0.0,142.5,138.5,0.0,0.0,337.5,0.0,0.0,0.0,0.0,0.0,0.0,0.0,13.0,26.0,0.0,0.0,73.0,0.0,0.0,0.0,0.0,0.0,0.0,0.0,4.0,6.0,0.0,0.0,12.0,0.0,0.0,0.0,11.0,12.0,8.0,4.0,2.0,3.0,0.0,0.0,1.0,2.0,1.0,2.0,1.0,1.0,0.0,6.0,8.0,6.0,8.0,12.0,19.0,21.0,11.0,12.0,38.0,110.5,41.5,10.5,5.5,8.5,0.0,0.0,3.0,5.0,3.0,5.0,15.0,3.0,0.0,23.0,26.0,20.5,28.0,44.0,76.5,73.5,42.5,36.0,7.0,5.0,4.0,4.0,2.0,3.0,0.0,0.0,1.0,2.0,1.0,2.0,1.0,1.0,0.0,4.0,6.0,5.0,7.0,12.0,12.0,15.0,8.0,10.0,4.0,7.0,4.0,4.0,2.0,2.0,0.0,0.0,1.0,2.0,1.0,2.0,1.0,1.0,0.0,5.0,6.0,5.0,5.0,8.0,10.0,9.0,10.0,8.0,106.0,45.0,379.5,239.0,83.0,29.0,21.0,18.0,151.0,0.0,618.5,0.0,112.0,0.0,22.0,0.0
Ibis budget Strasbourg Centre République,2024,11,252.0,943.5,173.0,29.0,3.0,0.0,1.0,0.0,3,10,12,3,9,252.0,0.0,0.0,943.5,0.0,0.0,210.0,0.0,0.0,29.0,0.0,0.0,0.0,0.0,0.0,0.0,27.0,91.0,0.0,0.0,134.0,0.0,0.0,0.0,0.0,0.0,0.0,0.0,265.0,274.0,0.0,0.0,404.5,0.0,0.0,0.0,0.0,0.0,0.0,0.0,23.0,73.0,0.0,0.0,114.0,0.0,0.0,0.0,0.0,0.0,0.0,0.0,4.0,11.0,0.0,0.0,14.0,0.0,0.0,0.0,10.0,10.0,9.0,1.0,1.0,2.0,0.0,2.0,2.0,0.0,5.0,12.0,0.0,4.0,1.0,0.0,4.0,10.0,7.0,20.0,28.0,42.0,37.0,45.0,48.0,30.0,36.0,3.0,2.5,6.0,0.0,5.0,5.0,0.0,13.0,44.5,0.0,23.0,2.5,0.0,10.0,53.0,30.0,79.0,122.0,147.0,137.0,147.0,9.0,7.0,8.0,1.0,1.0,1.0,0.0,2.0,2.0,0.0,4.0,7.0,0.0,3.0,1.0,0.0,4.0,9.0,7.0,20.0,22.0,36.0,26.0,40.0,6.0,8.0,7.0,1.0,1.0,2.0,0.0,1.0,2.0,0.0,5.0,9.0,0.0,4.0,1.0,0.0,4.0,8.0,7.0,14.0,13.0,18.0,15.0,17.0,182.0,70.0,680.0,263.5,157.0,53.0,27.0,22.0,233.0,19.0,873.5,70.0,194.0,16.0,29.0,12.0
Ibis budget Strasbourg Centre République,2024,12,383.0,1335.5,255.0,27.0,3.0,0.0,1.0,0.0,3,10,12,3,9,383.0,0.0,0.0,1335.5,0.0,0.0,294.0,0.0,0.0,27.0,0.0,0.0,0.0,0.0,0.0,0.0,31.0,101.0,0.0,0.0,251.0,0.0,0.0,0.0,0.0,0.0,0.0,0.0,95.0,322.5,0.0,0.0,918.0,0.0,0.0,0.0,0.0,0.0,0.0,0.0,29.0,76.0,0.0,0.0,189.0,0.0,0.0,0.0,0.0,0.0,0.0,0.0,4.0,10.0,0.0,0.0,13.0,0.0,0.0,0.0,18.0,6.0,9.0,3.0,0.0,2.0,2.0,1.0,3.0,3.0,4.0,7.0,6.0,2.0,3.0,13.0,15.0,9.0,13.0,25.0,48.0,78.0,66.0,47.0,50.0,15.0,52.5,12.5,0.0,5.5,5.0,2.5,8.5,7.5,10.5,17.5,20.0,5.0,7.5,34.0,46.0,24.0,57.5,68.5,156.0,250.0,223.0,257.0,15.0,4.0,6.0,2.0,0.0,2.0,2.0,1.0,3.0,3.0,4.0,6.0,5.0,2.0,3.0,10.0,12.0,7.0,10.0,21.0,36.0,57.0,51.0,32.0,10.0,6.0,4.0,2.0,0.0,2.0,2.0,1.0,2.0,3.0,3.0,4.0,4.0,2.0,3.0,10.0,10.0,8.0,9.0,11.0,16.0,16.0,17.0,11.0,279.0,104.0,957.5,378.0,220.0,74.0,27.0,22.0,363.0,20.0,1250.0,85.5,280.0,14.0,27.0,11.0
Ibis budget Strasbourg Centre République,2025,1,217.0,700.5,143.0,23.0,3.0,0.0,1.0,0.0,12,1,12,12,0,217.0,0.0,0.0,700.5,0.0,0.0,168.0,0.0,0.0,23.0,0.0,0.0,0.0,0.0,0.0,0.0,21.0,55.0,0.0,0.0,141.0,0.0,0.0,0.0,0.0,0.0,0.0,0.0,82.5,176.0,0.0,0.0,442.0,0.0,0.0,0.0,0.0,0.0,0.0,0.0,18.0,41.0,0.0,0.0,109.0,0.0,0.0,0.0,0.0,0.0,0.0,0.0,2.0,8.0,0.0,0.0,13.0,0.0,0.0,0.0,14.0,7.0,12.0,8.0,4.0,0.0,0.0,0.0,3.0,6.0,6.0,3.0,4.0,10.0,2.0,0.0,11.0,8.0,4.0,12.0,14.0,26.0,40.0,23.0,36.5,19.5,36.5,20.5,11.0,0.0,0.0,0.0,8.5,21.0,15.5,7.5,10.0,30.5,5.0,0.0,27.5,21.0,15.0,60.0,35.0,75.0,185.0,60.0,12.0,6.0,9.0,7.0,3.0,0.0,0.0,0.0,3.0,4.0,6.0,3.0,4.0,8.0,2.0,0.0,11.0,7.0,3.0,7.0,12.0,19.0,24.0,18.0,13.0,5.0,8.0,6.0,3.0,0.0,0.0,0.0,3.0,3.0,4.0,3.0,3.0,7.0,2.0,0.0,8.0,5.0,2.0,4.0,8.0,10.0,14.0,14.0,179.0,38.0,550.0,150.5,144.0,24.0,23.0,15.0,192.0,25.0,632.5,68.0,145.0,23.0,23.0,12.0
Ibis budget Strasbourg Centre République,2025,2,196.0,745.0,111.0,24.0,3.0,0.0,1.0,0.0,12,1,12,12,0,196.0,0.0,0.0,745.0,0.0,0.0,129.0,0.0,0.0,24.0,0.0,0.0,0.0,0.0,0.0,0.0,21.0,57.0,0.0,0.0,118.0,0.0,0.0,0.0,0.0,0.0,0.0,0.0,85.0,193.5,0.0,0.0,466.5,0.0,0.0,0.0,0.0,0.0,0.0,0.0,16.0,28.0,0.0,0.0,85.0,0.0,0.0,0.0,0.0,0.0,0.0,0.0,3.0,8.0,0.0,0.0,13.0,0.0,0.0,0.0,9.0,11.0,6.0,0.0,4.0,1.0,1.0,2.0,6.0,9.0,2.0,2.0,4.0,3.0,1.0,2.0,2.0,6.0,10.0,7.0,34.0,27.0,31.0,16.0,32.5,58.0,20.0,0.0,20.0,3.0,2.5,5.0,20.0,75.5,5.0,5.0,10.5,13.5,2.5,5.0,5.5,16.0,26.0,35.0,152.5,92.0,88.5,51.5,6.0,7.0,4.0,0.0,2.0,1.0,1.0,2.0,5.0,5.0,2.0,2.0,3.0,2.0,1.0,2.0,2.0,4.0,10.0,4.0,13.0,19.0,20.0,12.0,5.0,7.0,5.0,0.0,2.0,1.0,1.0,2.0,4.0,5.0,2.0,2.0,4.0,2.0,1.0,2.0,2.0,6.0,6.0,6.0,14.0,13.0,16.0,8.0,133.0,63.0,442.0,303.0,93.0,36.0,22.0,19.0,196.0,0.0,745.0,0.0,129.0,0.0,24.0,0.0
Ibis budget Strasbourg Centre République,2025,3,270.0,924.5,175.0,27.0,3.0,0.0,1.0,0.0,12,1,12,12,0,270.0,0.0,0.0,924.5,0.0,0.0,205.0,0.0,0.0,27.0,0.0,0.0,0.0,0.0,0.0,0.0,22.0,98.0,0.0,0.0,150.0,0.0,0.0,0.0,0.0,0.0,0.0,0.0,166.5,320.0,0.0,0.0,438.0,0.0,0.0,0.0,0.0,0.0,0.0,0.0,19.0,65.0,0.0,0.0,121.0,0.0,0.0,0.0,0.0,0.0,0.0,0.0,5.0,10.0,0.0,0.0,12.0,0.0,0.0,0.0,16.0,10.0,1.0,5.0,1.0,0.0,1.0,1.0,6.0,2.0,1.0,1.0,17.0,0.0,6.0,8.0,9.0,11.0,10.0,18.0,24.0,63.0,40.0,19.0,52.0,31.0,3.5,55.5,3.5,0.0,2.5,3.0,15.5,5.0,2.5,2.5,49.5,0.0,30.5,20.0,28.0,29.5,48.0,58.0,69.0,213.5,141.5,60.5,11.0,6.0,1.0,4.0,1.0,0.0,1.0,1.0,5.0,2.0,1.0,1.0,12.0,0.0,5.0,8.0,6.0,10.0,7.0,16.0,20.0,44.0,29.0,14.0,8.0,8.0,1.0,3.0,1.0,0.0,1.0,1.0,5.0,2.0,1.0,1.0,9.0,0.0,6.0,7.0,8.0,7.0,8.0,13.0,13.0,21.0,19.0,8.0,172.0,98.0,573.0,351.5,134.0,71.0,27.0,24.0,270.0,0.0,924.5,0.0,205.0,0.0,27.0,0.0
Ibis budget Strasbourg Centre République,2025,4,293.0,1078.0,183.0,25.0,3.0,0.0,1.0,0.0,12,1,12,12,0,293.0,0.0,0.0,1078.0,0.0,0.0,221.0,0.0,0.0,25.0,0.0,0.0,0.0,0.0,0.0,0.0,25.0,67.0,0.0,0.0,201.0,0.0,0.0,0.0,0.0,0.0,0.0,0.0,202.5,231.0,0.0,0.0,644.5,0.0,0.0,0.0,0.0,0.0,0.0,0.0,22.0,50.0,0.0,0.0,149.0,0.0,0.0,0.0,0.0,0.0,0.0,0.0,5.0,9.0,0.0,0.0,11.0,0.0,0.0,0.0,12.0,10.0,3.0,1.0,2.0,1.0,0.0,0.0,2.0,1.0,7.0,6.0,8.0,3.0,9.0,8.0,9.0,15.0,7.0,20.0,32.0,38.0,52.0,47.0,40.0,26.0,7.5,3.5,5.0,2.5,0.0,0.0,5.0,2.5,17.5,20.0,25.0,13.0,28.5,20.5,22.5,37.5,23.0,77.0,205.0,169.0,171.0,156.5,11.0,10.0,3.0,1.0,2.0,1.0,0.0,0.0,2.0,1.0,6.0,5.0,7.0,3.0,8.0,7.0,8.0,12.0,6.0,15.0,20.0,24.0,34.0,35.0,11.0,9.0,3.0,1.0,2.0,1.0,0.0,0.0,2.0,1.0,6.0,5.0,6.0,3.0,8.0,7.0,5.0,7.0,4.0,14.0,19.0,16.0,15.0,15.0,210.0,83.0,768.0,310.0,157.0,64.0,24.0,20.0,293.0,0.0,1078.0,0.0,221.0,0.0,25.0,0.0
Ibis budget Strasbourg Centre République,2025,5,213.0,654.0,142.0,23.0,3.0,0.0,1.0,0.0,12,1,12,12,0,213.0,0.0,0.0,654.0,0.0,0.0,166.0,0.0,0.0,23.0,0.0,0.0,0.0,0.0,0.0,0.0,12.0,41.0,0.0,0.0,160.0,0.0,0.0,0.0,0.0,0.0,0.0,0.0,45.0,123.0,0.0,0.0,486.0,0.0,0.0,0.0,0.0,0.0,0.0,0.0,11.0,31.0,0.0,0.0,124.0,0.0,0.0,0.0,0.0,0.0,0.0,0.0,4.0,9.0,0.0,0.0,10.0,0.0,0.0,0.0,15.0,2.0,0.0,0.0,4.0,5.0,2.0,8.0,2.0,4.0,1.0,3.0,1.0,2.0,4.0,6.0,8.0,13.0,9.0,8.0,13.0,32.0,48.0,23.0,62.5,5.0,0.0,0.0,10.0,12.5,5.0,28.0,6.0,11.0,2.5,8.5,2.5,5.5,10.5,24.0,25.0,39.0,27.5,20.0,38.5,96.0,151.5,63.0,11.0,2.0,0.0,0.0,4.0,4.0,1.0,5.0,2.0,3.0,1.0,3.0,1.0,2.0,3.0,5.0,6.0,9.0,8.0,4.0,12.0,25.0,40.0,15.0,4.0,1.0,0.0,0.0,4.0,5.0,2.0,4.0,2.0,4.0,1.0,3.0,1.0,2.0,4.0,3.0,7.0,8.0,5.0,6.0,7.0,14.0,19.0,11.0,149.0,64.0,479.0,175.0,117.0,49.0,23.0,16.0,181.0,32.0,537.5,116.5,142.0,24.0,23.0,13.0
Ibis budget Strasbourg Centre République,2025,6,480.0,1709.0,311.0,25.0,3.0,0.0,1.0,0.0,12,1,12,12,0,480.0,0.0,0.0,1709.0,0.0,0.0,358.0,0.0,0.0,25.0,0.0,0.0,0.0,0.0,0.0,0.0,41.0,87.0,0.0,0.0,352.0,0.0,0.0,0.0,0.0,0.0,0.0,0.0,163.5,235.5,0.0,0.0,1310.0,0.0,0.0,0.0,0.0,0.0,0.0,0.0,33.0,74.0,0.0,0.0,251.0,0.0,0.0,0.0,0.0,0.0,0.0,0.0,4.0,10.0,0.0,0.0,11.0,0.0,0.0,0.0,35.0,8.0,24.0,14.0,10.0,2.0,0.0,6.0,6.0,8.0,6.0,9.0,13.0,16.0,9.0,24.0,15.0,29.0,56.0,17.0,30.0,29.0,70.0,44.0,99.0,23.0,97.5,41.0,40.0,6.0,0.0,20.0,20.0,25.0,15.0,22.5,43.0,45.5,25.0,195.0,52.5,79.0,296.0,53.0,80.5,98.5,209.0,123.0,28.0,7.0,18.0,10.0,6.0,2.0,0.0,4.0,5.0,6.0,6.0,8.0,8.0,13.0,7.0,8.0,11.0,25.0,36.0,12.0,27.0,23.0,57.0,31.0,16.0,5.0,14.0,12.0,6.0,2.0,0.0,4.0,3.0,5.0,4.0,9.0,8.0,11.0,8.0,11.0,8.0,16.0,16.0,10.0,13.0,17.0,18.0,15.0,292.0,188.0,1153.0,556.0,210.0,148.0,24.0,23.0,480.0,0.0,1709.0,0.0,358.0,0.0,25.0,0.0
Ibis budget Strasbourg Centre République,2025,7,410.0,1475.5,242.0,23.0,3.0,0.0,1.0,0.0,12,1,12,12,0,410.0,0.0,0.0,1475.5,0.0,0.0,285.0,0.0,0.0,23.0,0.0,0.0,0.0,0.0,0.0,0.0,47.0,96.0,0.0,0.0,267.0,0.0,0.0,0.0,0.0,0.0,0.0,0.0,270.5,309.5,0.0,0.0,895.5,0.0,0.0,0.0,0.0,0.0,0.0,0.0,30.0,63.0,0.0,0.0,192.0,0.0,0.0,0.0,0.0,0.0,0.0,0.0,4.0,8.0,0.0,0.0,11.0,0.0,0.0,0.0,37.0,17.0,13.0,5.0,2.0,3.0,1.0,1.0,2.0,1.0,3.0,10.0,6.0,8.0,1.0,11.0,16.0,14.0,6.0,22.0,42.0,74.0,61.0,54.0,116.0,72.5,38.0,20.0,5.0,8.0,2.5,3.5,5.0,3.5,12.5,33.5,23.5,30.0,2.5,63.5,46.0,38.5,18.0,62.5,188.0,241.5,238.0,203.5,24.0,9.0,10.0,4.0,2.0,2.0,1.0,1.0,2.0,1.0,2.0,9.0,5.0,5.0,1.0,6.0,12.0,13.0,6.0,19.0,23.0,52.0,41.0,35.0,14.0,11.0,7.0,3.0,1.0,3.0,1.0,1.0,2.0,1.0,1.0,6.0,5.0,5.0,1.0,5.0,8.0,11.0,6.0,14.0,16.0,19.0,18.0,19.0,299.0,111.0,1074.0,401.5,215.0,70.0,22.0,23.0,390.0,20.0,1399.0,76.5,273.0,12.0,23.0,9.0
Ibis budget Strasbourg Centre République,2025,8,546.0,1768.5,352.0,23.0,3.0,0.0,1.0,0.0,12,1,12,12,0,546.0,0.0,0.0,1768.5,0.0,0.0,391.0,0.0,0.0,23.0,0.0,0.0,0.0,0.0,0.0,0.0,41.0,80.0,0.0,0.0,425.0,0.0,0.0,0.0,0.0,0.0,0.0,0.0,205.5,222.5,0.0,0.0,1340.5,0.0,0.0,0.0,0.0,0.0,0.0,0.0,34.0,61.0,0.0,0.0,296.0,0.0,0.0,0.0,0.0,0.0,0.0,0.0,4.0,8.0,0.0,0.0,11.0,0.0,0.0,0.0,24.0,11.0,11.0,5.0,1.0,0.0,1.0,3.0,7.0,8.0,11.0,18.0,10.0,12.0,15.0,8.0,11.0,31.0,19.0,40.0,51.0,89.0,108.0,52.0,76.0,52.5,32.5,12.5,2.5,0.0,2.5,7.5,26.0,21.5,27.5,60.5,27.5,40.0,47.5,21.5,27.5,89.5,64.5,125.0,155.5,308.0,389.5,151.0,19.0,6.0,7.0,4.0,1.0,0.0,1.0,3.0,5.0,8.0,7.0,12.0,8.0,10.0,10.0,6.0,9.0,21.0,16.0,35.0,35.0,62.0,66.0,40.0,12.0,7.0,9.0,4.0,1.0,0.0,1.0,3.0,5.0,4.0,8.0,9.0,7.0,8.0,8.0,7.0,7.0,13.0,13.0,13.0,19.0,16.0,20.0,18.0,345.0,201.0,1098.5,670.0,256.0,135.0,23.0,20.0,511.0,35.0,1660.5,108.0,365.0,26.0,23.0,10.0
Ibis budget Strasbourg Centre République,2025,9,207.0,639.0,163.0,22.0,3.0,0.0,1.0,0.0,12,1,12,12,0,207.0,0.0,0.0,639.0,0.0,0.0,178.0,0.0,0.0,22.0,0.0,0.0,0.0,0.0,0.0,0.0,17.0,47.0,0.0,0.0,143.0,0.0,0.0,0.0,0.0,0.0,0.0,0.0,80.0,130.5,0.0,0.0,428.5,0.0,0.0,0.0,0.0,0.0,0.0,0.0,14.0,40.0,0.0,0.0,124.0,0.0,0.0,0.0,0.0,0.0,0.0,0.0,3.0,8.0,0.0,0.0,11.0,0.0,0.0,0.0,15.0,14.0,3.0,2.0,0.0,0.0,0.0,2.0,0.0,0.0,4.0,6.0,1.0,5.0,8.0,5.0,15.0,7.0,11.0,4.0,16.0,27.0,40.0,22.0,48.5,40.5,7.5,5.0,0.0,0.0,0.0,5.0,0.0,0.0,10.0,20.0,2.5,17.5,20.0,12.5,48.5,17.5,35.0,10.0,40.0,75.5,133.0,90.5,12.0,12.0,3.0,2.0,0.0,0.0,0.0,2.0,0.0,0.0,4.0,5.0,1.0,5.0,7.0,5.0,13.0,6.0,9.0,3.0,15.0,23.0,33.0,18.0,6.0,8.0,3.0,2.0,0.0,0.0,0.0,2.0,0.0,0.0,4.0,4.0,1.0,4.0,4.0,3.0,9.0,7.0,8.0,3.0,6.0,14.0,17.0,9.0,138.0,69.0,407.5,231.5,122.0,56.0,21.0,14.0,207.0,0.0,639.0,0.0,178.0,0.0,22.0,0.0
Ibis budget Strasbourg Centre République,2025,10,309.0,990.5,215.0,23.0,3.0,0.0,1.0,0.0,12,1,12,12,0,309.0,0.0,0.0,990.5,0.0,0.0,246.0,0.0,0.0,23.0,0.0,0.0,0.0,0.0,0.0,0.0,32.0,66.0,0.0,0.0,211.0,0.0,0.0,0.0,0.0,0.0,0.0,0.0,125.0,198.0,0.0,0.0,667.5,0.0,0.0,0.0,0.0,0.0,0.0,0.0,25.0,52.0,0.0,0.0,169.0,0.0,0.0,0.0,0.0,0.0,0.0,0.0,3.0,9.0,0.0,0.0,11.0,0.0,0.0,0.0,24.0,12.0,4.0,5.0,1.0,1.0,3.0,2.0,6.0,2.0,3.0,4.0,4.0,3.0,7.0,12.0,14.0,18.0,11.0,19.0,15.0,60.0,59.0,20.0,97.5,31.0,10.0,12.5,5.0,2.5,7.5,5.0,20.0,5.0,7.5,10.0,10.0,7.5,17.5,40.0,53.0,60.0,33.5,55.5,40.0,202.5,202.0,55.5,18.0,10.0,3.0,4.0,1.0,1.0,3.0,2.0,5.0,1.0,3.0,4.0,3.0,3.0,7.0,8.0,9.0,16.0,8.0,19.0,14.0,44.0,44.0,16.0,9.0,9.0,4.0,5.0,1.0,1.0,3.0,2.0,4.0,2.0,2.0,3.0,3.0,2.0,6.0,9.0,10.0,13.0,9.0,12.0,8.0,17.0,18.0,9.0,244.0,65.0,793.0,197.5,193.0,53.0,23.0,20.0,309.0,0.0,990.5,0.0,246.0,0.0,23.0,0.0
Ibis budget Strasbourg Centre République,2025,11,354.0,1192.5,212.0,22.0,3.0,0.0,1.0,0.0,12,1,12,12,0,354.0,0.0,0.0,1192.5,0.0,0.0,262.0,0.0,0.0,22.0,0.0,0.0,0.0,0.0,0.0,0.0,44.0,93.0,0.0,0.0,217.0,0.0,0.0,0.0,0.0,0.0,0.0,0.0,185.0,287.0,0.0,0.0,720.5,0.0,0.0,0.0,0.0,0.0,0.0,0.0,34.0,64.0,0.0,0.0,164.0,0.0,0.0,0.0,0.0,0.0,0.0,0.0,3.0,8.0,0.0,0.0,11.0,0.0,0.0,0.0,69.0,19.0,3.0,3.0,2.0,0.0,2.0,2.0,4.0,8.0,3.0,5.0,7.0,4.0,5.0,6.0,6.0,14.0,8.0,33.0,20.0,50.0,49.0,32.0,266.5,80.0,12.5,7.5,7.5,0.0,7.0,5.0,10.5,25.5,14.5,13.0,18.0,15.0,12.5,15.0,20.5,41.0,20.0,105.0,62.5,162.0,165.5,106.0,45.0,11.0,2.0,3.0,2.0,0.0,2.0,2.0,4.0,5.0,2.0,5.0,2.0,3.0,5.0,6.0,5.0,11.0,8.0,24.0,16.0,38.0,35.0,26.0,19.0,8.0,2.0,3.0,2.0,0.0,1.0,1.0,4.0,5.0,2.0,5.0,7.0,2.0,5.0,3.0,5.0,10.0,6.0,18.0,10.0,18.0,15.0,12.0,226.0,128.0,770.5,422.0,166.0,96.0,22.0,22.0,342.0,12.0,1144.5,48.0,256.0,6.0,22.0,7.0
Ibis budget Strasbourg Centre République,2025,12,627.0,2114.5,397.0,22.0,3.0,0.0,1.0,0.0,12,1,12,12,0,627.0,0.0,0.0,2114.5,0.0,0.0,465.0,0.0,0.0,22.0,0.0,0.0,0.0,0.0,0.0,0.0,51.0,143.0,0.0,0.0,433.0,0.0,0.0,0.0,0.0,0.0,0.0,0.0,200.0,407.0,0.0,0.0,1507.5,0.0,0.0,0.0,0.0,0.0,0.0,0.0,40.0,101.0,0.0,0.0,324.0,0.0,0.0,0.0,0.0,0.0,0.0,0.0,3.0,8.0,0.0,0.0,11.0,0.0,0.0,0.0,31.0,11.0,8.0,4.0,4.0,0.0,4.0,1.0,8.0,9.0,8.0,7.0,10.0,6.0,23.0,8.0,9.0,24.0,32.0,37.0,60.0,127.0,112.0,84.0,97.5,33.5,32.0,15.5,11.0,0.0,15.0,2.5,21.0,30.0,21.0,23.0,27.0,20.0,102.0,20.0,23.5,76.0,96.0,123.5,202.5,419.5,357.5,345.0,22.0,10.0,5.0,2.0,4.0,0.0,3.0,1.0,8.0,8.0,8.0,5.0,7.0,5.0,14.0,7.0,9.0,20.0,24.0,28.0,45.0,89.0,83.0,58.0,12.0,6.0,5.0,3.0,4.0,0.0,1.0,1.0,7.0,6.0,5.0,6.0,6.0,4.0,12.0,7.0,7.0,11.0,16.0,14.0,19.0,21.0,21.0,18.0,442.0,185.0,1505.0,609.5,321.0,144.0,22.0,21.0,613.0,14.0,2054.5,60.0,456.0,9.0,22.0,6.0
Mercure Paris Montmartre Sacré-Cœur,2024,1,2.0,1.0,2.0,1.0,0.0,1.0,0.0,1.0,12,1,12,12,0,0.0,0.0,2.0,0.0,0.0,1.0,0.0,0.0,2.0,0.0,0.0,1.0,0.0,0.0,0.0,2.0,0.0,0.0,0.0,0.0,0.0,0.0,0.0,0.0,0.0,0.0,0.0,1.0,0.0,0.0,0.0,0.0,0.0,0.0,0.0,0.0,0.0,0.0,0.0,2.0,0.0,0.0,0.0,0.0,0.0,0.0,0.0,0.0,0.0,0.0,0.0,1.0,0.0,0.0,0.0,0.0,0.0,0.0,0.0,0.0,0.0,0.0,0.0,0.0,0.0,0.0,0.0,0.0,0.0,0.0,0.0,0.0,1.0,1.0,0.0,0.0,0.0,0.0,0.0,0.0,0.0,0.0,0.0,0.0,0.0,0.0,0.0,0.0,0.0,0.0,0.0,0.0,0.0,0.0,0.0,0.0,0.5,0.5,0.0,0.0,0.0,0.0,0.0,0.0,0.0,0.0,0.0,0.0,0.0,0.0,0.0,0.0,0.0,0.0,0.0,0.0,0.0,0.0,0.0,0.0,1.0,1.0,0.0,0.0,0.0,0.0,0.0,0.0,0.0,0.0,0.0,0.0,0.0,0.0,0.0,0.0,0.0,0.0,0.0,0.0,0.0,0.0,0.0,0.0,1.0,1.0,0.0,0.0,0.0,0.0,0.0,0.0,0.0,0.0,0.0,0.0,2.0,0.0,1.0,0.0,2.0,0.0,1.0,0.0,2.0,0.0,1.0,0.0,2.0,0.0,1.0,0.0
Mercure Paris Montmartre Sacré-Cœur,2024,2,376.0,2982.5,268.0,47.0,4.0,2.0,0.6666666666666666,0.3333333333333333,12,1,12,12,0,365.0,0.0,11.0,2604.5,0.0,378.0,277.0,0.0,8.0,40.0,0.0,7.0,0.0,0.0,46.0,7.0,45.0,31.0,0.0,0.0,243.0,4.0,0.0,0.0,0.0,0.0,435.0,290.0,208.0,170.0,0.0,0.0,1791.5,88.0,0.0,0.0,0.0,0.0,37.0,4.0,35.0,28.0,0.0,0.0,177.0,4.0,0.0,0.0,0.0,0.0,8.0,5.0,11.0,13.0,0.0,0.0,8.0,2.0,0.0,0.0,25.0,18.0,11.0,6.0,6.0,7.0,1.0,6.0,5.0,3.0,7.0,4.0,7.0,2.0,10.0,10.0,20.0,19.0,28.0,8.0,31.0,42.0,54.0,46.0,173.0,163.0,59.0,40.5,90.0,45.0,5.0,30.0,28.0,17.0,44.5,87.0,63.5,9.5,117.0,257.0,123.0,109.0,192.5,49.0,257.0,396.0,348.0,279.0,18.0,13.0,8.0,5.0,3.0,4.0,1.0,6.0,5.0,3.0,5.0,3.0,7.0,2.0,6.0,7.0,15.0,17.0,16.0,6.0,20.0,28.0,44.0,43.0,9.0,8.0,9.0,3.0,3.0,6.0,1.0,6.0,5.0,3.0,4.0,3.0,5.0,2.0,7.0,7.0,11.0,13.0,18.0,4.0,12.0,12.0,20.0,21.0,251.0,125.0,1744.5,1238.0,195.0,90.0,38.0,35.0,376.0,0.0,2982.5,0.0,285.0,0.0,47.0,0.0
Mercure Paris Montmartre Sacré-Cœur,2024,3,653.0,4557.0,446.0,45.0,4.0,3.0,0.5714285714285714,0.42857142857142855,12,1,12,12,0,632.0,0.0,21.0,3935.0,0.0,622.0,488.0,0.0,17.0,35.0,0.0,10.0,0.0,0.0,71.0,7.0,31.0,107.0,0.0,0.0,423.0,12.0,2.0,0.0,0.0,0.0,584.0,160.0,189.0,397.0,0.0,0.0,2765.0,418.0,44.0,0.0,0.0,0.0,57.0,6.0,26.0,85.0,0.0,0.0,320.0,9.0,2.0,0.0,0.0,0.0,9.0,6.0,7.0,11.0,0.0,0.0,8.0,3.0,1.0,0.0,56.0,23.0,13.0,17.0,2.0,2.0,6.0,17.0,13.0,16.0,6.0,15.0,4.0,20.0,12.0,45.0,40.0,26.0,25.0,22.0,45.0,49.0,82.0,97.0,356.0,172.0,82.0,82.0,20.0,9.5,60.0,178.0,109.5,181.5,36.5,123.0,31.0,130.5,58.0,251.0,243.0,270.5,223.5,180.0,305.5,364.0,515.5,574.5,49.0,18.0,9.0,12.0,1.0,2.0,4.0,9.0,9.0,14.0,6.0,13.0,3.0,13.0,12.0,35.0,31.0,17.0,21.0,19.0,32.0,36.0,64.0,76.0,18.0,9.0,5.0,11.0,1.0,2.0,2.0,4.0,7.0,10.0,6.0,8.0,2.0,6.0,7.0,16.0,13.0,11.0,14.0,14.0,17.0,14.0,19.0,16.0,418.0,235.0,2985.5,1571.5,325.0,180.0,37.0,32.0,653.0,0.0,4557.0,0.0,505.0,0.0,45.0,0.0
Mercure Paris Montmartre Sacré-Cœur,2024,4,749.0,5671.0,519.0,54.0,5.0,3.0,0.625,0.375,12,1,12,12,0,722.0,0.0,27.0,4870.0,0.0,801.0,556.0,0.0,21.0,40.0,0.0,14.0,0.0,0.0,113.0,13.0,55.0,86.0,0.0,0.0,462.0,9.0,11.0,0.0,0.0,0.0,1054.0,341.0,279.0,366.0,0.0,0.0,3003.0,236.0,392.0,0.0,0.0,0.0,87.0,10.0,54.0,59.0,0.0,0.0,352.0,7.0,8.0,0.0,0.0,0.0,9.0,8.0,11.0,8.0,0.0,0.0,11.0,5.0,2.0,0.0,73.0,47.0,13.0,1.0,0.0,5.0,4.0,9.0,23.0,18.0,12.0,12.0,11.0,16.0,18.0,21.0,37.0,54.0,42.0,27.0,41.0,60.0,93.0,112.0,472.5,251.0,76.0,5.0,0.0,24.5,20.0,90.0,144.0,270.5,214.0,55.0,63.0,109.0,163.0,169.0,356.0,428.5,396.5,406.5,253.5,352.0,589.0,762.5,54.0,39.0,11.0,1.0,0.0,5.0,4.0,7.0,19.0,13.0,9.0,9.0,11.0,10.0,10.0,16.0,26.0,40.0,33.0,17.0,29.0,48.0,77.0,89.0,19.0,12.0,8.0,1.0,0.0,4.0,1.0,4.0,8.0,9.0,6.0,7.0,6.0,9.0,10.0,10.0,13.0,19.0,17.0,16.0,18.0,20.0,23.0,21.0,487.0,262.0,3686.0,1985.0,378.0,199.0,46.0,34.0,749.0,0.0,5671.0,0.0,577.0,0.0,54.0,0.0
Mercure Paris Montmartre Sacré-Cœur,2024,5,640.0,4848.0,409.0,41.0,4.0,3.0,0.5714285714285714,0.42857142857142855,12,1,12,12,0,618.0,0.0,22.0,4529.0,0.0,319.0,446.0,0.0,17.0,29.0,0.0,12.0,0.0,0.0,99.0,7.0,68.0,67.0,0.0,0.0,384.0,14.0,1.0,0.0,0.0,0.0,1039.0,163.0,431.0,299.0,0.0,0.0,2760.0,124.0,32.0,0.0,0.0,0.0,68.0,6.0,60.0,45.0,0.0,0.0,273.0,10.0,1.0,0.0,0.0,0.0,4.0,5.0,10.0,6.0,0.0,0.0,9.0,6.0,1.0,0.0,76.0,28.0,10.0,0.0,6.0,3.0,8.0,11.0,26.0,7.0,7.0,3.0,16.0,11.0,4.0,23.0,21.0,24.0,44.0,30.0,33.0,52.0,112.0,85.0,665.0,228.0,70.0,0.0,27.0,29.0,68.0,68.0,170.0,118.0,82.0,22.0,113.0,78.0,18.0,146.0,153.0,189.0,301.0,194.0,217.0,322.0,948.0,622.0,52.0,18.0,7.0,0.0,5.0,2.0,5.0,7.0,19.0,5.0,3.0,3.0,10.0,9.0,4.0,13.0,14.0,18.0,34.0,24.0,25.0,41.0,79.0,66.0,18.0,10.0,4.0,0.0,6.0,2.0,4.0,6.0,8.0,5.0,3.0,3.0,8.0,7.0,3.0,10.0,8.0,12.0,18.0,10.0,13.0,18.0,26.0,21.0,457.0,183.0,3444.0,1404.0,327.0,136.0,37.0,32.0,603.0,37.0,4509.0,339.0,436.0,27.0,41.0,16.0
Mercure Paris Montmartre Sacré-Cœur,2024,6,807.0,5937.0,522.0,33.0,5.0,3.0,0.625,0.375,12,1,12,12,0,800.0,0.0,7.0,5730.0,0.0,207.0,575.0,0.0,5.0,29.0,0.0,4.0,0.0,0.0,71.0,5.0,56.0,107.0,0.0,0.0,563.0,1.0,4.0,0.0,0.0,0.0,674.0,157.0,296.0,391.0,0.0,0.0,4324.0,8.0,87.0,0.0,0.0,0.0,49.0,3.0,49.0,80.0,0.0,0.0,394.0,1.0,4.0,0.0,0.0,0.0,4.0,2.0,10.0,4.0,0.0,0.0,10.0,1.0,2.0,0.0,80.0,33.0,9.0,11.0,10.0,7.0,6.0,17.0,38.0,14.0,17.0,10.0,19.0,5.0,25.0,37.0,36.0,57.0,42.0,30.0,52.0,57.0,102.0,93.0,567.0,346.0,40.0,157.0,88.0,30.0,25.0,108.0,193.0,82.0,103.0,70.0,226.0,25.0,183.0,232.0,225.0,481.0,259.0,213.0,446.0,407.0,773.0,658.0,56.0,20.0,8.0,6.0,6.0,4.0,4.0,14.0,30.0,13.0,15.0,6.0,10.0,5.0,17.0,26.0,30.0,35.0,33.0,20.0,36.0,42.0,72.0,72.0,12.0,12.0,6.0,4.0,6.0,6.0,4.0,6.0,10.0,9.0,5.0,5.0,8.0,5.0,12.0,12.0,11.0,15.0,12.0,10.0,14.0,14.0,18.0,19.0,604.0,203.0,4606.0,1331.0,423.0,157.0,28.0,25.0,807.0,0.0,5937.0,0.0,580.0,0.0,33.0,0.0
Mercure Paris Montmartre Sacré-Cœur,2024,7,654.0,6826.0,384.0,34.0,5.0,3.0,0.625,0.375,12,1,12,12,0,646.0,0.0,8.0,6662.0,0.0,164.0,433.0,0.0,6.0,27.0,0.0,7.0,0.0,0.0,96.0,4.0,58.0,128.0,0.0,0.0,363.0,3.0,2.0,0.0,0.0,0.0,1221.0,108.0,340.0,451.0,0.0,0.0,4635.0,34.0,37.0,0.0,0.0,0.0,63.0,2.0,49.0,91.0,0.0,0.0,229.0,3.0,2.0,0.0,0.0,0.0,5.0,4.0,6.0,6.0,0.0,0.0,9.0,2.0,2.0,0.0,81.0,55.0,24.0,11.0,9.0,2.0,8.0,7.0,11.0,13.0,14.0,7.0,6.0,12.0,6.0,16.0,21.0,26.0,8.0,28.0,56.0,77.0,72.0,84.0,2420.0,397.0,184.0,104.0,117.0,10.0,60.0,139.0,51.0,81.0,138.0,38.0,23.0,57.0,28.0,87.0,247.0,188.0,34.0,190.0,420.0,610.0,591.0,612.0,43.0,36.0,18.0,6.0,3.0,2.0,5.0,6.0,9.0,10.0,6.0,5.0,4.0,10.0,4.0,10.0,12.0,20.0,8.0,22.0,31.0,54.0,52.0,63.0,16.0,13.0,10.0,7.0,3.0,2.0,3.0,5.0,8.0,5.0,6.0,6.0,4.0,10.0,5.0,8.0,12.0,10.0,5.0,10.0,11.0,18.0,19.0,18.0,555.0,99.0,6062.0,764.0,366.0,73.0,32.0,20.0,653.0,1.0,6821.0,5.0,438.0,1.0,34.0,1.0
Mercure Paris Montmartre Sacré-Cœur,2024,8,621.0,5285.0,343.0,25.0,4.0,2.0,0.6666666666666666,0.3333333333333333,12,1,12,12,0,615.0,0.0,6.0,5182.0,0.0,103.0,398.0,0.0,5.0,22.0,0.0,3.0,0.0,0.0,98.0,0.0,53.0,122.0,0.0,0.0,342.0,5.0,1.0,0.0,0.0,0.0,1321.0,0.0,293.0,568.0,0.0,0.0,3000.0,61.0,42.0,0.0,0.0,0.0,67.0,0.0,46.0,72.0,0.0,0.0,213.0,4.0,1.0,0.0,0.0,0.0,4.0,0.0,3.0,6.0,0.0,0.0,9.0,2.0,1.0,0.0,64.0,32.0,16.0,1.0,3.0,1.0,1.0,2.0,13.0,8.0,7.0,2.0,12.0,14.0,25.0,10.0,26.0,34.0,40.0,17.0,58.0,62.0,74.0,99.0,428.0,265.0,101.0,5.0,12.0,5.0,5.0,7.0,193.0,150.0,32.0,10.0,120.0,78.0,252.0,70.0,336.0,195.0,285.0,173.0,635.0,560.0,513.0,855.0,40.0,20.0,9.0,1.0,3.0,1.0,1.0,2.0,7.0,3.0,6.0,2.0,7.0,12.0,14.0,7.0,16.0,23.0,33.0,11.0,29.0,44.0,53.0,59.0,15.0,11.0,7.0,1.0,3.0,1.0,1.0,2.0,6.0,3.0,6.0,2.0,7.0,9.0,8.0,5.0,10.0,11.0,12.0,8.0,14.0,18.0,18.0,18.0,444.0,177.0,3667.0,1618.0,288.0,115.0,22.0,22.0,600.0,21.0,5087.0,198.0,390.0,13.0,25.0,7.0
Mercure Paris Montmartre Sacré-Cœur,2024,9,903.0,7992.0,534.0,26.0,4.0,2.0,0.6666666666666666,0.3333333333333333,12,1,12,12,0,900.0,0.0,3.0,7938.0,0.0,54.0,626.0,0.0,3.0,23.0,0.0,3.0,0.0,0.0,185.0,0.0,96.0,107.0,0.0,0.0,512.0,2.0,1.0,0.0,0.0,0.0,2750.0,0.0,564.0,494.0,0.0,0.0,4130.0,12.0,42.0,0.0,0.0,0.0,135.0,0.0,83.0,75.0,0.0,0.0,333.0,2.0,1.0,0.0,0.0,0.0,4.0,0.0,3.0,7.0,0.0,0.0,9.0,2.0,1.0,0.0,97.0,46.0,12.0,24.0,4.0,7.0,17.0,28.0,16.0,7.0,12.0,13.0,6.0,25.0,18.0,34.0,42.0,60.0,29.0,61.0,74.0,62.0,116.0,93.0,1018.0,471.0,88.0,189.0,30.0,33.0,235.0,203.0,140.0,60.0,108.0,112.0,30.0,145.0,170.0,368.0,338.0,468.0,232.0,600.0,590.0,503.0,987.0,874.0,65.0,32.0,10.0,17.0,2.0,5.0,10.0,18.0,10.0,5.0,8.0,8.0,6.0,16.0,11.0,22.0,29.0,40.0,20.0,41.0,54.0,44.0,89.0,67.0,16.0,13.0,7.0,11.0,3.0,5.0,5.0,9.0,5.0,5.0,5.0,7.0,4.0,10.0,7.0,11.0,16.0,16.0,10.0,16.0,13.0,16.0,18.0,17.0,607.0,296.0,5406.0,2586.0,420.0,209.0,24.0,23.0,903.0,0.0,7992.0,0.0,629.0,0.0,26.0,0.0
Mercure Paris Montmartre Sacré-Cœur,2024,10,1058.0,9518.0,576.0,27.0,4.0,2.0,0.6666666666666666,0.3333333333333333,12,1,12,12,0,1046.0,0.0,12.0,9208.0,0.0,310.0,688.0,0.0,7.0,20.0,0.0,7.0,0.0,0.0,182.0,0.0,116.0,98.0,0.0,0.0,650.0,7.0,5.0,0.0,0.0,0.0,2857.0,0.0,742.0,499.0,0.0,0.0,5110.0,91.0,219.0,0.0,0.0,0.0,123.0,0.0,96.0,69.0,0.0,0.0,400.0,5.0,2.0,0.0,0.0,0.0,4.0,0.0,3.0,4.0,0.0,0.0,9.0,3.0,4.0,0.0,81.0,48.0,32.0,32.0,1.0,15.0,16.0,4.0,14.0,13.0,10.0,21.0,12.0,28.0,19.0,34.0,32.0,64.0,32.0,67.0,69.0,130.0,138.0,146.0,643.0,400.0,204.0,300.0,5.0,215.0,170.0,20.0,120.0,125.0,80.0,127.0,103.0,258.0,135.0,322.0,254.0,595.0,268.0,793.0,671.0,1072.0,1414.0,1224.0,53.0,34.0,27.0,21.0,1.0,8.0,11.0,4.0,10.0,11.0,7.0,16.0,9.0,16.0,9.0,23.0,20.0,43.0,18.0,43.0,43.0,86.0,81.0,101.0,14.0,10.0,11.0,13.0,1.0,9.0,9.0,3.0,9.0,8.0,7.0,11.0,9.0,9.0,8.0,13.0,11.0,15.0,13.0,18.0,14.0,16.0,22.0,18.0,737.0,321.0,6464.0,3054.0,485.0,210.0,27.0,18.0,1058.0,0.0,9518.0,0.0,695.0,0.0,27.0,0.0
Mercure Paris Montmartre Sacré-Cœur,2024,11,708.0,5706.0,389.0,26.0,5.0,2.0,0.7142857142857143,0.2857142857142857,12,1,12,12,0,705.0,0.0,3.0,5673.0,0.0,33.0,466.0,0.0,3.0,23.0,0.0,3.0,0.0,0.0,96.0,2.0,77.0,94.0,0.0,0.0,437.0,1.0,1.0,0.0,0.0,0.0,1458.0,25.0,539.0,386.0,0.0,0.0,3275.0,8.0,15.0,0.0,0.0,0.0,66.0,2.0,57.0,65.0,0.0,0.0,277.0,1.0,1.0,0.0,0.0,0.0,5.0,2.0,4.0,4.0,0.0,0.0,9.0,1.0,1.0,0.0,46.0,29.0,18.0,17.0,12.0,13.0,0.0,8.0,9.0,7.0,0.0,10.0,19.0,8.0,27.0,19.0,43.0,17.0,35.0,41.0,57.0,53.0,98.0,122.0,261.0,293.0,165.0,195.0,210.0,205.0,0.0,55.0,65.0,35.0,0.0,73.0,141.0,38.0,183.0,130.0,364.0,100.0,355.0,264.0,456.0,434.0,745.0,939.0,34.0,21.0,13.0,7.0,3.0,5.0,0.0,6.0,6.0,7.0,0.0,8.0,10.0,6.0,17.0,14.0,27.0,11.0,26.0,31.0,36.0,33.0,66.0,82.0,12.0,12.0,11.0,5.0,3.0,4.0,0.0,7.0,5.0,4.0,0.0,6.0,6.0,6.0,11.0,11.0,15.0,11.0,14.0,15.0,14.0,16.0,18.0,22.0,477.0,231.0,3854.0,1852.0,315.0,154.0,25.0,22.0,653.0,55.0,5149.0,557.0,434.0,35.0,26.0,13.0
Mercure Paris Montmartre Sacré-Cœur,2024,12,618.0,5509.0,380.0,24.0,4.0,1.0,0.8,0.2,12,1,12,12,0,613.0,0.0,5.0,5429.0,0.0,80.0,423.0,0.0,4.0,21.0,0.0,3.0,0.0,0.0,113.0,5.0,58.0,98.0,0.0,0.0,344.0,0.0,0.0,0.0,0.0,0.0,2039.0,80.0,338.0,432.0,0.0,0.0,2620.0,0.0,0.0,0.0,0.0,0.0,76.0,4.0,47.0,60.0,0.0,0.0,240.0,0.0,0.0,0.0,0.0,0.0,4.0,3.0,4.0,4.0,0.0,0.0,9.0,0.0,0.0,0.0,60.0,37.0,32.0,12.0,11.0,3.0,0.0,8.0,13.0,14.0,4.0,9.0,11.0,8.0,20.0,10.0,22.0,36.0,35.0,25.0,50.0,42.0,65.0,91.0,546.0,353.0,403.0,87.0,88.0,40.0,0.0,80.0,107.0,103.0,20.0,72.0,64.0,76.0,152.0,72.0,148.0,195.0,394.0,246.0,460.0,452.0,569.0,782.0,46.0,25.0,19.0,9.0,6.0,3.0,0.0,4.0,12.0,11.0,3.0,6.0,8.0,4.0,14.0,6.0,15.0,26.0,20.0,17.0,35.0,27.0,43.0,68.0,17.0,12.0,11.0,6.0,5.0,3.0,0.0,4.0,8.0,7.0,3.0,6.0,7.0,4.0,7.0,4.0,10.0,10.0,14.0,11.0,14.0,11.0,17.0,19.0,434.0,184.0,3789.0,1720.0,300.0,127.0,23.0,21.0,590.0,28.0,5229.0,280.0,408.0,19.0,24.0,11.0
Mercure Paris Montmartre Sacré-Cœur,2025,1,597.0,5178.0,337.0,26.0,5.0,2.0,0.7142857142857143,0.2857142857142857,12,1,12,12,0,588.0,0.0,9.0,5068.0,0.0,110.0,402.0,0.0,9.0,23.0,0.0,3.0,0.0,0.0,81.0,6.0,54.0,131.0,0.0,0.0,320.0,3.0,2.0,0.0,0.0,0.0,1514.0,72.0,274.0,621.0,0.0,0.0,2630.0,38.0,29.0,0.0,0.0,0.0,63.0,6.0,46.0,71.0,0.0,0.0,220.0,3.0,2.0,0.0,0.0,0.0,4.0,1.0,4.0,4.0,0.0,0.0,9.0,2.0,2.0,0.0,55.0,26.0,34.0,24.0,12.0,8.0,8.0,3.0,19.0,19.0,13.0,13.0,26.0,22.0,15.0,16.0,12.0,20.0,17.0,34.0,30.0,37.0,70.0,64.0,613.0,185.0,196.0,306.0,59.0,90.0,104.0,35.0,123.0,132.0,75.0,87.0,373.0,196.0,119.0,121.0,82.0,127.0,330.0,312.0,224.0,252.0,526.0,511.0,34.0,22.0,22.0,13.0,8.0,4.0,5.0,3.0,14.0,17.0,10.0,9.0,14.0,14.0,11.0,11.0,10.0,11.0,11.0,22.0,23.0,34.0,45.0,44.0,18.0,11.0,13.0,10.0,7.0,3.0,5.0,3.0,7.0,8.0,4.0,6.0,7.0,12.0,9.0,10.0,8.0,10.0,12.0,10.0,13.0,16.0,15.0,19.0,463.0,134.0,4044.0,1134.0,314.0,97.0,25.0,21.0,503.0,94.0,4475.0,703.0,357.0,54.0,25.0,19.0
Mercure Paris Montmartre Sacré-Cœur,2025,2,513.0,4731.0,327.0,28.0,5.0,3.0,0.625,0.375,12,1,12,12,0,499.0,0.0,14.0,4240.0,0.0,491.0,382.0,0.0,12.0,23.0,0.0,5.0,0.0,0.0,75.0,5.0,67.0,83.0,0.0,0.0,272.0,4.0,7.0,0.0,0.0,0.0,1803.0,60.0,347.0,271.0,0.0,0.0,1790.0,53.0,407.0,0.0,0.0,0.0,50.0,5.0,52.0,65.0,0.0,0.0,213.0,4.0,5.0,0.0,0.0,0.0,4.0,1.0,4.0,4.0,0.0,0.0,9.0,2.0,4.0,0.0,67.0,31.0,6.0,40.0,6.0,1.0,4.0,3.0,6.0,8.0,13.0,18.0,1.0,4.0,12.0,11.0,23.0,25.0,27.0,20.0,21.0,35.0,49.0,82.0,665.0,229.0,50.0,483.0,420.0,5.0,30.0,13.0,32.0,53.0,107.0,128.0,5.0,30.0,94.0,65.0,134.0,175.0,241.0,195.0,114.0,255.0,349.0,859.0,52.0,25.0,4.0,30.0,3.0,1.0,3.0,3.0,5.0,8.0,12.0,15.0,1.0,3.0,9.0,8.0,18.0,17.0,20.0,17.0,19.0,26.0,37.0,58.0,16.0,11.0,3.0,13.0,3.0,1.0,3.0,3.0,4.0,5.0,8.0,8.0,1.0,3.0,5.0,7.0,12.0,15.0,12.0,11.0,7.0,12.0,15.0,22.0,276.0,237.0,2272.0,2459.0,205.0,189.0,27.0,22.0,513.0,0.0,4731.0,0.0,394.0,0.0,28.0,0.0
Mercure Paris Montmartre Sacré-Cœur,2025,3,569.0,4669.0,358.0,26.0,5.0,2.0,0.7142857142857143,0.2857142857142857,12,1,12,12,0,561.0,0.0,8.0,4575.0,0.0,94.0,413.0,0.0,8.0,22.0,0.0,4.0,0.0,0.0,88.0,5.0,64.0,99.0,0.0,0.0,309.0,3.0,1.0,0.0,0.0,0.0,1601.0,78.0,338.0,367.0,0.0,0.0,2255.0,16.0,14.0,0.0,0.0,0.0,67.0,5.0,52.0,69.0,0.0,0.0,224.0,3.0,1.0,0.0,0.0,0.0,5.0,2.0,3.0,4.0,0.0,0.0,9.0,2.0,1.0,0.0,47.0,40.0,20.0,8.0,11.0,2.0,6.0,13.0,26.0,8.0,11.0,9.0,12.0,7.0,12.0,9.0,32.0,30.0,24.0,14.0,31.0,67.0,53.0,77.0,374.0,447.0,260.0,107.0,78.0,20.0,30.0,82.0,150.0,40.0,109.0,42.0,68.0,31.0,78.0,48.0,456.0,139.0,270.0,60.0,216.0,568.0,503.0,493.0,32.0,25.0,13.0,4.0,9.0,1.0,5.0,8.0,23.0,6.0,8.0,9.0,10.0,6.0,8.0,8.0,17.0,22.0,19.0,10.0,23.0,49.0,42.0,64.0,13.0,14.0,8.0,4.0,7.0,1.0,5.0,9.0,11.0,6.0,6.0,6.0,7.0,4.0,6.0,7.0,12.0,11.0,8.0,7.0,13.0,16.0,14.0,14.0,359.0,210.0,3096.0,1573.0,267.0,154.0,24.0,20.0,569.0,0.0,4669.0,0.0,421.0,0.0,26.0,0.0
Mercure Paris Montmartre Sacré-Cœur,2025,4,508.0,4450.0,332.0,23.0,4.0,1.0,0.8,0.2,12,1,12,12,0,503.0,0.0,5.0,4387.0,0.0,63.0,363.0,0.0,5.0,20.0,0.0,3.0,0.0,0.0,108.0,5.0,39.0,100.0,0.0,0.0,256.0,0.0,0.0,0.0,0.0,0.0,1841.0,63.0,169.0,397.0,0.0,0.0,1980.0,0.0,0.0,0.0,0.0,0.0,73.0,5.0,38.0,68.0,0.0,0.0,184.0,0.0,0.0,0.0,0.0,0.0,5.0,3.0,3.0,3.0,0.0,0.0,9.0,0.0,0.0,0.0,28.0,11.0,7.0,10.0,7.0,2.0,2.0,6.0,14.0,19.0,17.0,8.0,3.0,6.0,19.0,21.0,21.0,34.0,29.0,14.0,38.0,70.0,56.0,66.0,202.0,61.0,51.0,157.0,183.0,10.0,8.0,40.0,85.0,173.0,241.0,30.0,12.0,36.0,98.0,187.0,151.0,383.0,236.0,129.0,388.0,629.0,434.0,526.0,22.0,10.0,5.0,4.0,3.0,2.0,2.0,5.0,13.0,14.0,12.0,6.0,3.0,5.0,15.0,14.0,14.0,23.0,19.0,10.0,25.0,49.0,47.0,46.0,10.0,7.0,5.0,4.0,3.0,2.0,2.0,3.0,7.0,8.0,6.0,6.0,3.0,4.0,9.0,11.0,10.0,10.0,10.0,6.0,13.0,12.0,15.0,19.0,352.0,156.0,3205.0,1245.0,245.0,123.0,23.0,16.0,508.0,0.0,4450.0,0.0,368.0,0.0,23.0,0.0
Mercure Paris Montmartre Sacré-Cœur,2025,5,352.0,3087.0,229.0,22.0,4.0,1.0,0.8,0.2,12,1,12,12,0,349.0,0.0,3.0,3051.0,0.0,36.0,255.0,0.0,3.0,21.0,0.0,1.0,0.0,0.0,55.0,3.0,27.0,81.0,0.0,0.0,186.0,0.0,0.0,0.0,0.0,0.0,1016.0,36.0,117.0,238.0,0.0,0.0,1680.0,0.0,0.0,0.0,0.0,0.0,43.0,3.0,25.0,62.0,0.0,0.0,125.0,0.0,0.0,0.0,0.0,0.0,5.0,1.0,3.0,4.0,0.0,0.0,9.0,0.0,0.0,0.0,40.0,21.0,14.0,2.0,9.0,0.0,2.0,8.0,6.0,3.0,2.0,4.0,0.0,4.0,12.0,13.0,13.0,28.0,23.0,16.0,7.0,30.0,37.0,58.0,342.0,272.0,136.0,50.0,43.0,0.0,20.0,61.0,40.0,17.0,30.0,20.0,0.0,23.0,79.0,53.0,138.0,175.0,202.0,129.0,58.0,275.0,403.0,521.0,28.0,13.0,10.0,2.0,6.0,0.0,1.0,7.0,4.0,3.0,2.0,4.0,0.0,2.0,11.0,11.0,8.0,23.0,16.0,12.0,5.0,21.0,23.0,46.0,13.0,9.0,5.0,2.0,5.0,0.0,1.0,5.0,3.0,3.0,2.0,3.0,0.0,2.0,9.0,7.0,8.0,11.0,12.0,9.0,5.0,11.0,11.0,19.0,211.0,141.0,1919.0,1168.0,151.0,107.0,22.0,22.0,344.0,8.0,3020.0,67.0,252.0,6.0,22.0,4.0
Mercure Paris Montmartre Sacré-Cœur,2025,6,466.0,3445.0,328.0,26.0,4.0,2.0,0.6666666666666666,0.3333333333333333,12,1,12,12,0,455.0,0.0,11.0,3246.0,0.0,199.0,352.0,0.0,8.0,23.0,0.0,3.0,0.0,0.0,37.0,7.0,40.0,116.0,0.0,0.0,262.0,4.0,0.0,0.0,0.0,0.0,741.0,109.0,190.0,395.0,0.0,0.0,1920.0,90.0,0.0,0.0,0.0,0.0,30.0,5.0,34.0,92.0,0.0,0.0,196.0,3.0,0.0,0.0,0.0,0.0,7.0,2.0,3.0,4.0,0.0,0.0,9.0,1.0,0.0,0.0,40.0,31.0,24.0,10.0,15.0,6.0,3.0,9.0,9.0,8.0,8.0,8.0,10.0,11.0,15.0,23.0,24.0,12.0,22.0,15.0,23.0,40.0,50.0,50.0,287.0,373.0,175.0,195.0,157.0,42.0,17.0,45.0,45.0,38.0,38.0,60.0,43.0,113.0,115.0,146.0,148.0,68.0,135.0,138.0,226.0,220.0,305.0,316.0,31.0,23.0,17.0,5.0,8.0,4.0,3.0,9.0,9.0,8.0,7.0,3.0,10.0,6.0,8.0,19.0,21.0,10.0,19.0,10.0,17.0,32.0,41.0,40.0,14.0,16.0,8.0,4.0,7.0,4.0,2.0,7.0,4.0,4.0,5.0,4.0,8.0,6.0,10.0,14.0,8.0,6.0,12.0,9.0,11.0,14.0,15.0,14.0,311.0,155.0,2217.0,1228.0,246.0,114.0,25.0,20.0,466.0,0.0,3445.0,0.0,360.0,0.0,26.0,0.0
Mercure Paris Montmartre Sacré-Cœur,2025,7,286.0,2152.0,200.0,27.0,4.0,3.0,0.5714285714285714,0.42857142857142855,12,1,12,12,0,281.0,0.0,5.0,2051.0,0.0,101.0,217.0,0.0,5.0,23.0,0.0,4.0,0.0,0.0,31.0,2.0,37.0,64.0,0.0,0.0,149.0,1.0,2.0,0.0,0.0,0.0,513.0,42.0,273.0,270.0,0.0,0.0,995.0,15.0,44.0,0.0,0.0,0.0,27.0,2.0,29.0,46.0,0.0,0.0,115.0,1.0,2.0,0.0,0.0,0.0,6.0,2.0,3.0,4.0,0.0,0.0,10.0,1.0,1.0,0.0,40.0,21.0,13.0,4.0,3.0,6.0,6.0,1.0,10.0,2.0,0.0,6.0,0.0,3.0,0.0,1.0,13.0,17.0,21.0,14.0,16.0,18.0,37.0,34.0,259.0,222.0,104.0,41.0,55.0,48.0,38.0,5.0,40.0,10.0,0.0,23.0,0.0,11.0,0.0,5.0,97.0,88.0,273.0,131.0,102.0,101.0,216.0,283.0,28.0,15.0,9.0,4.0,3.0,5.0,5.0,1.0,9.0,2.0,0.0,5.0,0.0,2.0,0.0,1.0,10.0,16.0,12.0,11.0,11.0,14.0,32.0,27.0,15.0,12.0,8.0,4.0,2.0,5.0,3.0,1.0,4.0,2.0,0.0,5.0,0.0,2.0,0.0,1.0,8.0,10.0,8.0,8.0,8.0,9.0,16.0,12.0,207.0,79.0,1499.0,653.0,159.0,63.0,25.0,19.0,286.0,0.0,2152.0,0.0,222.0,0.0,27.0,0.0
Mercure Paris Montmartre Sacré-Cœur,2025,8,214.0,1789.0,132.0,22.0,4.0,3.0,0.5714285714285714,0.42857142857142855,12,1,12,12,0,211.0,0.0,3.0,1720.0,0.0,69.0,153.0,0.0,3.0,19.0,0.0,3.0,0.0,0.0,33.0,1.0,27.0,53.0,0.0,0.0,98.0,1.0,1.0,0.0,0.0,0.0,542.0,12.0,135.0,185.0,0.0,0.0,858.0,15.0,42.0,0.0,0.0,0.0,25.0,1.0,24.0,38.0,0.0,0.0,66.0,1.0,1.0,0.0,0.0,0.0,7.0,1.0,3.0,4.0,0.0,0.0,5.0,1.0,1.0,0.0,20.0,5.0,1.0,4.0,1.0,0.0,1.0,1.0,5.0,4.0,6.0,2.0,2.0,8.0,9.0,12.0,12.0,26.0,2.0,11.0,11.0,16.0,27.0,28.0,135.0,17.0,5.0,54.0,80.0,0.0,5.0,1.0,18.0,64.0,24.0,8.0,6.0,70.0,53.0,65.0,68.0,356.0,35.0,42.0,222.0,73.0,181.0,207.0,13.0,4.0,1.0,2.0,1.0,0.0,1.0,1.0,4.0,4.0,5.0,2.0,2.0,6.0,6.0,7.0,9.0,17.0,2.0,9.0,4.0,14.0,20.0,22.0,7.0,4.0,1.0,2.0,1.0,0.0,1.0,1.0,3.0,4.0,4.0,2.0,2.0,4.0,6.0,5.0,6.0,9.0,2.0,6.0,3.0,10.0,13.0,12.0,137.0,77.0,1135.0,654.0,98.0,58.0,20.0,16.0,204.0,10.0,1750.0,39.0,150.0,6.0,22.0,4.0
Mercure Paris Montmartre Sacré-Cœur,2025,9,501.0,4024.0,324.0,20.0,4.0,3.0,0.5714285714285714,0.42857142857142855,12,1,12,12,0,497.0,0.0,4.0,3922.0,0.0,102.0,371.0,0.0,4.0,17.0,0.0,3.0,0.0,0.0,69.0,1.0,52.0,129.0,0.0,0.0,247.0,2.0,1.0,0.0,0.0,0.0,1411.0,30.0,234.0,496.0,0.0,0.0,1781.0,30.0,42.0,0.0,0.0,0.0,49.0,1.0,48.0,85.0,0.0,0.0,189.0,2.0,1.0,0.0,0.0,0.0,5.0,1.0,3.0,4.0,0.0,0.0,5.0,1.0,1.0,0.0,41.0,44.0,8.0,11.0,8.0,9.0,2.0,6.0,12.0,7.0,11.0,7.0,8.0,8.0,17.0,20.0,24.0,30.0,25.0,10.0,38.0,25.0,54.0,76.0,407.0,287.0,50.0,263.0,36.0,75.0,10.0,28.0,68.0,31.0,106.0,35.0,47.0,34.0,86.0,147.0,166.0,300.0,179.0,101.0,356.0,171.0,464.0,577.0,24.0,33.0,7.0,6.0,8.0,9.0,1.0,6.0,8.0,6.0,9.0,7.0,7.0,6.0,14.0,16.0,20.0,23.0,23.0,8.0,24.0,17.0,37.0,56.0,12.0,10.0,6.0,5.0,5.0,7.0,2.0,4.0,4.0,5.0,6.0,4.0,5.0,4.0,7.0,8.0,11.0,10.0,9.0,9.0,10.0,10.0,12.0,14.0,384.0,117.0,3011.0,1013.0,286.0,89.0,18.0,16.0,501.0,0.0,4024.0,0.0,375.0,0.0,20.0,0.0
Mercure Paris Montmartre Sacré-Cœur,2025,10,590.0,4607.5,401.0,21.0,4.0,2.0,0.6666666666666666,0.3333333333333333,12,1,12,12,0,583.0,0.0,7.0,4509.0,0.0,98.5,435.0,0.0,6.0,16.0,0.0,5.0,0.0,0.0,102.0,5.0,40.0,97.0,0.0,0.0,344.0,2.0,0.0,0.0,0.0,0.0,1444.0,70.7,214.0,331.0,0.0,0.0,2520.0,27.8,0.0,0.0,0.0,0.0,76.0,4.0,36.0,73.0,0.0,0.0,250.0,2.0,0.0,0.0,0.0,0.0,5.0,4.0,3.0,4.0,0.0,0.0,4.0,1.0,0.0,0.0,55.0,28.0,12.0,6.0,8.0,2.0,5.0,23.0,15.0,10.0,12.0,8.0,4.0,8.0,19.0,12.0,27.0,30.0,34.0,29.0,41.0,65.0,72.0,65.0,486.0,210.0,117.8,23.0,45.0,30.0,20.0,131.0,122.0,55.0,115.9,40.0,20.0,47.0,157.0,81.0,212.9,230.0,293.0,195.0,338.9,515.0,562.0,560.0,34.0,18.0,6.0,5.0,6.0,2.0,5.0,22.0,12.0,9.0,10.0,8.0,4.0,7.0,12.0,12.0,21.0,24.0,27.0,23.0,30.0,42.0,55.0,47.0,11.0,12.0,6.0,4.0,5.0,2.0,4.0,8.0,4.0,5.0,8.0,4.0,3.0,5.0,7.0,10.0,10.0,9.0,10.0,8.0,12.0,11.0,15.0,12.0,395.0,195.0,2922.7,1684.8,310.0,131.0,19.0,17.0,590.0,0.0,4607.5,0.0,441.0,0.0,21.0,0.0
Mercure Paris Montmartre Sacré-Cœur,2025,11,405.0,3321.5,276.0,23.0,4.0,2.0,0.6666666666666666,0.3333333333333333,12,1,12,12,0,396.0,0.0,9.0,3208.0,0.0,113.5,298.0,0.0,9.0,17.0,0.0,6.0,0.0,0.0,65.0,5.0,38.0,105.0,0.0,0.0,188.0,4.0,0.0,0.0,0.0,0.0,1192.0,55.7,202.0,384.0,0.0,0.0,1430.0,57.8,0.0,0.0,0.0,0.0,54.0,5.0,31.0,71.0,0.0,0.0,142.0,4.0,0.0,0.0,0.0,0.0,5.0,3.0,4.0,4.0,0.0,0.0,4.0,3.0,0.0,0.0,50.0,25.0,4.0,13.0,4.0,7.0,3.0,6.0,6.0,1.0,4.0,7.0,2.0,3.0,6.0,8.0,12.0,21.0,16.0,20.0,21.0,34.0,56.0,76.0,357.8,218.0,27.0,128.0,36.0,38.0,9.0,40.0,57.0,30.0,30.0,43.0,6.0,15.0,58.0,81.0,99.0,234.0,103.0,151.0,170.0,341.0,442.7,607.0,33.0,15.0,3.0,6.0,3.0,4.0,3.0,5.0,4.0,1.0,4.0,5.0,2.0,3.0,5.0,5.0,10.0,18.0,14.0,15.0,16.0,25.0,48.0,60.0,14.0,9.0,3.0,5.0,3.0,4.0,2.0,2.0,3.0,1.0,3.0,4.0,2.0,2.0,5.0,5.0,8.0,8.0,9.0,11.0,10.0,7.0,16.0,15.0,232.0,173.0,1977.7,1343.8,177.0,130.0,21.0,20.0,374.0,31.0,3123.5,198.0,285.0,22.0,23.0,11.0
Mercure Paris Montmartre Sacré-Cœur,2025,12,436.0,3664.3,298.0,23.0,4.0,3.0,0.5714285714285714,0.42857142857142855,12,1,12,12,0,416.0,0.0,20.0,3431.0,0.0,233.3,310.0,0.0,19.0,14.0,0.0,9.0,0.0,0.0,57.0,13.0,55.0,69.0,0.0,0.0,235.0,6.0,1.0,0.0,0.0,0.0,1072.0,148.4,277.0,377.0,0.0,0.0,1705.0,62.9,22.0,0.0,0.0,0.0,44.0,13.0,45.0,46.0,0.0,0.0,175.0,5.0,1.0,0.0,0.0,0.0,5.0,4.0,3.0,2.0,0.0,0.0,4.0,4.0,1.0,0.0,28.0,15.0,1.0,9.0,3.0,10.0,4.0,5.0,6.0,3.0,8.0,11.0,5.0,1.0,10.0,13.0,29.0,31.0,36.0,11.0,25.0,38.0,63.0,71.0,223.0,248.0,2.0,114.0,13.0,99.0,37.0,67.0,34.0,13.0,63.9,75.0,22.0,5.0,76.0,79.0,253.0,268.0,307.9,138.0,225.9,261.0,461.8,577.8,20.0,11.0,1.0,8.0,3.0,5.0,3.0,4.0,6.0,2.0,6.0,8.0,5.0,1.0,8.0,11.0,15.0,22.0,29.0,9.0,17.0,33.0,46.0,56.0,10.0,6.0,1.0,8.0,3.0,4.0,3.0,4.0,5.0,2.0,5.0,4.0,4.0,1.0,6.0,7.0,8.0,12.0,12.0,7.0,9.0,12.0,13.0,15.0,306.0,130.0,2498.5,1165.8,232.0,97.0,21.0,18.0,411.0,25.0,3485.3,179.0,312.0,17.0,23.0,8.0
Novotel Megève Mont-Blanc,2024,1,115.3,1248.2400000000002,76.4,48.8,4.3,5.8,0.41955627705627707,0.5804437229437229,10,3,12,10,2,73.5,0.0,41.8,364.38,0.0,883.86,50.699999999999996,0.0,34.4,24.7,0.0,24.099999999999998,0.4,8.1,5.2,10.3,8.5,28.6,10.0,4.5,30.1,4.6,5.0,0.0,6.0,307.2,46.4,169.53000000000003,54.5,171.56,133.13,113.3,78.95,90.9,76.77,0.0,0.4,7.4,3.5,8.4,6.2,18.2,7.9,3.6,21.9,4.4,3.1999999999999997,0.0,0.0,4.3,2.0,5.3,3.9,11.0,7.1,3.1,7.2,1.9,3.0,0.0,7.5,6.5,4.3,1.2,1.0,1.5,0.1,0.6,1.4,2.7,3.5,8.0,9.3,7.4,3.9,5.1,4.4,4.8,7.9,6.2,5.1,7.1,7.9,7.9,42.95,50.9,29.590000000000003,5.0,9.1,9.36,0.25,3.2,11.08,32.47,68.385,143.35,122.75500000000002,92.28,46.215,61.269999999999996,42.80499999999999,66.4,60.075,68.17500000000001,71.91,72.16999999999999,70.44,68.10999999999999,4.9,3.8,3.0,0.7,0.9,1.1,0.1,0.6,0.9,2.0,2.9,5.8,6.9,5.8,3.3,3.6,3.7,4.1,5.6,4.8,3.6,5.1,6.0,5.9,4.9,4.4,3.0,1.1,0.9,1.3,0.1,0.6,1.0,1.5,2.5,6.1,6.7,5.8,3.2,4.0,3.2,3.5,5.7,5.5,3.5,5.3,5.8,5.4,78.0,37.3,783.76,464.4799999999999,56.8,28.3,36.5,22.6,112.2,3.1,1215.9950000000001,32.245,82.6,2.5,48.1,2.5
Novotel Megève Mont-Blanc,2024,2,115.3,1248.2400000000002,76.4,48.8,4.3,5.8,0.41955627705627707,0.5804437229437229,10,3,12,10,2,73.5,0.0,41.8,364.38,0.0,883.86,50.699999999999996,0.0,34.4,24.7,0.0,24.099999999999998,0.4,8.1,5.2,10.3,8.5,28.6,10.0,4.5,30.1,4.6,5.0,0.0,6.0,307.2,46.4,169.53000000000003,54.5,171.56,133.13,113.3,78.95,90.9,76.77,0.0,0.4,7.4,3.5,8.4,6.2,18.2,7.9,3.6,21.9,4.4,3.1999999999999997,0.0,0.0,4.3,2.0,5.3,3.9,11.0,7.1,3.1,7.2,1.9,3.0,0.0,7.5,6.5,4.3,1.2,1.0,1.5,0.1,0.6,1.4,2.7,3.5,8.0,9.3,7.4,3.9,5.1,4.4,4.8,7.9,6.2,5.1,7.1,7.9,7.9,42.95,50.9,29.590000000000003,5.0,9.1,9.36,0.25,3.2,11.08,32.47,68.385,143.35,122.75500000000002,92.28,46.215,61.269999999999996,42.80499999999999,66.4,60.075,68.17500000000001,71.91,72.16999999999999,70.44,68.10999999999999,4.9,3.8,3.0,0.7,0.9,1.1,0.1,0.6,0.9,2.0,2.9,5.8,6.9,5.8,3.3,3.6,3.7,4.1,5.6,4.8,3.6,5.1,6.0,5.9,4.9,4.4,3.0,1.1,0.9,1.3,0.1,0.6,1.0,1.5,2.5,6.1,6.7,5.8,3.2,4.0,3.2,3.5,5.7,5.5,3.5,5.3,5.8,5.4,78.0,37.3,783.76,464.4799999999999,56.8,28.3,36.5,22.6,112.2,3.1,1215.9950000000001,32.245,82.6,2.5,48.1,2.5
Novotel Megève Mont-Blanc,2024,3,54.0,686.0,39.0,36.0,2.0,5.0,0.2857142857142857,0.7142857142857143,10,3,12,10,2,25.0,0.0,29.0,160.0,0.0,526.0,13.0,0.0,28.0,13.0,0.0,23.0,0.0,3.0,0.0,9.0,15.0,10.0,13.0,3.0,0.0,0.0,1.0,0.0,0.0,59.0,0.0,118.0,92.0,68.0,226.0,105.0,0.0,0.0,18.0,0.0,0.0,3.0,0.0,7.0,4.0,9.0,14.0,3.0,0.0,0.0,1.0,0.0,0.0,2.0,0.0,5.0,6.0,7.0,13.0,3.0,0.0,0.0,0.0,0.0,0.0,9.0,1.0,3.0,2.0,0.0,0.0,0.0,1.0,1.0,2.0,2.0,5.0,1.0,3.0,1.0,0.0,3.0,5.0,2.0,4.0,2.0,5.0,2.0,0.0,105.0,8.0,21.0,52.0,0.0,0.0,0.0,18.0,8.0,22.0,41.0,36.0,6.0,26.0,30.0,0.0,57.0,63.0,67.0,45.0,12.0,56.0,13.0,0.0,3.0,1.0,2.0,2.0,0.0,0.0,0.0,1.0,1.0,2.0,2.0,5.0,1.0,3.0,1.0,0.0,2.0,4.0,2.0,3.0,2.0,3.0,1.0,0.0,8.0,1.0,3.0,2.0,0.0,0.0,0.0,0.0,1.0,1.0,2.0,5.0,1.0,3.0,1.0,0.0,3.0,4.0,2.0,4.0,1.0,5.0,2.0,41.0,13.0,424.0,262.0,30.0,11.0,28.0,12.0,54.0,0.0,686.0,0.0,41.0,0.0,36.0,0.0
Novotel Megève Mont-Blanc,2024,4,80.0,899.5,50.0,43.0,3.0,5.0,0.375,0.625,10,3,12,10,2,38.0,0.0,42.0,225.0,0.0,674.5,25.0,0.0,30.0,17.0,0.0,26.0,0.0,5.0,0.0,14.0,7.0,23.0,11.0,0.0,8.0,4.0,8.0,0.0,0.0,73.0,0.0,248.5,39.0,167.5,133.0,0.0,18.5,90.0,130.0,0.0,0.0,5.0,0.0,10.0,6.0,12.0,7.0,0.0,7.0,4.0,4.0,0.0,0.0,3.0,0.0,8.0,4.0,11.0,10.0,0.0,2.0,0.0,5.0,0.0,1.0,2.0,0.0,0.0,0.0,3.0,0.0,6.0,0.0,4.0,4.0,6.0,17.0,4.0,3.0,5.0,4.0,1.0,1.0,5.0,7.0,1.0,5.0,1.0,8.0,4.0,0.0,0.0,0.0,19.0,0.0,32.0,0.0,37.0,68.0,68.5,204.0,37.0,29.0,78.9,47.5,8.0,6.0,35.0,154.6,10.0,37.0,16.0,1.0,1.0,0.0,0.0,0.0,2.0,0.0,6.0,0.0,3.0,3.0,3.0,9.0,3.0,2.0,4.0,4.0,1.0,1.0,2.0,4.0,1.0,4.0,1.0,1.0,1.0,0.0,0.0,0.0,3.0,0.0,6.0,0.0,2.0,3.0,5.0,11.0,3.0,2.0,5.0,3.0,1.0,1.0,5.0,3.0,1.0,4.0,1.0,53.0,27.0,633.1,266.4,37.0,18.0,32.0,20.0,80.0,0.0,899.5,0.0,55.0,0.0,43.0,0.0
Novotel Megève Mont-Blanc,2024,5,110.0,1380.4,70.0,53.0,5.0,6.0,0.45454545454545453,0.5454545454545454,10,3,12,10,2,68.0,0.0,42.0,341.5,0.0,1038.9,46.0,0.0,32.0,27.0,0.0,26.0,0.0,9.0,6.0,17.0,4.0,22.0,6.0,2.0,34.0,6.0,4.0,0.0,0.0,365.0,60.0,380.9,27.0,152.5,89.0,60.0,88.0,112.0,46.0,0.0,0.0,8.0,4.0,13.0,4.0,15.0,5.0,1.0,22.0,4.0,2.0,0.0,0.0,4.0,3.0,8.0,4.0,10.0,6.0,2.0,8.0,4.0,4.0,0.0,9.0,11.0,2.0,1.0,1.0,0.0,0.0,0.0,5.0,4.0,8.0,9.0,18.0,7.0,1.0,2.0,5.0,5.0,4.0,4.0,4.0,2.0,2.0,6.0,48.0,55.0,5.0,2.5,4.0,0.0,0.0,0.0,42.5,110.0,128.0,104.5,289.3,169.9,7.5,37.5,41.9,96.0,30.5,102.0,11.0,38.9,10.0,46.4,6.0,5.0,1.0,1.0,1.0,0.0,0.0,0.0,2.0,3.0,6.0,6.0,11.0,7.0,1.0,2.0,4.0,3.0,3.0,4.0,3.0,2.0,2.0,5.0,6.0,7.0,1.0,1.0,1.0,0.0,0.0,0.0,5.0,3.0,4.0,8.0,11.0,6.0,1.0,2.0,4.0,5.0,3.0,4.0,2.0,1.0,2.0,5.0,89.0,21.0,1025.5,354.9,63.0,15.0,43.0,17.0,102.0,8.0,1333.9,46.5,72.0,6.0,50.0,6.0
Novotel Megève Mont-Blanc,2024,6,109.0,973.8,73.0,41.0,5.0,5.0,0.5,0.5,10,3,12,10,2,74.0,0.0,35.0,384.0,0.0,589.8,50.0,0.0,29.0,25.0,0.0,16.0,0.0,6.0,12.0,8.0,12.0,17.0,14.0,1.0,32.0,6.0,1.0,0.0,0.0,75.0,112.0,165.8,66.0,116.5,187.0,45.0,82.5,117.0,7.0,0.0,0.0,6.0,7.0,8.0,7.0,11.0,8.0,1.0,24.0,6.0,1.0,0.0,0.0,2.0,3.0,4.0,4.0,9.0,7.0,1.0,8.0,2.0,1.0,0.0,8.0,2.0,3.0,0.0,2.0,4.0,0.0,0.0,0.0,3.0,4.0,9.0,4.0,7.0,9.0,13.0,5.0,3.0,6.0,8.0,6.0,5.0,6.0,2.0,36.0,36.0,18.0,0.0,16.0,29.0,0.0,0.0,0.0,43.0,91.0,147.5,34.0,55.5,53.5,97.0,15.5,29.5,43.4,60.0,37.5,71.4,45.0,15.0,5.0,1.0,2.0,0.0,1.0,2.0,0.0,0.0,0.0,3.0,4.0,8.0,4.0,5.0,6.0,5.0,4.0,3.0,4.0,6.0,4.0,5.0,5.0,2.0,6.0,1.0,2.0,0.0,1.0,2.0,0.0,0.0,0.0,2.0,4.0,8.0,4.0,5.0,9.0,9.0,2.0,3.0,4.0,8.0,4.0,4.0,3.0,2.0,56.0,53.0,494.8,479.0,45.0,34.0,31.0,23.0,109.0,0.0,973.8,0.0,79.0,0.0,41.0,0.0
Novotel Megève Mont-Blanc,2024,7,148.0,1301.4,100.0,53.0,5.0,6.0,0.45454545454545453,0.5454545454545454,10,3,12,10,2,99.0,0.0,49.0,420.5,0.0,880.9,69.0,0.0,41.0,25.0,0.0,28.0,0.0,7.0,5.0,13.0,12.0,23.0,6.0,5.0,58.0,11.0,8.0,0.0,0.0,197.0,44.0,154.9,64.0,154.0,105.0,99.0,152.5,213.0,118.0,0.0,0.0,6.0,3.0,11.0,9.0,17.0,6.0,4.0,39.0,11.0,4.0,0.0,0.0,4.0,3.0,8.0,3.0,10.0,4.0,4.0,8.0,3.0,6.0,0.0,14.0,14.0,4.0,2.0,0.0,4.0,0.0,0.0,0.0,3.0,1.0,12.0,12.0,12.0,2.0,6.0,3.0,4.0,7.0,6.0,4.0,7.0,10.0,21.0,75.0,153.0,50.0,5.0,0.0,21.5,0.0,0.0,0.0,7.5,12.0,119.0,145.5,105.0,8.5,38.9,36.0,33.0,56.5,62.5,40.0,79.5,69.5,183.5,9.0,7.0,3.0,1.0,0.0,3.0,0.0,0.0,0.0,1.0,1.0,7.0,10.0,10.0,2.0,4.0,3.0,4.0,7.0,6.0,3.0,7.0,8.0,14.0,7.0,8.0,3.0,2.0,0.0,4.0,0.0,0.0,0.0,1.0,1.0,8.0,12.0,10.0,2.0,4.0,2.0,3.0,5.0,6.0,4.0,6.0,8.0,12.0,110.0,38.0,940.0,361.4,81.0,29.0,40.0,25.0,147.0,1.0,1298.4,3.0,109.0,1.0,53.0,1.0
Novotel Megève Mont-Blanc,2024,8,188.0,1770.4,122.0,71.0,5.0,6.0,0.45454545454545453,0.5454545454545454,10,3,12,10,2,127.0,0.0,61.0,609.0,0.0,1161.4,93.0,0.0,51.0,35.0,0.0,36.0,0.0,12.0,4.0,9.0,18.0,39.0,19.0,10.0,63.0,7.0,7.0,0.0,0.0,323.0,32.0,118.4,119.7,252.1,241.0,277.0,168.5,136.0,102.7,0.0,0.0,9.0,3.0,9.0,16.0,31.0,15.0,9.0,40.0,7.0,5.0,0.0,0.0,7.0,2.0,6.0,6.0,14.0,11.0,8.0,11.0,3.0,3.0,0.0,20.0,14.0,12.0,2.0,2.0,1.0,0.0,0.0,0.0,2.0,1.0,8.0,8.0,14.0,9.0,12.0,10.0,3.0,20.0,6.0,6.0,6.0,7.0,25.0,120.4,72.5,68.3,9.5,5.0,2.5,0.0,0.0,0.0,24.0,12.0,111.0,202.9,210.5,67.5,138.5,132.0,25.1,177.0,60.8,37.0,53.5,76.0,164.4,13.0,10.0,9.0,2.0,2.0,1.0,0.0,0.0,0.0,2.0,1.0,8.0,7.0,10.0,7.0,10.0,8.0,3.0,12.0,5.0,5.0,6.0,7.0,16.0,13.0,8.0,7.0,2.0,2.0,1.0,0.0,0.0,0.0,2.0,1.0,6.0,7.0,11.0,6.0,11.0,7.0,3.0,12.0,6.0,5.0,5.0,6.0,16.0,141.0,47.0,1255.7,514.7,106.0,38.0,58.0,30.0,183.0,5.0,1730.1,40.3,139.0,5.0,71.0,5.0
Novotel Megève Mont-Blanc,2024,9,102.0,1555.4,73.0,47.0,5.0,6.0,0.45454545454545453,0.5454545454545454,10,3,12,10,2,55.0,0.0,47.0,284.8,0.0,1270.6,45.0,0.0,36.0,22.0,0.0,25.0,0.0,11.0,5.0,16.0,1.0,19.0,5.0,6.0,28.0,4.0,7.0,0.0,0.0,718.0,52.0,187.6,8.5,118.3,80.0,122.0,73.0,81.0,115.0,0.0,0.0,10.0,4.0,10.0,1.0,14.0,5.0,4.0,24.0,4.0,5.0,0.0,0.0,7.0,2.0,4.0,1.0,9.0,2.0,6.0,10.0,2.0,4.0,0.0,6.0,1.0,4.0,0.0,1.0,0.0,0.0,0.0,6.0,2.0,5.0,12.0,4.0,10.0,4.0,2.0,3.0,3.0,5.0,3.0,5.0,7.0,11.0,8.0,55.5,3.0,33.0,0.0,3.0,0.0,0.0,0.0,45.3,6.0,59.9,398.5,43.5,126.4,194.0,112.5,26.0,17.5,62.0,25.5,21.5,65.3,108.49999999999999,148.5,4.0,1.0,4.0,0.0,1.0,0.0,0.0,0.0,5.0,2.0,2.0,8.0,4.0,8.0,4.0,2.0,2.0,3.0,4.0,3.0,3.0,5.0,8.0,8.0,4.0,1.0,3.0,0.0,1.0,0.0,0.0,0.0,4.0,1.0,3.0,7.0,3.0,6.0,4.0,2.0,2.0,3.0,4.0,2.0,4.0,6.0,7.0,6.0,57.0,45.0,838.9,716.5,44.0,37.0,26.0,32.0,102.0,0.0,1555.3999999999999,0.0,81.0,0.0,47.0,0.0
Novotel Megève Mont-Blanc,2024,10,73.0,789.7,50.0,41.0,4.0,6.0,0.4,0.6,10,3,12,10,2,52.0,0.0,21.0,320.8,0.0,468.9,36.0,0.0,18.0,25.0,0.0,16.0,0.0,6.0,17.0,4.0,5.0,12.0,2.0,2.0,18.0,2.0,5.0,0.0,0.0,240.0,140.0,43.9,40.5,90.3,14.0,50.0,50.0,37.0,84.0,0.0,0.0,5.0,11.0,4.0,4.0,9.0,2.0,2.0,12.0,2.0,3.0,0.0,0.0,4.0,4.0,3.0,4.0,7.0,2.0,2.0,10.0,2.0,3.0,0.0,5.0,8.0,6.0,0.0,0.0,3.0,0.0,0.0,0.0,1.0,1.0,7.0,6.0,3.0,0.0,1.0,1.0,2.0,6.0,6.0,1.0,5.0,7.0,4.0,31.0,58.7,48.0,0.0,0.0,21.6,0.0,0.0,0.0,18.0,6.0,101.0,121.5,27.0,0.0,3.0,7.5,10.5,17.0,167.4,6.0,83.0,33.0,29.5,4.0,7.0,2.0,0.0,0.0,3.0,0.0,0.0,0.0,1.0,1.0,5.0,5.0,2.0,0.0,1.0,1.0,2.0,3.0,4.0,1.0,4.0,4.0,4.0,4.0,6.0,2.0,0.0,0.0,3.0,0.0,0.0,0.0,0.0,1.0,6.0,5.0,3.0,0.0,1.0,1.0,2.0,5.0,4.0,1.0,4.0,6.0,3.0,54.0,19.0,637.4,152.3,38.0,16.0,34.0,14.0,73.0,0.0,789.7,0.0,54.0,0.0,41.0,0.0
Novotel Megève Mont-Blanc,2024,11,72.0,1301.8000000000002,51.0,38.0,4.0,6.0,0.4,0.6,10,3,12,10,2,43.0,0.0,29.0,234.4,0.0,1067.4,27.0,0.0,28.0,21.0,0.0,17.0,0.0,12.0,2.0,8.0,3.0,26.0,2.0,2.0,12.0,4.0,1.0,0.0,0.0,693.0,16.0,205.4,24.3,162.6,24.0,65.0,31.5,64.0,16.0,0.0,0.0,12.0,2.0,7.0,3.0,14.0,2.0,2.0,8.0,4.0,1.0,0.0,0.0,6.0,2.0,5.0,2.0,11.0,2.0,2.0,6.0,1.0,1.0,0.0,3.0,1.0,2.0,0.0,0.0,0.0,0.0,0.0,0.0,7.0,2.0,8.0,3.0,4.0,3.0,3.0,1.0,5.0,0.0,12.0,3.0,5.0,8.0,2.0,13.0,8.0,13.3,0.0,0.0,0.0,0.0,0.0,0.0,71.2,90.0,246.0,62.5,87.5,30.2,11.1,20.0,229.0,0.0,61.099999999999994,153.0,34.3,156.4,15.2,2.0,1.0,1.0,0.0,0.0,0.0,0.0,0.0,0.0,4.0,2.0,6.0,3.0,3.0,3.0,2.0,1.0,5.0,0.0,7.0,3.0,4.0,6.0,2.0,2.0,1.0,2.0,0.0,0.0,0.0,0.0,0.0,0.0,3.0,1.0,7.0,2.0,4.0,2.0,2.0,1.0,4.0,0.0,10.0,3.0,5.0,6.0,1.0,32.0,40.0,552.0,749.8,27.0,28.0,22.0,22.0,64.0,8.0,1107.6000000000001,194.2,49.0,6.0,35.0,5.0
Novotel Megève Mont-Blanc,2024,12,217.0,1824.0,136.0,65.0,5.0,7.0,0.4166666666666667,0.5833333333333334,10,3,12,10,2,154.0,0.0,63.0,663.8,0.0,1160.2,103.0,0.0,51.0,37.0,0.0,28.0,4.0,10.0,1.0,5.0,8.0,95.0,22.0,14.0,48.0,2.0,8.0,0.0,60.0,329.0,8.0,71.9,64.0,433.8,232.3,310.0,125.0,59.0,131.0,0.0,4.0,10.0,1.0,5.0,8.0,50.0,15.0,10.0,43.0,2.0,6.0,0.0,0.0,4.0,1.0,2.0,5.0,22.0,14.0,3.0,9.0,2.0,3.0,0.0,9.0,3.0,9.0,4.0,2.0,0.0,1.0,0.0,2.0,0.0,7.0,7.0,16.0,12.0,5.0,6.0,12.0,19.0,25.0,10.0,11.0,31.0,18.0,8.0,42.6,13.8,52.3,12.0,11.0,0.0,2.5,0.0,5.0,0.0,194.95,96.5,88.35,98.0,45.95,65.3,101.65,158.4,145.35,40.45,213.5,273.8,113.0,49.6,5.0,2.0,7.0,1.0,2.0,0.0,1.0,0.0,1.0,0.0,7.0,5.0,11.0,9.0,5.0,5.0,10.0,15.0,18.0,9.0,7.0,15.0,13.0,6.0,6.0,3.0,9.0,3.0,2.0,0.0,1.0,0.0,1.0,0.0,6.0,4.0,7.0,9.0,3.0,3.0,10.0,8.0,19.0,8.0,5.0,20.0,11.0,6.0,147.0,70.0,1036.2,787.8,97.0,57.0,51.0,31.0,208.0,9.0,1785.55,38.45,147.0,7.0,64.0,8.0
Novotel Megève Mont-Blanc,2025,1,224.0,2018.95,110.0,59.0,5.0,6.0,0.45454545454545453,0.5454545454545454,12,1,12,12,0,141.0,0.0,83.0,763.4,0.0,1255.55,76.0,0.0,56.0,37.0,0.0,22.0,8.0,10.0,2.0,0.0,10.0,86.0,23.0,32.0,42.0,7.0,4.0,0.0,120.0,183.0,16.0,0.0,78.0,544.9,248.05,591.0,108.0,112.0,18.0,0.0,6.0,8.0,1.0,0.0,6.0,41.0,12.0,22.0,27.0,6.0,3.0,0.0,0.0,1.0,2.0,0.0,5.0,23.0,17.0,2.0,7.0,1.0,1.0,0.0,17.0,12.0,7.0,0.0,4.0,0.0,0.0,0.0,4.0,0.0,14.0,10.0,14.0,13.0,7.0,25.0,0.0,12.0,14.0,8.0,13.0,26.0,2.0,22.0,53.0,82.0,26.5,0.0,26.9,0.0,0.0,0.0,29.150000000000002,0.0,104.2,158.9,141.7,104.4,58.5,200.8,0.0,167.0,157.5,98.5,202.75,235.6,20.0,151.55,12.0,8.0,5.0,0.0,2.0,0.0,0.0,0.0,2.0,0.0,9.0,7.0,7.0,7.0,5.0,6.0,0.0,7.0,8.0,5.0,10.0,14.0,2.0,16.0,10.0,9.0,7.0,0.0,4.0,0.0,0.0,0.0,4.0,0.0,6.0,4.0,12.0,10.0,5.0,9.0,0.0,2.0,7.0,4.0,5.0,8.0,2.0,10.0,166.0,58.0,1463.7,555.25,96.0,36.0,47.0,27.0,184.0,40.0,1669.65,349.3,115.0,17.0,54.0,22.0
Novotel Megève Mont-Blanc,2025,2,336.0,2408.65,177.0,75.0,4.0,7.0,0.36363636363636365,0.6363636363636364,12,1,12,12,0,205.0,0.0,131.0,709.5,0.0,1699.15,122.0,0.0,94.0,42.0,0.0,33.0,3.0,19.0,5.0,6.0,18.0,102.0,35.0,11.0,80.0,42.0,15.0,0.0,33.0,372.0,40.0,51.9,79.7,385.8,349.25,340.0,204.0,545.5,7.5,0.0,3.0,16.0,2.0,6.0,10.0,65.0,25.0,11.0,45.0,27.0,6.0,0.0,1.0,4.0,2.0,3.0,7.0,23.0,19.0,1.0,10.0,4.0,1.0,0.0,38.0,12.0,5.0,1.0,2.0,5.0,7.0,0.0,0.0,4.0,7.0,16.0,17.0,6.0,14.0,6.0,2.0,14.0,31.0,30.0,21.0,19.0,36.0,43.0,181.4,67.7,14.5,2.5,11.0,44.0,38.0,0.0,0.0,10.5,53.0,170.0,141.5,101.9,85.5,77.5,22.9,115.0,247.5,275.7,221.9,83.5,225.45,217.7,21.0,6.0,5.0,1.0,1.0,4.0,2.0,0.0,0.0,4.0,6.0,12.0,14.0,5.0,6.0,5.0,2.0,8.0,20.0,19.0,15.0,12.0,25.0,23.0,23.0,7.0,5.0,1.0,2.0,4.0,1.0,0.0,0.0,3.0,5.0,8.0,11.0,2.0,8.0,4.0,2.0,4.0,17.0,15.0,10.0,9.0,19.0,18.0,236.0,100.0,1804.3,604.35,151.0,65.0,60.0,39.0,336.0,0.0,2408.65,0.0,216.0,0.0,75.0,0.0
Novotel Megève Mont-Blanc,2025,3,201.0,1371.75,124.0,55.0,3.0,7.0,0.3,0.7,12,1,12,12,0,121.0,0.0,80.0,376.0,0.0,995.75,75.0,0.0,61.0,29.0,0.0,26.0,6.0,7.0,0.0,2.0,18.0,67.0,32.0,12.0,36.0,11.0,10.0,0.0,60.0,154.0,0.0,19.0,60.0,221.5,293.75,375.0,94.5,89.0,5.0,0.0,5.0,6.0,0.0,2.0,11.0,42.0,23.0,10.0,22.0,10.0,5.0,0.0,1.0,2.0,0.0,2.0,5.0,16.0,13.0,3.0,8.0,4.0,1.0,0.0,11.0,11.0,2.0,3.0,10.0,0.0,4.0,1.0,0.0,1.0,13.0,11.0,12.0,8.0,11.0,13.0,2.0,11.0,10.0,11.0,2.0,10.0,21.0,23.0,45.5,34.0,6.0,9.0,35.5,0.0,89.0,7.5,0.0,24.0,139.0,63.9,158.35,82.0,87.9,91.45,5.5,57.9,62.0,47.9,21.9,45.5,147.45,110.5,8.0,5.0,1.0,2.0,7.0,0.0,3.0,1.0,0.0,1.0,10.0,8.0,10.0,7.0,7.0,8.0,2.0,9.0,5.0,9.0,2.0,5.0,15.0,11.0,9.0,6.0,2.0,3.0,8.0,0.0,3.0,1.0,0.0,1.0,6.0,7.0,10.0,7.0,8.0,8.0,2.0,9.0,7.0,10.0,2.0,7.0,12.0,8.0,92.0,109.0,549.1,822.65,62.0,74.0,41.0,40.0,201.0,0.0,1371.75,0.0,136.0,0.0,55.0,0.0
Novotel Megève Mont-Blanc,2025,4,91.0,738.1500000000001,61.0,39.0,3.0,6.0,0.3333333333333333,0.6666666666666666,12,1,12,12,0,54.0,0.0,37.0,190.0,0.0,548.15,35.0,0.0,30.0,19.0,0.0,20.0,3.0,9.0,0.0,4.0,6.0,31.0,13.0,4.0,17.0,4.0,0.0,0.0,33.0,229.0,0.0,31.0,24.0,122.5,117.15,105.0,43.5,33.0,0.0,0.0,3.0,7.0,0.0,3.0,5.0,18.0,11.0,3.0,12.0,3.0,0.0,0.0,2.0,3.0,0.0,3.0,3.0,13.0,8.0,1.0,3.0,3.0,0.0,0.0,4.0,7.0,4.0,0.0,1.0,0.0,0.0,0.0,1.0,1.0,3.0,3.0,13.0,6.0,2.0,1.0,3.0,3.0,2.0,3.0,4.0,10.0,7.0,13.0,113.0,20.5,12.0,0.0,4.0,0.0,0.0,0.0,2.5,2.5,86.5,16.5,77.0,100.9,12.0,20.0,27.0,29.9,5.5,11.5,33.0,44.9,45.45,73.5,3.0,4.0,1.0,0.0,1.0,0.0,0.0,0.0,1.0,1.0,3.0,3.0,9.0,4.0,1.0,1.0,3.0,2.0,2.0,2.0,3.0,5.0,6.0,10.0,2.0,5.0,2.0,0.0,1.0,0.0,0.0,0.0,1.0,1.0,2.0,3.0,7.0,5.0,1.0,0.0,2.0,3.0,2.0,2.0,3.0,7.0,6.0,8.0,68.0,23.0,589.65,148.5,50.0,15.0,33.0,12.0,91.0,0.0,738.15,0.0,65.0,0.0,39.0,0.0
Novotel Megève Mont-Blanc,2025,5,63.0,596.2,45.0,31.0,3.0,6.0,0.3333333333333333,0.6666666666666666,12,1,12,12,0,36.0,0.0,27.0,131.9,0.0,464.3,27.0,0.0,23.0,18.0,0.0,13.0,4.0,4.0,0.0,3.0,11.0,15.0,10.0,5.0,10.0,1.0,0.0,0.0,60.0,50.0,0.0,95.9,48.0,57.9,109.4,145.0,26.0,4.0,0.0,0.0,4.0,3.0,0.0,3.0,7.0,10.0,8.0,4.0,10.0,1.0,0.0,0.0,1.0,2.0,0.0,2.0,5.0,10.0,7.0,0.0,3.0,1.0,0.0,0.0,4.0,4.0,0.0,7.0,0.0,0.0,0.0,0.0,0.0,1.0,5.0,0.0,7.0,6.0,5.0,2.0,0.0,3.0,2.0,4.0,1.0,6.0,3.0,3.0,11.5,94.9,0.0,20.0,0.0,0.0,0.0,0.0,0.0,15.0,61.5,0.0,82.95,117.15,59.9,12.5,0.0,18.5,5.0,24.0,3.0,27.9,9.0,33.4,3.0,3.0,0.0,6.0,0.0,0.0,0.0,0.0,0.0,1.0,5.0,0.0,7.0,4.0,3.0,2.0,0.0,2.0,2.0,3.0,1.0,3.0,2.0,3.0,3.0,1.0,0.0,6.0,0.0,0.0,0.0,0.0,0.0,0.0,2.0,0.0,5.0,5.0,4.0,2.0,0.0,3.0,1.0,3.0,1.0,4.0,3.0,3.0,40.0,23.0,338.95,257.25,30.0,20.0,20.0,14.0,60.0,3.0,575.2,21.0,48.0,2.0,30.0,2.0
Novotel Megève Mont-Blanc,2025,6,144.0,1183.55,73.0,51.0,3.0,7.0,0.3,0.7,12,1,12,12,0,76.0,0.0,68.0,281.5,0.0,902.05,41.0,0.0,49.0,21.0,0.0,30.0,15.0,9.0,0.0,7.0,16.0,45.0,15.0,2.0,15.0,7.0,13.0,0.0,196.5,346.0,0.0,104.0,48.0,196.0,131.05,55.0,37.5,63.0,6.5,0.0,13.0,8.0,0.0,5.0,10.0,22.0,12.0,2.0,9.0,6.0,3.0,0.0,7.0,7.0,0.0,5.0,4.0,14.0,8.0,0.0,3.0,2.0,1.0,0.0,12.0,7.0,8.0,0.0,0.0,0.0,2.0,0.0,1.0,1.0,12.0,10.0,3.0,6.0,5.0,14.0,1.0,6.0,5.0,0.0,9.0,8.0,13.0,21.0,46.95,21.0,24.0,0.0,0.0,0.0,6.0,0.0,35.0,45.0,37.0,213.9,34.0,42.0,58.0,100.0,15.0,30.0,100.4,0.0,58.0,112.9,101.4,103.0,8.0,3.0,5.0,0.0,0.0,0.0,1.0,0.0,1.0,1.0,3.0,7.0,3.0,4.0,4.0,6.0,1.0,3.0,5.0,0.0,7.0,7.0,9.0,12.0,8.0,5.0,7.0,0.0,0.0,0.0,1.0,0.0,1.0,1.0,2.0,8.0,3.0,5.0,3.0,5.0,0.0,4.0,5.0,0.0,6.0,6.0,12.0,11.0,101.0,43.0,631.3,552.25,55.0,35.0,37.0,31.0,144.0,0.0,1183.55,0.0,90.0,0.0,51.0,0.0
Novotel Megève Mont-Blanc,2025,7,268.0,1835.2,147.0,59.0,4.0,6.0,0.4,0.6,12,1,12,12,0,181.0,0.0,87.0,593.0,0.0,1242.2,114.0,0.0,68.0,28.0,0.0,31.0,25.0,7.0,1.0,9.0,46.0,95.0,24.0,6.0,39.0,16.0,0.0,0.0,354.5,190.0,8.0,109.0,128.5,359.0,215.7,210.0,97.5,163.0,0.0,0.0,22.0,7.0,1.0,6.0,28.0,59.0,14.0,5.0,26.0,14.0,0.0,0.0,11.0,2.0,1.0,4.0,5.0,17.0,10.0,0.0,5.0,4.0,0.0,0.0,34.0,13.0,3.0,10.0,7.0,0.0,1.0,0.0,0.0,1.0,1.0,11.0,8.0,18.0,12.0,8.0,20.0,12.0,20.0,19.0,20.0,12.0,23.0,15.0,173.0,34.5,75.0,37.5,62.5,0.0,3.0,0.0,0.0,9.0,5.0,154.35,81.9,117.3,80.0,26.5,166.5,53.5,68.0,111.8,105.5,114.5,170.35,185.5,19.0,10.0,2.0,7.0,5.0,0.0,1.0,0.0,0.0,1.0,1.0,7.0,6.0,13.0,10.0,5.0,13.0,7.0,9.0,12.0,15.0,12.0,16.0,11.0,19.0,9.0,2.0,6.0,6.0,0.0,1.0,0.0,0.0,1.0,1.0,8.0,6.0,12.0,8.0,5.0,10.0,6.0,9.0,14.0,16.0,7.0,16.0,9.0,183.0,85.0,1316.45,518.75,128.0,54.0,49.0,34.0,266.0,2.0,1828.7,6.5,180.0,2.0,59.0,2.0
Novotel Megève Mont-Blanc,2025,8,356.0,2873.55,204.0,66.0,3.0,7.0,0.3,0.7,12,1,12,12,0,197.0,0.0,159.0,623.5,0.0,2250.05,116.0,0.0,131.0,26.0,0.0,40.0,56.0,11.0,0.0,1.0,36.0,93.0,39.0,12.0,68.0,36.0,4.0,0.0,917.95,191.0,0.0,4.0,110.0,343.5,374.1,360.0,170.0,399.0,4.0,0.0,50.0,8.0,0.0,1.0,23.0,49.0,27.0,11.0,44.0,32.0,2.0,0.0,19.0,3.0,0.0,1.0,6.0,15.0,12.0,0.0,5.0,4.0,1.0,0.0,21.0,45.0,9.0,8.0,4.0,0.0,0.0,3.0,0.0,7.0,9.0,14.0,35.0,16.0,9.0,20.0,10.0,8.0,24.0,17.0,23.0,14.0,26.0,34.0,197.0,269.5,24.5,22.0,11.5,0.0,0.0,7.5,0.0,111.9,57.0,102.5,365.85,222.85,191.45,148.25,67.0,76.95,132.85,150.5,136.0,123.5,218.5,236.45,17.0,22.0,7.0,5.0,3.0,0.0,0.0,1.0,0.0,5.0,6.0,13.0,21.0,12.0,9.0,13.0,8.0,8.0,17.0,13.0,13.0,12.0,19.0,23.0,11.0,15.0,7.0,7.0,3.0,0.0,0.0,1.0,0.0,5.0,6.0,9.0,21.0,9.0,9.0,11.0,8.0,5.0,16.0,8.0,9.0,10.0,16.0,15.0,228.0,128.0,1846.25,1027.3,155.0,92.0,58.0,40.0,352.0,4.0,2846.55,27.0,244.0,3.0,65.0,3.0
Novotel Megève Mont-Blanc,2025,9,164.0,1220.8,99.0,38.0,3.0,7.0,0.3,0.7,12,1,12,12,0,80.0,0.0,84.0,237.5,0.0,983.3,47.0,0.0,70.0,16.0,0.0,22.0,28.0,6.0,0.0,6.0,19.0,25.0,19.0,6.0,36.0,15.0,4.0,0.0,389.5,70.0,0.0,34.0,52.5,95.0,150.8,180.0,90.0,155.0,4.0,0.0,25.0,6.0,0.0,5.0,11.0,19.0,13.0,4.0,17.0,14.0,3.0,0.0,8.0,2.0,0.0,2.0,5.0,6.0,7.0,0.0,5.0,2.0,1.0,0.0,13.0,17.0,0.0,0.0,0.0,0.0,0.0,0.0,0.0,3.0,2.0,4.0,12.0,16.0,7.0,7.0,0.0,8.0,7.0,1.0,11.0,10.0,28.0,18.0,75.5,87.0,0.0,0.0,0.0,0.0,0.0,0.0,0.0,7.5,5.0,41.0,106.0,138.0,49.5,69.0,0.0,57.5,75.9,13.0,83.5,134.5,202.9,75.0,11.0,8.0,0.0,0.0,0.0,0.0,0.0,0.0,0.0,1.0,1.0,4.0,9.0,9.0,5.0,6.0,0.0,7.0,6.0,1.0,11.0,8.0,16.0,14.0,8.0,5.0,0.0,0.0,0.0,0.0,0.0,0.0,0.0,2.0,1.0,2.0,6.0,9.0,6.0,6.0,0.0,5.0,6.0,1.0,6.0,7.0,15.0,9.0,120.0,44.0,779.5,441.3,85.0,32.0,30.0,20.0,164.0,0.0,1220.8,0.0,117.0,0.0,38.0,0.0
Novotel Megève Mont-Blanc,2025,10,70.0,458.65,34.0,30.0,3.0,6.0,0.3333333333333333,0.6666666666666666,12,1,12,12,0,28.0,0.0,42.0,121.0,0.0,337.65,19.0,0.0,22.0,12.0,0.0,18.0,5.0,0.0,0.0,10.0,8.0,10.0,11.0,1.0,10.0,3.0,12.0,0.0,71.95,0.0,0.0,119.5,37.5,58.5,96.2,20.0,25.0,18.0,12.0,0.0,5.0,0.0,0.0,5.0,4.0,7.0,6.0,1.0,8.0,2.0,3.0,0.0,4.0,0.0,0.0,4.0,4.0,5.0,7.0,0.0,3.0,2.0,1.0,0.0,6.0,1.0,5.0,0.0,1.0,1.0,0.0,0.0,3.0,0.0,1.0,4.0,11.0,2.0,3.0,14.0,1.0,1.0,2.0,6.0,0.0,0.0,4.0,4.0,18.5,10.0,13.0,0.0,8.0,7.0,0.0,0.0,16.5,0.0,2.5,22.5,119.75,12.5,15.0,79.0,18.5,9.0,8.5,38.0,0.0,0.0,12.0,48.4,4.0,1.0,3.0,0.0,1.0,1.0,0.0,0.0,1.0,0.0,1.0,3.0,6.0,2.0,3.0,4.0,1.0,1.0,2.0,3.0,0.0,0.0,2.0,2.0,4.0,1.0,4.0,0.0,1.0,1.0,0.0,0.0,3.0,0.0,1.0,4.0,7.0,2.0,3.0,5.0,1.0,1.0,2.0,5.0,0.0,0.0,2.0,3.0,52.0,18.0,278.85,179.8,29.0,12.0,24.0,12.0,70.0,0.0,458.65,0.0,41.0,0.0,30.0,0.0
Novotel Megève Mont-Blanc,2025,11,158.0,1201.85,97.0,31.0,3.0,7.0,0.3,0.7,12,1,12,12,0,72.0,12.0,74.0,203.5,152.0,846.35,40.0,8.0,60.0,8.0,4.0,19.0,16.0,6.0,0.0,6.0,37.0,8.0,11.0,5.0,27.0,25.0,5.0,12.0,139.0,104.0,0.0,71.5,93.0,43.0,95.85,160.0,67.5,271.0,5.0,152.0,13.0,4.0,0.0,4.0,19.0,5.0,7.0,4.0,16.0,24.0,4.0,8.0,3.0,2.0,0.0,3.0,2.0,5.0,7.0,0.0,1.0,3.0,1.0,4.0,8.0,1.0,0.0,4.0,0.0,0.0,0.0,0.0,6.0,9.0,1.0,6.0,25.0,14.0,5.0,7.0,0.0,9.0,9.0,17.0,4.0,16.0,4.0,13.0,40.0,4.0,0.0,10.0,0.0,0.0,0.0,0.0,57.0,59.0,5.0,12.0,268.5,67.0,43.5,100.0,0.0,71.0,49.95,134.4,25.0,115.5,19.0,121.0,5.0,1.0,0.0,1.0,0.0,0.0,0.0,0.0,4.0,7.0,1.0,3.0,14.0,8.0,4.0,7.0,0.0,6.0,8.0,13.0,3.0,11.0,3.0,9.0,6.0,1.0,0.0,1.0,0.0,0.0,0.0,0.0,6.0,6.0,1.0,2.0,9.0,4.0,4.0,5.0,0.0,5.0,4.0,8.0,2.0,7.0,3.0,5.0,77.0,81.0,625.0,576.85,59.0,49.0,19.0,22.0,153.0,5.0,1172.9,28.95,105.0,3.0,28.0,4.0
Novotel Megève Mont-Blanc,2025,12,448.0,3334.5,261.0,70.0,4.0,7.0,0.36363636363636365,0.6363636363636364,12,1,12,12,0,234.0,113.0,101.0,744.0,1270.4,1320.1,151.0,80.0,84.0,15.0,35.0,21.0,16.0,7.0,0.0,8.0,39.0,115.0,18.0,13.0,75.0,36.0,8.0,113.0,135.0,206.0,0.0,57.5,98.0,358.5,171.6,350.0,187.5,397.0,103.0,1270.4,15.0,7.0,0.0,7.0,25.0,76.0,13.0,11.0,45.0,29.0,7.0,80.0,2.0,4.0,0.0,3.0,2.0,8.0,8.0,0.0,4.0,3.0,2.0,35.0,16.0,20.0,19.0,7.0,4.0,0.0,0.0,0.0,1.0,9.0,14.0,28.0,18.0,17.0,14.0,17.0,25.0,27.0,34.0,34.0,27.0,45.0,24.0,48.0,74.0,71.9,69.0,19.5,10.5,0.0,0.0,0.0,2.5,88.35,181.0,288.65,122.5,216.1,130.2,157.5,147.65,227.35,280.6,228.25,322.25,282.4,126.8,287.5,10.0,7.0,10.0,3.0,4.0,0.0,0.0,0.0,1.0,7.0,11.0,18.0,16.0,12.0,11.0,12.0,16.0,19.0,30.0,23.0,20.0,35.0,18.0,32.0,9.0,9.0,11.0,3.0,3.0,0.0,0.0,0.0,1.0,7.0,12.0,15.0,9.0,12.0,12.0,6.0,17.0,15.0,19.0,20.0,18.0,15.0,15.0,21.0,307.0,141.0,2293.8,1040.7,210.0,105.0,53.0,46.0,432.0,16.0,3250.1,84.4,307.0,8.0,71.0,9.0
Novotel Paris Tour Eiffel,2024,1,1204.0,5938.43375,689.5,0.0,2.5714285714285716,1.7142857142857142,0.5357142857142858,0.46428571428571425,7,5,12,8,4,986.625,0.0,217.375,4227.49625,0.0,1710.9375,572.5,0.0,171.75,0.0,0.0,0.0,0.0,0.0,0.0,2.0,189.125,252.5,0.0,0.0,545.0,215.25,0.125,0.0,0.0,0.0,0.0,16.0,1181.1,855.5,0.0,0.0,2190.89625,1692.625,2.3125,0.0,0.0,0.0,0.0,1.5,136.75,145.375,0.0,0.0,290.375,170.125,0.125,0.0,0.0,0.0,0.0,0.0,0.0,0.0,0.0,0.0,0.0,0.0,0.0,0.0,117.5,53.875,36.0,12.125,7.625,7.875,9.75,16.5,25.25,26.75,23.625,23.125,19.25,23.375,21.75,32.875,46.0,45.5,60.875,65.5,103.0,122.625,146.375,156.875,587.575,266.2625,171.4375,55.349999999999994,36.125,36.2875,46.66250000000001,95.17499999999998,135.2,143.9625,121.69999999999999,103.4375,109.375,115.65,114.6,156.8375,228.46249999999998,230.35,263.7875,375.8,474.4375,545.2125,757.85875,766.8875,72.75,30.375,21.625,7.25,4.125,5.625,7.0,11.5,17.5,18.875,15.375,14.625,15.25,16.125,15.0,21.375,27.5,28.75,36.75,39.0,62.0,73.625,88.125,94.125,0.0,0.0,0.0,0.0,0.0,0.0,0.0,0.0,0.0,0.0,0.0,0.0,0.0,0.0,0.0,0.0,0.0,0.0,0.0,0.0,0.0,0.0,0.0,0.0,825.625,378.375,4219.68375,1718.7500000000002,515.375,228.875,0.0,0.0,1169.0,35.0,5784.88375,153.55,722.375,21.875,0.0,0.0
Novotel Paris Tour Eiffel,2024,2,1204.0,5938.43375,689.5,0.0,2.5714285714285716,1.7142857142857142,0.5357142857142858,0.46428571428571425,7,5,12,8,4,986.625,0.0,217.375,4227.49625,0.0,1710.9375,572.5,0.0,171.75,0.0,0.0,0.0,0.0,0.0,0.0,2.0,189.125,252.5,0.0,0.0,545.0,215.25,0.125,0.0,0.0,0.0,0.0,16.0,1181.1,855.5,0.0,0.0,2190.89625,1692.625,2.3125,0.0,0.0,0.0,0.0,1.5,136.75,145.375,0.0,0.0,290.375,170.125,0.125,0.0,0.0,0.0,0.0,0.0,0.0,0.0,0.0,0.0,0.0,0.0,0.0,0.0,117.5,53.875,36.0,12.125,7.625,7.875,9.75,16.5,25.25,26.75,23.625,23.125,19.25,23.375,21.75,32.875,46.0,45.5,60.875,65.5,103.0,122.625,146.375,156.875,587.575,266.2625,171.4375,55.349999999999994,36.125,36.2875,46.66250000000001,95.17499999999998,135.2,143.9625,121.69999999999999,103.4375,109.375,115.65,114.6,156.8375,228.46249999999998,230.35,263.7875,375.8,474.4375,545.2125,757.85875,766.8875,72.75,30.375,21.625,7.25,4.125,5.625,7.0,11.5,17.5,18.875,15.375,14.625,15.25,16.125,15.0,21.375,27.5,28.75,36.75,39.0,62.0,73.625,88.125,94.125,0.0,0.0,0.0,0.0,0.0,0.0,0.0,0.0,0.0,0.0,0.0,0.0,0.0,0.0,0.0,0.0,0.0,0.0,0.0,0.0,0.0,0.0,0.0,0.0,825.625,378.375,4219.68375,1718.7500000000002,515.375,228.875,0.0,0.0,1169.0,35.0,5784.88375,153.55,722.375,21.875,0.0,0.0
Novotel Paris Tour Eiffel,2024,3,1204.0,5938.43375,689.5,0.0,2.5714285714285716,1.7142857142857142,0.5357142857142858,0.46428571428571425,7,5,12,8,4,986.625,0.0,217.375,4227.49625,0.0,1710.9375,572.5,0.0,171.75,0.0,0.0,0.0,0.0,0.0,0.0,2.0,189.125,252.5,0.0,0.0,545.0,215.25,0.125,0.0,0.0,0.0,0.0,16.0,1181.1,855.5,0.0,0.0,2190.89625,1692.625,2.3125,0.0,0.0,0.0,0.0,1.5,136.75,145.375,0.0,0.0,290.375,170.125,0.125,0.0,0.0,0.0,0.0,0.0,0.0,0.0,0.0,0.0,0.0,0.0,0.0,0.0,117.5,53.875,36.0,12.125,7.625,7.875,9.75,16.5,25.25,26.75,23.625,23.125,19.25,23.375,21.75,32.875,46.0,45.5,60.875,65.5,103.0,122.625,146.375,156.875,587.575,266.2625,171.4375,55.349999999999994,36.125,36.2875,46.66250000000001,95.17499999999998,135.2,143.9625,121.69999999999999,103.4375,109.375,115.65,114.6,156.8375,228.46249999999998,230.35,263.7875,375.8,474.4375,545.2125,757.85875,766.8875,72.75,30.375,21.625,7.25,4.125,5.625,7.0,11.5,17.5,18.875,15.375,14.625,15.25,16.125,15.0,21.375,27.5,28.75,36.75,39.0,62.0,73.625,88.125,94.125,0.0,0.0,0.0,0.0,0.0,0.0,0.0,0.0,0.0,0.0,0.0,0.0,0.0,0.0,0.0,0.0,0.0,0.0,0.0,0.0,0.0,0.0,0.0,0.0,825.625,378.375,4219.68375,1718.7500000000002,515.375,228.875,0.0,0.0,1169.0,35.0,5784.88375,153.55,722.375,21.875,0.0,0.0
Novotel Paris Tour Eiffel,2024,4,1204.0,5938.43375,689.5,0.0,2.5714285714285716,1.7142857142857142,0.5357142857142858,0.46428571428571425,7,5,12,8,4,986.625,0.0,217.375,4227.49625,0.0,1710.9375,572.5,0.0,171.75,0.0,0.0,0.0,0.0,0.0,0.0,2.0,189.125,252.5,0.0,0.0,545.0,215.25,0.125,0.0,0.0,0.0,0.0,16.0,1181.1,855.5,0.0,0.0,2190.89625,1692.625,2.3125,0.0,0.0,0.0,0.0,1.5,136.75,145.375,0.0,0.0,290.375,170.125,0.125,0.0,0.0,0.0,0.0,0.0,0.0,0.0,0.0,0.0,0.0,0.0,0.0,0.0,117.5,53.875,36.0,12.125,7.625,7.875,9.75,16.5,25.25,26.75,23.625,23.125,19.25,23.375,21.75,32.875,46.0,45.5,60.875,65.5,103.0,122.625,146.375,156.875,587.575,266.2625,171.4375,55.349999999999994,36.125,36.2875,46.66250000000001,95.17499999999998,135.2,143.9625,121.69999999999999,103.4375,109.375,115.65,114.6,156.8375,228.46249999999998,230.35,263.7875,375.8,474.4375,545.2125,757.85875,766.8875,72.75,30.375,21.625,7.25,4.125,5.625,7.0,11.5,17.5,18.875,15.375,14.625,15.25,16.125,15.0,21.375,27.5,28.75,36.75,39.0,62.0,73.625,88.125,94.125,0.0,0.0,0.0,0.0,0.0,0.0,0.0,0.0,0.0,0.0,0.0,0.0,0.0,0.0,0.0,0.0,0.0,0.0,0.0,0.0,0.0,0.0,0.0,0.0,825.625,378.375,4219.68375,1718.7500000000002,515.375,228.875,0.0,0.0,1169.0,35.0,5784.88375,153.55,722.375,21.875,0.0,0.0
Novotel Paris Tour Eiffel,2024,5,1.0,3.0,1.0,0.0,0.0,1.0,0.0,1.0,7,5,12,8,4,0.0,0.0,1.0,0.0,0.0,3.0,0.0,0.0,1.0,0.0,0.0,0.0,0.0,0.0,0.0,0.0,0.0,0.0,0.0,0.0,0.0,1.0,0.0,0.0,0.0,0.0,0.0,0.0,0.0,0.0,0.0,0.0,0.0,3.0,0.0,0.0,0.0,0.0,0.0,0.0,0.0,0.0,0.0,0.0,0.0,1.0,0.0,0.0,0.0,0.0,0.0,0.0,0.0,0.0,0.0,0.0,0.0,0.0,0.0,0.0,0.0,0.0,0.0,0.0,0.0,0.0,0.0,0.0,0.0,0.0,0.0,0.0,0.0,0.0,0.0,0.0,1.0,0.0,0.0,0.0,0.0,0.0,0.0,0.0,0.0,0.0,0.0,0.0,0.0,0.0,0.0,0.0,0.0,0.0,0.0,0.0,0.0,0.0,0.0,0.0,3.0,0.0,0.0,0.0,0.0,0.0,0.0,0.0,0.0,0.0,0.0,0.0,0.0,0.0,0.0,0.0,0.0,0.0,0.0,0.0,0.0,0.0,0.0,0.0,1.0,0.0,0.0,0.0,0.0,0.0,0.0,0.0,0.0,0.0,0.0,0.0,0.0,0.0,0.0,0.0,0.0,0.0,0.0,0.0,0.0,0.0,0.0,0.0,0.0,0.0,0.0,0.0,0.0,0.0,0.0,0.0,1.0,0.0,3.0,0.0,1.0,0.0,0.0,0.0,1.0,0.0,3.0,0.0,1.0,0.0,0.0,0.0
Novotel Paris Tour Eiffel,2024,6,335.0,3682.5,199.0,0.0,3.0,1.0,0.75,0.25,7,5,12,8,4,286.0,0.0,49.0,3077.5,0.0,605.0,170.0,0.0,38.0,0.0,0.0,0.0,0.0,0.0,0.0,0.0,42.0,59.0,0.0,0.0,185.0,49.0,0.0,0.0,0.0,0.0,0.0,0.0,310.0,391.5,0.0,0.0,2376.0,605.0,0.0,0.0,0.0,0.0,0.0,0.0,34.0,37.0,0.0,0.0,99.0,38.0,0.0,0.0,0.0,0.0,0.0,0.0,0.0,0.0,0.0,0.0,0.0,0.0,0.0,0.0,59.0,13.0,2.0,3.0,0.0,1.0,4.0,8.0,1.0,11.0,5.0,1.0,9.0,5.0,6.0,9.0,22.0,13.0,11.0,41.0,20.0,26.0,30.0,35.0,719.5,192.0,5.0,22.5,0.0,3.0,11.5,55.0,3.0,91.5,43.5,4.0,45.5,18.0,37.5,50.5,242.0,266.5,73.5,617.0,346.5,169.0,441.0,225.0,34.0,7.0,2.0,1.0,0.0,1.0,3.0,5.0,1.0,7.0,4.0,1.0,9.0,4.0,5.0,6.0,12.0,8.0,8.0,20.0,11.0,20.0,16.0,23.0,0.0,0.0,0.0,0.0,0.0,0.0,0.0,0.0,0.0,0.0,0.0,0.0,0.0,0.0,0.0,0.0,0.0,0.0,0.0,0.0,0.0,0.0,0.0,0.0,335.0,0.0,3682.5,0.0,208.0,0.0,0.0,0.0,335.0,0.0,3682.5,0.0,208.0,0.0,0.0,0.0
Novotel Paris Tour Eiffel,2024,7,382.0,2825.67,200.0,0.0,3.0,2.0,0.6,0.4,7,5,12,8,4,336.0,0.0,46.0,2410.17,0.0,415.5,180.0,0.0,40.0,0.0,0.0,0.0,0.0,0.0,0.0,0.0,55.0,97.0,0.0,0.0,184.0,45.0,1.0,0.0,0.0,0.0,0.0,0.0,502.0,556.6999999999999,0.0,0.0,1351.47,397.0,18.5,0.0,0.0,0.0,0.0,0.0,41.0,48.0,0.0,0.0,91.0,39.0,1.0,0.0,0.0,0.0,0.0,0.0,0.0,0.0,0.0,0.0,0.0,0.0,0.0,0.0,41.0,16.0,17.0,0.0,0.0,2.0,0.0,4.0,7.0,6.0,3.0,1.0,7.0,9.0,5.0,9.0,13.0,9.0,17.0,23.0,34.0,14.0,88.0,57.0,253.5,110.5,106.7,0.0,0.0,7.1,0.0,16.1,35.6,28.9,18.9,2.9,41.9,52.599999999999994,25.6,50.9,119.5,53.900000000000006,83.1,126.19999999999999,153.9,117.39999999999999,870.0699999999999,550.4000000000001,27.0,11.0,10.0,0.0,0.0,1.0,0.0,3.0,5.0,6.0,2.0,1.0,6.0,4.0,4.0,6.0,5.0,6.0,12.0,12.0,24.0,9.0,40.0,26.0,0.0,0.0,0.0,0.0,0.0,0.0,0.0,0.0,0.0,0.0,0.0,0.0,0.0,0.0,0.0,0.0,0.0,0.0,0.0,0.0,0.0,0.0,0.0,0.0,379.0,3.0,2815.67,10.0,217.0,3.0,0.0,0.0,382.0,0.0,2825.67,0.0,220.0,0.0,0.0,0.0
Novotel Paris Tour Eiffel,2024,9,365.0,1718.4999999999995,200.0,0.0,3.0,2.0,0.6,0.4,7,5,12,8,4,279.0,0.0,86.0,1079.5,0.0,639.0,156.0,0.0,68.0,0.0,0.0,0.0,0.0,0.0,0.0,1.0,54.0,87.0,0.0,0.0,138.0,85.0,0.0,0.0,0.0,0.0,0.0,8.0,314.6,269.4,0.0,0.0,495.5,631.0,0.0,0.0,0.0,0.0,0.0,1.0,39.0,48.0,0.0,0.0,69.0,67.0,0.0,0.0,0.0,0.0,0.0,0.0,0.0,0.0,0.0,0.0,0.0,0.0,0.0,0.0,56.0,32.0,17.0,4.0,2.0,0.0,0.0,3.0,7.0,0.0,4.0,13.0,0.0,5.0,15.0,8.0,19.0,7.0,12.0,27.0,25.0,28.0,29.0,52.0,250.0,149.4,56.1,29.0,16.0,0.0,0.0,32.9,41.8,0.0,30.0,48.0,0.0,17.8,63.1,30.9,72.2,26.5,76.3,126.1,135.6,142.3,135.4,239.1,33.0,13.0,12.0,4.0,1.0,0.0,0.0,3.0,6.0,0.0,3.0,6.0,0.0,2.0,9.0,5.0,11.0,5.0,8.0,12.0,19.0,19.0,20.0,33.0,0.0,0.0,0.0,0.0,0.0,0.0,0.0,0.0,0.0,0.0,0.0,0.0,0.0,0.0,0.0,0.0,0.0,0.0,0.0,0.0,0.0,0.0,0.0,0.0,80.0,285.0,376.3,1342.1999999999998,54.0,170.0,0.0,0.0,365.0,0.0,1718.5,0.0,224.0,0.0,0.0,0.0
Novotel Paris Tour Eiffel,2024,10,2927.0,13290.0,1705.0,0.0,3.0,2.0,0.6,0.4,7,5,12,8,4,2379.0,0.0,548.0,8996.0,0.0,4294.0,1415.0,0.0,427.0,0.0,0.0,0.0,0.0,0.0,0.0,6.0,443.0,614.0,0.0,0.0,1322.0,542.0,0.0,0.0,0.0,0.0,0.0,48.0,2545.7,1918.3999999999999,0.0,0.0,4531.9,4246.0,0.0,0.0,0.0,0.0,0.0,4.0,339.0,356.0,0.0,0.0,720.0,423.0,0.0,0.0,0.0,0.0,0.0,0.0,0.0,0.0,0.0,0.0,0.0,0.0,0.0,0.0,299.0,104.0,84.0,29.0,18.0,25.0,20.0,41.0,61.0,52.0,73.0,45.0,41.0,30.0,41.0,108.0,145.0,96.0,117.0,125.0,264.0,373.0,310.0,426.0,1342.1,460.4,397.4,109.6,101.8,121.2,101.8,237.10000000000002,263.9,287.5,347.6,211.5,256.4,129.8,278.4,457.9,618.3,412.7,531.0,702.9,1093.9,1642.4,1336.8,1847.6,190.0,62.0,55.0,18.0,12.0,20.0,14.0,28.0,44.0,39.0,50.0,29.0,29.0,24.0,31.0,74.0,85.0,64.0,79.0,82.0,157.0,217.0,187.0,252.0,0.0,0.0,0.0,0.0,0.0,0.0,0.0,0.0,0.0,0.0,0.0,0.0,0.0,0.0,0.0,0.0,0.0,0.0,0.0,0.0,0.0,0.0,0.0,0.0,2068.0,859.0,9395.9,3894.1000000000004,1308.0,534.0,0.0,0.0,2927.0,0.0,13290.0,0.0,1842.0,0.0,0.0,0.0
Novotel Paris Tour Eiffel,2024,11,2488.0,11874.8,1493.0,0.0,3.0,2.0,0.6,0.4,7,5,12,8,4,2001.0,0.0,487.0,8030.799999999999,0.0,3844.0,1198.0,0.0,392.0,0.0,0.0,0.0,0.0,0.0,0.0,2.0,437.0,479.0,0.0,0.0,1085.0,485.0,0.0,0.0,0.0,0.0,0.0,16.0,2752.7,1511.5,0.0,0.0,3766.6,3828.0,0.0,0.0,0.0,0.0,0.0,1.0,313.0,284.0,0.0,0.0,601.0,391.0,0.0,0.0,0.0,0.0,0.0,0.0,0.0,0.0,0.0,0.0,0.0,0.0,0.0,0.0,205.0,104.0,67.0,35.0,13.0,20.0,24.0,28.0,55.0,51.0,52.0,46.0,60.0,65.0,62.0,60.0,66.0,113.0,127.0,109.0,185.0,240.0,364.0,337.0,900.3,525.5,335.5,154.3,67.2,82.3,135.9,192.3,339.6,266.6,285.1,226.7,334.20000000000005,373.6,285.20000000000005,322.8,318.9,526.3,468.0,544.8,852.7,1074.1,1665.6,1597.3,134.0,58.0,41.0,20.0,7.0,12.0,20.0,24.0,37.0,33.0,33.0,34.0,51.0,48.0,40.0,37.0,44.0,71.0,70.0,73.0,118.0,146.0,228.0,211.0,0.0,0.0,0.0,0.0,0.0,0.0,0.0,0.0,0.0,0.0,0.0,0.0,0.0,0.0,0.0,0.0,0.0,0.0,0.0,0.0,0.0,0.0,0.0,0.0,1587.0,901.0,7654.4,4220.4,1023.0,567.0,0.0,0.0,2327.0,161.0,11170.599999999999,704.2,1493.0,97.0,0.0,0.0
Novotel Paris Tour Eiffel,2024,12,3134.0,14113.0,1718.0,0.0,3.0,2.0,0.6,0.4,7,5,12,8,4,2612.0,0.0,522.0,10226.0,0.0,3887.0,1461.0,0.0,408.0,0.0,0.0,0.0,0.0,0.0,0.0,7.0,482.0,684.0,0.0,0.0,1446.0,515.0,0.0,0.0,0.0,0.0,0.0,56.0,3023.8,2196.5,0.0,0.0,5005.7,3831.0,0.0,0.0,0.0,0.0,0.0,6.0,328.0,390.0,0.0,0.0,743.0,402.0,0.0,0.0,0.0,0.0,0.0,0.0,0.0,0.0,0.0,0.0,0.0,0.0,0.0,0.0,280.0,162.0,101.0,26.0,28.0,15.0,30.0,48.0,71.0,94.0,52.0,79.0,37.0,73.0,45.0,69.0,102.0,126.0,203.0,199.0,296.0,300.0,350.0,348.0,1235.2,692.3,470.8,127.4,104.0,76.7,124.1,228.0,397.70000000000005,477.20000000000005,248.5,334.4,197.0,333.4,227.0,341.7,453.8,556.9,878.4000000000001,889.4,1212.9,1216.5,1614.0,1675.7,164.0,92.0,53.0,15.0,13.0,11.0,19.0,29.0,47.0,66.0,31.0,46.0,27.0,47.0,31.0,43.0,62.0,76.0,117.0,113.0,167.0,178.0,214.0,208.0,0.0,0.0,0.0,0.0,0.0,0.0,0.0,0.0,0.0,0.0,0.0,0.0,0.0,0.0,0.0,0.0,0.0,0.0,0.0,0.0,0.0,0.0,0.0,0.0,2155.0,979.0,9829.7,4283.3,1312.0,557.0,0.0,0.0,3015.0,119.0,13588.8,524.2,1791.0,78.0,0.0,0.0
Novotel Paris Tour Eiffel,2025,1,2357.0,10889.6,1340.0,0.0,3.0,1.0,0.75,0.25,12,1,12,12,0,2052.0,0.0,305.0,8470.6,0.0,2419.0,1211.0,0.0,238.0,0.0,0.0,0.0,0.0,0.0,0.0,0.0,447.0,508.0,0.0,0.0,1097.0,305.0,0.0,0.0,0.0,0.0,0.0,0.0,2842.6,1763.5,0.0,0.0,3864.5,2419.0,0.0,0.0,0.0,0.0,0.0,0.0,313.0,290.0,0.0,0.0,608.0,238.0,0.0,0.0,0.0,0.0,0.0,0.0,0.0,0.0,0.0,0.0,0.0,0.0,0.0,0.0,290.0,109.0,87.0,46.0,32.0,21.0,18.0,38.0,40.0,59.0,38.0,32.0,29.0,28.0,38.0,52.0,70.0,82.0,115.0,151.0,210.0,251.0,282.0,239.0,1281.9,478.6,369.20000000000005,218.0,133.8,113.1,103.6,257.7,202.3,313.6,190.1,142.10000000000002,124.4,173.2,172.3,212.7,310.4,354.5,595.8,748.2,1003.4,1080.5,1260.2,1050.0,155.0,58.0,55.0,29.0,18.0,12.0,14.0,28.0,32.0,42.0,30.0,21.0,24.0,20.0,22.0,35.0,44.0,52.0,74.0,96.0,127.0,146.0,167.0,148.0,0.0,0.0,0.0,0.0,0.0,0.0,0.0,0.0,0.0,0.0,0.0,0.0,0.0,0.0,0.0,0.0,0.0,0.0,0.0,0.0,0.0,0.0,0.0,0.0,1732.0,625.0,7956.1,2933.5,1063.0,386.0,0.0,0.0,2357.0,0.0,10889.6,0.0,1449.0,0.0,0.0,0.0
Novotel Paris Tour Eiffel,2025,2,2569.0,12402.599999999999,1471.0,0.0,3.0,2.0,0.6,0.4,12,1,12,12,0,2129.0,0.0,440.0,8946.6,0.0,3456.0,1258.0,0.0,354.0,0.0,0.0,0.0,0.0,0.0,0.0,3.0,429.0,514.0,0.0,0.0,1186.0,437.0,0.0,0.0,0.0,0.0,0.0,24.0,2892.1,1853.2,0.0,0.0,4201.3,3432.0,0.0,0.0,0.0,0.0,0.0,3.0,310.0,299.0,0.0,0.0,649.0,351.0,0.0,0.0,0.0,0.0,0.0,0.0,0.0,0.0,0.0,0.0,0.0,0.0,0.0,0.0,227.0,111.0,74.0,37.0,30.0,34.0,16.0,50.0,67.0,61.0,38.0,38.0,55.0,43.0,60.0,82.0,87.0,71.0,110.0,95.0,199.0,322.0,318.0,344.0,1122.4,501.4,355.1,186.70000000000002,124.7,178.2,84.5,300.2,352.9,301.4,236.8,207.2,268.3,175.6,292.6,429.4,449.9,352.7,523.7,574.3,898.3,1457.8,1419.8,1608.7,131.0,70.0,43.0,23.0,19.0,16.0,12.0,39.0,53.0,42.0,27.0,31.0,38.0,29.0,31.0,56.0,62.0,45.0,65.0,65.0,124.0,181.0,201.0,209.0,0.0,0.0,0.0,0.0,0.0,0.0,0.0,0.0,0.0,0.0,0.0,0.0,0.0,0.0,0.0,0.0,0.0,0.0,0.0,0.0,0.0,0.0,0.0,0.0,1783.0,786.0,8663.8,3738.8,1129.0,483.0,0.0,0.0,2569.0,0.0,12402.6,0.0,1612.0,0.0,0.0,0.0
Novotel Paris Tour Eiffel,2025,3,2790.0,13418.0,1638.0,0.0,3.0,2.0,0.6,0.4,12,1,12,12,0,2343.0,0.0,447.0,10258.0,0.0,3160.0,1436.0,0.0,351.0,0.0,0.0,0.0,0.0,0.0,0.0,6.0,510.0,576.0,0.0,0.0,1257.0,441.0,0.0,0.0,0.0,0.0,0.0,48.0,3653.0,2109.2,0.0,0.0,4495.8,3112.0,0.0,0.0,0.0,0.0,0.0,5.0,345.0,343.0,0.0,0.0,748.0,346.0,0.0,0.0,0.0,0.0,0.0,0.0,0.0,0.0,0.0,0.0,0.0,0.0,0.0,0.0,216.0,96.0,62.0,40.0,44.0,19.0,30.0,71.0,74.0,43.0,51.0,54.0,47.0,53.0,63.0,60.0,97.0,112.0,91.0,107.0,271.0,283.0,356.0,450.0,1038.7,451.6,303.2,231.3,257.7,95.8,162.9,355.2,365.8,252.39999999999998,262.1,235.9,243.60000000000002,254.8,272.8,276.1,418.5,522.0,394.6,563.3,1338.8,1327.1,1677.1,2116.7,135.0,46.0,33.0,28.0,28.0,10.0,20.0,51.0,53.0,34.0,40.0,34.0,35.0,31.0,41.0,37.0,66.0,65.0,62.0,71.0,169.0,193.0,230.0,275.0,0.0,0.0,0.0,0.0,0.0,0.0,0.0,0.0,0.0,0.0,0.0,0.0,0.0,0.0,0.0,0.0,0.0,0.0,0.0,0.0,0.0,0.0,0.0,0.0,1723.0,1067.0,8262.1,5155.9,1126.0,661.0,0.0,0.0,2790.0,0.0,13418.0,0.0,1787.0,0.0,0.0,0.0
Novotel Paris Tour Eiffel,2025,4,3118.0,14855.0,1741.0,0.0,3.0,2.0,0.6,0.4,12,1,12,12,0,2802.0,7.0,309.0,12489.0,28.0,2338.0,1750.0,5.0,258.0,0.0,0.0,0.0,0.0,0.0,0.0,2.0,648.0,661.0,0.0,0.0,1493.0,307.0,0.0,7.0,0.0,0.0,0.0,16.0,4827.4,2330.3,0.0,0.0,5331.3,2322.0,0.0,28.0,0.0,0.0,0.0,2.0,459.0,373.0,0.0,0.0,918.0,256.0,0.0,5.0,0.0,0.0,0.0,0.0,0.0,0.0,0.0,0.0,0.0,0.0,0.0,0.0,327.0,156.0,53.0,56.0,16.0,16.0,25.0,22.0,68.0,63.0,53.0,41.0,50.0,44.0,52.0,65.0,100.0,105.0,95.0,105.0,212.0,378.0,528.0,488.0,1619.5,773.5,258.7,326.4,99.8,78.1,133.3,102.6,316.1,282.0,269.3,192.2,259.9,206.1,262.7,318.8,386.0,494.2,457.5,510.79999999999995,959.7,1777.6,2420.0,2350.2,202.0,96.0,34.0,36.0,12.0,11.0,14.0,15.0,51.0,46.0,38.0,27.0,39.0,38.0,36.0,44.0,61.0,68.0,64.0,70.0,137.0,246.0,313.0,315.0,0.0,0.0,0.0,0.0,0.0,0.0,0.0,0.0,0.0,0.0,0.0,0.0,0.0,0.0,0.0,0.0,0.0,0.0,0.0,0.0,0.0,0.0,0.0,0.0,2207.0,911.0,10557.8,4297.200000000001,1459.0,554.0,0.0,0.0,3118.0,0.0,14855.0,0.0,2013.0,0.0,0.0,0.0
Novotel Paris Tour Eiffel,2025,5,3259.0,15280.2,1831.0,0.0,3.0,2.0,0.6,0.4,12,1,12,12,0,2893.0,0.0,366.0,12587.2,0.0,2693.0,1818.0,0.0,285.0,0.0,0.0,0.0,0.0,0.0,0.0,6.0,675.0,590.0,0.0,0.0,1628.0,360.0,0.0,0.0,0.0,0.0,0.0,48.0,4658.0,2031.7,0.0,0.0,5897.5,2645.0,0.0,0.0,0.0,0.0,0.0,6.0,487.0,359.0,0.0,0.0,972.0,279.0,0.0,0.0,0.0,0.0,0.0,0.0,0.0,0.0,0.0,0.0,0.0,0.0,0.0,0.0,450.0,178.0,67.0,24.0,30.0,26.0,27.0,35.0,48.0,26.0,47.0,23.0,41.0,57.0,93.0,92.0,160.0,121.0,126.0,146.0,179.0,234.0,448.0,581.0,2203.7,892.0,320.1,119.4,157.9,140.7,164.1,193.7,234.10000000000002,138.9,228.3,104.0,197.3,269.6,500.3,383.1,641.5999999999999,499.40000000000003,573.6,656.0,835.7,1027.5,2101.3,2697.9,271.0,120.0,44.0,14.0,18.0,19.0,19.0,23.0,42.0,24.0,30.0,17.0,29.0,37.0,59.0,66.0,89.0,80.0,89.0,104.0,111.0,161.0,283.0,354.0,0.0,0.0,0.0,0.0,0.0,0.0,0.0,0.0,0.0,0.0,0.0,0.0,0.0,0.0,0.0,0.0,0.0,0.0,0.0,0.0,0.0,0.0,0.0,0.0,2311.0,948.0,10727.599999999999,4552.6,1487.0,616.0,0.0,0.0,2982.0,277.0,13984.7,1295.5,1921.0,182.0,0.0,0.0
Novotel Paris Tour Eiffel,2025,6,3612.0,17358.9,2033.0,0.0,3.0,2.0,0.6,0.4,12,1,12,12,0,3169.0,0.0,443.0,13957.9,0.0,3401.0,1973.0,0.0,321.0,0.0,0.0,0.0,0.0,0.0,0.0,3.0,676.0,598.0,0.0,0.0,1895.0,440.0,0.0,0.0,0.0,0.0,0.0,24.0,4725.8,2033.3999999999999,0.0,0.0,7198.7,3377.0,0.0,0.0,0.0,0.0,0.0,3.0,528.0,347.0,0.0,0.0,1098.0,318.0,0.0,0.0,0.0,0.0,0.0,0.0,0.0,0.0,0.0,0.0,0.0,0.0,0.0,0.0,439.0,186.0,76.0,79.0,37.0,18.0,26.0,49.0,58.0,46.0,52.0,33.0,49.0,92.0,103.0,146.0,124.0,194.0,215.0,136.0,175.0,318.0,397.0,564.0,1987.6999999999998,921.5999999999999,354.8,410.1,193.6,89.5,124.7,308.5,283.2,227.8,240.6,143.0,226.7,434.0,514.3,696.0,557.5999999999999,938.2,1104.6,666.6,744.6,1597.3,1885.5,2708.3999999999996,282.0,114.0,48.0,56.0,25.0,16.0,20.0,35.0,44.0,36.0,35.0,28.0,35.0,62.0,61.0,90.0,78.0,114.0,131.0,87.0,102.0,206.0,248.0,341.0,0.0,0.0,0.0,0.0,0.0,0.0,0.0,0.0,0.0,0.0,0.0,0.0,0.0,0.0,0.0,0.0,0.0,0.0,0.0,0.0,0.0,0.0,0.0,0.0,2509.0,1103.0,12408.400000000001,4950.5,1596.0,698.0,0.0,0.0,3612.0,0.0,17358.9,0.0,2294.0,0.0,0.0,0.0
Novotel Paris Tour Eiffel,2025,7,4515.0,23386.0,2384.0,0.0,3.0,2.0,0.6,0.4,12,1,12,12,0,4074.0,0.0,441.0,19600.0,0.0,3786.0,2391.0,0.0,319.0,0.0,0.0,0.0,0.0,0.0,0.0,6.0,866.0,792.0,0.0,0.0,2416.0,435.0,0.0,0.0,0.0,0.0,0.0,48.0,6293.7,2651.6,0.0,0.0,10654.7,3738.0,0.0,0.0,0.0,0.0,0.0,6.0,620.0,418.0,0.0,0.0,1353.0,313.0,0.0,0.0,0.0,0.0,0.0,0.0,0.0,0.0,0.0,0.0,0.0,0.0,0.0,0.0,614.0,282.0,119.0,34.0,30.0,32.0,28.0,48.0,68.0,75.0,76.0,111.0,112.0,97.0,90.0,147.0,140.0,194.0,176.0,202.0,222.0,340.0,509.0,769.0,2995.2,1419.5,563.7,142.2,102.19999999999999,130.2,123.3,302.7,338.4,459.4,441.4,596.5,585.7,483.20000000000005,389.0,724.6,674.2,839.7,793.7,1042.3,976.9,1692.4,2932.5,4637.1,376.0,160.0,83.0,23.0,12.0,20.0,18.0,34.0,43.0,56.0,57.0,60.0,69.0,67.0,54.0,80.0,84.0,111.0,111.0,119.0,136.0,215.0,291.0,431.0,0.0,0.0,0.0,0.0,0.0,0.0,0.0,0.0,0.0,0.0,0.0,0.0,0.0,0.0,0.0,0.0,0.0,0.0,0.0,0.0,0.0,0.0,0.0,0.0,3314.0,1201.0,17473.5,5912.5,1963.0,747.0,0.0,0.0,4375.0,140.0,22743.8,642.2,2621.0,89.0,0.0,0.0
Novotel Paris Tour Eiffel,2025,8,3837.0,17853.899999999998,1988.0,0.0,3.0,2.0,0.6,0.4,12,1,12,12,0,3360.0,0.0,477.0,14214.9,0.0,3639.0,1895.0,0.0,342.0,0.0,0.0,0.0,0.0,0.0,0.0,7.0,704.0,629.0,0.0,0.0,2027.0,470.0,0.0,0.0,0.0,0.0,0.0,56.0,4641.7,2191.4,0.0,0.0,7381.8,3583.0,0.0,0.0,0.0,0.0,0.0,7.0,487.0,331.0,0.0,0.0,1077.0,335.0,0.0,0.0,0.0,0.0,0.0,0.0,0.0,0.0,0.0,0.0,0.0,0.0,0.0,0.0,443.0,217.0,92.0,40.0,38.0,10.0,25.0,28.0,37.0,62.0,87.0,41.0,85.0,58.0,66.0,150.0,166.0,142.0,157.0,159.0,252.0,418.0,492.0,572.0,1981.2,1077.7,470.29999999999995,223.10000000000002,217.3,51.5,109.5,140.7,209.6,362.1,427.4,173.2,357.6,291.9,276.7,726.2,713.4000000000001,573.4,646.5,763.8,1122.4,1871.1,2198.7999999999997,2868.5,239.0,117.0,53.0,26.0,25.0,9.0,17.0,16.0,25.0,38.0,56.0,30.0,48.0,35.0,40.0,89.0,110.0,84.0,88.0,86.0,143.0,236.0,294.0,333.0,0.0,0.0,0.0,0.0,0.0,0.0,0.0,0.0,0.0,0.0,0.0,0.0,0.0,0.0,0.0,0.0,0.0,0.0,0.0,0.0,0.0,0.0,0.0,0.0,2576.0,1261.0,12094.5,5759.4,1509.0,728.0,0.0,0.0,3714.0,123.0,17246.9,607.0,2164.0,73.0,0.0,0.0
Novotel Paris Tour Eiffel,2025,9,2866.0,13850.1,1693.0,0.0,3.0,2.0,0.6,0.4,12,1,12,12,0,2471.0,0.0,395.0,10648.1,0.0,3202.0,1601.0,0.0,307.0,0.0,0.0,0.0,0.0,0.0,0.0,4.0,504.0,476.0,0.0,0.0,1491.0,391.0,0.0,0.0,0.0,0.0,0.0,32.0,3433.9,1596.7,0.0,0.0,5617.5,3170.0,0.0,0.0,0.0,0.0,0.0,4.0,404.0,269.0,0.0,0.0,928.0,303.0,0.0,0.0,0.0,0.0,0.0,0.0,0.0,0.0,0.0,0.0,0.0,0.0,0.0,0.0,297.0,129.0,55.0,78.0,23.0,28.0,35.0,29.0,52.0,52.0,60.0,34.0,35.0,80.0,52.0,106.0,106.0,116.0,131.0,149.0,167.0,288.0,344.0,420.0,1382.8000000000002,589.6,267.8,381.0,133.1,127.8,181.6,159.4,249.5,322.4,344.5,217.0,195.2,393.6,255.1,475.8,465.5,482.6,622.6,674.7,888.6,1470.3,1608.9,1960.7,198.0,89.0,44.0,48.0,13.0,16.0,27.0,22.0,42.0,31.0,45.0,26.0,24.0,38.0,33.0,64.0,78.0,72.0,78.0,100.0,119.0,191.0,239.0,271.0,0.0,0.0,0.0,0.0,0.0,0.0,0.0,0.0,0.0,0.0,0.0,0.0,0.0,0.0,0.0,0.0,0.0,0.0,0.0,0.0,0.0,0.0,0.0,0.0,2100.0,766.0,9996.6,3853.5,1391.0,517.0,0.0,0.0,2866.0,0.0,13850.1,0.0,1908.0,0.0,0.0,0.0
Novotel Paris Tour Eiffel,2025,10,3172.0,14511.5,1705.0,0.0,3.0,2.0,0.6,0.4,12,1,12,12,0,2794.0,0.0,378.0,11601.5,0.0,2910.0,1658.0,0.0,278.0,0.0,0.0,0.0,0.0,0.0,0.0,4.0,524.0,610.0,0.0,0.0,1660.0,374.0,0.0,0.0,0.0,0.0,0.0,32.0,3534.2,2069.3,0.0,0.0,5998.0,2878.0,0.0,0.0,0.0,0.0,0.0,4.0,397.0,334.0,0.0,0.0,927.0,274.0,0.0,0.0,0.0,0.0,0.0,0.0,0.0,0.0,0.0,0.0,0.0,0.0,0.0,0.0,322.0,138.0,85.0,23.0,22.0,11.0,15.0,42.0,41.0,46.0,50.0,42.0,57.0,57.0,76.0,66.0,86.0,124.0,165.0,163.0,260.0,354.0,531.0,396.0,1424.1,630.6,399.1,141.4,139.60000000000002,48.3,68.9,205.4,213.7,195.60000000000002,232.0,195.39999999999998,317.4,280.6,387.1,297.5,330.0,539.5,699.0,728.5,1232.2,1656.1,2349.8,1799.7,177.0,97.0,48.0,19.0,15.0,8.0,12.0,29.0,35.0,32.0,30.0,31.0,38.0,42.0,44.0,44.0,46.0,70.0,98.0,96.0,160.0,209.0,305.0,251.0,0.0,0.0,0.0,0.0,0.0,0.0,0.0,0.0,0.0,0.0,0.0,0.0,0.0,0.0,0.0,0.0,0.0,0.0,0.0,0.0,0.0,0.0,0.0,0.0,2295.0,877.0,10697.6,3813.9,1418.0,518.0,0.0,0.0,3172.0,0.0,14511.5,0.0,1936.0,0.0,0.0,0.0
Novotel Paris Tour Eiffel,2025,11,2610.0,11985.9,1497.0,0.0,3.0,2.0,0.6,0.4,12,1,12,12,0,2298.0,2.0,310.0,9513.9,16.0,2456.0,1438.0,2.0,251.0,0.0,0.0,0.0,0.0,0.0,0.0,2.0,473.0,509.0,0.0,0.0,1316.0,308.0,0.0,2.0,0.0,0.0,0.0,16.0,3037.8,1684.1,0.0,0.0,4792.0,2440.0,0.0,16.0,0.0,0.0,0.0,2.0,370.0,272.0,0.0,0.0,796.0,249.0,0.0,2.0,0.0,0.0,0.0,0.0,0.0,0.0,0.0,0.0,0.0,0.0,0.0,0.0,199.0,128.0,29.0,49.0,25.0,23.0,22.0,44.0,53.0,42.0,57.0,59.0,46.0,70.0,29.0,68.0,92.0,130.0,119.0,182.0,199.0,293.0,322.0,330.0,845.4,548.2,127.7,202.6,133.4,119.5,131.9,206.10000000000002,283.8,207.9,257.1,283.3,233.1,380.6,172.4,366.3,418.3,605.9,565.5999999999999,796.2,947.0,1281.6,1360.5,1511.5,128.0,77.0,24.0,23.0,18.0,12.0,16.0,33.0,47.0,30.0,45.0,44.0,32.0,43.0,23.0,47.0,63.0,82.0,75.0,112.0,125.0,178.0,201.0,213.0,0.0,0.0,0.0,0.0,0.0,0.0,0.0,0.0,0.0,0.0,0.0,0.0,0.0,0.0,0.0,0.0,0.0,0.0,0.0,0.0,0.0,0.0,0.0,0.0,1754.0,856.0,8063.7,3922.2,1149.0,542.0,0.0,0.0,2446.0,164.0,11293.099999999999,692.8,1588.0,103.0,0.0,0.0
Novotel Paris Tour Eiffel,2025,12,3151.0,14433.8,1711.0,0.0,3.0,2.0,0.6,0.4,12,1,12,12,0,2881.0,12.0,258.0,12434.8,96.0,1903.0,1736.0,11.0,199.0,0.0,0.0,0.0,0.0,0.0,0.0,8.0,632.0,569.0,0.0,0.0,1680.0,250.0,0.0,12.0,0.0,0.0,0.0,64.0,4380.5,1993.1,0.0,0.0,6061.2,1839.0,0.0,96.0,0.0,0.0,0.0,6.0,413.0,309.0,0.0,0.0,1014.0,193.0,0.0,11.0,0.0,0.0,0.0,0.0,0.0,0.0,0.0,0.0,0.0,0.0,0.0,0.0,265.0,141.0,67.0,48.0,27.0,27.0,29.0,50.0,61.0,64.0,63.0,39.0,47.0,49.0,59.0,78.0,131.0,84.0,153.0,170.0,338.0,315.0,410.0,436.0,1160.7,826.2,369.3,210.4,146.3,112.9,145.2,231.3,273.4,294.0,269.2,218.1,241.6,245.4,272.2,377.9,533.1,367.70000000000005,753.3,722.5,1464.3,1471.3,1780.4,1947.1,141.0,86.0,42.0,28.0,16.0,18.0,20.0,35.0,45.0,47.0,38.0,29.0,36.0,31.0,37.0,53.0,82.0,58.0,83.0,101.0,199.0,201.0,268.0,252.0,0.0,0.0,0.0,0.0,0.0,0.0,0.0,0.0,0.0,0.0,0.0,0.0,0.0,0.0,0.0,0.0,0.0,0.0,0.0,0.0,0.0,0.0,0.0,0.0,2273.0,878.0,10458.9,3974.9,1404.0,542.0,0.0,0.0,3007.0,144.0,13789.7,644.1,1861.0,85.0,0.0,0.0
Novotel Porte d’Italie,2024,1,165.5,599.115,109.25,0.0,3.0,0.5,0.875,0.125,4,9,12,4,8,159.0,6.0,0.5,559.04,39.725,0.35,124.0,4.75,0.5,0.0,0.0,0.0,0.0,0.0,0.0,0.0,43.5,71.5,0.0,0.0,44.0,0.5,0.0,6.0,0.0,0.0,0.0,0.0,131.6,202.69,0.0,0.0,224.75,0.35,0.0,39.725,0.0,0.0,0.0,0.0,33.75,55.25,0.0,0.0,35.0,0.5,0.0,4.75,0.0,0.0,0.0,0.0,0.0,0.0,0.0,0.0,0.0,0.0,0.0,0.0,18.5,2.0,8.5,2.0,2.0,0.25,3.25,1.0,0.75,1.25,3.0,7.0,4.25,3.75,4.5,5.25,10.0,9.0,7.0,9.25,14.5,10.75,17.5,20.25,69.49999999999999,7.1499999999999995,26.350000000000005,8.4,8.7,1.375,12.75,5.25,3.75,5.625,11.5,24.9,14.4,13.225000000000001,16.3,18.475,33.475,29.5075,22.7,32.425,50.824999999999996,38.35,69.19999999999999,74.9825,13.5,2.0,7.5,1.75,1.25,0.25,2.25,1.0,0.75,1.0,2.75,5.0,3.0,3.0,3.5,4.25,8.0,6.75,6.0,7.25,11.5,8.5,13.0,15.5,0.0,0.0,0.0,0.0,0.0,0.0,0.0,0.0,0.0,0.0,0.0,0.0,0.0,0.0,0.0,0.0,0.0,0.0,0.0,0.0,0.0,0.0,0.0,0.0,98.25,67.25,341.5,257.615,78.25,51.0,0.0,0.0,160.75,4.75,582.415,16.7,125.5,3.75,0.0,0.0
Novotel Porte d’Italie,2024,2,165.5,599.115,109.25,0.0,3.0,0.5,0.875,0.125,4,9,12,4,8,159.0,6.0,0.5,559.04,39.725,0.35,124.0,4.75,0.5,0.0,0.0,0.0,0.0,0.0,0.0,0.0,43.5,71.5,0.0,0.0,44.0,0.5,0.0,6.0,0.0,0.0,0.0,0.0,131.6,202.69,0.0,0.0,224.75,0.35,0.0,39.725,0.0,0.0,0.0,0.0,33.75,55.25,0.0,0.0,35.0,0.5,0.0,4.75,0.0,0.0,0.0,0.0,0.0,0.0,0.0,0.0,0.0,0.0,0.0,0.0,18.5,2.0,8.5,2.0,2.0,0.25,3.25,1.0,0.75,1.25,3.0,7.0,4.25,3.75,4.5,5.25,10.0,9.0,7.0,9.25,14.5,10.75,17.5,20.25,69.49999999999999,7.1499999999999995,26.350000000000005,8.4,8.7,1.375,12.75,5.25,3.75,5.625,11.5,24.9,14.4,13.225000000000001,16.3,18.475,33.475,29.5075,22.7,32.425,50.824999999999996,38.35,69.19999999999999,74.9825,13.5,2.0,7.5,1.75,1.25,0.25,2.25,1.0,0.75,1.0,2.75,5.0,3.0,3.0,3.5,4.25,8.0,6.75,6.0,7.25,11.5,8.5,13.0,15.5,0.0,0.0,0.0,0.0,0.0,0.0,0.0,0.0,0.0,0.0,0.0,0.0,0.0,0.0,0.0,0.0,0.0,0.0,0.0,0.0,0.0,0.0,0.0,0.0,98.25,67.25,341.5,257.615,78.25,51.0,0.0,0.0,160.75,4.75,582.415,16.7,125.5,3.75,0.0,0.0
Novotel Porte d’Italie,2024,3,165.5,599.115,109.25,0.0,3.0,0.5,0.875,0.125,4,9,12,4,8,159.0,6.0,0.5,559.04,39.725,0.35,124.0,4.75,0.5,0.0,0.0,0.0,0.0,0.0,0.0,0.0,43.5,71.5,0.0,0.0,44.0,0.5,0.0,6.0,0.0,0.0,0.0,0.0,131.6,202.69,0.0,0.0,224.75,0.35,0.0,39.725,0.0,0.0,0.0,0.0,33.75,55.25,0.0,0.0,35.0,0.5,0.0,4.75,0.0,0.0,0.0,0.0,0.0,0.0,0.0,0.0,0.0,0.0,0.0,0.0,18.5,2.0,8.5,2.0,2.0,0.25,3.25,1.0,0.75,1.25,3.0,7.0,4.25,3.75,4.5,5.25,10.0,9.0,7.0,9.25,14.5,10.75,17.5,20.25,69.49999999999999,7.1499999999999995,26.350000000000005,8.4,8.7,1.375,12.75,5.25,3.75,5.625,11.5,24.9,14.4,13.225000000000001,16.3,18.475,33.475,29.5075,22.7,32.425,50.824999999999996,38.35,69.19999999999999,74.9825,13.5,2.0,7.5,1.75,1.25,0.25,2.25,1.0,0.75,1.0,2.75,5.0,3.0,3.0,3.5,4.25,8.0,6.75,6.0,7.25,11.5,8.5,13.0,15.5,0.0,0.0,0.0,0.0,0.0,0.0,0.0,0.0,0.0,0.0,0.0,0.0,0.0,0.0,0.0,0.0,0.0,0.0,0.0,0.0,0.0,0.0,0.0,0.0,98.25,67.25,341.5,257.615,78.25,51.0,0.0,0.0,160.75,4.75,582.415,16.7,125.5,3.75,0.0,0.0
Novotel Porte d’Italie,2024,4,165.5,599.115,109.25,0.0,3.0,0.5,0.875,0.125,4,9,12,4,8,159.0,6.0,0.5,559.04,39.725,0.35,124.0,4.75,0.5,0.0,0.0,0.0,0.0,0.0,0.0,0.0,43.5,71.5,0.0,0.0,44.0,0.5,0.0,6.0,0.0,0.0,0.0,0.0,131.6,202.69,0.0,0.0,224.75,0.35,0.0,39.725,0.0,0.0,0.0,0.0,33.75,55.25,0.0,0.0,35.0,0.5,0.0,4.75,0.0,0.0,0.0,0.0,0.0,0.0,0.0,0.0,0.0,0.0,0.0,0.0,18.5,2.0,8.5,2.0,2.0,0.25,3.25,1.0,0.75,1.25,3.0,7.0,4.25,3.75,4.5,5.25,10.0,9.0,7.0,9.25,14.5,10.75,17.5,20.25,69.49999999999999,7.1499999999999995,26.350000000000005,8.4,8.7,1.375,12.75,5.25,3.75,5.625,11.5,24.9,14.4,13.225000000000001,16.3,18.475,33.475,29.5075,22.7,32.425,50.824999999999996,38.35,69.19999999999999,74.9825,13.5,2.0,7.5,1.75,1.25,0.25,2.25,1.0,0.75,1.0,2.75,5.0,3.0,3.0,3.5,4.25,8.0,6.75,6.0,7.25,11.5,8.5,13.0,15.5,0.0,0.0,0.0,0.0,0.0,0.0,0.0,0.0,0.0,0.0,0.0,0.0,0.0,0.0,0.0,0.0,0.0,0.0,0.0,0.0,0.0,0.0,0.0,0.0,98.25,67.25,341.5,257.615,78.25,51.0,0.0,0.0,160.75,4.75,582.415,16.7,125.5,3.75,0.0,0.0
Novotel Porte d’Italie,2024,5,165.5,599.115,109.25,0.0,3.0,0.5,0.875,0.125,4,9,12,4,8,159.0,6.0,0.5,559.04,39.725,0.35,124.0,4.75,0.5,0.0,0.0,0.0,0.0,0.0,0.0,0.0,43.5,71.5,0.0,0.0,44.0,0.5,0.0,6.0,0.0,0.0,0.0,0.0,131.6,202.69,0.0,0.0,224.75,0.35,0.0,39.725,0.0,0.0,0.0,0.0,33.75,55.25,0.0,0.0,35.0,0.5,0.0,4.75,0.0,0.0,0.0,0.0,0.0,0.0,0.0,0.0,0.0,0.0,0.0,0.0,18.5,2.0,8.5,2.0,2.0,0.25,3.25,1.0,0.75,1.25,3.0,7.0,4.25,3.75,4.5,5.25,10.0,9.0,7.0,9.25,14.5,10.75,17.5,20.25,69.49999999999999,7.1499999999999995,26.350000000000005,8.4,8.7,1.375,12.75,5.25,3.75,5.625,11.5,24.9,14.4,13.225000000000001,16.3,18.475,33.475,29.5075,22.7,32.425,50.824999999999996,38.35,69.19999999999999,74.9825,13.5,2.0,7.5,1.75,1.25,0.25,2.25,1.0,0.75,1.0,2.75,5.0,3.0,3.0,3.5,4.25,8.0,6.75,6.0,7.25,11.5,8.5,13.0,15.5,0.0,0.0,0.0,0.0,0.0,0.0,0.0,0.0,0.0,0.0,0.0,0.0,0.0,0.0,0.0,0.0,0.0,0.0,0.0,0.0,0.0,0.0,0.0,0.0,98.25,67.25,341.5,257.615,78.25,51.0,0.0,0.0,160.75,4.75,582.415,16.7,125.5,3.75,0.0,0.0
Novotel Porte d’Italie,2024,6,165.5,599.115,109.25,0.0,3.0,0.5,0.875,0.125,4,9,12,4,8,159.0,6.0,0.5,559.04,39.725,0.35,124.0,4.75,0.5,0.0,0.0,0.0,0.0,0.0,0.0,0.0,43.5,71.5,0.0,0.0,44.0,0.5,0.0,6.0,0.0,0.0,0.0,0.0,131.6,202.69,0.0,0.0,224.75,0.35,0.0,39.725,0.0,0.0,0.0,0.0,33.75,55.25,0.0,0.0,35.0,0.5,0.0,4.75,0.0,0.0,0.0,0.0,0.0,0.0,0.0,0.0,0.0,0.0,0.0,0.0,18.5,2.0,8.5,2.0,2.0,0.25,3.25,1.0,0.75,1.25,3.0,7.0,4.25,3.75,4.5,5.25,10.0,9.0,7.0,9.25,14.5,10.75,17.5,20.25,69.49999999999999,7.1499999999999995,26.350000000000005,8.4,8.7,1.375,12.75,5.25,3.75,5.625,11.5,24.9,14.4,13.225000000000001,16.3,18.475,33.475,29.5075,22.7,32.425,50.824999999999996,38.35,69.19999999999999,74.9825,13.5,2.0,7.5,1.75,1.25,0.25,2.25,1.0,0.75,1.0,2.75,5.0,3.0,3.0,3.5,4.25,8.0,6.75,6.0,7.25,11.5,8.5,13.0,15.5,0.0,0.0,0.0,0.0,0.0,0.0,0.0,0.0,0.0,0.0,0.0,0.0,0.0,0.0,0.0,0.0,0.0,0.0,0.0,0.0,0.0,0.0,0.0,0.0,98.25,67.25,341.5,257.615,78.25,51.0,0.0,0.0,160.75,4.75,582.415,16.7,125.5,3.75,0.0,0.0
Novotel Porte d’Italie,2024,7,165.5,599.115,109.25,0.0,3.0,0.5,0.875,0.125,4,9,12,4,8,159.0,6.0,0.5,559.04,39.725,0.35,124.0,4.75,0.5,0.0,0.0,0.0,0.0,0.0,0.0,0.0,43.5,71.5,0.0,0.0,44.0,0.5,0.0,6.0,0.0,0.0,0.0,0.0,131.6,202.69,0.0,0.0,224.75,0.35,0.0,39.725,0.0,0.0,0.0,0.0,33.75,55.25,0.0,0.0,35.0,0.5,0.0,4.75,0.0,0.0,0.0,0.0,0.0,0.0,0.0,0.0,0.0,0.0,0.0,0.0,18.5,2.0,8.5,2.0,2.0,0.25,3.25,1.0,0.75,1.25,3.0,7.0,4.25,3.75,4.5,5.25,10.0,9.0,7.0,9.25,14.5,10.75,17.5,20.25,69.49999999999999,7.1499999999999995,26.350000000000005,8.4,8.7,1.375,12.75,5.25,3.75,5.625,11.5,24.9,14.4,13.225000000000001,16.3,18.475,33.475,29.5075,22.7,32.425,50.824999999999996,38.35,69.19999999999999,74.9825,13.5,2.0,7.5,1.75,1.25,0.25,2.25,1.0,0.75,1.0,2.75,5.0,3.0,3.0,3.5,4.25,8.0,6.75,6.0,7.25,11.5,8.5,13.0,15.5,0.0,0.0,0.0,0.0,0.0,0.0,0.0,0.0,0.0,0.0,0.0,0.0,0.0,0.0,0.0,0.0,0.0,0.0,0.0,0.0,0.0,0.0,0.0,0.0,98.25,67.25,341.5,257.615,78.25,51.0,0.0,0.0,160.75,4.75,582.415,16.7,125.5,3.75,0.0,0.0
Novotel Porte d’Italie,2024,8,165.5,599.115,109.25,0.0,3.0,0.5,0.875,0.125,4,9,12,4,8,159.0,6.0,0.5,559.04,39.725,0.35,124.0,4.75,0.5,0.0,0.0,0.0,0.0,0.0,0.0,0.0,43.5,71.5,0.0,0.0,44.0,0.5,0.0,6.0,0.0,0.0,0.0,0.0,131.6,202.69,0.0,0.0,224.75,0.35,0.0,39.725,0.0,0.0,0.0,0.0,33.75,55.25,0.0,0.0,35.0,0.5,0.0,4.75,0.0,0.0,0.0,0.0,0.0,0.0,0.0,0.0,0.0,0.0,0.0,0.0,18.5,2.0,8.5,2.0,2.0,0.25,3.25,1.0,0.75,1.25,3.0,7.0,4.25,3.75,4.5,5.25,10.0,9.0,7.0,9.25,14.5,10.75,17.5,20.25,69.49999999999999,7.1499999999999995,26.350000000000005,8.4,8.7,1.375,12.75,5.25,3.75,5.625,11.5,24.9,14.4,13.225000000000001,16.3,18.475,33.475,29.5075,22.7,32.425,50.824999999999996,38.35,69.19999999999999,74.9825,13.5,2.0,7.5,1.75,1.25,0.25,2.25,1.0,0.75,1.0,2.75,5.0,3.0,3.0,3.5,4.25,8.0,6.75,6.0,7.25,11.5,8.5,13.0,15.5,0.0,0.0,0.0,0.0,0.0,0.0,0.0,0.0,0.0,0.0,0.0,0.0,0.0,0.0,0.0,0.0,0.0,0.0,0.0,0.0,0.0,0.0,0.0,0.0,98.25,67.25,341.5,257.615,78.25,51.0,0.0,0.0,160.75,4.75,582.415,16.7,125.5,3.75,0.0,0.0
Novotel Porte d’Italie,2024,9,40.0,150.8,31.0,0.0,3.0,0.0,1.0,0.0,4,9,12,4,8,40.0,0.0,0.0,150.8,0.0,0.0,32.0,0.0,0.0,0.0,0.0,0.0,0.0,0.0,0.0,0.0,5.0,17.0,0.0,0.0,18.0,0.0,0.0,0.0,0.0,0.0,0.0,0.0,12.5,46.3,0.0,0.0,92.0,0.0,0.0,0.0,0.0,0.0,0.0,0.0,5.0,12.0,0.0,0.0,15.0,0.0,0.0,0.0,0.0,0.0,0.0,0.0,0.0,0.0,0.0,0.0,0.0,0.0,0.0,0.0,2.0,0.0,7.0,0.0,0.0,0.0,1.0,0.0,1.0,1.0,3.0,0.0,1.0,2.0,0.0,0.0,2.0,1.0,2.0,0.0,5.0,8.0,4.0,0.0,10.0,0.0,18.1,0.0,0.0,0.0,2.6,0.0,5.0,5.0,13.9,0.0,2.9,6.0,0.0,0.0,10.0,2.5,7.3,0.0,21.0,28.5,18.0,0.0,1.0,0.0,5.0,0.0,0.0,0.0,1.0,0.0,1.0,1.0,3.0,0.0,1.0,1.0,0.0,0.0,1.0,1.0,2.0,0.0,5.0,5.0,4.0,0.0,0.0,0.0,0.0,0.0,0.0,0.0,0.0,0.0,0.0,0.0,0.0,0.0,0.0,0.0,0.0,0.0,0.0,0.0,0.0,0.0,0.0,0.0,0.0,0.0,8.0,32.0,27.8,123.0,7.0,25.0,0.0,0.0,40.0,0.0,150.8,0.0,32.0,0.0,0.0,0.0
Novotel Porte d’Italie,2024,10,244.0,868.9,156.0,0.0,3.0,0.0,1.0,0.0,4,9,12,4,8,231.0,13.0,0.0,785.5,83.4,0.0,175.0,10.0,0.0,0.0,0.0,0.0,0.0,0.0,0.0,0.0,60.0,112.0,0.0,0.0,59.0,0.0,0.0,13.0,0.0,0.0,0.0,0.0,167.4,318.6,0.0,0.0,299.5,0.0,0.0,83.4,0.0,0.0,0.0,0.0,48.0,84.0,0.0,0.0,43.0,0.0,0.0,10.0,0.0,0.0,0.0,0.0,0.0,0.0,0.0,0.0,0.0,0.0,0.0,0.0,25.0,2.0,15.0,4.0,8.0,0.0,5.0,1.0,1.0,0.0,2.0,16.0,5.0,8.0,8.0,9.0,21.0,18.0,9.0,11.0,20.0,20.0,17.0,19.0,89.3,7.6,47.7,18.1,34.8,0.0,18.0,5.0,5.0,0.0,4.8,59.599999999999994,13.600000000000001,26.1,25.9,27.3,74.80000000000001,61.9,22.7,42.6,75.3,66.80000000000001,69.2,72.8,18.0,2.0,13.0,3.0,5.0,0.0,3.0,1.0,1.0,0.0,2.0,10.0,3.0,6.0,6.0,8.0,17.0,14.0,7.0,8.0,16.0,15.0,11.0,16.0,0.0,0.0,0.0,0.0,0.0,0.0,0.0,0.0,0.0,0.0,0.0,0.0,0.0,0.0,0.0,0.0,0.0,0.0,0.0,0.0,0.0,0.0,0.0,0.0,157.0,87.0,517.2,351.7,120.0,65.0,0.0,0.0,244.0,0.0,868.9,0.0,185.0,0.0,0.0,0.0
Novotel Porte d’Italie,2024,11,191.0,700.6599999999999,125.0,0.0,3.0,1.0,0.75,0.25,4,9,12,4,8,183.0,7.0,1.0,656.96,43.0,0.7,140.0,5.0,1.0,0.0,0.0,0.0,0.0,0.0,0.0,0.0,48.0,74.0,0.0,0.0,61.0,1.0,0.0,7.0,0.0,0.0,0.0,0.0,134.6,209.85999999999999,0.0,0.0,312.5,0.7,0.0,43.0,0.0,0.0,0.0,0.0,34.0,56.0,0.0,0.0,50.0,1.0,0.0,5.0,0.0,0.0,0.0,0.0,0.0,0.0,0.0,0.0,0.0,0.0,0.0,0.0,28.0,0.0,6.0,2.0,0.0,1.0,4.0,1.0,1.0,3.0,2.0,4.0,5.0,2.0,2.0,8.0,10.0,11.0,10.0,11.0,20.0,9.0,17.0,34.0,106.4,0.0,18.8,5.5,0.0,5.5,13.399999999999999,5.0,5.0,12.5,7.6,11.6,15.8,8.0,7.6,30.8,29.4,37.629999999999995,42.1,40.4,62.9,39.5,59.0,136.23000000000002,18.0,0.0,6.0,2.0,0.0,1.0,3.0,1.0,1.0,2.0,2.0,4.0,3.0,2.0,2.0,5.0,9.0,8.0,9.0,8.0,15.0,8.0,11.0,26.0,0.0,0.0,0.0,0.0,0.0,0.0,0.0,0.0,0.0,0.0,0.0,0.0,0.0,0.0,0.0,0.0,0.0,0.0,0.0,0.0,0.0,0.0,0.0,0.0,115.0,76.0,417.6,283.06,91.0,55.0,0.0,0.0,178.0,13.0,653.0600000000001,47.6,136.0,10.0,0.0,0.0
Novotel Porte d’Italie,2024,12,187.0,676.0999999999999,125.0,0.0,3.0,1.0,0.75,0.25,4,9,12,4,8,182.0,4.0,1.0,642.9,32.5,0.7,149.0,4.0,1.0,0.0,0.0,0.0,0.0,0.0,0.0,0.0,61.0,83.0,0.0,0.0,38.0,1.0,0.0,4.0,0.0,0.0,0.0,0.0,211.9,236.0,0.0,0.0,195.0,0.7,0.0,32.5,0.0,0.0,0.0,0.0,48.0,69.0,0.0,0.0,32.0,1.0,0.0,4.0,0.0,0.0,0.0,0.0,0.0,0.0,0.0,0.0,0.0,0.0,0.0,0.0,19.0,6.0,6.0,2.0,0.0,0.0,3.0,2.0,0.0,1.0,5.0,8.0,6.0,3.0,8.0,4.0,7.0,6.0,7.0,15.0,13.0,6.0,32.0,28.0,72.3,21.0,20.799999999999997,10.0,0.0,0.0,17.0,11.0,0.0,5.0,19.7,28.4,25.3,12.8,31.7,15.8,19.7,16.0,18.7,46.7,44.099999999999994,18.6,130.6,90.9,17.0,6.0,6.0,2.0,0.0,0.0,2.0,2.0,0.0,1.0,4.0,6.0,5.0,3.0,6.0,4.0,5.0,4.0,6.0,13.0,10.0,6.0,26.0,20.0,0.0,0.0,0.0,0.0,0.0,0.0,0.0,0.0,0.0,0.0,0.0,0.0,0.0,0.0,0.0,0.0,0.0,0.0,0.0,0.0,0.0,0.0,0.0,0.0,113.0,74.0,403.4,272.7,95.0,59.0,0.0,0.0,181.0,6.0,656.9,19.2,149.0,5.0,0.0,0.0
Novotel Porte d’Italie,2025,1,32.0,151.60000000000002,21.0,0.0,3.0,0.0,1.0,0.0,12,1,12,12,0,26.0,6.0,0.0,85.6,66.0,0.0,22.0,4.0,0.0,0.0,0.0,0.0,0.0,0.0,0.0,0.0,9.0,12.0,0.0,0.0,5.0,0.0,0.0,6.0,0.0,0.0,0.0,0.0,23.9,35.7,0.0,0.0,26.0,0.0,0.0,66.0,0.0,0.0,0.0,0.0,7.0,11.0,0.0,0.0,4.0,0.0,0.0,4.0,0.0,0.0,0.0,0.0,0.0,0.0,0.0,0.0,0.0,0.0,0.0,0.0,0.0,3.0,0.0,1.0,0.0,0.0,0.0,0.0,0.0,0.0,0.0,0.0,1.0,0.0,2.0,1.0,1.0,6.0,6.0,5.0,2.0,0.0,3.0,1.0,0.0,7.5,0.0,3.0,0.0,0.0,0.0,0.0,0.0,0.0,0.0,0.0,2.9,0.0,6.0,5.5,3.0,31.6,24.299999999999997,38.0,6.0,0.0,20.5,3.3,0.0,1.0,0.0,1.0,0.0,0.0,0.0,0.0,0.0,0.0,0.0,0.0,1.0,0.0,2.0,1.0,1.0,6.0,6.0,3.0,1.0,0.0,2.0,1.0,0.0,0.0,0.0,0.0,0.0,0.0,0.0,0.0,0.0,0.0,0.0,0.0,0.0,0.0,0.0,0.0,0.0,0.0,0.0,0.0,0.0,0.0,0.0,0.0,28.0,4.0,138.6,13.0,24.0,2.0,0.0,0.0,32.0,0.0,151.6,0.0,26.0,0.0,0.0,0.0
Novotel Porte d’Italie,2025,2,60.0,250.99999999999997,40.0,0.0,3.0,0.0,1.0,0.0,12,1,12,12,0,54.0,6.0,0.0,185.0,66.0,0.0,40.0,4.0,0.0,0.0,0.0,0.0,0.0,0.0,0.0,0.0,24.0,15.0,0.0,0.0,15.0,0.0,0.0,6.0,0.0,0.0,0.0,0.0,78.3,41.7,0.0,0.0,65.0,0.0,0.0,66.0,0.0,0.0,0.0,0.0,17.0,12.0,0.0,0.0,11.0,0.0,0.0,4.0,0.0,0.0,0.0,0.0,0.0,0.0,0.0,0.0,0.0,0.0,0.0,0.0,4.0,3.0,0.0,0.0,0.0,0.0,0.0,0.0,1.0,1.0,0.0,1.0,2.0,1.0,1.0,1.0,6.0,2.0,2.0,4.0,10.0,3.0,7.0,11.0,22.5,9.0,0.0,0.0,0.0,0.0,0.0,0.0,3.3,5.5,0.0,2.9,7.5,2.6,3.0,3.3,14.399999999999999,4.9,5.6,44.1,31.2,13.0,24.2,54.0,3.0,2.0,0.0,0.0,0.0,0.0,0.0,0.0,1.0,1.0,0.0,1.0,2.0,1.0,1.0,1.0,2.0,2.0,2.0,3.0,6.0,3.0,6.0,7.0,0.0,0.0,0.0,0.0,0.0,0.0,0.0,0.0,0.0,0.0,0.0,0.0,0.0,0.0,0.0,0.0,0.0,0.0,0.0,0.0,0.0,0.0,0.0,0.0,32.0,28.0,103.9,147.1,24.0,20.0,0.0,0.0,60.0,0.0,251.0,0.0,44.0,0.0,0.0,0.0
Novotel Porte d’Italie,2025,3,125.0,494.5999999999999,92.0,0.0,3.0,0.0,1.0,0.0,12,1,12,12,0,124.0,1.0,0.0,487.1,7.5,0.0,101.0,1.0,0.0,0.0,0.0,0.0,0.0,0.0,0.0,0.0,34.0,51.0,0.0,0.0,39.0,0.0,0.0,1.0,0.0,0.0,0.0,0.0,130.0,191.6,0.0,0.0,165.5,0.0,0.0,7.5,0.0,0.0,0.0,0.0,25.0,44.0,0.0,0.0,32.0,0.0,0.0,1.0,0.0,0.0,0.0,0.0,0.0,0.0,0.0,0.0,0.0,0.0,0.0,0.0,11.0,3.0,0.0,3.0,1.0,3.0,0.0,0.0,1.0,0.0,1.0,0.0,2.0,2.0,3.0,1.0,6.0,6.0,4.0,17.0,15.0,12.0,11.0,23.0,34.5,15.3,0.0,12.5,5.5,16.5,0.0,0.0,3.3,0.0,5.0,0.0,9.5,5.0,12.5,3.0,24.9,25.9,20.0,76.7,54.8,45.4,37.9,86.4,10.0,3.0,0.0,3.0,1.0,2.0,0.0,0.0,1.0,0.0,1.0,0.0,2.0,2.0,3.0,1.0,5.0,5.0,4.0,13.0,11.0,9.0,8.0,18.0,0.0,0.0,0.0,0.0,0.0,0.0,0.0,0.0,0.0,0.0,0.0,0.0,0.0,0.0,0.0,0.0,0.0,0.0,0.0,0.0,0.0,0.0,0.0,0.0,91.0,34.0,350.0,144.6,75.0,27.0,0.0,0.0,125.0,0.0,494.6,0.0,102.0,0.0,0.0,0.0
Novotel Porte d’Italie,2025,4,83.0,291.79999999999995,57.0,0.0,3.0,0.0,1.0,0.0,12,1,12,12,0,83.0,0.0,0.0,291.8,0.0,0.0,59.0,0.0,0.0,0.0,0.0,0.0,0.0,0.0,0.0,0.0,31.0,20.0,0.0,0.0,32.0,0.0,0.0,0.0,0.0,0.0,0.0,0.0,80.6,78.7,0.0,0.0,132.5,0.0,0.0,0.0,0.0,0.0,0.0,0.0,19.0,15.0,0.0,0.0,25.0,0.0,0.0,0.0,0.0,0.0,0.0,0.0,0.0,0.0,0.0,0.0,0.0,0.0,0.0,0.0,6.0,7.0,2.0,2.0,0.0,0.0,0.0,6.0,0.0,0.0,1.0,1.0,2.0,1.0,0.0,1.0,2.0,12.0,4.0,4.0,8.0,3.0,11.0,10.0,19.0,27.5,4.8,10.5,0.0,0.0,0.0,23.3,0.0,0.0,3.0,5.0,7.4,3.0,0.0,3.0,7.5,34.9,13.0,12.2,27.9,13.5,35.9,40.4,5.0,5.0,1.0,2.0,0.0,0.0,0.0,4.0,0.0,0.0,1.0,1.0,2.0,1.0,0.0,1.0,2.0,7.0,3.0,3.0,6.0,3.0,5.0,7.0,0.0,0.0,0.0,0.0,0.0,0.0,0.0,0.0,0.0,0.0,0.0,0.0,0.0,0.0,0.0,0.0,0.0,0.0,0.0,0.0,0.0,0.0,0.0,0.0,61.0,22.0,211.60000000000002,80.2,44.0,15.0,0.0,0.0,83.0,0.0,291.8,0.0,59.0,0.0,0.0,0.0
Novotel Porte d’Italie,2025,5,218.0,884.0999999999999,148.0,0.0,3.0,0.0,1.0,0.0,12,1,12,12,0,212.0,6.0,0.0,819.6,64.5,0.0,160.0,5.0,0.0,0.0,0.0,0.0,0.0,0.0,0.0,0.0,23.0,83.0,0.0,0.0,106.0,0.0,0.0,6.0,0.0,0.0,0.0,0.0,73.0,290.6,0.0,0.0,456.0,0.0,0.0,64.5,0.0,0.0,0.0,0.0,16.0,67.0,0.0,0.0,77.0,0.0,0.0,5.0,0.0,0.0,0.0,0.0,0.0,0.0,0.0,0.0,0.0,0.0,0.0,0.0,33.0,8.0,7.0,0.0,0.0,1.0,0.0,4.0,5.0,2.0,3.0,1.0,7.0,3.0,7.0,8.0,5.0,8.0,11.0,9.0,16.0,17.0,26.0,37.0,144.2,35.9,26.7,0.0,0.0,2.4,0.0,18.0,17.2,8.3,9.1,2.9,26.7,28.5,25.1,26.8,15.9,35.0,51.1,31.9,58.3,72.7,87.6,159.8,24.0,7.0,6.0,0.0,0.0,1.0,0.0,2.0,4.0,2.0,3.0,1.0,4.0,2.0,5.0,6.0,5.0,6.0,10.0,5.0,12.0,12.0,19.0,29.0,0.0,0.0,0.0,0.0,0.0,0.0,0.0,0.0,0.0,0.0,0.0,0.0,0.0,0.0,0.0,0.0,0.0,0.0,0.0,0.0,0.0,0.0,0.0,0.0,145.0,73.0,585.2,298.9,112.0,53.0,0.0,0.0,213.0,5.0,864.1,20.0,161.0,4.0,0.0,0.0
Novotel Porte d’Italie,2025,6,115.0,559.2,96.0,0.0,3.0,0.0,1.0,0.0,12,1,12,12,0,113.0,2.0,0.0,547.2,12.0,0.0,100.0,1.0,0.0,0.0,0.0,0.0,0.0,0.0,0.0,0.0,13.0,32.0,0.0,0.0,68.0,0.0,0.0,2.0,0.0,0.0,0.0,0.0,114.2,132.5,0.0,0.0,300.5,0.0,0.0,12.0,0.0,0.0,0.0,0.0,13.0,27.0,0.0,0.0,60.0,0.0,0.0,1.0,0.0,0.0,0.0,0.0,0.0,0.0,0.0,0.0,0.0,0.0,0.0,0.0,13.0,8.0,0.0,3.0,1.0,0.0,0.0,1.0,0.0,1.0,0.0,0.0,4.0,0.0,0.0,3.0,10.0,9.0,6.0,2.0,5.0,14.0,21.0,14.0,69.0,30.0,0.0,13.0,3.1,0.0,0.0,5.0,0.0,5.0,0.0,0.0,14.0,0.0,0.0,16.0,36.9,33.1,42.0,10.5,37.0,54.0,104.1,86.5,12.0,7.0,0.0,3.0,1.0,0.0,0.0,1.0,0.0,1.0,0.0,0.0,4.0,0.0,0.0,2.0,8.0,8.0,5.0,2.0,5.0,11.0,19.0,12.0,0.0,0.0,0.0,0.0,0.0,0.0,0.0,0.0,0.0,0.0,0.0,0.0,0.0,0.0,0.0,0.0,0.0,0.0,0.0,0.0,0.0,0.0,0.0,0.0,80.0,35.0,382.3,176.9,69.0,32.0,0.0,0.0,115.0,0.0,559.2,0.0,101.0,0.0,0.0,0.0
Novotel Porte d’Italie,2025,7,179.0,760.0,123.0,0.0,3.0,0.0,1.0,0.0,12,1,12,12,0,179.0,0.0,0.0,760.0,0.0,0.0,139.0,0.0,0.0,0.0,0.0,0.0,0.0,0.0,0.0,0.0,31.0,55.0,0.0,0.0,93.0,0.0,0.0,0.0,0.0,0.0,0.0,0.0,146.1,182.4,0.0,0.0,431.5,0.0,0.0,0.0,0.0,0.0,0.0,0.0,23.0,46.0,0.0,0.0,70.0,0.0,0.0,0.0,0.0,0.0,0.0,0.0,0.0,0.0,0.0,0.0,0.0,0.0,0.0,0.0,24.0,30.0,0.0,1.0,2.0,2.0,0.0,0.0,2.0,5.0,4.0,11.0,1.0,1.0,5.0,9.0,5.0,0.0,9.0,6.0,8.0,8.0,23.0,23.0,121.0,123.7,0.0,4.5,5.699999999999999,10.0,0.0,0.0,9.5,17.3,14.6,44.4,3.0,2.8,21.6,62.8,15.6,0.0,33.9,20.2,30.4,33.1,86.3,99.6,16.0,25.0,0.0,1.0,2.0,1.0,0.0,0.0,2.0,4.0,4.0,8.0,1.0,1.0,2.0,7.0,3.0,0.0,6.0,6.0,7.0,7.0,18.0,18.0,0.0,0.0,0.0,0.0,0.0,0.0,0.0,0.0,0.0,0.0,0.0,0.0,0.0,0.0,0.0,0.0,0.0,0.0,0.0,0.0,0.0,0.0,0.0,0.0,114.0,65.0,463.4,296.6,89.0,50.0,0.0,0.0,179.0,0.0,760.0,0.0,139.0,0.0,0.0,0.0
Novotel Porte d’Italie,2025,8,121.0,508.70000000000005,85.0,0.0,3.0,0.0,1.0,0.0,12,1,12,12,0,121.0,0.0,0.0,508.7,0.0,0.0,91.0,0.0,0.0,0.0,0.0,0.0,0.0,0.0,0.0,0.0,22.0,32.0,0.0,0.0,67.0,0.0,0.0,0.0,0.0,0.0,0.0,0.0,103.6,93.1,0.0,0.0,312.0,0.0,0.0,0.0,0.0,0.0,0.0,0.0,18.0,24.0,0.0,0.0,49.0,0.0,0.0,0.0,0.0,0.0,0.0,0.0,0.0,0.0,0.0,0.0,0.0,0.0,0.0,0.0,16.0,7.0,2.0,9.0,0.0,0.0,0.0,0.0,0.0,4.0,1.0,2.0,4.0,0.0,3.0,2.0,6.0,3.0,5.0,1.0,3.0,12.0,19.0,22.0,71.4,29.9,9.0,31.1,0.0,0.0,0.0,0.0,0.0,18.5,5.5,6.1,17.9,0.0,8.799999999999999,9.5,21.2,13.5,13.9,5.0,13.0,36.2,75.3,122.9,12.0,6.0,1.0,6.0,0.0,0.0,0.0,0.0,0.0,3.0,1.0,2.0,3.0,0.0,2.0,2.0,4.0,2.0,5.0,1.0,2.0,9.0,13.0,17.0,0.0,0.0,0.0,0.0,0.0,0.0,0.0,0.0,0.0,0.0,0.0,0.0,0.0,0.0,0.0,0.0,0.0,0.0,0.0,0.0,0.0,0.0,0.0,0.0,74.0,47.0,281.2,227.5,57.0,34.0,0.0,0.0,111.0,10.0,471.4,37.3,84.0,7.0,0.0,0.0
Novotel Porte d’Italie,2025,9,80.0,283.5,58.0,0.0,3.0,0.0,1.0,0.0,12,1,12,12,0,80.0,0.0,0.0,283.5,0.0,0.0,62.0,0.0,0.0,0.0,0.0,0.0,0.0,0.0,0.0,0.0,24.0,35.0,0.0,0.0,21.0,0.0,0.0,0.0,0.0,0.0,0.0,0.0,59.1,118.89999999999999,0.0,0.0,105.5,0.0,0.0,0.0,0.0,0.0,0.0,0.0,18.0,26.0,0.0,0.0,18.0,0.0,0.0,0.0,0.0,0.0,0.0,0.0,0.0,0.0,0.0,0.0,0.0,0.0,0.0,0.0,5.0,2.0,3.0,2.0,1.0,0.0,0.0,2.0,0.0,0.0,1.0,3.0,1.0,1.0,2.0,3.0,0.0,1.0,1.0,8.0,6.0,7.0,15.0,16.0,13.2,7.5,7.199999999999999,10.0,5.0,0.0,0.0,14.0,0.0,0.0,5.0,10.2,2.5,2.8,5.1,12.8,0.0,3.5,2.8,22.4,18.1,28.6,52.0,60.8,4.0,2.0,1.0,1.0,1.0,0.0,0.0,1.0,0.0,0.0,1.0,3.0,1.0,1.0,1.0,2.0,0.0,1.0,1.0,6.0,6.0,6.0,11.0,12.0,0.0,0.0,0.0,0.0,0.0,0.0,0.0,0.0,0.0,0.0,0.0,0.0,0.0,0.0,0.0,0.0,0.0,0.0,0.0,0.0,0.0,0.0,0.0,0.0,60.0,20.0,202.8,80.7,45.0,17.0,0.0,0.0,80.0,0.0,283.5,0.0,62.0,0.0,0.0,0.0
Novotel Porte d’Italie,2025,10,14.0,57.29999999999999,11.0,0.0,2.0,0.0,1.0,0.0,12,1,12,12,0,14.0,0.0,0.0,57.3,0.0,0.0,12.0,0.0,0.0,0.0,0.0,0.0,0.0,0.0,0.0,0.0,5.0,9.0,0.0,0.0,0.0,0.0,0.0,0.0,0.0,0.0,0.0,0.0,26.0,31.299999999999997,0.0,0.0,0.0,0.0,0.0,0.0,0.0,0.0,0.0,0.0,4.0,8.0,0.0,0.0,0.0,0.0,0.0,0.0,0.0,0.0,0.0,0.0,0.0,0.0,0.0,0.0,0.0,0.0,0.0,0.0,2.0,0.0,0.0,0.0,0.0,0.0,0.0,0.0,1.0,1.0,0.0,0.0,0.0,0.0,0.0,1.0,0.0,0.0,0.0,1.0,4.0,0.0,3.0,1.0,19.5,0.0,0.0,0.0,0.0,0.0,0.0,0.0,3.5,2.3,0.0,0.0,0.0,0.0,0.0,7.0,0.0,0.0,0.0,2.3,11.0,0.0,8.399999999999999,3.3,2.0,0.0,0.0,0.0,0.0,0.0,0.0,0.0,1.0,1.0,0.0,0.0,0.0,0.0,0.0,1.0,0.0,0.0,0.0,1.0,3.0,0.0,2.0,1.0,0.0,0.0,0.0,0.0,0.0,0.0,0.0,0.0,0.0,0.0,0.0,0.0,0.0,0.0,0.0,0.0,0.0,0.0,0.0,0.0,0.0,0.0,0.0,0.0,12.0,2.0,37.8,19.5,10.0,2.0,0.0,0.0,14.0,0.0,57.3,0.0,12.0,0.0,0.0,0.0
Novotel Porte d’Italie,2025,11,94.0,291.15000000000003,66.0,0.0,3.0,0.0,1.0,0.0,12,1,12,12,0,94.0,0.0,0.0,291.15,0.0,0.0,77.0,0.0,0.0,0.0,0.0,0.0,0.0,0.0,0.0,0.0,24.0,41.0,0.0,0.0,29.0,0.0,0.0,0.0,0.0,0.0,0.0,0.0,52.15,108.0,0.0,0.0,131.0,0.0,0.0,0.0,0.0,0.0,0.0,0.0,20.0,33.0,0.0,0.0,24.0,0.0,0.0,0.0,0.0,0.0,0.0,0.0,0.0,0.0,0.0,0.0,0.0,0.0,0.0,0.0,10.0,8.0,0.0,0.0,3.0,0.0,0.0,1.0,3.0,0.0,2.0,1.0,5.0,3.0,2.0,2.0,4.0,3.0,2.0,7.0,7.0,14.0,8.0,9.0,22.7,24.1,0.0,0.0,7.5,0.0,0.0,5.0,12.5,0.0,5.3,3.0,11.5,6.05,6.0,3.0,12.8,8.8,6.5,21.5,22.0,45.3,29.1,38.5,10.0,4.0,0.0,0.0,2.0,0.0,0.0,1.0,3.0,0.0,2.0,1.0,4.0,2.0,2.0,2.0,2.0,3.0,2.0,5.0,6.0,12.0,7.0,7.0,0.0,0.0,0.0,0.0,0.0,0.0,0.0,0.0,0.0,0.0,0.0,0.0,0.0,0.0,0.0,0.0,0.0,0.0,0.0,0.0,0.0,0.0,0.0,0.0,57.0,37.0,169.25,121.9,50.0,27.0,0.0,0.0,94.0,0.0,291.15,0.0,77.0,0.0,0.0,0.0
Novotel Porte d’Italie,2025,12,108.0,423.79999999999995,73.0,0.0,3.0,0.0,1.0,0.0,12,1,12,12,0,108.0,0.0,0.0,423.8,0.0,0.0,83.0,0.0,0.0,0.0,0.0,0.0,0.0,0.0,0.0,0.0,19.0,36.0,0.0,0.0,53.0,0.0,0.0,0.0,0.0,0.0,0.0,0.0,52.5,106.3,0.0,0.0,265.0,0.0,0.0,0.0,0.0,0.0,0.0,0.0,18.0,26.0,0.0,0.0,39.0,0.0,0.0,0.0,0.0,0.0,0.0,0.0,0.0,0.0,0.0,0.0,0.0,0.0,0.0,0.0,11.0,1.0,0.0,0.0,0.0,0.0,0.0,9.0,2.0,1.0,2.0,0.0,3.0,3.0,1.0,2.0,3.0,3.0,7.0,3.0,10.0,13.0,11.0,23.0,40.5,5.0,0.0,0.0,0.0,0.0,0.0,43.5,8.0,5.0,5.5,0.0,13.3,10.5,3.0,10.0,10.6,10.5,27.0,13.0,40.8,50.5,42.8,84.3,9.0,1.0,0.0,0.0,0.0,0.0,0.0,5.0,2.0,1.0,1.0,0.0,2.0,3.0,1.0,2.0,2.0,3.0,7.0,2.0,8.0,10.0,7.0,17.0,0.0,0.0,0.0,0.0,0.0,0.0,0.0,0.0,0.0,0.0,0.0,0.0,0.0,0.0,0.0,0.0,0.0,0.0,0.0,0.0,0.0,0.0,0.0,0.0,66.0,42.0,259.7,164.1,51.0,32.0,0.0,0.0,104.0,4.0,409.8,14.0,80.0,3.0,0.0,0.0
