nom_hotel,annee,mois,categorie,sous_categorie,heure_vente,nombre_ventes,montant_ventes,nombre_paniers,nombre_produits,hotel_code
Ibis budget Nice,2023,8,N_F_B,ACCESSOIRES,10,3.0,59.0,2.0,3.0,H2075
Ibis budget Nice,2023,8,N_F_B,ACCESSOIRES,11,3.0,25.0,3.0,3.0,H2075
Ibis budget Nice,2023,8,N_F_B,ACCESSOIRES,12,5.0,60.0,5.0,4.0,H2075
Ibis budget Nice,2023,8,N_F_B,ACCESSOIRES,13,1.0,15.0,1.0,1.0,H2075
Ibis budget Nice,2023,8,N_F_B,ACCESSOIRES,14,1.0,12.0,1.0,1.0,H2075
Ibis budget Nice,2023,8,N_F_B,ACCESSOIRES,15,1.0,15.0,1.0,1.0,H2075
Ibis budget Nice,2023,8,N_F_B,ACCESSOIRES,16,4.0,54.0,2.0,2.0,H2075
Ibis budget Nice,2023,8,N_F_B,ACCESSOIRES,17,3.0,41.0,2.0,2.0,H2075
Ibis budget Nice,2023,8,N_F_B,ACCESSOIRES,18,8.0,68.0,5.0,6.0,H2075
Ibis budget Nice,2023,8,N_F_B,ACCESSOIRES,19,2.0,21.0,2.0,2.0,H2075
Ibis budget Nice,2023,8,N_F_B,ACCESSOIRES,21,1.0,13.0,1.0,1.0,H2075
Ibis budget Nice,2023,8,N_F_B,COSMETIQUE,12,1.0,10.0,1.0,1.0,H2075
Ibis budget Nice,2023,8,N_F_B,PAP,12,1.0,9.0,1.0,1.0,H2075
Ibis budget Nice,2023,8,N_F_B,PAP,13,1.0,8.0,1.0,1.0,H2075
Ibis budget Nice,2023,8,N_F_B,PAP,15,1.0,13.0,1.0,1.0,H2075
Ibis budget Nice,2023,8,N_F_B,PAP,17,2.0,22.0,2.0,2.0,H2075
Ibis budget Nice,2023,8,N_F_B,PAP,18,1.0,9.0,1.0,1.0,H2075
Ibis budget Nice,2023,8,N_F_B,PAP,20,1.0,13.0,1.0,1.0,H2075
Ibis budget Nice,2023,8,N_F_B,SOS,16,1.0,8.0,1.0,1.0,H2075
Ibis budget Nice,2023,9,N_F_B,ACCESSOIRES,11,2.0,28.0,2.0,2.0,H2075
Ibis budget Nice,2023,9,N_F_B,ACCESSOIRES,12,1.0,6.0,1.0,1.0,H2075
Ibis budget Nice,2023,9,N_F_B,ACCESSOIRES,13,4.0,37.0,3.0,4.0,H2075
Ibis budget Nice,2023,9,N_F_B,ACCESSOIRES,14,3.0,30.0,2.0,3.0,H2075
Ibis budget Nice,2023,9,N_F_B,ACCESSOIRES,15,2.0,24.0,2.0,1.0,H2075
Ibis budget Nice,2023,9,N_F_B,ACCESSOIRES,16,3.0,55.0,2.0,2.0,H2075
Ibis budget Nice,2023,9,N_F_B,ACCESSOIRES,17,1.0,6.0,1.0,1.0,H2075
Ibis budget Nice,2023,9,N_F_B,COSMETIQUE,12,1.0,10.0,1.0,1.0,H2075
Ibis budget Nice,2023,9,N_F_B,COSMETIQUE,13,1.0,10.0,1.0,1.0,H2075
Ibis budget Nice,2023,9,N_F_B,COSMETIQUE,14,1.0,10.0,1.0,1.0,H2075
Ibis budget Nice,2023,9,N_F_B,PAP,10,2.0,22.0,2.0,2.0,H2075
Ibis budget Nice,2023,9,N_F_B,PAP,11,1.0,9.0,1.0,1.0,H2075
Ibis budget Nice,2023,9,N_F_B,PAP,12,1.0,9.0,1.0,1.0,H2075
Ibis budget Nice,2023,9,N_F_B,PAP,13,1.0,9.0,1.0,1.0,H2075
Ibis budget Nice,2023,9,N_F_B,PAP,15,2.0,22.0,2.0,2.0,H2075
Ibis budget Nice,2023,9,N_F_B,PAP,17,2.0,18.0,2.0,2.0,H2075
Ibis budget Nice,2023,9,N_F_B,PAP,18,1.0,9.0,1.0,1.0,H2075
Ibis budget Nice,2023,9,N_F_B,SOS,17,1.0,8.0,1.0,1.0,H2075
Ibis budget Nice,2023,10,N_F_B,ACCESSOIRES,9,2.0,26.0,1.0,1.0,H2075
Ibis budget Nice,2023,10,N_F_B,ACCESSOIRES,11,4.0,37.0,3.0,3.0,H2075
Ibis budget Nice,2023,10,N_F_B,ACCESSOIRES,12,4.0,36.0,4.0,4.0,H2075
Ibis budget Nice,2023,10,N_F_B,ACCESSOIRES,13,1.0,13.0,1.0,1.0,H2075
Ibis budget Nice,2023,10,N_F_B,ACCESSOIRES,14,2.0,12.0,2.0,2.0,H2075
Ibis budget Nice,2023,10,N_F_B,ACCESSOIRES,18,3.0,25.0,2.0,2.0,H2075
Ibis budget Nice,2023,10,N_F_B,ACCESSOIRES,20,1.0,12.0,1.0,1.0,H2075
Ibis budget Nice,2023,10,N_F_B,PAP,15,1.0,9.0,1.0,1.0,H2075
Ibis budget Nice,2023,10,N_F_B,PAP,17,1.0,9.0,1.0,1.0,H2075
Ibis budget Nice,2023,10,N_F_B,PAP,18,1.0,9.0,1.0,1.0,H2075
Ibis budget Nice,2023,10,N_F_B,PAP,19,2.0,18.0,2.0,2.0,H2075
Ibis budget Nice,2023,11,N_F_B,PAP,10,1.0,9.0,1.0,1.0,H2075
Ibis budget Nice,2024,3,N_F_B,ACCESSOIRES,9,1.0,10.0,1.0,1.0,H2075
Ibis budget Nice,2024,3,N_F_B,ACCESSOIRES,20,1.0,6.0,1.0,1.0,H2075
Ibis budget Nice,2024,4,N_F_B,ACCESSOIRES,9,1.0,6.0,1.0,1.0,H2075
Ibis budget Nice,2024,4,N_F_B,ACCESSOIRES,10,1.0,6.0,1.0,1.0,H2075
Ibis budget Nice,2024,4,N_F_B,ACCESSOIRES,11,3.0,36.0,3.0,3.0,H2075
Ibis budget Nice,2024,4,N_F_B,ACCESSOIRES,15,2.0,23.0,1.0,2.0,H2075
Ibis budget Nice,2024,4,N_F_B,ACCESSOIRES,16,0.0,20.0,2.0,1.0,H2075
Ibis budget Nice,2024,4,N_F_B,ACCESSOIRES,17,2.0,26.0,1.0,1.0,H2075
Ibis budget Nice,2024,4,N_F_B,COSMETIQUE,15,1.0,10.0,1.0,1.0,H2075
Ibis budget Nice,2024,4,N_F_B,COSMETIQUE,17,1.0,10.0,1.0,1.0,H2075
Ibis budget Nice,2024,4,N_F_B,SOS,16,1.0,8.0,1.0,1.0,H2075
Ibis budget Nice,2024,5,F_B,SANS ALCOOL,8,5.0,14.2,3.0,2.0,H2075
Ibis budget Nice,2024,5,F_B,SANS ALCOOL,10,4.0,9.3,3.0,2.0,H2075
Ibis budget Nice,2024,5,F_B,SANS ALCOOL,12,2.0,4.9,2.0,2.0,H2075
Ibis budget Nice,2024,5,F_B,SANS ALCOOL,14,3.0,7.1000000000000005,3.0,2.0,H2075
Ibis budget Nice,2024,5,F_B,SANS ALCOOL,15,3.0,8.100000000000001,2.0,2.0,H2075
Ibis budget Nice,2024,5,F_B,SANS ALCOOL,16,2.0,4.4,2.0,1.0,H2075
Ibis budget Nice,2024,5,F_B,SANS ALCOOL,17,2.0,4.7,2.0,2.0,H2075
Ibis budget Nice,2024,5,F_B,SANS ALCOOL,18,1.0,2.5,1.0,1.0,H2075
Ibis budget Nice,2024,5,F_B,SANS ALCOOL,20,3.0,8.100000000000001,3.0,1.0,H2075
Ibis budget Nice,2024,5,F_B,SANS ALCOOL,21,2.0,4.4,2.0,1.0,H2075
Ibis budget Nice,2024,5,F_B,SANS ALCOOL,22,7.0,15.700000000000001,5.0,3.0,H2075
Ibis budget Nice,2024,5,F_B,SANS ALCOOL,23,2.0,4.4,2.0,1.0,H2075
Ibis budget Nice,2024,5,N_F_B,ACCESSOIRES,10,1.0,25.0,1.0,1.0,H2075
Ibis budget Nice,2024,5,N_F_B,ACCESSOIRES,11,1.0,12.0,1.0,1.0,H2075
Ibis budget Nice,2024,5,N_F_B,ACCESSOIRES,12,1.0,6.0,1.0,1.0,H2075
Ibis budget Nice,2024,5,N_F_B,ACCESSOIRES,13,1.0,10.0,1.0,1.0,H2075
Ibis budget Nice,2024,5,N_F_B,ACCESSOIRES,14,1.0,6.0,1.0,1.0,H2075
Ibis budget Nice,2024,5,N_F_B,ACCESSOIRES,16,1.0,13.0,1.0,1.0,H2075
Ibis budget Nice,2024,5,N_F_B,ACCESSOIRES,18,1.0,12.0,1.0,1.0,H2075
Ibis budget Nice,2024,5,N_F_B,ACCESSOIRES,20,1.0,13.0,1.0,1.0,H2075
Ibis budget Nice,2024,5,N_F_B,PAP,11,2.0,20.0,1.0,1.0,H2075
Ibis budget Nice,2024,5,N_F_B,PAP,12,4.0,40.0,3.0,4.0,H2075
Ibis budget Nice,2024,5,N_F_B,PAP,13,1.0,9.0,1.0,1.0,H2075
Ibis budget Nice,2024,5,N_F_B,PAP,17,1.0,9.0,1.0,1.0,H2075
Ibis budget Nice,2024,5,N_F_B,PAP,20,1.0,8.0,1.0,1.0,H2075
Ibis budget Nice,2024,6,F_B,FOOD SALEE,0,1.0,2.0,1.0,1.0,H2075
Ibis budget Nice,2024,6,F_B,FOOD SALEE,1,1.0,2.5,1.0,1.0,H2075
Ibis budget Nice,2024,6,F_B,FOOD SALEE,3,1.0,2.0,1.0,1.0,H2075
Ibis budget Nice,2024,6,F_B,FOOD SALEE,5,2.0,4.5,2.0,2.0,H2075
Ibis budget Nice,2024,6,F_B,FOOD SALEE,8,2.0,4.0,2.0,1.0,H2075
Ibis budget Nice,2024,6,F_B,FOOD SALEE,14,2.0,4.5,2.0,2.0,H2075
Ibis budget Nice,2024,6,F_B,FOOD SALEE,15,1.0,2.0,1.0,1.0,H2075
Ibis budget Nice,2024,6,F_B,FOOD SALEE,17,1.0,2.0,1.0,1.0,H2075
Ibis budget Nice,2024,6,F_B,FOOD SALEE,18,1.0,2.0,1.0,1.0,H2075
Ibis budget Nice,2024,6,F_B,FOOD SALEE,19,4.0,9.5,2.0,2.0,H2075
Ibis budget Nice,2024,6,F_B,FOOD SALEE,22,2.0,4.5,2.0,2.0,H2075
Ibis budget Nice,2024,6,F_B,FOOD SALEE,23,3.0,6.5,2.0,3.0,H2075
Ibis budget Nice,2024,6,F_B,SANS ALCOOL,0,16.0,36.900000000000006,13.0,7.0,H2075
Ibis budget Nice,2024,6,F_B,SANS ALCOOL,1,9.0,21.3,6.0,3.0,H2075
Ibis budget Nice,2024,6,F_B,SANS ALCOOL,2,9.0,19.6,4.0,2.0,H2075
Ibis budget Nice,2024,6,F_B,SANS ALCOOL,3,4.0,9.100000000000001,3.0,3.0,H2075
Ibis budget Nice,2024,6,F_B,SANS ALCOOL,4,3.0,6.2,2.0,2.0,H2075
Ibis budget Nice,2024,6,F_B,SANS ALCOOL,5,2.0,4.7,2.0,2.0,H2075
Ibis budget Nice,2024,6,F_B,SANS ALCOOL,6,2.0,4.4,2.0,1.0,H2075
Ibis budget Nice,2024,6,F_B,SANS ALCOOL,7,4.0,10.4,1.0,4.0,H2075
Ibis budget Nice,2024,6,F_B,SANS ALCOOL,8,5.0,11.0,5.0,1.0,H2075
Ibis budget Nice,2024,6,F_B,SANS ALCOOL,9,4.0,9.100000000000001,3.0,3.0,H2075
Ibis budget Nice,2024,6,F_B,SANS ALCOOL,10,7.0,16.400000000000002,3.0,3.0,H2075
Ibis budget Nice,2024,6,F_B,SANS ALCOOL,11,4.0,9.8,4.0,3.0,H2075
Ibis budget Nice,2024,6,F_B,SANS ALCOOL,12,12.0,29.0,9.0,5.0,H2075
Ibis budget Nice,2024,6,F_B,SANS ALCOOL,13,7.0,14.8,6.0,4.0,H2075
Ibis budget Nice,2024,6,F_B,SANS ALCOOL,14,8.0,17.5,7.0,4.0,H2075
Ibis budget Nice,2024,6,F_B,SANS ALCOOL,15,5.0,11.3,5.0,3.0,H2075
Ibis budget Nice,2024,6,F_B,SANS ALCOOL,16,8.0,19.700000000000003,7.0,6.0,H2075
Ibis budget Nice,2024,6,F_B,SANS ALCOOL,17,9.0,20.700000000000003,6.0,6.0,H2075
Ibis budget Nice,2024,6,F_B,SANS ALCOOL,18,13.0,30.0,7.0,9.0,H2075
Ibis budget Nice,2024,6,F_B,SANS ALCOOL,19,15.0,34.4,11.0,6.0,H2075
Ibis budget Nice,2024,6,F_B,SANS ALCOOL,20,4.0,9.8,4.0,3.0,H2075
Ibis budget Nice,2024,6,F_B,SANS ALCOOL,21,8.0,20.0,7.0,7.0,H2075
Ibis budget Nice,2024,6,F_B,SANS ALCOOL,22,11.0,24.400000000000002,9.0,5.0,H2075
Ibis budget Nice,2024,6,F_B,SANS ALCOOL,23,27.0,63.900000000000006,17.0,10.0,H2075
Ibis budget Nice,2024,6,N_F_B,ACCESSOIRES,0,1.0,13.0,1.0,1.0,H2075
Ibis budget Nice,2024,6,N_F_B,ACCESSOIRES,9,2.0,15.1,2.0,2.0,H2075
Ibis budget Nice,2024,6,N_F_B,ACCESSOIRES,10,1.0,10.0,1.0,1.0,H2075
Ibis budget Nice,2024,6,N_F_B,ACCESSOIRES,11,2.0,30.0,2.0,1.0,H2075
Ibis budget Nice,2024,6,N_F_B,ACCESSOIRES,12,2.0,21.0,2.0,2.0,H2075
Ibis budget Nice,2024,6,N_F_B,ACCESSOIRES,13,2.0,30.0,2.0,2.0,H2075
Ibis budget Nice,2024,6,N_F_B,ACCESSOIRES,14,2.0,11.0,2.0,2.0,H2075
Ibis budget Nice,2024,6,N_F_B,ACCESSOIRES,15,2.0,35.0,2.0,2.0,H2075
Ibis budget Nice,2024,6,N_F_B,ACCESSOIRES,16,1.0,10.0,1.0,1.0,H2075
Ibis budget Nice,2024,6,N_F_B,ACCESSOIRES,17,1.0,6.0,1.0,1.0,H2075
Ibis budget Nice,2024,6,N_F_B,ACCESSOIRES,21,4.0,27.0,4.0,4.0,H2075
Ibis budget Nice,2024,6,N_F_B,COSMETIQUE,13,1.0,10.0,1.0,1.0,H2075
Ibis budget Nice,2024,6,N_F_B,JEUX / ENFANTS,14,1.0,18.0,1.0,1.0,H2075
Ibis budget Nice,2024,6,N_F_B,PAP,10,2.0,23.0,2.0,2.0,H2075
Ibis budget Nice,2024,6,N_F_B,PAP,12,3.0,32.0,3.0,3.0,H2075
Ibis budget Nice,2024,6,N_F_B,PAP,14,1.0,11.0,1.0,1.0,H2075
Ibis budget Nice,2024,6,N_F_B,PAP,18,1.0,23.0,1.0,1.0,H2075
Ibis budget Nice,2024,6,N_F_B,SOS,14,1.0,16.0,1.0,1.0,H2075
Ibis budget Nice,2024,7,F_B,FOOD SALEE,0,2.0,4.5,2.0,2.0,H2075
Ibis budget Nice,2024,7,F_B,FOOD SALEE,2,4.0,11.0,4.0,3.0,H2075
Ibis budget Nice,2024,7,F_B,FOOD SALEE,3,2.0,6.5,1.0,2.0,H2075
Ibis budget Nice,2024,7,F_B,FOOD SALEE,4,2.0,4.5,2.0,2.0,H2075
Ibis budget Nice,2024,7,F_B,FOOD SALEE,11,1.0,2.5,1.0,1.0,H2075
Ibis budget Nice,2024,7,F_B,FOOD SALEE,14,1.0,2.5,1.0,1.0,H2075
Ibis budget Nice,2024,7,F_B,FOOD SALEE,16,1.0,2.0,1.0,1.0,H2075
Ibis budget Nice,2024,7,F_B,FOOD SALEE,18,3.0,7.0,2.0,2.0,H2075
Ibis budget Nice,2024,7,F_B,FOOD SALEE,19,1.0,2.5,1.0,1.0,H2075
Ibis budget Nice,2024,7,F_B,FOOD SALEE,20,2.0,5.0,1.0,1.0,H2075
Ibis budget Nice,2024,7,F_B,FOOD SALEE,21,1.0,2.0,1.0,1.0,H2075
Ibis budget Nice,2024,7,F_B,FOOD SALEE,22,2.0,4.0,2.0,2.0,H2075
Ibis budget Nice,2024,7,F_B,FOOD SALEE,23,2.0,5.0,2.0,1.0,H2075
Ibis budget Nice,2024,7,F_B,SANS ALCOOL,0,27.0,63.2,19.0,10.0,H2075
Ibis budget Nice,2024,7,F_B,SANS ALCOOL,1,24.0,52.900000000000006,11.0,8.0,H2075
Ibis budget Nice,2024,7,F_B,SANS ALCOOL,2,16.0,35.0,9.0,5.0,H2075
Ibis budget Nice,2024,7,F_B,SANS ALCOOL,3,17.0,39.7,7.0,4.0,H2075
Ibis budget Nice,2024,7,F_B,SANS ALCOOL,4,5.0,11.3,4.0,3.0,H2075
Ibis budget Nice,2024,7,F_B,SANS ALCOOL,5,3.0,6.6000000000000005,2.0,1.0,H2075
Ibis budget Nice,2024,7,F_B,SANS ALCOOL,6,4.0,10.100000000000001,2.0,3.0,H2075
Ibis budget Nice,2024,7,F_B,SANS ALCOOL,8,6.0,16.6,5.0,4.0,H2075
Ibis budget Nice,2024,7,F_B,SANS ALCOOL,9,4.0,8.600000000000001,3.0,2.0,H2075
Ibis budget Nice,2024,7,F_B,SANS ALCOOL,10,5.0,12.3,3.0,4.0,H2075
Ibis budget Nice,2024,7,F_B,SANS ALCOOL,11,6.0,14.8,6.0,4.0,H2075
Ibis budget Nice,2024,7,F_B,SANS ALCOOL,12,7.0,15.700000000000001,7.0,3.0,H2075
Ibis budget Nice,2024,7,F_B,SANS ALCOOL,13,16.0,38.1,11.0,7.0,H2075
Ibis budget Nice,2024,7,F_B,SANS ALCOOL,14,6.0,15.200000000000001,3.0,3.0,H2075
Ibis budget Nice,2024,7,F_B,SANS ALCOOL,15,13.0,28.700000000000003,5.0,5.0,H2075
Ibis budget Nice,2024,7,F_B,SANS ALCOOL,16,11.0,26.0,6.0,6.0,H2075
Ibis budget Nice,2024,7,F_B,SANS ALCOOL,17,13.0,31.900000000000002,10.0,10.0,H2075
Ibis budget Nice,2024,7,F_B,SANS ALCOOL,18,12.0,27.700000000000003,8.0,3.0,H2075
Ibis budget Nice,2024,7,F_B,SANS ALCOOL,19,11.0,28.3,7.0,5.0,H2075
Ibis budget Nice,2024,7,F_B,SANS ALCOOL,20,16.0,38.5,9.0,10.0,H2075
Ibis budget Nice,2024,7,F_B,SANS ALCOOL,21,17.0,42.300000000000004,7.0,8.0,H2075
Ibis budget Nice,2024,7,F_B,SANS ALCOOL,22,16.0,39.400000000000006,13.0,7.0,H2075
Ibis budget Nice,2024,7,F_B,SANS ALCOOL,23,26.0,59.7,17.0,9.0,H2075
Ibis budget Nice,2024,7,N_F_B,ACCESSOIRES,10,1.0,6.5,1.0,1.0,H2075
Ibis budget Nice,2024,7,N_F_B,ACCESSOIRES,11,2.0,20.0,2.0,2.0,H2075
Ibis budget Nice,2024,7,N_F_B,ACCESSOIRES,12,5.0,34.0,4.0,5.0,H2075
Ibis budget Nice,2024,7,N_F_B,ACCESSOIRES,13,3.0,22.0,3.0,3.0,H2075
Ibis budget Nice,2024,7,N_F_B,ACCESSOIRES,14,1.0,11.0,1.0,1.0,H2075
Ibis budget Nice,2024,7,N_F_B,ACCESSOIRES,15,1.0,6.0,1.0,1.0,H2075
Ibis budget Nice,2024,7,N_F_B,ACCESSOIRES,16,2.0,12.0,2.0,2.0,H2075
Ibis budget Nice,2024,7,N_F_B,ACCESSOIRES,17,2.0,21.0,2.0,2.0,H2075
Ibis budget Nice,2024,7,N_F_B,ACCESSOIRES,18,1.0,11.0,1.0,1.0,H2075
Ibis budget Nice,2024,7,N_F_B,ACCESSOIRES,19,3.0,45.0,3.0,2.0,H2075
Ibis budget Nice,2024,7,N_F_B,COSMETIQUE,11,1.0,10.0,1.0,1.0,H2075
Ibis budget Nice,2024,7,N_F_B,COSMETIQUE,12,1.0,10.0,1.0,1.0,H2075
Ibis budget Nice,2024,7,N_F_B,JEUX / ENFANTS,11,1.0,18.0,1.0,1.0,H2075
Ibis budget Nice,2024,7,N_F_B,JEUX / ENFANTS,13,1.0,18.0,1.0,1.0,H2075
Ibis budget Nice,2024,7,N_F_B,JEUX / ENFANTS,15,1.0,18.0,1.0,1.0,H2075
Ibis budget Nice,2024,7,N_F_B,PAP,12,1.0,10.0,1.0,1.0,H2075
Ibis budget Nice,2024,7,N_F_B,PAP,13,1.0,10.0,1.0,1.0,H2075
Ibis budget Nice,2024,7,N_F_B,PAP,16,1.0,10.0,1.0,1.0,H2075
Ibis budget Nice,2024,7,N_F_B,PAP,17,1.0,10.0,1.0,1.0,H2075
Ibis budget Nice,2024,7,N_F_B,PAP,19,2.0,20.0,1.0,1.0,H2075
Ibis budget Nice,2024,7,N_F_B,SOS,11,1.0,8.0,1.0,1.0,H2075
Ibis budget Nice,2024,8,F_B,FOOD SALEE,0,4.0,9.0,2.0,3.0,H2075
Ibis budget Nice,2024,8,F_B,FOOD SALEE,1,1.0,2.0,1.0,1.0,H2075
Ibis budget Nice,2024,8,F_B,FOOD SALEE,4,2.0,7.0,2.0,2.0,H2075
Ibis budget Nice,2024,8,F_B,FOOD SALEE,5,2.0,5.0,1.0,1.0,H2075
Ibis budget Nice,2024,8,F_B,FOOD SALEE,6,1.0,2.0,1.0,1.0,H2075
Ibis budget Nice,2024,8,F_B,FOOD SALEE,13,1.0,2.0,1.0,1.0,H2075
Ibis budget Nice,2024,8,F_B,FOOD SALEE,14,1.0,2.0,1.0,1.0,H2075
Ibis budget Nice,2024,8,F_B,FOOD SALEE,17,4.0,15.5,2.0,2.0,H2075
Ibis budget Nice,2024,8,F_B,FOOD SALEE,18,1.0,2.5,1.0,1.0,H2075
Ibis budget Nice,2024,8,F_B,SANS ALCOOL,0,39.0,95.4,24.0,9.0,H2075
Ibis budget Nice,2024,8,F_B,SANS ALCOOL,1,31.0,75.4,21.0,10.0,H2075
Ibis budget Nice,2024,8,F_B,SANS ALCOOL,2,24.0,53.400000000000006,14.0,4.0,H2075
Ibis budget Nice,2024,8,F_B,SANS ALCOOL,3,16.0,37.300000000000004,11.0,6.0,H2075
Ibis budget Nice,2024,8,F_B,SANS ALCOOL,4,22.0,47.1,10.0,5.0,H2075
Ibis budget Nice,2024,8,F_B,SANS ALCOOL,5,4.0,10.7,2.0,3.0,H2075
Ibis budget Nice,2024,8,F_B,SANS ALCOOL,6,13.0,31.1,7.0,6.0,H2075
Ibis budget Nice,2024,8,F_B,SANS ALCOOL,7,2.0,6.0,1.0,1.0,H2075
Ibis budget Nice,2024,8,F_B,SANS ALCOOL,8,2.0,4.9,2.0,2.0,H2075
Ibis budget Nice,2024,8,F_B,SANS ALCOOL,9,2.0,4.4,2.0,1.0,H2075
Ibis budget Nice,2024,8,F_B,SANS ALCOOL,10,3.0,6.6000000000000005,3.0,1.0,H2075
Ibis budget Nice,2024,8,F_B,SANS ALCOOL,11,1.0,2.7,1.0,1.0,H2075
Ibis budget Nice,2024,8,F_B,SANS ALCOOL,12,9.0,20.900000000000002,6.0,4.0,H2075
Ibis budget Nice,2024,8,F_B,SANS ALCOOL,13,17.0,40.400000000000006,11.0,7.0,H2075
Ibis budget Nice,2024,8,F_B,SANS ALCOOL,14,12.0,27.700000000000003,7.0,7.0,H2075
Ibis budget Nice,2024,8,F_B,SANS ALCOOL,15,18.0,45.0,12.0,6.0,H2075
Ibis budget Nice,2024,8,F_B,SANS ALCOOL,16,11.0,25.200000000000003,8.0,7.0,H2075
Ibis budget Nice,2024,8,F_B,SANS ALCOOL,17,15.0,34.0,8.0,6.0,H2075
Ibis budget Nice,2024,8,F_B,SANS ALCOOL,18,18.0,44.400000000000006,13.0,9.0,H2075
Ibis budget Nice,2024,8,F_B,SANS ALCOOL,19,6.0,14.100000000000001,4.0,5.0,H2075
Ibis budget Nice,2024,8,F_B,SANS ALCOOL,20,15.0,36.7,12.0,7.0,H2075
Ibis budget Nice,2024,8,F_B,SANS ALCOOL,21,7.0,16.900000000000002,5.0,2.0,H2075
Ibis budget Nice,2024,8,F_B,SANS ALCOOL,22,16.0,36.5,12.0,10.0,H2075
Ibis budget Nice,2024,8,F_B,SANS ALCOOL,23,19.0,47.2,11.0,7.0,H2075
Ibis budget Nice,2024,8,N_F_B,ACCESSOIRES,11,1.0,25.0,1.0,1.0,H2075
Ibis budget Nice,2024,8,N_F_B,ACCESSOIRES,12,2.0,21.0,2.0,2.0,H2075
Ibis budget Nice,2024,8,N_F_B,ACCESSOIRES,13,6.0,48.0,2.0,4.0,H2075
Ibis budget Nice,2024,8,N_F_B,ACCESSOIRES,14,6.0,81.0,6.0,2.0,H2075
Ibis budget Nice,2024,8,N_F_B,ACCESSOIRES,15,1.0,16.0,1.0,1.0,H2075
Ibis budget Nice,2024,8,N_F_B,ACCESSOIRES,16,1.0,15.0,1.0,1.0,H2075
Ibis budget Nice,2024,8,N_F_B,ACCESSOIRES,17,1.0,15.0,1.0,1.0,H2075
Ibis budget Nice,2024,8,N_F_B,ACCESSOIRES,19,1.0,5.0,1.0,1.0,H2075
Ibis budget Nice,2024,8,N_F_B,ACCESSOIRES,20,1.0,6.0,1.0,1.0,H2075
Ibis budget Nice,2024,8,N_F_B,ACCESSOIRES,21,1.0,15.0,1.0,1.0,H2075
Ibis budget Nice,2024,8,N_F_B,ACCESSOIRES,23,2.0,12.0,1.0,2.0,H2075
Ibis budget Nice,2024,8,N_F_B,COSMETIQUE,11,1.0,10.0,1.0,1.0,H2075
Ibis budget Nice,2024,8,N_F_B,COSMETIQUE,12,1.0,9.0,1.0,1.0,H2075
Ibis budget Nice,2024,8,N_F_B,COSMETIQUE,16,1.0,10.0,1.0,1.0,H2075
Ibis budget Nice,2024,8,N_F_B,JEUX / ENFANTS,12,2.0,36.0,2.0,1.0,H2075
Ibis budget Nice,2024,8,N_F_B,JEUX / ENFANTS,13,1.0,18.0,1.0,1.0,H2075
Ibis budget Nice,2024,8,N_F_B,PAP,12,1.0,10.0,1.0,1.0,H2075
Ibis budget Nice,2024,8,N_F_B,PAP,20,1.0,10.0,1.0,1.0,H2075
Ibis budget Nice,2024,9,F_B,FOOD SALEE,0,2.0,5.0,2.0,1.0,H2075
Ibis budget Nice,2024,9,F_B,FOOD SALEE,1,5.0,10.0,3.0,2.0,H2075
Ibis budget Nice,2024,9,F_B,FOOD SALEE,2,2.0,4.5,2.0,2.0,H2075
Ibis budget Nice,2024,9,F_B,FOOD SALEE,3,2.0,4.5,2.0,2.0,H2075
Ibis budget Nice,2024,9,F_B,FOOD SALEE,7,1.0,2.0,1.0,1.0,H2075
Ibis budget Nice,2024,9,F_B,FOOD SALEE,17,1.0,2.5,1.0,1.0,H2075
Ibis budget Nice,2024,9,F_B,FOOD SALEE,19,1.0,2.0,1.0,1.0,H2075
Ibis budget Nice,2024,9,F_B,FOOD SALEE,23,3.0,6.0,3.0,2.0,H2075
Ibis budget Nice,2024,9,F_B,FOOD SUCREE,1,5.0,7.5,3.0,3.0,H2075
Ibis budget Nice,2024,9,F_B,FOOD SUCREE,3,2.0,3.0,2.0,1.0,H2075
Ibis budget Nice,2024,9,F_B,FOOD SUCREE,4,1.0,1.5,1.0,1.0,H2075
Ibis budget Nice,2024,9,F_B,FOOD SUCREE,11,1.0,2.0,1.0,1.0,H2075
Ibis budget Nice,2024,9,F_B,FOOD SUCREE,12,2.0,3.0,2.0,2.0,H2075
Ibis budget Nice,2024,9,F_B,FOOD SUCREE,14,2.0,3.5,2.0,2.0,H2075
Ibis budget Nice,2024,9,F_B,FOOD SUCREE,15,1.0,2.0,1.0,1.0,H2075
Ibis budget Nice,2024,9,F_B,FOOD SUCREE,17,2.0,7.0,2.0,1.0,H2075
Ibis budget Nice,2024,9,F_B,FOOD SUCREE,18,1.0,1.5,1.0,1.0,H2075
Ibis budget Nice,2024,9,F_B,FOOD SUCREE,21,3.0,5.0,2.0,2.0,H2075
Ibis budget Nice,2024,9,F_B,FOOD SUCREE,22,2.0,5.0,2.0,2.0,H2075
Ibis budget Nice,2024,9,F_B,FOOD SUCREE,23,3.0,6.5,2.0,3.0,H2075
Ibis budget Nice,2024,9,F_B,SANS ALCOOL,0,18.0,42.5,12.0,6.0,H2075
Ibis budget Nice,2024,9,F_B,SANS ALCOOL,1,14.0,35.300000000000004,7.0,7.0,H2075
Ibis budget Nice,2024,9,F_B,SANS ALCOOL,2,3.0,6.4,3.0,2.0,H2075
Ibis budget Nice,2024,9,F_B,SANS ALCOOL,3,11.0,25.0,5.0,3.0,H2075
Ibis budget Nice,2024,9,F_B,SANS ALCOOL,4,2.0,5.0,1.0,1.0,H2075
Ibis budget Nice,2024,9,F_B,SANS ALCOOL,5,1.0,2.0,1.0,1.0,H2075
Ibis budget Nice,2024,9,F_B,SANS ALCOOL,7,1.0,2.0,1.0,1.0,H2075
Ibis budget Nice,2024,9,F_B,SANS ALCOOL,9,3.0,6.4,2.0,2.0,H2075
Ibis budget Nice,2024,9,F_B,SANS ALCOOL,10,5.0,10.600000000000001,4.0,3.0,H2075
Ibis budget Nice,2024,9,F_B,SANS ALCOOL,11,14.0,34.800000000000004,10.0,2.0,H2075
Ibis budget Nice,2024,9,F_B,SANS ALCOOL,12,10.0,24.200000000000003,7.0,7.0,H2075
Ibis budget Nice,2024,9,F_B,SANS ALCOOL,13,1.0,2.7,1.0,1.0,H2075
Ibis budget Nice,2024,9,F_B,SANS ALCOOL,14,8.0,17.4,6.0,4.0,H2075
Ibis budget Nice,2024,9,F_B,SANS ALCOOL,15,10.0,24.6,7.0,5.0,H2075
Ibis budget Nice,2024,9,F_B,SANS ALCOOL,16,9.0,23.200000000000003,5.0,7.0,H2075
Ibis budget Nice,2024,9,F_B,SANS ALCOOL,17,9.0,21.6,7.0,4.0,H2075
Ibis budget Nice,2024,9,F_B,SANS ALCOOL,18,13.0,29.6,10.0,6.0,H2075
Ibis budget Nice,2024,9,F_B,SANS ALCOOL,19,2.0,5.0,2.0,2.0,H2075
Ibis budget Nice,2024,9,F_B,SANS ALCOOL,20,7.0,16.200000000000003,4.0,4.0,H2075
Ibis budget Nice,2024,9,F_B,SANS ALCOOL,21,10.0,22.700000000000003,7.0,5.0,H2075
Ibis budget Nice,2024,9,F_B,SANS ALCOOL,22,15.0,34.0,12.0,9.0,H2075
Ibis budget Nice,2024,9,F_B,SANS ALCOOL,23,28.0,66.0,16.0,9.0,H2075
Ibis budget Nice,2024,9,N_F_B,ACCESSOIRES,10,1.0,6.0,1.0,1.0,H2075
Ibis budget Nice,2024,9,N_F_B,ACCESSOIRES,11,5.0,66.0,3.0,3.0,H2075
Ibis budget Nice,2024,9,N_F_B,ACCESSOIRES,12,1.0,12.0,1.0,1.0,H2075
Ibis budget Nice,2024,9,N_F_B,ACCESSOIRES,14,1.0,10.0,1.0,1.0,H2075
Ibis budget Nice,2024,9,N_F_B,ACCESSOIRES,17,1.0,15.0,1.0,1.0,H2075
Ibis budget Nice,2024,9,N_F_B,ACCESSOIRES,18,2.0,18.0,2.0,2.0,H2075
Ibis budget Nice,2024,9,N_F_B,ACCESSOIRES,20,1.0,6.0,1.0,1.0,H2075
Ibis budget Nice,2024,9,N_F_B,ACCESSOIRES,22,2.0,18.0,2.0,2.0,H2075
Ibis budget Nice,2024,9,N_F_B,COSMETIQUE,11,1.0,10.0,1.0,1.0,H2075
Ibis budget Nice,2024,9,N_F_B,PAP,11,1.0,13.0,1.0,1.0,H2075
Ibis budget Nice,2024,9,N_F_B,PAP,15,2.0,20.0,2.0,2.0,H2075
Ibis budget Nice,2024,9,N_F_B,PAP,17,1.0,10.0,1.0,1.0,H2075
Ibis budget Nice,2024,9,N_F_B,PAP,20,2.0,20.0,2.0,2.0,H2075
Ibis budget Nice,2024,9,N_F_B,PAP,22,1.0,6.0,1.0,1.0,H2075
Ibis budget Nice,2024,10,F_B,FOOD SALEE,0,2.0,4.5,2.0,2.0,H2075
Ibis budget Nice,2024,10,F_B,FOOD SALEE,5,1.0,2.0,1.0,1.0,H2075
Ibis budget Nice,2024,10,F_B,FOOD SALEE,9,1.0,2.0,1.0,1.0,H2075
Ibis budget Nice,2024,10,F_B,FOOD SALEE,11,1.0,2.5,1.0,1.0,H2075
Ibis budget Nice,2024,10,F_B,FOOD SALEE,19,1.0,2.0,1.0,1.0,H2075
Ibis budget Nice,2024,10,F_B,FOOD SALEE,20,5.0,11.5,5.0,2.0,H2075
Ibis budget Nice,2024,10,F_B,FOOD SALEE,23,3.0,6.0,2.0,2.0,H2075
Ibis budget Nice,2024,10,F_B,FOOD SUCREE,0,4.0,7.0,3.0,3.0,H2075
Ibis budget Nice,2024,10,F_B,FOOD SUCREE,11,1.0,1.5,1.0,1.0,H2075
Ibis budget Nice,2024,10,F_B,FOOD SUCREE,18,3.0,4.5,2.0,2.0,H2075
Ibis budget Nice,2024,10,F_B,FOOD SUCREE,19,1.0,3.0,1.0,1.0,H2075
Ibis budget Nice,2024,10,F_B,FOOD SUCREE,20,3.0,7.0,2.0,3.0,H2075
Ibis budget Nice,2024,10,F_B,FOOD SUCREE,21,1.0,3.5,1.0,1.0,H2075
Ibis budget Nice,2024,10,F_B,FOOD SUCREE,22,3.0,4.5,2.0,3.0,H2075
Ibis budget Nice,2024,10,F_B,FOOD SUCREE,23,4.0,9.0,2.0,3.0,H2075
Ibis budget Nice,2024,10,F_B,SANS ALCOOL,0,25.0,55.800000000000004,20.0,11.0,H2075
Ibis budget Nice,2024,10,F_B,SANS ALCOOL,1,16.0,35.5,8.0,6.0,H2075
Ibis budget Nice,2024,10,F_B,SANS ALCOOL,2,2.0,4.4,1.0,1.0,H2075
Ibis budget Nice,2024,10,F_B,SANS ALCOOL,3,1.0,2.2,1.0,1.0,H2075
Ibis budget Nice,2024,10,F_B,SANS ALCOOL,5,1.0,2.2,1.0,1.0,H2075
Ibis budget Nice,2024,10,F_B,SANS ALCOOL,9,2.0,4.7,2.0,2.0,H2075
Ibis budget Nice,2024,10,F_B,SANS ALCOOL,10,4.0,10.600000000000001,2.0,3.0,H2075
Ibis budget Nice,2024,10,F_B,SANS ALCOOL,11,1.0,2.2,1.0,1.0,H2075
Ibis budget Nice,2024,10,F_B,SANS ALCOOL,12,6.0,12.0,3.0,2.0,H2075
Ibis budget Nice,2024,10,F_B,SANS ALCOOL,13,11.0,25.400000000000002,6.0,6.0,H2075
Ibis budget Nice,2024,10,F_B,SANS ALCOOL,14,2.0,4.2,2.0,2.0,H2075
Ibis budget Nice,2024,10,F_B,SANS ALCOOL,15,5.0,12.600000000000001,5.0,5.0,H2075
Ibis budget Nice,2024,10,F_B,SANS ALCOOL,16,2.0,4.4,2.0,1.0,H2075
Ibis budget Nice,2024,10,F_B,SANS ALCOOL,17,1.0,2.7,1.0,1.0,H2075
Ibis budget Nice,2024,10,F_B,SANS ALCOOL,18,9.0,22.200000000000003,9.0,6.0,H2075
Ibis budget Nice,2024,10,F_B,SANS ALCOOL,19,10.0,24.900000000000002,8.0,6.0,H2075
Ibis budget Nice,2024,10,F_B,SANS ALCOOL,20,15.0,34.1,9.0,8.0,H2075
Ibis budget Nice,2024,10,F_B,SANS ALCOOL,21,8.0,17.700000000000003,5.0,4.0,H2075
Ibis budget Nice,2024,10,F_B,SANS ALCOOL,22,8.0,17.3,6.0,4.0,H2075
Ibis budget Nice,2024,10,F_B,SANS ALCOOL,23,18.0,41.7,11.0,9.0,H2075
Ibis budget Nice,2024,10,N_F_B,ACCESSOIRES,12,1.0,10.0,1.0,1.0,H2075
Ibis budget Nice,2024,10,N_F_B,ACCESSOIRES,13,1.0,6.0,1.0,1.0,H2075
Ibis budget Nice,2024,10,N_F_B,ACCESSOIRES,16,2.0,27.0,1.0,2.0,H2075
Ibis budget Nice,2024,10,N_F_B,ACCESSOIRES,17,6.0,40.0,4.0,5.0,H2075
Ibis budget Nice,2024,10,N_F_B,ACCESSOIRES,18,1.0,15.0,1.0,1.0,H2075
Ibis budget Nice,2024,10,N_F_B,PAP,10,1.0,10.0,1.0,1.0,H2075
Ibis budget Nice,2024,10,N_F_B,PAP,17,2.0,19.0,2.0,2.0,H2075
Ibis budget Nice,2024,10,N_F_B,PAP,23,1.0,6.0,1.0,1.0,H2075
Ibis budget Nice,2024,10,N_F_B,SOS,10,2.0,28.0,1.0,1.0,H2075
Ibis budget Nice,2024,10,N_F_B,SOS,12,1.0,14.0,1.0,1.0,H2075
Ibis budget Nice,2024,10,N_F_B,SOS,14,1.0,14.0,1.0,1.0,H2075
Ibis budget Nice,2024,11,F_B,FOOD SALEE,0,2.0,4.5,1.0,2.0,H2075
Ibis budget Nice,2024,11,F_B,FOOD SALEE,14,1.0,2.0,1.0,1.0,H2075
Ibis budget Nice,2024,11,F_B,FOOD SALEE,18,1.0,2.0,1.0,1.0,H2075
Ibis budget Nice,2024,11,F_B,FOOD SALEE,20,1.0,2.0,1.0,1.0,H2075
Ibis budget Nice,2024,11,F_B,FOOD SALEE,22,1.0,2.5,1.0,1.0,H2075
Ibis budget Nice,2024,11,F_B,FOOD SUCREE,2,1.0,1.5,1.0,1.0,H2075
Ibis budget Nice,2024,11,F_B,FOOD SUCREE,10,2.0,3.0,2.0,2.0,H2075
Ibis budget Nice,2024,11,F_B,FOOD SUCREE,17,1.0,1.5,1.0,1.0,H2075
Ibis budget Nice,2024,11,F_B,FOOD SUCREE,18,1.0,1.5,1.0,1.0,H2075
Ibis budget Nice,2024,11,F_B,FOOD SUCREE,19,1.0,2.0,1.0,1.0,H2075
Ibis budget Nice,2024,11,F_B,FOOD SUCREE,20,3.0,5.0,3.0,3.0,H2075
Ibis budget Nice,2024,11,F_B,FOOD SUCREE,22,2.0,3.0,2.0,2.0,H2075
Ibis budget Nice,2024,11,F_B,FOOD SUCREE,23,2.0,3.0,2.0,2.0,H2075
Ibis budget Nice,2024,11,F_B,SANS ALCOOL,0,6.0,12.2,4.0,3.0,H2075
Ibis budget Nice,2024,11,F_B,SANS ALCOOL,1,4.0,10.3,3.0,3.0,H2075
Ibis budget Nice,2024,11,F_B,SANS ALCOOL,2,1.0,2.0,1.0,1.0,H2075
Ibis budget Nice,2024,11,F_B,SANS ALCOOL,3,3.0,8.100000000000001,1.0,1.0,H2075
Ibis budget Nice,2024,11,F_B,SANS ALCOOL,7,1.0,3.0,1.0,1.0,H2075
Ibis budget Nice,2024,11,F_B,SANS ALCOOL,8,1.0,2.2,1.0,1.0,H2075
Ibis budget Nice,2024,11,F_B,SANS ALCOOL,9,3.0,6.9,2.0,3.0,H2075
Ibis budget Nice,2024,11,F_B,SANS ALCOOL,11,4.0,9.8,4.0,3.0,H2075
Ibis budget Nice,2024,11,F_B,SANS ALCOOL,12,1.0,3.0,1.0,1.0,H2075
Ibis budget Nice,2024,11,F_B,SANS ALCOOL,13,2.0,4.7,2.0,2.0,H2075
Ibis budget Nice,2024,11,F_B,SANS ALCOOL,14,3.0,6.0,2.0,2.0,H2075
Ibis budget Nice,2024,11,F_B,SANS ALCOOL,16,6.0,14.4,4.0,4.0,H2075
Ibis budget Nice,2024,11,F_B,SANS ALCOOL,17,5.0,10.9,4.0,5.0,H2075
Ibis budget Nice,2024,11,F_B,SANS ALCOOL,18,5.0,12.600000000000001,3.0,5.0,H2075
Ibis budget Nice,2024,11,F_B,SANS ALCOOL,20,6.0,14.9,6.0,6.0,H2075
Ibis budget Nice,2024,11,F_B,SANS ALCOOL,21,9.0,21.200000000000003,6.0,7.0,H2075
Ibis budget Nice,2024,11,F_B,SANS ALCOOL,22,8.0,19.400000000000002,6.0,4.0,H2075
Ibis budget Nice,2024,11,F_B,SANS ALCOOL,23,11.0,28.1,8.0,6.0,H2075
Ibis budget Nice,2024,11,N_F_B,ACCESSOIRES,18,1.0,6.0,1.0,1.0,H2075
Ibis budget Nice,2024,11,N_F_B,ACCESSOIRES,22,1.0,6.0,1.0,1.0,H2075
Ibis budget Nice,2024,11,N_F_B,PAP,12,1.0,6.0,1.0,1.0,H2075
Ibis budget Nice,2024,12,F_B,FOOD SALEE,0,2.0,4.5,1.0,2.0,H2075
Ibis budget Nice,2024,12,F_B,FOOD SALEE,1,1.0,2.0,1.0,1.0,H2075
Ibis budget Nice,2024,12,F_B,FOOD SALEE,2,1.0,2.0,1.0,1.0,H2075
Ibis budget Nice,2024,12,F_B,FOOD SALEE,19,1.0,2.0,1.0,1.0,H2075
Ibis budget Nice,2024,12,F_B,FOOD SALEE,22,1.0,2.5,1.0,1.0,H2075
Ibis budget Nice,2024,12,F_B,FOOD SALEE,23,1.0,2.0,1.0,1.0,H2075
Ibis budget Nice,2024,12,F_B,FOOD SUCREE,1,1.0,2.0,1.0,1.0,H2075
Ibis budget Nice,2024,12,F_B,FOOD SUCREE,2,6.0,10.0,1.0,3.0,H2075
Ibis budget Nice,2024,12,F_B,FOOD SUCREE,3,1.0,2.0,1.0,1.0,H2075
Ibis budget Nice,2024,12,F_B,FOOD SUCREE,22,2.0,3.5,2.0,2.0,H2075
Ibis budget Nice,2024,12,F_B,FOOD SUCREE,23,5.0,9.0,4.0,5.0,H2075
Ibis budget Nice,2024,12,F_B,SANS ALCOOL,0,18.0,39.6,8.0,5.0,H2075
Ibis budget Nice,2024,12,F_B,SANS ALCOOL,1,6.0,14.5,4.0,3.0,H2075
Ibis budget Nice,2024,12,F_B,SANS ALCOOL,2,5.0,10.8,3.0,2.0,H2075
Ibis budget Nice,2024,12,F_B,SANS ALCOOL,3,2.0,4.4,1.0,1.0,H2075
Ibis budget Nice,2024,12,F_B,SANS ALCOOL,4,2.0,4.0,1.0,1.0,H2075
Ibis budget Nice,2024,12,F_B,SANS ALCOOL,9,1.0,2.2,1.0,1.0,H2075
Ibis budget Nice,2024,12,F_B,SANS ALCOOL,12,1.0,2.7,1.0,1.0,H2075
Ibis budget Nice,2024,12,F_B,SANS ALCOOL,13,2.0,5.4,2.0,2.0,H2075
Ibis budget Nice,2024,12,F_B,SANS ALCOOL,15,5.0,10.9,5.0,4.0,H2075
Ibis budget Nice,2024,12,F_B,SANS ALCOOL,16,2.0,4.9,2.0,2.0,H2075
Ibis budget Nice,2024,12,F_B,SANS ALCOOL,17,5.0,11.100000000000001,3.0,3.0,H2075
Ibis budget Nice,2024,12,F_B,SANS ALCOOL,18,6.0,13.3,4.0,3.0,H2075
Ibis budget Nice,2024,12,F_B,SANS ALCOOL,19,7.0,18.4,5.0,4.0,H2075
Ibis budget Nice,2024,12,F_B,SANS ALCOOL,20,3.0,7.1000000000000005,3.0,2.0,H2075
Ibis budget Nice,2024,12,F_B,SANS ALCOOL,21,9.0,18.6,6.0,6.0,H2075
Ibis budget Nice,2024,12,F_B,SANS ALCOOL,22,6.0,14.0,6.0,4.0,H2075
Ibis budget Nice,2024,12,F_B,SANS ALCOOL,23,6.0,12.600000000000001,5.0,4.0,H2075
Ibis budget Nice,2024,12,N_F_B,ACCESSOIRES,17,1.0,13.0,1.0,1.0,H2075
Ibis budget Nice,2025,1,F_B,FOOD SALEE,0,2.0,4.0,2.0,2.0,H2075
Ibis budget Nice,2025,1,F_B,FOOD SALEE,14,1.0,2.5,1.0,1.0,H2075
Ibis budget Nice,2025,1,F_B,FOOD SALEE,18,1.0,2.0,1.0,1.0,H2075
Ibis budget Nice,2025,1,F_B,FOOD SALEE,19,3.0,6.0,1.0,3.0,H2075
Ibis budget Nice,2025,1,F_B,FOOD SALEE,20,2.0,4.0,1.0,2.0,H2075
Ibis budget Nice,2025,1,F_B,FOOD SALEE,21,1.0,2.0,1.0,1.0,H2075
Ibis budget Nice,2025,1,F_B,FOOD SALEE,22,1.0,2.0,1.0,1.0,H2075
Ibis budget Nice,2025,1,F_B,FOOD SALEE,23,3.0,6.0,2.0,2.0,H2075
Ibis budget Nice,2025,1,F_B,FOOD SUCREE,0,4.0,6.0,3.0,3.0,H2075
Ibis budget Nice,2025,1,F_B,FOOD SUCREE,10,1.0,2.0,1.0,1.0,H2075
Ibis budget Nice,2025,1,F_B,FOOD SUCREE,13,1.0,1.5,1.0,1.0,H2075
Ibis budget Nice,2025,1,F_B,FOOD SUCREE,17,1.0,1.5,1.0,1.0,H2075
Ibis budget Nice,2025,1,F_B,FOOD SUCREE,18,2.0,3.0,2.0,1.0,H2075
Ibis budget Nice,2025,1,F_B,FOOD SUCREE,21,2.0,3.0,1.0,1.0,H2075
Ibis budget Nice,2025,1,F_B,FOOD SUCREE,23,4.0,8.0,3.0,4.0,H2075
Ibis budget Nice,2025,1,F_B,SANS ALCOOL,0,8.0,21.0,6.0,7.0,H2075
Ibis budget Nice,2025,1,F_B,SANS ALCOOL,1,6.0,13.5,3.0,3.0,H2075
Ibis budget Nice,2025,1,F_B,SANS ALCOOL,2,2.0,5.4,1.0,2.0,H2075
Ibis budget Nice,2025,1,F_B,SANS ALCOOL,3,1.0,2.7,1.0,1.0,H2075
Ibis budget Nice,2025,1,F_B,SANS ALCOOL,6,1.0,2.2,1.0,1.0,H2075
Ibis budget Nice,2025,1,F_B,SANS ALCOOL,8,2.0,5.0,2.0,2.0,H2075
Ibis budget Nice,2025,1,F_B,SANS ALCOOL,9,2.0,4.4,2.0,1.0,H2075
Ibis budget Nice,2025,1,F_B,SANS ALCOOL,11,2.0,4.9,2.0,2.0,H2075
Ibis budget Nice,2025,1,F_B,SANS ALCOOL,12,12.0,26.5,7.0,7.0,H2075
Ibis budget Nice,2025,1,F_B,SANS ALCOOL,13,4.0,8.9,2.0,4.0,H2075
Ibis budget Nice,2025,1,F_B,SANS ALCOOL,14,5.0,11.9,5.0,5.0,H2075
Ibis budget Nice,2025,1,F_B,SANS ALCOOL,15,5.0,12.600000000000001,4.0,4.0,H2075
Ibis budget Nice,2025,1,F_B,SANS ALCOOL,16,1.0,2.0,1.0,1.0,H2075
Ibis budget Nice,2025,1,F_B,SANS ALCOOL,17,4.0,8.600000000000001,3.0,2.0,H2075
Ibis budget Nice,2025,1,F_B,SANS ALCOOL,18,7.0,16.1,6.0,5.0,H2075
Ibis budget Nice,2025,1,F_B,SANS ALCOOL,19,6.0,15.3,5.0,6.0,H2075
Ibis budget Nice,2025,1,F_B,SANS ALCOOL,20,7.0,16.3,5.0,4.0,H2075
Ibis budget Nice,2025,1,F_B,SANS ALCOOL,21,7.0,14.5,5.0,4.0,H2075
Ibis budget Nice,2025,1,F_B,SANS ALCOOL,22,7.0,15.700000000000001,5.0,3.0,H2075
Ibis budget Nice,2025,1,F_B,SANS ALCOOL,23,22.0,50.6,12.0,8.0,H2075
Ibis budget Nice,2025,1,N_F_B,ACCESSOIRES,10,1.0,10.0,1.0,1.0,H2075
Ibis budget Nice,2025,1,N_F_B,ACCESSOIRES,11,1.0,10.0,1.0,1.0,H2075
Ibis budget Nice,2025,1,N_F_B,SOS,16,1.0,14.0,1.0,1.0,H2075
Ibis budget Nice,2025,2,F_B,FOOD SALEE,0,1.0,2.0,1.0,1.0,H2075
Ibis budget Nice,2025,2,F_B,FOOD SALEE,1,3.0,6.0,1.0,1.0,H2075
Ibis budget Nice,2025,2,F_B,FOOD SALEE,2,1.0,2.0,1.0,1.0,H2075
Ibis budget Nice,2025,2,F_B,FOOD SALEE,21,1.0,2.0,1.0,1.0,H2075
Ibis budget Nice,2025,2,F_B,FOOD SALEE,22,4.0,8.0,2.0,2.0,H2075
Ibis budget Nice,2025,2,F_B,FOOD SUCREE,0,1.0,2.0,1.0,1.0,H2075
Ibis budget Nice,2025,2,F_B,FOOD SUCREE,11,1.0,2.0,1.0,1.0,H2075
Ibis budget Nice,2025,2,F_B,FOOD SUCREE,13,2.0,5.0,1.0,2.0,H2075
Ibis budget Nice,2025,2,F_B,FOOD SUCREE,14,1.0,2.0,1.0,1.0,H2075
Ibis budget Nice,2025,2,F_B,FOOD SUCREE,15,1.0,2.0,1.0,1.0,H2075
Ibis budget Nice,2025,2,F_B,FOOD SUCREE,18,1.0,1.5,1.0,1.0,H2075
Ibis budget Nice,2025,2,F_B,FOOD SUCREE,19,1.0,1.5,1.0,1.0,H2075
Ibis budget Nice,2025,2,F_B,FOOD SUCREE,22,1.0,1.5,1.0,1.0,H2075
Ibis budget Nice,2025,2,F_B,SANS ALCOOL,0,13.0,30.200000000000003,8.0,7.0,H2075
Ibis budget Nice,2025,2,F_B,SANS ALCOOL,1,4.0,10.100000000000001,4.0,2.0,H2075
Ibis budget Nice,2025,2,F_B,SANS ALCOOL,2,1.0,3.0,1.0,1.0,H2075
Ibis budget Nice,2025,2,F_B,SANS ALCOOL,3,3.0,8.100000000000001,2.0,2.0,H2075
Ibis budget Nice,2025,2,F_B,SANS ALCOOL,7,2.0,4.4,2.0,1.0,H2075
Ibis budget Nice,2025,2,F_B,SANS ALCOOL,8,1.0,2.2,1.0,1.0,H2075
Ibis budget Nice,2025,2,F_B,SANS ALCOOL,9,2.0,5.7,1.0,2.0,H2075
Ibis budget Nice,2025,2,F_B,SANS ALCOOL,10,2.0,4.4,2.0,1.0,H2075
Ibis budget Nice,2025,2,F_B,SANS ALCOOL,11,11.0,29.400000000000002,4.0,7.0,H2075
Ibis budget Nice,2025,2,F_B,SANS ALCOOL,13,5.0,12.8,4.0,5.0,H2075
Ibis budget Nice,2025,2,F_B,SANS ALCOOL,14,2.0,4.0,2.0,2.0,H2075
Ibis budget Nice,2025,2,F_B,SANS ALCOOL,15,2.0,5.4,2.0,1.0,H2075
Ibis budget Nice,2025,2,F_B,SANS ALCOOL,16,3.0,6.6000000000000005,2.0,1.0,H2075
Ibis budget Nice,2025,2,F_B,SANS ALCOOL,17,1.0,2.2,1.0,1.0,H2075
Ibis budget Nice,2025,2,F_B,SANS ALCOOL,18,1.0,2.2,1.0,1.0,H2075
Ibis budget Nice,2025,2,F_B,SANS ALCOOL,19,3.0,7.1000000000000005,3.0,2.0,H2075
Ibis budget Nice,2025,2,F_B,SANS ALCOOL,20,4.0,10.100000000000001,4.0,4.0,H2075
Ibis budget Nice,2025,2,F_B,SANS ALCOOL,21,6.0,12.4,4.0,4.0,H2075
Ibis budget Nice,2025,2,F_B,SANS ALCOOL,22,12.0,26.700000000000003,9.0,3.0,H2075
Ibis budget Nice,2025,2,F_B,SANS ALCOOL,23,11.0,27.8,8.0,5.0,H2075
Ibis budget Nice,2025,2,N_F_B,ACCESSOIRES,13,1.0,10.0,1.0,1.0,H2075
Ibis budget Nice,2025,2,N_F_B,PAP,18,1.0,6.0,1.0,1.0,H2075
Ibis budget Nice,2025,3,F_B,FOOD SALEE,0,4.0,8.5,2.0,3.0,H2075
Ibis budget Nice,2025,3,F_B,FOOD SALEE,13,1.0,2.5,1.0,1.0,H2075
Ibis budget Nice,2025,3,F_B,FOOD SALEE,16,1.0,2.0,1.0,1.0,H2075
Ibis budget Nice,2025,3,F_B,FOOD SALEE,17,1.0,2.5,1.0,1.0,H2075
Ibis budget Nice,2025,3,F_B,FOOD SALEE,19,1.0,2.0,1.0,1.0,H2075
Ibis budget Nice,2025,3,F_B,FOOD SALEE,21,1.0,2.0,1.0,1.0,H2075
Ibis budget Nice,2025,3,F_B,FOOD SUCREE,0,3.0,5.1,2.0,2.0,H2075
Ibis budget Nice,2025,3,F_B,FOOD SUCREE,10,3.0,4.5,2.0,2.0,H2075
Ibis budget Nice,2025,3,F_B,FOOD SUCREE,17,6.0,9.3,6.0,2.0,H2075
Ibis budget Nice,2025,3,F_B,FOOD SUCREE,19,4.0,8.4,2.0,3.0,H2075
Ibis budget Nice,2025,3,F_B,FOOD SUCREE,21,3.0,5.6,3.0,3.0,H2075
Ibis budget Nice,2025,3,F_B,FOOD SUCREE,23,4.0,8.1,3.0,4.0,H2075
Ibis budget Nice,2025,3,F_B,SANS ALCOOL,0,15.0,35.2,13.0,9.0,H2075
Ibis budget Nice,2025,3,F_B,SANS ALCOOL,1,3.0,7.9,3.0,3.0,H2075
Ibis budget Nice,2025,3,F_B,SANS ALCOOL,2,6.0,14.3,4.0,4.0,H2075
Ibis budget Nice,2025,3,F_B,SANS ALCOOL,3,1.0,2.2,1.0,1.0,H2075
Ibis budget Nice,2025,3,F_B,SANS ALCOOL,4,1.0,2.2,1.0,1.0,H2075
Ibis budget Nice,2025,3,F_B,SANS ALCOOL,7,4.0,11.4,1.0,2.0,H2075
Ibis budget Nice,2025,3,F_B,SANS ALCOOL,8,1.0,3.0,1.0,1.0,H2075
Ibis budget Nice,2025,3,F_B,SANS ALCOOL,9,8.0,20.700000000000003,8.0,6.0,H2075
Ibis budget Nice,2025,3,F_B,SANS ALCOOL,10,9.0,21.3,8.0,6.0,H2075
Ibis budget Nice,2025,3,F_B,SANS ALCOOL,11,6.0,16.4,6.0,4.0,H2075
Ibis budget Nice,2025,3,F_B,SANS ALCOOL,12,1.0,2.0,1.0,1.0,H2075
Ibis budget Nice,2025,3,F_B,SANS ALCOOL,13,15.0,37.1,14.0,8.0,H2075
Ibis budget Nice,2025,3,F_B,SANS ALCOOL,14,6.0,14.4,6.0,4.0,H2075
Ibis budget Nice,2025,3,F_B,SANS ALCOOL,15,8.0,20.9,4.0,5.0,H2075
Ibis budget Nice,2025,3,F_B,SANS ALCOOL,16,12.0,30.200000000000003,10.0,5.0,H2075
Ibis budget Nice,2025,3,F_B,SANS ALCOOL,17,16.0,41.4,12.0,9.0,H2075
Ibis budget Nice,2025,3,F_B,SANS ALCOOL,18,11.0,33.9,11.0,7.0,H2075
Ibis budget Nice,2025,3,F_B,SANS ALCOOL,19,9.0,21.700000000000003,8.0,6.0,H2075
Ibis budget Nice,2025,3,F_B,SANS ALCOOL,20,22.0,49.0,16.0,8.0,H2075
Ibis budget Nice,2025,3,F_B,SANS ALCOOL,21,16.0,38.0,11.0,10.0,H2075
Ibis budget Nice,2025,3,F_B,SANS ALCOOL,22,22.0,51.400000000000006,16.0,12.0,H2075
Ibis budget Nice,2025,3,F_B,SANS ALCOOL,23,19.0,43.5,15.0,8.0,H2075
Ibis budget Nice,2025,3,N_F_B,#REF!,18,0.0,22.0,2.0,0.0,H2075
Ibis budget Nice,2025,3,N_F_B,ACCESSOIRES,10,1.0,15.0,1.0,1.0,H2075
Ibis budget Nice,2025,3,N_F_B,ACCESSOIRES,23,1.0,10.0,1.0,1.0,H2075
Ibis budget Nice,2025,4,F_B,FOOD SALEE,0,2.0,6.0,2.0,2.0,H2075
Ibis budget Nice,2025,4,F_B,FOOD SALEE,2,2.0,5.0,1.0,1.0,H2075
Ibis budget Nice,2025,4,F_B,FOOD SALEE,4,2.0,4.5,2.0,2.0,H2075
Ibis budget Nice,2025,4,F_B,FOOD SALEE,12,1.0,2.5,1.0,1.0,H2075
Ibis budget Nice,2025,4,F_B,FOOD SALEE,15,1.0,2.5,1.0,1.0,H2075
Ibis budget Nice,2025,4,F_B,FOOD SALEE,16,1.0,4.0,1.0,1.0,H2075
Ibis budget Nice,2025,4,F_B,FOOD SALEE,19,2.0,5.0,2.0,2.0,H2075
Ibis budget Nice,2025,4,F_B,FOOD SALEE,20,4.0,12.0,2.0,3.0,H2075
Ibis budget Nice,2025,4,F_B,FOOD SALEE,22,2.0,8.0,1.0,1.0,H2075
Ibis budget Nice,2025,4,F_B,FOOD SALEE,23,3.0,6.0,2.0,2.0,H2075
Ibis budget Nice,2025,4,F_B,FOOD SUCREE,0,3.0,6.6,3.0,3.0,H2075
Ibis budget Nice,2025,4,F_B,FOOD SUCREE,1,2.0,6.0,2.0,1.0,H2075
Ibis budget Nice,2025,4,F_B,FOOD SUCREE,2,1.0,1.8,1.0,1.0,H2075
Ibis budget Nice,2025,4,F_B,FOOD SUCREE,12,1.0,3.0,1.0,1.0,H2075
Ibis budget Nice,2025,4,F_B,FOOD SUCREE,15,1.0,1.8,1.0,1.0,H2075
Ibis budget Nice,2025,4,F_B,FOOD SUCREE,17,3.0,5.4,3.0,1.0,H2075
Ibis budget Nice,2025,4,F_B,FOOD SUCREE,20,2.0,3.6,1.0,1.0,H2075
Ibis budget Nice,2025,4,F_B,FOOD SUCREE,22,3.0,6.6,3.0,3.0,H2075
Ibis budget Nice,2025,4,F_B,FOOD SUCREE,23,2.0,4.8,1.0,2.0,H2075
Ibis budget Nice,2025,4,F_B,SANS ALCOOL,0,28.0,67.30000000000001,19.0,9.0,H2075
Ibis budget Nice,2025,4,F_B,SANS ALCOOL,1,19.0,44.0,14.0,7.0,H2075
Ibis budget Nice,2025,4,F_B,SANS ALCOOL,2,15.0,33.7,10.0,5.0,H2075
Ibis budget Nice,2025,4,F_B,SANS ALCOOL,3,1.0,2.2,1.0,1.0,H2075
Ibis budget Nice,2025,4,F_B,SANS ALCOOL,4,3.0,8.2,3.0,3.0,H2075
Ibis budget Nice,2025,4,F_B,SANS ALCOOL,9,2.0,4.9,2.0,2.0,H2075
Ibis budget Nice,2025,4,F_B,SANS ALCOOL,10,3.0,8.100000000000001,2.0,3.0,H2075
Ibis budget Nice,2025,4,F_B,SANS ALCOOL,11,2.0,4.9,2.0,2.0,H2075
Ibis budget Nice,2025,4,F_B,SANS ALCOOL,12,7.0,16.200000000000003,6.0,4.0,H2075
Ibis budget Nice,2025,4,F_B,SANS ALCOOL,13,9.0,20.400000000000002,7.0,4.0,H2075
Ibis budget Nice,2025,4,F_B,SANS ALCOOL,14,5.0,13.8,4.0,4.0,H2075
Ibis budget Nice,2025,4,F_B,SANS ALCOOL,15,7.0,17.6,7.0,6.0,H2075
Ibis budget Nice,2025,4,F_B,SANS ALCOOL,16,4.0,9.4,4.0,3.0,H2075
Ibis budget Nice,2025,4,F_B,SANS ALCOOL,17,11.0,26.5,10.0,8.0,H2075
Ibis budget Nice,2025,4,F_B,SANS ALCOOL,18,7.0,17.6,7.0,6.0,H2075
Ibis budget Nice,2025,4,F_B,SANS ALCOOL,19,15.0,33.2,11.0,5.0,H2075
Ibis budget Nice,2025,4,F_B,SANS ALCOOL,20,8.0,19.200000000000003,6.0,4.0,H2075
Ibis budget Nice,2025,4,F_B,SANS ALCOOL,21,5.0,11.600000000000001,3.0,4.0,H2075
Ibis budget Nice,2025,4,F_B,SANS ALCOOL,22,28.0,70.7,19.0,12.0,H2075
Ibis budget Nice,2025,4,F_B,SANS ALCOOL,23,30.0,68.60000000000001,21.0,8.0,H2075
Ibis budget Nice,2025,4,N_F_B,#REF!,12,1.0,12.0,1.0,1.0,H2075
Ibis budget Nice,2025,4,N_F_B,ACCESSOIRES,11,1.0,10.0,1.0,1.0,H2075
Ibis budget Nice,2025,4,N_F_B,ACCESSOIRES,12,3.0,20.0,1.0,2.0,H2075
Ibis budget Nice,2025,4,N_F_B,ACCESSOIRES,13,1.0,12.0,1.0,1.0,H2075
Ibis budget Nice,2025,4,N_F_B,ACCESSOIRES,15,1.0,12.0,1.0,1.0,H2075
Ibis budget Nice,2025,4,N_F_B,ACCESSOIRES,17,1.0,12.0,1.0,1.0,H2075
Ibis budget Nice,2025,4,N_F_B,ACCESSOIRES,19,2.0,40.0,1.0,2.0,H2075
Ibis budget Nice,2025,4,N_F_B,ACCESSOIRES,20,1.0,15.0,1.0,1.0,H2075
Ibis budget Nice,2025,4,N_F_B,ACCESSOIRES,22,1.0,14.0,1.0,1.0,H2075
Ibis budget Nice,2025,4,N_F_B,ACCESSOIRES,23,1.0,9.1,1.0,1.0,H2075
Ibis budget Nice,2025,4,N_F_B,COSMETIQUE,16,1.0,9.0,1.0,1.0,H2075
Ibis budget Nice,2025,4,N_F_B,PAP,10,1.0,10.0,1.0,1.0,H2075
Ibis budget Nice,2025,4,N_F_B,PAP,11,2.0,18.0,1.0,2.0,H2075
Ibis budget Nice,2025,4,N_F_B,PAP,14,1.0,16.0,1.0,1.0,H2075
Ibis budget Nice,2025,4,N_F_B,SOS,13,1.0,14.0,1.0,1.0,H2075
Ibis budget Nice,2025,5,F_B,FOOD SALEE,1,5.0,13.0,3.0,3.0,H2075
Ibis budget Nice,2025,5,F_B,FOOD SALEE,2,3.0,7.5,1.0,2.0,H2075
Ibis budget Nice,2025,5,F_B,FOOD SALEE,3,2.0,4.0,1.0,1.0,H2075
Ibis budget Nice,2025,5,F_B,FOOD SALEE,14,1.0,4.0,1.0,1.0,H2075
Ibis budget Nice,2025,5,F_B,FOOD SALEE,17,1.0,2.5,1.0,1.0,H2075
Ibis budget Nice,2025,5,F_B,FOOD SALEE,18,2.0,4.0,2.0,1.0,H2075
Ibis budget Nice,2025,5,F_B,FOOD SALEE,22,2.0,17.0,1.0,1.0,H2075
Ibis budget Nice,2025,5,F_B,FOOD SALEE,23,5.0,18.5,4.0,3.0,H2075
Ibis budget Nice,2025,5,F_B,SANS ALCOOL,0,23.0,53.6,17.0,10.0,H2075
Ibis budget Nice,2025,5,F_B,SANS ALCOOL,1,40.0,92.9,20.0,10.0,H2075
Ibis budget Nice,2025,5,F_B,SANS ALCOOL,2,17.0,36.900000000000006,10.0,5.0,H2075
Ibis budget Nice,2025,5,F_B,SANS ALCOOL,3,23.0,52.2,11.0,6.0,H2075
Ibis budget Nice,2025,5,F_B,SANS ALCOOL,4,11.0,26.0,4.0,4.0,H2075
Ibis budget Nice,2025,5,F_B,SANS ALCOOL,7,4.0,8.2,2.0,3.0,H2075
Ibis budget Nice,2025,5,F_B,SANS ALCOOL,8,4.0,10.8,3.0,2.0,H2075
Ibis budget Nice,2025,5,F_B,SANS ALCOOL,9,7.0,19.3,5.0,6.0,H2075
Ibis budget Nice,2025,5,F_B,SANS ALCOOL,10,20.0,45.900000000000006,17.0,6.0,H2075
Ibis budget Nice,2025,5,F_B,SANS ALCOOL,11,1.0,3.0,1.0,1.0,H2075
Ibis budget Nice,2025,5,F_B,SANS ALCOOL,12,18.0,41.1,14.0,6.0,H2075
Ibis budget Nice,2025,5,F_B,SANS ALCOOL,13,18.0,43.300000000000004,16.0,7.0,H2075
Ibis budget Nice,2025,5,F_B,SANS ALCOOL,14,8.0,20.400000000000002,7.0,4.0,H2075
Ibis budget Nice,2025,5,F_B,SANS ALCOOL,15,9.0,19.200000000000003,7.0,4.0,H2075
Ibis budget Nice,2025,5,F_B,SANS ALCOOL,16,12.0,28.5,6.0,6.0,H2075
Ibis budget Nice,2025,5,F_B,SANS ALCOOL,17,16.0,37.7,11.0,8.0,H2075
Ibis budget Nice,2025,5,F_B,SANS ALCOOL,18,14.0,39.2,13.0,8.0,H2075
Ibis budget Nice,2025,5,F_B,SANS ALCOOL,19,10.0,26.200000000000003,7.0,6.0,H2075
Ibis budget Nice,2025,5,F_B,SANS ALCOOL,20,9.0,19.6,5.0,4.0,H2075
Ibis budget Nice,2025,5,F_B,SANS ALCOOL,21,13.0,29.8,8.0,7.0,H2075
Ibis budget Nice,2025,5,F_B,SANS ALCOOL,22,22.0,50.7,15.0,6.0,H2075
Ibis budget Nice,2025,5,F_B,SANS ALCOOL,23,51.0,115.2,25.0,9.0,H2075
Ibis budget Nice,2025,5,N_F_B,#REF!,9,2.0,24.0,2.0,2.0,H2075
Ibis budget Nice,2025,5,N_F_B,#REF!,10,1.0,12.0,1.0,1.0,H2075
Ibis budget Nice,2025,5,N_F_B,#REF!,11,1.0,12.0,1.0,1.0,H2075
Ibis budget Nice,2025,5,N_F_B,#REF!,12,2.0,35.0,2.0,2.0,H2075
Ibis budget Nice,2025,5,N_F_B,#REF!,13,1.0,12.0,1.0,1.0,H2075
Ibis budget Nice,2025,5,N_F_B,#REF!,15,1.0,12.0,1.0,1.0,H2075
Ibis budget Nice,2025,5,N_F_B,#REF!,16,1.0,12.0,1.0,1.0,H2075
Ibis budget Nice,2025,5,N_F_B,#REF!,19,2.0,24.0,2.0,2.0,H2075
Ibis budget Nice,2025,5,N_F_B,#REF!,20,1.0,12.0,1.0,1.0,H2075
Ibis budget Nice,2025,5,N_F_B,#REF!,23,1.0,12.0,1.0,1.0,H2075
Ibis budget Nice,2025,5,N_F_B,ACCESSOIRES,11,3.0,42.0,2.0,2.0,H2075
Ibis budget Nice,2025,5,N_F_B,ACCESSOIRES,12,3.0,33.0,3.0,3.0,H2075
Ibis budget Nice,2025,5,N_F_B,ACCESSOIRES,13,3.0,30.0,2.0,3.0,H2075
Ibis budget Nice,2025,5,N_F_B,ACCESSOIRES,14,1.0,11.0,1.0,1.0,H2075
Ibis budget Nice,2025,5,N_F_B,ACCESSOIRES,15,1.0,11.0,1.0,1.0,H2075
Ibis budget Nice,2025,5,N_F_B,ACCESSOIRES,16,2.0,12.0,2.0,1.0,H2075
Ibis budget Nice,2025,5,N_F_B,ACCESSOIRES,17,3.0,27.0,3.0,3.0,H2075
Ibis budget Nice,2025,5,N_F_B,ACCESSOIRES,18,3.0,29.0,2.0,3.0,H2075
Ibis budget Nice,2025,5,N_F_B,ACCESSOIRES,23,1.0,12.0,1.0,1.0,H2075
Ibis budget Nice,2025,5,N_F_B,JEUX / ENFANTS,18,1.0,18.0,1.0,1.0,H2075
Ibis budget Nice,2025,5,N_F_B,PAP,12,3.0,30.0,3.0,2.0,H2075
Ibis budget Nice,2025,5,N_F_B,PAP,13,1.0,10.0,1.0,1.0,H2075
Ibis budget Nice,2025,5,N_F_B,PAP,17,1.0,10.0,1.0,1.0,H2075
Ibis budget Nice,2025,5,N_F_B,SOS,21,1.0,14.0,1.0,1.0,H2075
Ibis budget Nice,2025,6,F_B,FOOD SALEE,0,3.0,6.5,2.0,2.0,H2075
Ibis budget Nice,2025,6,F_B,FOOD SALEE,2,6.0,19.0,4.0,4.0,H2075
Ibis budget Nice,2025,6,F_B,FOOD SALEE,3,4.0,8.5,3.0,2.0,H2075
Ibis budget Nice,2025,6,F_B,FOOD SALEE,4,1.0,2.0,1.0,1.0,H2075
Ibis budget Nice,2025,6,F_B,FOOD SALEE,8,1.0,2.0,1.0,1.0,H2075
Ibis budget Nice,2025,6,F_B,FOOD SALEE,12,1.0,2.5,1.0,1.0,H2075
Ibis budget Nice,2025,6,F_B,FOOD SALEE,16,1.0,2.5,1.0,1.0,H2075
Ibis budget Nice,2025,6,F_B,FOOD SALEE,17,2.0,4.0,2.0,1.0,H2075
Ibis budget Nice,2025,6,F_B,FOOD SALEE,18,1.0,2.0,1.0,1.0,H2075
Ibis budget Nice,2025,6,F_B,FOOD SALEE,21,2.0,5.0,1.0,1.0,H2075
Ibis budget Nice,2025,6,F_B,FOOD SALEE,22,1.0,8.5,1.0,1.0,H2075
Ibis budget Nice,2025,6,F_B,FOOD SALEE,23,2.0,5.0,1.0,1.0,H2075
Ibis budget Nice,2025,6,F_B,SANS ALCOOL,0,55.0,129.6,41.0,14.0,H2075
Ibis budget Nice,2025,6,F_B,SANS ALCOOL,1,25.0,58.900000000000006,17.0,11.0,H2075
Ibis budget Nice,2025,6,F_B,SANS ALCOOL,2,48.0,110.9,20.0,11.0,H2075
Ibis budget Nice,2025,6,F_B,SANS ALCOOL,3,16.0,36.300000000000004,11.0,7.0,H2075
Ibis budget Nice,2025,6,F_B,SANS ALCOOL,4,11.0,25.5,5.0,3.0,H2075
Ibis budget Nice,2025,6,F_B,SANS ALCOOL,6,3.0,8.100000000000001,1.0,1.0,H2075
Ibis budget Nice,2025,6,F_B,SANS ALCOOL,8,2.0,4.2,1.0,2.0,H2075
Ibis budget Nice,2025,6,F_B,SANS ALCOOL,9,3.0,7.4,1.0,2.0,H2075
Ibis budget Nice,2025,6,F_B,SANS ALCOOL,10,7.0,15.700000000000001,6.0,3.0,H2075
Ibis budget Nice,2025,6,F_B,SANS ALCOOL,11,6.0,14.8,4.0,2.0,H2075
Ibis budget Nice,2025,6,F_B,SANS ALCOOL,12,16.0,38.300000000000004,8.0,6.0,H2075
Ibis budget Nice,2025,6,F_B,SANS ALCOOL,13,15.0,35.300000000000004,11.0,7.0,H2075
Ibis budget Nice,2025,6,F_B,SANS ALCOOL,14,14.0,33.400000000000006,11.0,8.0,H2075
Ibis budget Nice,2025,6,F_B,SANS ALCOOL,15,8.0,19.400000000000002,6.0,3.0,H2075
Ibis budget Nice,2025,6,F_B,SANS ALCOOL,16,10.0,22.700000000000003,7.0,5.0,H2075
Ibis budget Nice,2025,6,F_B,SANS ALCOOL,17,16.0,36.2,11.0,7.0,H2075
Ibis budget Nice,2025,6,F_B,SANS ALCOOL,18,16.0,38.3,13.0,7.0,H2075
Ibis budget Nice,2025,6,F_B,SANS ALCOOL,19,13.0,33.2,10.0,7.0,H2075
Ibis budget Nice,2025,6,F_B,SANS ALCOOL,20,13.0,29.6,10.0,8.0,H2075
Ibis budget Nice,2025,6,F_B,SANS ALCOOL,21,23.0,53.0,15.0,9.0,H2075
Ibis budget Nice,2025,6,F_B,SANS ALCOOL,22,27.0,61.400000000000006,13.0,9.0,H2075
Ibis budget Nice,2025,6,F_B,SANS ALCOOL,23,35.0,82.0,20.0,12.0,H2075
Ibis budget Nice,2025,6,N_F_B,#REF!,9,1.0,12.0,1.0,1.0,H2075
Ibis budget Nice,2025,6,N_F_B,#REF!,10,2.0,23.0,2.0,2.0,H2075
Ibis budget Nice,2025,6,N_F_B,#REF!,12,1.0,15.0,1.0,1.0,H2075
Ibis budget Nice,2025,6,N_F_B,#REF!,13,7.0,98.0,5.0,2.0,H2075
Ibis budget Nice,2025,6,N_F_B,#REF!,15,1.0,12.0,1.0,1.0,H2075
Ibis budget Nice,2025,6,N_F_B,#REF!,16,5.0,75.0,4.0,1.0,H2075
Ibis budget Nice,2025,6,N_F_B,#REF!,19,1.0,8.0,1.0,1.0,H2075
Ibis budget Nice,2025,6,N_F_B,#REF!,22,1.0,12.0,1.0,1.0,H2075
Ibis budget Nice,2025,6,N_F_B,#REF!,23,4.0,40.0,3.0,4.0,H2075
Ibis budget Nice,2025,6,N_F_B,ACCESSOIRES,9,1.0,6.0,1.0,1.0,H2075
Ibis budget Nice,2025,6,N_F_B,ACCESSOIRES,10,2.0,18.0,2.0,2.0,H2075
Ibis budget Nice,2025,6,N_F_B,ACCESSOIRES,11,2.0,12.0,2.0,1.0,H2075
Ibis budget Nice,2025,6,N_F_B,ACCESSOIRES,12,3.0,24.0,2.0,3.0,H2075
Ibis budget Nice,2025,6,N_F_B,ACCESSOIRES,13,4.0,23.0,3.0,3.0,H2075
Ibis budget Nice,2025,6,N_F_B,ACCESSOIRES,15,1.0,6.0,1.0,1.0,H2075
Ibis budget Nice,2025,6,N_F_B,ACCESSOIRES,16,2.0,11.0,2.0,2.0,H2075
Ibis budget Nice,2025,6,N_F_B,ACCESSOIRES,17,2.0,24.0,2.0,2.0,H2075
Ibis budget Nice,2025,6,N_F_B,ACCESSOIRES,18,3.0,18.0,1.0,2.0,H2075
Ibis budget Nice,2025,6,N_F_B,ACCESSOIRES,19,2.0,12.0,2.0,2.0,H2075
Ibis budget Nice,2025,6,N_F_B,ACCESSOIRES,20,2.0,18.0,2.0,2.0,H2075
Ibis budget Nice,2025,6,N_F_B,ACCESSOIRES,21,2.0,18.0,2.0,2.0,H2075
Ibis budget Nice,2025,6,N_F_B,ACCESSOIRES,22,3.0,18.0,3.0,3.0,H2075
Ibis budget Nice,2025,6,N_F_B,ACCESSOIRES,23,2.0,12.0,2.0,2.0,H2075
Ibis budget Nice,2025,6,N_F_B,JEUX / ENFANTS,11,1.0,18.0,1.0,1.0,H2075
Ibis budget Nice,2025,6,N_F_B,JEUX / ENFANTS,13,1.0,18.0,1.0,1.0,H2075
Ibis budget Nice,2025,6,N_F_B,PAP,9,1.0,10.0,1.0,1.0,H2075
Ibis budget Nice,2025,6,N_F_B,PAP,10,1.0,10.0,1.0,1.0,H2075
Ibis budget Nice,2025,6,N_F_B,PAP,11,2.0,20.0,2.0,2.0,H2075
Ibis budget Nice,2025,6,N_F_B,PAP,16,1.0,30.0,3.0,2.0,H2075
Ibis budget Nice,2025,6,N_F_B,PAP,18,1.0,10.0,1.0,1.0,H2075
Ibis budget Nice,2025,6,N_F_B,PAP,19,1.0,10.0,1.0,1.0,H2075
Ibis budget Nice,2025,6,N_F_B,PAP,22,2.0,23.0,2.0,2.0,H2075
Ibis budget Nice,2025,6,N_F_B,SOS,18,1.0,8.0,1.0,1.0,H2075
Ibis budget Nice,2025,7,F_B,FOOD SALEE,0,4.0,15.0,4.0,4.0,H2075
Ibis budget Nice,2025,7,F_B,FOOD SALEE,1,2.0,8.0,2.0,2.0,H2075
Ibis budget Nice,2025,7,F_B,FOOD SALEE,2,6.0,17.0,4.0,5.0,H2075
Ibis budget Nice,2025,7,F_B,FOOD SALEE,3,3.0,8.5,2.0,3.0,H2075
Ibis budget Nice,2025,7,F_B,FOOD SALEE,4,1.0,2.5,1.0,1.0,H2075
Ibis budget Nice,2025,7,F_B,FOOD SALEE,5,3.0,7.0,2.0,2.0,H2075
Ibis budget Nice,2025,7,F_B,FOOD SALEE,6,5.0,12.0,3.0,3.0,H2075
Ibis budget Nice,2025,7,F_B,FOOD SALEE,12,2.0,8.0,2.0,2.0,H2075
Ibis budget Nice,2025,7,F_B,FOOD SALEE,14,1.0,2.0,1.0,1.0,H2075
Ibis budget Nice,2025,7,F_B,FOOD SALEE,15,1.0,2.5,1.0,1.0,H2075
Ibis budget Nice,2025,7,F_B,FOOD SALEE,16,1.0,4.0,1.0,1.0,H2075
Ibis budget Nice,2025,7,F_B,FOOD SALEE,17,1.0,2.0,1.0,1.0,H2075
Ibis budget Nice,2025,7,F_B,FOOD SALEE,18,3.0,6.5,2.0,2.0,H2075
Ibis budget Nice,2025,7,F_B,FOOD SALEE,19,2.0,5.0,2.0,1.0,H2075
Ibis budget Nice,2025,7,F_B,FOOD SALEE,20,5.0,13.0,4.0,3.0,H2075
Ibis budget Nice,2025,7,F_B,FOOD SALEE,23,2.0,8.0,2.0,2.0,H2075
Ibis budget Nice,2025,7,F_B,SANS ALCOOL,0,34.0,82.9,24.0,12.0,H2075
Ibis budget Nice,2025,7,F_B,SANS ALCOOL,1,15.0,37.5,14.0,8.0,H2075
Ibis budget Nice,2025,7,F_B,SANS ALCOOL,2,27.0,60.6,17.0,7.0,H2075
Ibis budget Nice,2025,7,F_B,SANS ALCOOL,3,15.0,35.800000000000004,11.0,7.0,H2075
Ibis budget Nice,2025,7,F_B,SANS ALCOOL,4,7.0,17.5,6.0,4.0,H2075
Ibis budget Nice,2025,7,F_B,SANS ALCOOL,5,14.0,33.800000000000004,6.0,5.0,H2075
Ibis budget Nice,2025,7,F_B,SANS ALCOOL,8,1.0,2.2,1.0,1.0,H2075
Ibis budget Nice,2025,7,F_B,SANS ALCOOL,9,4.0,10.9,2.0,3.0,H2075
Ibis budget Nice,2025,7,F_B,SANS ALCOOL,10,10.0,22.8,6.0,3.0,H2075
Ibis budget Nice,2025,7,F_B,SANS ALCOOL,11,5.0,10.9,4.0,4.0,H2075
Ibis budget Nice,2025,7,F_B,SANS ALCOOL,12,11.0,27.6,8.0,8.0,H2075
Ibis budget Nice,2025,7,F_B,SANS ALCOOL,13,21.0,50.1,14.0,8.0,H2075
Ibis budget Nice,2025,7,F_B,SANS ALCOOL,14,14.0,34.300000000000004,13.0,10.0,H2075
Ibis budget Nice,2025,7,F_B,SANS ALCOOL,15,31.0,72.7,16.0,12.0,H2075
Ibis budget Nice,2025,7,F_B,SANS ALCOOL,16,13.0,31.1,9.0,7.0,H2075
Ibis budget Nice,2025,7,F_B,SANS ALCOOL,17,6.0,16.2,5.0,5.0,H2075
Ibis budget Nice,2025,7,F_B,SANS ALCOOL,18,26.0,61.900000000000006,14.0,10.0,H2075
Ibis budget Nice,2025,7,F_B,SANS ALCOOL,19,20.0,47.900000000000006,16.0,13.0,H2075
Ibis budget Nice,2025,7,F_B,SANS ALCOOL,20,22.0,50.2,14.0,7.0,H2075
Ibis budget Nice,2025,7,F_B,SANS ALCOOL,21,12.0,28.6,10.0,7.0,H2075
Ibis budget Nice,2025,7,F_B,SANS ALCOOL,22,18.0,42.1,13.0,10.0,H2075
Ibis budget Nice,2025,7,F_B,SANS ALCOOL,23,17.0,41.0,13.0,9.0,H2075
Ibis budget Nice,2025,7,N_F_B,#REF!,9,2.0,30.0,1.0,1.0,H2075
Ibis budget Nice,2025,7,N_F_B,#REF!,10,1.0,10.0,1.0,1.0,H2075
Ibis budget Nice,2025,7,N_F_B,#REF!,11,3.0,37.0,2.0,3.0,H2075
Ibis budget Nice,2025,7,N_F_B,#REF!,12,5.0,67.0,4.0,3.0,H2075
Ibis budget Nice,2025,7,N_F_B,#REF!,13,2.0,25.0,2.0,2.0,H2075
Ibis budget Nice,2025,7,N_F_B,#REF!,14,1.0,10.0,1.0,1.0,H2075
Ibis budget Nice,2025,7,N_F_B,#REF!,15,1.0,14.0,1.0,1.0,H2075
Ibis budget Nice,2025,7,N_F_B,#REF!,16,7.0,90.0,4.0,5.0,H2075
Ibis budget Nice,2025,7,N_F_B,#REF!,17,3.0,43.0,3.0,2.0,H2075
Ibis budget Nice,2025,7,N_F_B,#REF!,18,5.0,64.0,4.0,4.0,H2075
Ibis budget Nice,2025,7,N_F_B,#REF!,19,1.0,8.0,1.0,1.0,H2075
Ibis budget Nice,2025,7,N_F_B,#REF!,20,1.0,12.0,1.0,1.0,H2075
Ibis budget Nice,2025,7,N_F_B,#REF!,21,1.0,15.0,1.0,1.0,H2075
Ibis budget Nice,2025,7,N_F_B,ACCESSOIRES,10,2.0,17.0,2.0,2.0,H2075
Ibis budget Nice,2025,7,N_F_B,ACCESSOIRES,11,6.0,60.0,5.0,4.0,H2075
Ibis budget Nice,2025,7,N_F_B,ACCESSOIRES,12,3.0,24.0,3.0,2.0,H2075
Ibis budget Nice,2025,7,N_F_B,ACCESSOIRES,13,1.0,6.0,1.0,1.0,H2075
Ibis budget Nice,2025,7,N_F_B,ACCESSOIRES,14,1.0,12.0,1.0,1.0,H2075
Ibis budget Nice,2025,7,N_F_B,ACCESSOIRES,15,1.0,12.0,1.0,1.0,H2075
Ibis budget Nice,2025,7,N_F_B,ACCESSOIRES,17,1.0,6.0,1.0,1.0,H2075
Ibis budget Nice,2025,7,N_F_B,ACCESSOIRES,18,1.0,12.0,1.0,1.0,H2075
Ibis budget Nice,2025,7,N_F_B,ACCESSOIRES,19,3.0,29.0,3.0,3.0,H2075
Ibis budget Nice,2025,7,N_F_B,ACCESSOIRES,20,1.0,6.0,1.0,1.0,H2075
Ibis budget Nice,2025,7,N_F_B,ACCESSOIRES,22,1.0,12.0,1.0,1.0,H2075
Ibis budget Nice,2025,7,N_F_B,ACCESSOIRES,23,1.0,6.0,1.0,1.0,H2075
Ibis budget Nice,2025,7,N_F_B,JEUX / ENFANTS,13,1.0,18.0,1.0,1.0,H2075
Ibis budget Nice,2025,7,N_F_B,JEUX / ENFANTS,22,1.0,18.0,1.0,1.0,H2075
Ibis budget Nice,2025,7,N_F_B,PAP,10,3.0,28.0,3.0,2.0,H2075
Ibis budget Nice,2025,7,N_F_B,PAP,11,1.0,10.0,1.0,1.0,H2075
Ibis budget Nice,2025,7,N_F_B,PAP,18,1.0,10.0,1.0,1.0,H2075
Ibis budget Nice,2025,7,N_F_B,PAP,20,3.0,30.0,3.0,2.0,H2075
Ibis budget Nice,2025,7,N_F_B,PAP,22,1.0,10.0,1.0,1.0,H2075
Ibis budget Nice,2025,8,F_B,FOOD SALEE,1,1.0,2.5,1.0,1.0,H2075
Ibis budget Nice,2025,8,F_B,FOOD SALEE,3,7.0,16.5,4.0,3.0,H2075
Ibis budget Nice,2025,8,F_B,FOOD SALEE,4,1.0,2.5,1.0,1.0,H2075
Ibis budget Nice,2025,8,F_B,FOOD SALEE,12,2.0,5.0,2.0,2.0,H2075
Ibis budget Nice,2025,8,F_B,FOOD SALEE,13,2.0,6.5,2.0,2.0,H2075
Ibis budget Nice,2025,8,F_B,FOOD SALEE,15,1.0,8.5,1.0,1.0,H2075
Ibis budget Nice,2025,8,F_B,FOOD SALEE,17,2.0,10.5,2.0,2.0,H2075
Ibis budget Nice,2025,8,F_B,FOOD SALEE,20,2.0,4.5,2.0,2.0,H2075
Ibis budget Nice,2025,8,F_B,FOOD SALEE,21,4.0,12.0,2.0,3.0,H2075
Ibis budget Nice,2025,8,F_B,FOOD SALEE,22,3.0,12.0,2.0,3.0,H2075
Ibis budget Nice,2025,8,F_B,FOOD SALEE,23,1.0,2.5,1.0,1.0,H2075
Ibis budget Nice,2025,8,F_B,SANS ALCOOL,0,45.0,104.80000000000001,27.0,10.0,H2075
Ibis budget Nice,2025,8,F_B,SANS ALCOOL,1,40.0,92.9,25.0,11.0,H2075
Ibis budget Nice,2025,8,F_B,SANS ALCOOL,2,24.0,54.2,11.0,6.0,H2075
Ibis budget Nice,2025,8,F_B,SANS ALCOOL,3,18.0,46.2,10.0,9.0,H2075
Ibis budget Nice,2025,8,F_B,SANS ALCOOL,4,7.0,16.400000000000002,4.0,3.0,H2075
Ibis budget Nice,2025,8,F_B,SANS ALCOOL,5,8.0,18.900000000000002,5.0,3.0,H2075
Ibis budget Nice,2025,8,F_B,SANS ALCOOL,6,4.0,8.8,1.0,1.0,H2075
Ibis budget Nice,2025,8,F_B,SANS ALCOOL,7,2.0,4.7,1.0,2.0,H2075
Ibis budget Nice,2025,8,F_B,SANS ALCOOL,8,2.0,4.2,2.0,2.0,H2075
Ibis budget Nice,2025,8,F_B,SANS ALCOOL,9,2.0,4.4,2.0,1.0,H2075
Ibis budget Nice,2025,8,F_B,SANS ALCOOL,10,14.0,33.300000000000004,7.0,3.0,H2075
Ibis budget Nice,2025,8,F_B,SANS ALCOOL,11,5.0,12.600000000000001,5.0,4.0,H2075
Ibis budget Nice,2025,8,F_B,SANS ALCOOL,12,7.0,16.8,5.0,4.0,H2075
Ibis budget Nice,2025,8,F_B,SANS ALCOOL,13,19.0,45.0,13.0,9.0,H2075
Ibis budget Nice,2025,8,F_B,SANS ALCOOL,14,9.0,23.3,6.0,7.0,H2075
Ibis budget Nice,2025,8,F_B,SANS ALCOOL,15,16.0,37.0,8.0,10.0,H2075
Ibis budget Nice,2025,8,F_B,SANS ALCOOL,16,19.0,43.300000000000004,14.0,11.0,H2075
Ibis budget Nice,2025,8,F_B,SANS ALCOOL,17,7.0,15.5,4.0,3.0,H2075
Ibis budget Nice,2025,8,F_B,SANS ALCOOL,18,13.0,31.6,8.0,7.0,H2075
Ibis budget Nice,2025,8,F_B,SANS ALCOOL,19,18.0,43.0,14.0,8.0,H2075
Ibis budget Nice,2025,8,F_B,SANS ALCOOL,20,11.0,27.8,9.0,5.0,H2075
Ibis budget Nice,2025,8,F_B,SANS ALCOOL,21,14.0,32.5,9.0,10.0,H2075
Ibis budget Nice,2025,8,F_B,SANS ALCOOL,22,16.0,38.7,12.0,8.0,H2075
Ibis budget Nice,2025,8,F_B,SANS ALCOOL,23,49.0,112.9,29.0,13.0,H2075
Ibis budget Nice,2025,8,N_F_B,#REF!,0,2.0,22.0,2.0,2.0,H2075
Ibis budget Nice,2025,8,N_F_B,#REF!,9,2.0,30.0,1.0,1.0,H2075
Ibis budget Nice,2025,8,N_F_B,#REF!,10,1.0,15.0,1.0,1.0,H2075
Ibis budget Nice,2025,8,N_F_B,#REF!,11,2.0,36.0,4.0,2.0,H2075
Ibis budget Nice,2025,8,N_F_B,#REF!,12,4.0,40.0,3.0,4.0,H2075
Ibis budget Nice,2025,8,N_F_B,#REF!,13,7.0,74.0,7.0,6.0,H2075
Ibis budget Nice,2025,8,N_F_B,#REF!,14,1.0,12.0,1.0,1.0,H2075
Ibis budget Nice,2025,8,N_F_B,#REF!,15,1.0,12.0,1.0,1.0,H2075
Ibis budget Nice,2025,8,N_F_B,#REF!,18,2.0,26.0,2.0,2.0,H2075
Ibis budget Nice,2025,8,N_F_B,#REF!,19,1.0,12.0,1.0,1.0,H2075
Ibis budget Nice,2025,8,N_F_B,#REF!,21,2.0,22.0,2.0,2.0,H2075
Ibis budget Nice,2025,8,N_F_B,#REF!,22,1.0,15.0,1.0,1.0,H2075
Ibis budget Nice,2025,8,N_F_B,#REF!,23,4.0,44.0,3.0,4.0,H2075
Ibis budget Nice,2025,8,N_F_B,ACCESSOIRES,10,1.0,6.0,1.0,1.0,H2075
Ibis budget Nice,2025,8,N_F_B,ACCESSOIRES,11,5.0,36.0,4.0,4.0,H2075
Ibis budget Nice,2025,8,N_F_B,ACCESSOIRES,12,10.0,84.0,9.0,7.0,H2075
Ibis budget Nice,2025,8,N_F_B,ACCESSOIRES,13,9.0,90.0,4.0,5.0,H2075
Ibis budget Nice,2025,8,N_F_B,ACCESSOIRES,14,7.0,59.0,3.0,4.0,H2075
Ibis budget Nice,2025,8,N_F_B,ACCESSOIRES,15,5.0,54.0,5.0,3.0,H2075
Ibis budget Nice,2025,8,N_F_B,ACCESSOIRES,16,1.0,5.0,1.0,1.0,H2075
Ibis budget Nice,2025,8,N_F_B,ACCESSOIRES,17,5.0,54.0,2.0,4.0,H2075
Ibis budget Nice,2025,8,N_F_B,ACCESSOIRES,18,3.0,17.0,2.0,2.0,H2075
Ibis budget Nice,2025,8,N_F_B,ACCESSOIRES,20,2.0,18.0,2.0,2.0,H2075
Ibis budget Nice,2025,8,N_F_B,ACCESSOIRES,21,4.0,24.0,2.0,3.0,H2075
Ibis budget Nice,2025,8,N_F_B,ACCESSOIRES,22,1.0,6.0,1.0,1.0,H2075
Ibis budget Nice,2025,8,N_F_B,JEUX / ENFANTS,13,1.0,18.0,1.0,1.0,H2075
Ibis budget Nice,2025,8,N_F_B,JEUX / ENFANTS,16,1.0,18.0,1.0,1.0,H2075
Ibis budget Nice,2025,9,F_B,FOOD SALEE,0,3.0,8.0,2.0,2.0,H2075
Ibis budget Nice,2025,9,F_B,FOOD SALEE,1,4.0,12.0,2.0,3.0,H2075
Ibis budget Nice,2025,9,F_B,FOOD SALEE,3,5.0,10.5,4.0,3.0,H2075
Ibis budget Nice,2025,9,F_B,FOOD SALEE,4,3.0,8.5,3.0,3.0,H2075
Ibis budget Nice,2025,9,F_B,FOOD SALEE,5,3.0,6.5,2.0,3.0,H2075
Ibis budget Nice,2025,9,F_B,FOOD SALEE,6,1.0,4.0,1.0,1.0,H2075
Ibis budget Nice,2025,9,F_B,FOOD SALEE,13,1.0,2.0,1.0,1.0,H2075
Ibis budget Nice,2025,9,F_B,FOOD SALEE,15,1.0,2.0,1.0,1.0,H2075
Ibis budget Nice,2025,9,F_B,FOOD SALEE,17,1.0,2.5,1.0,1.0,H2075
Ibis budget Nice,2025,9,F_B,FOOD SALEE,19,4.0,15.0,3.0,4.0,H2075
Ibis budget Nice,2025,9,F_B,FOOD SALEE,20,5.0,11.0,5.0,2.0,H2075
Ibis budget Nice,2025,9,F_B,FOOD SALEE,21,1.0,4.0,1.0,1.0,H2075
Ibis budget Nice,2025,9,F_B,FOOD SALEE,22,2.0,6.0,2.0,2.0,H2075
Ibis budget Nice,2025,9,F_B,FOOD SALEE,23,1.0,2.5,1.0,1.0,H2075
Ibis budget Nice,2025,9,F_B,SANS ALCOOL,0,26.0,63.7,19.0,8.0,H2075
Ibis budget Nice,2025,9,F_B,SANS ALCOOL,1,33.0,76.30000000000001,17.0,11.0,H2075
Ibis budget Nice,2025,9,F_B,SANS ALCOOL,2,12.0,27.900000000000002,9.0,3.0,H2075
Ibis budget Nice,2025,9,F_B,SANS ALCOOL,3,5.0,11.8,4.0,4.0,H2075
Ibis budget Nice,2025,9,F_B,SANS ALCOOL,4,5.0,13.0,3.0,4.0,H2075
Ibis budget Nice,2025,9,F_B,SANS ALCOOL,5,2.0,4.4,1.0,1.0,H2075
Ibis budget Nice,2025,9,F_B,SANS ALCOOL,7,2.0,4.7,2.0,2.0,H2075
Ibis budget Nice,2025,9,F_B,SANS ALCOOL,8,2.0,5.7,2.0,2.0,H2075
Ibis budget Nice,2025,9,F_B,SANS ALCOOL,9,6.0,14.5,4.0,3.0,H2075
Ibis budget Nice,2025,9,F_B,SANS ALCOOL,10,8.0,20.1,7.0,4.0,H2075
Ibis budget Nice,2025,9,F_B,SANS ALCOOL,11,11.0,26.700000000000003,5.0,5.0,H2075
Ibis budget Nice,2025,9,F_B,SANS ALCOOL,12,24.0,56.900000000000006,11.0,7.0,H2075
Ibis budget Nice,2025,9,F_B,SANS ALCOOL,13,10.0,21.8,8.0,7.0,H2075
Ibis budget Nice,2025,9,F_B,SANS ALCOOL,14,8.0,21.200000000000003,6.0,7.0,H2075
Ibis budget Nice,2025,9,F_B,SANS ALCOOL,15,20.0,46.6,12.0,8.0,H2075
Ibis budget Nice,2025,9,F_B,SANS ALCOOL,16,6.0,13.100000000000001,4.0,3.0,H2075
Ibis budget Nice,2025,9,F_B,SANS ALCOOL,17,22.0,50.2,15.0,12.0,H2075
Ibis budget Nice,2025,9,F_B,SANS ALCOOL,18,17.0,37.7,12.0,7.0,H2075
Ibis budget Nice,2025,9,F_B,SANS ALCOOL,19,20.0,46.800000000000004,16.0,9.0,H2075
Ibis budget Nice,2025,9,F_B,SANS ALCOOL,20,10.0,25.200000000000003,9.0,7.0,H2075
Ibis budget Nice,2025,9,F_B,SANS ALCOOL,21,16.0,35.4,11.0,7.0,H2075
Ibis budget Nice,2025,9,F_B,SANS ALCOOL,22,15.0,34.5,11.0,8.0,H2075
Ibis budget Nice,2025,9,F_B,SANS ALCOOL,23,34.0,74.9,23.0,9.0,H2075
Ibis budget Nice,2025,9,N_F_B,#REF!,10,2.0,22.0,2.0,2.0,H2075
Ibis budget Nice,2025,9,N_F_B,#REF!,11,5.0,91.0,5.0,4.0,H2075
Ibis budget Nice,2025,9,N_F_B,#REF!,12,2.0,25.0,2.0,2.0,H2075
Ibis budget Nice,2025,9,N_F_B,#REF!,13,4.0,50.0,4.0,3.0,H2075
Ibis budget Nice,2025,9,N_F_B,#REF!,15,2.0,25.0,2.0,2.0,H2075
Ibis budget Nice,2025,9,N_F_B,#REF!,16,2.0,24.0,2.0,1.0,H2075
Ibis budget Nice,2025,9,N_F_B,#REF!,17,4.0,52.0,4.0,3.0,H2075
Ibis budget Nice,2025,9,N_F_B,#REF!,18,4.0,50.0,4.0,3.0,H2075
Ibis budget Nice,2025,9,N_F_B,#REF!,19,1.0,15.0,1.0,1.0,H2075
Ibis budget Nice,2025,9,N_F_B,#REF!,20,3.0,36.0,2.0,3.0,H2075
Ibis budget Nice,2025,9,N_F_B,#REF!,21,1.0,12.0,1.0,1.0,H2075
Ibis budget Nice,2025,9,N_F_B,#REF!,22,2.0,22.0,2.0,2.0,H2075
Ibis budget Nice,2025,9,N_F_B,ACCESSOIRES,9,2.0,24.0,2.0,2.0,H2075
Ibis budget Nice,2025,9,N_F_B,ACCESSOIRES,10,3.0,18.0,3.0,3.0,H2075
Ibis budget Nice,2025,9,N_F_B,ACCESSOIRES,11,2.0,12.0,2.0,2.0,H2075
Ibis budget Nice,2025,9,N_F_B,ACCESSOIRES,12,4.0,30.0,3.0,3.0,H2075
Ibis budget Nice,2025,9,N_F_B,ACCESSOIRES,13,2.0,18.0,2.0,2.0,H2075
Ibis budget Nice,2025,9,N_F_B,ACCESSOIRES,14,2.0,12.0,2.0,2.0,H2075
Ibis budget Nice,2025,9,N_F_B,ACCESSOIRES,15,1.0,6.0,1.0,1.0,H2075
Ibis budget Nice,2025,9,N_F_B,ACCESSOIRES,16,2.0,12.0,2.0,2.0,H2075
Ibis budget Nice,2025,9,N_F_B,ACCESSOIRES,17,4.0,36.0,3.0,4.0,H2075
Ibis budget Nice,2025,9,N_F_B,ACCESSOIRES,18,2.0,12.0,2.0,2.0,H2075
Ibis budget Nice,2025,9,N_F_B,ACCESSOIRES,19,4.0,28.0,4.0,3.0,H2075
Ibis budget Nice,2025,9,N_F_B,ACCESSOIRES,20,1.0,6.0,1.0,1.0,H2075
Ibis budget Nice,2025,9,N_F_B,ACCESSOIRES,21,1.0,6.0,1.0,1.0,H2075
Ibis budget Nice,2025,9,N_F_B,ACCESSOIRES,22,1.0,6.0,1.0,1.0,H2075
Ibis budget Nice,2025,9,N_F_B,ACCESSOIRES,23,1.0,6.0,1.0,1.0,H2075
Ibis budget Nice,2025,9,N_F_B,PAP,16,1.0,13.0,1.0,1.0,H2075
Ibis budget Nice,2025,9,N_F_B,PAP,19,1.0,10.0,1.0,1.0,H2075
Ibis budget Nice,2025,10,F_B,FOOD SALEE,1,4.0,9.0,2.0,4.0,H2075
Ibis budget Nice,2025,10,F_B,FOOD SALEE,2,1.0,8.5,1.0,1.0,H2075
Ibis budget Nice,2025,10,F_B,FOOD SALEE,3,1.0,2.5,1.0,1.0,H2075
Ibis budget Nice,2025,10,F_B,FOOD SALEE,5,1.0,2.5,1.0,1.0,H2075
Ibis budget Nice,2025,10,F_B,FOOD SALEE,12,2.0,5.0,1.0,1.0,H2075
Ibis budget Nice,2025,10,F_B,FOOD SALEE,13,1.0,2.0,1.0,1.0,H2075
Ibis budget Nice,2025,10,F_B,FOOD SALEE,17,1.0,2.5,1.0,1.0,H2075
Ibis budget Nice,2025,10,F_B,FOOD SALEE,18,3.0,6.5,3.0,2.0,H2075
Ibis budget Nice,2025,10,F_B,FOOD SALEE,19,2.0,6.0,2.0,2.0,H2075
Ibis budget Nice,2025,10,F_B,FOOD SALEE,20,2.0,4.0,1.0,1.0,H2075
Ibis budget Nice,2025,10,F_B,FOOD SALEE,21,2.0,4.5,2.0,2.0,H2075
Ibis budget Nice,2025,10,F_B,FOOD SALEE,22,7.0,21.5,7.0,5.0,H2075
Ibis budget Nice,2025,10,F_B,FOOD SALEE,23,5.0,17.0,4.0,3.0,H2075
Ibis budget Nice,2025,10,F_B,SANS ALCOOL,0,31.0,75.2,18.0,13.0,H2075
Ibis budget Nice,2025,10,F_B,SANS ALCOOL,1,22.0,52.300000000000004,13.0,8.0,H2075
Ibis budget Nice,2025,10,F_B,SANS ALCOOL,2,8.0,20.1,7.0,4.0,H2075
Ibis budget Nice,2025,10,F_B,SANS ALCOOL,3,3.0,7.1000000000000005,2.0,2.0,H2075
Ibis budget Nice,2025,10,F_B,SANS ALCOOL,4,2.0,4.0,2.0,1.0,H2075
Ibis budget Nice,2025,10,F_B,SANS ALCOOL,5,1.0,2.7,1.0,1.0,H2075
Ibis budget Nice,2025,10,F_B,SANS ALCOOL,6,1.0,2.7,1.0,1.0,H2075
Ibis budget Nice,2025,10,F_B,SANS ALCOOL,10,8.0,17.400000000000002,6.0,2.0,H2075
Ibis budget Nice,2025,10,F_B,SANS ALCOOL,11,15.0,37.6,11.0,8.0,H2075
Ibis budget Nice,2025,10,F_B,SANS ALCOOL,12,13.0,28.700000000000003,6.0,5.0,H2075
Ibis budget Nice,2025,10,F_B,SANS ALCOOL,13,7.0,15.8,6.0,4.0,H2075
Ibis budget Nice,2025,10,F_B,SANS ALCOOL,14,5.0,12.100000000000001,3.0,4.0,H2075
Ibis budget Nice,2025,10,F_B,SANS ALCOOL,15,7.0,15.9,4.0,5.0,H2075
Ibis budget Nice,2025,10,F_B,SANS ALCOOL,16,11.0,27.0,5.0,5.0,H2075
Ibis budget Nice,2025,10,F_B,SANS ALCOOL,17,8.0,17.5,5.0,4.0,H2075
Ibis budget Nice,2025,10,F_B,SANS ALCOOL,18,11.0,26.700000000000003,7.0,7.0,H2075
Ibis budget Nice,2025,10,F_B,SANS ALCOOL,19,17.0,41.7,11.0,9.0,H2075
Ibis budget Nice,2025,10,F_B,SANS ALCOOL,20,18.0,44.6,16.0,12.0,H2075
Ibis budget Nice,2025,10,F_B,SANS ALCOOL,21,9.0,20.400000000000002,8.0,5.0,H2075
Ibis budget Nice,2025,10,F_B,SANS ALCOOL,22,27.0,66.3,19.0,12.0,H2075
Ibis budget Nice,2025,10,F_B,SANS ALCOOL,23,29.0,67.7,17.0,9.0,H2075
Ibis budget Nice,2025,10,N_F_B,#REF!,0,1.0,10.0,1.0,1.0,H2075
Ibis budget Nice,2025,10,N_F_B,#REF!,9,1.0,8.0,1.0,1.0,H2075
Ibis budget Nice,2025,10,N_F_B,#REF!,12,1.0,10.0,1.0,1.0,H2075
Ibis budget Nice,2025,10,N_F_B,#REF!,13,3.0,34.0,2.0,2.0,H2075
Ibis budget Nice,2025,10,N_F_B,#REF!,14,1.0,10.0,1.0,1.0,H2075
Ibis budget Nice,2025,10,N_F_B,#REF!,15,3.0,32.0,3.0,2.0,H2075
Ibis budget Nice,2025,10,N_F_B,#REF!,16,1.0,12.0,1.0,1.0,H2075
Ibis budget Nice,2025,10,N_F_B,ACCESSOIRES,0,1.0,12.0,1.0,1.0,H2075
Ibis budget Nice,2025,10,N_F_B,ACCESSOIRES,1,2.0,12.0,1.0,1.0,H2075
Ibis budget Nice,2025,10,N_F_B,ACCESSOIRES,11,1.0,12.0,1.0,1.0,H2075
Ibis budget Nice,2025,10,N_F_B,ACCESSOIRES,12,2.0,12.0,1.0,2.0,H2075
Ibis budget Nice,2025,10,N_F_B,ACCESSOIRES,15,4.0,24.0,3.0,3.0,H2075
Ibis budget Nice,2025,10,N_F_B,ACCESSOIRES,16,1.0,12.0,1.0,1.0,H2075
Ibis budget Nice,2025,10,N_F_B,ACCESSOIRES,17,3.0,29.0,3.0,3.0,H2075
Ibis budget Nice,2025,10,N_F_B,ACCESSOIRES,19,1.0,12.0,1.0,1.0,H2075
Ibis budget Nice,2025,10,N_F_B,ACCESSOIRES,20,2.0,12.0,1.0,2.0,H2075
Ibis budget Nice,2025,10,N_F_B,ACCESSOIRES,21,3.0,18.0,3.0,3.0,H2075
Ibis budget Nice,2025,10,N_F_B,PAP,16,1.0,10.0,1.0,1.0,H2075
Ibis budget Nice,2025,10,N_F_B,PAP,17,1.0,10.0,1.0,1.0,H2075
Ibis budget Nice,2025,10,N_F_B,PAP,18,1.0,10.0,1.0,1.0,H2075
Ibis budget Nice,2025,11,F_B,FOOD SALEE,0,3.0,6.5,3.0,2.0,H2075
Ibis budget Nice,2025,11,F_B,FOOD SALEE,1,1.0,4.0,1.0,1.0,H2075
Ibis budget Nice,2025,11,F_B,FOOD SALEE,2,1.0,2.0,1.0,1.0,H2075
Ibis budget Nice,2025,11,F_B,FOOD SALEE,3,3.0,6.5,1.0,2.0,H2075
Ibis budget Nice,2025,11,F_B,FOOD SALEE,4,2.0,6.0,1.0,2.0,H2075
Ibis budget Nice,2025,11,F_B,FOOD SALEE,11,1.0,4.0,1.0,1.0,H2075
Ibis budget Nice,2025,11,F_B,FOOD SALEE,16,1.0,2.5,1.0,1.0,H2075
Ibis budget Nice,2025,11,F_B,FOOD SALEE,20,4.0,10.5,4.0,3.0,H2075
Ibis budget Nice,2025,11,F_B,FOOD SALEE,23,1.0,4.0,1.0,1.0,H2075
Ibis budget Nice,2025,11,F_B,SANS ALCOOL,0,9.0,21.3,4.0,7.0,H2075
Ibis budget Nice,2025,11,F_B,SANS ALCOOL,1,6.0,12.9,3.0,5.0,H2075
Ibis budget Nice,2025,11,F_B,SANS ALCOOL,2,5.0,12.0,2.0,3.0,H2075
Ibis budget Nice,2025,11,F_B,SANS ALCOOL,3,1.0,2.7,1.0,1.0,H2075
Ibis budget Nice,2025,11,F_B,SANS ALCOOL,4,3.0,8.100000000000001,1.0,3.0,H2075
Ibis budget Nice,2025,11,F_B,SANS ALCOOL,6,1.0,2.7,1.0,1.0,H2075
Ibis budget Nice,2025,11,F_B,SANS ALCOOL,7,3.0,6.2,2.0,2.0,H2075
Ibis budget Nice,2025,11,F_B,SANS ALCOOL,9,11.0,26.1,7.0,6.0,H2075
Ibis budget Nice,2025,11,F_B,SANS ALCOOL,10,5.0,12.9,4.0,5.0,H2075
Ibis budget Nice,2025,11,F_B,SANS ALCOOL,11,9.0,20.5,8.0,7.0,H2075
Ibis budget Nice,2025,11,F_B,SANS ALCOOL,12,5.0,12.100000000000001,4.0,4.0,H2075
Ibis budget Nice,2025,11,F_B,SANS ALCOOL,13,3.0,7.9,3.0,3.0,H2075
Ibis budget Nice,2025,11,F_B,SANS ALCOOL,14,5.0,11.9,4.0,5.0,H2075
Ibis budget Nice,2025,11,F_B,SANS ALCOOL,15,4.0,8.600000000000001,2.0,2.0,H2075
Ibis budget Nice,2025,11,F_B,SANS ALCOOL,16,11.0,25.3,9.0,8.0,H2075
Ibis budget Nice,2025,11,F_B,SANS ALCOOL,17,9.0,20.400000000000002,6.0,5.0,H2075
Ibis budget Nice,2025,11,F_B,SANS ALCOOL,18,5.0,11.600000000000001,4.0,4.0,H2075
Ibis budget Nice,2025,11,F_B,SANS ALCOOL,19,12.0,28.3,7.0,8.0,H2075
Ibis budget Nice,2025,11,F_B,SANS ALCOOL,20,14.0,32.300000000000004,10.0,7.0,H2075
Ibis budget Nice,2025,11,F_B,SANS ALCOOL,21,9.0,19.8,8.0,5.0,H2075
Ibis budget Nice,2025,11,F_B,SANS ALCOOL,22,24.0,54.800000000000004,14.0,6.0,H2075
Ibis budget Nice,2025,11,F_B,SANS ALCOOL,23,19.0,44.7,14.0,8.0,H2075
Ibis budget Nice,2025,11,NAN,nan,15,1.0,2.0,1.0,1.0,H2075
Ibis budget Nice,2025,11,NAN,nan,18,2.0,4.0,1.0,1.0,H2075
Ibis budget Nice,2025,11,N_F_B,#REF!,9,1.0,12.0,1.0,1.0,H2075
Ibis budget Nice,2025,11,N_F_B,#REF!,11,1.0,12.0,1.0,1.0,H2075
Ibis budget Nice,2025,11,N_F_B,#REF!,13,1.0,12.0,1.0,1.0,H2075
Ibis budget Nice,2025,11,N_F_B,#REF!,14,1.0,12.0,1.0,1.0,H2075
Ibis budget Nice,2025,11,N_F_B,#REF!,18,1.0,12.0,1.0,1.0,H2075
Ibis budget Nice,2025,11,N_F_B,#REF!,22,1.0,12.0,1.0,1.0,H2075
Ibis budget Nice,2025,11,N_F_B,#REF!,23,1.0,12.0,1.0,1.0,H2075
Ibis budget Nice,2025,11,N_F_B,ACCESSOIRES,13,1.0,6.0,1.0,1.0,H2075
Ibis budget Nice,2025,11,N_F_B,ACCESSOIRES,20,1.0,6.0,1.0,1.0,H2075
Ibis budget Nice,2025,12,F_B,FOOD SALEE,0,1.0,4.0,1.0,1.0,H2075
Ibis budget Nice,2025,12,F_B,FOOD SALEE,14,1.0,2.5,1.0,1.0,H2075
Ibis budget Nice,2025,12,F_B,FOOD SALEE,19,1.0,2.5,1.0,1.0,H2075
Ibis budget Nice,2025,12,F_B,FOOD SALEE,20,3.0,7.0,2.0,2.0,H2075
Ibis budget Nice,2025,12,F_B,FOOD SALEE,21,1.0,2.0,1.0,1.0,H2075
Ibis budget Nice,2025,12,F_B,FOOD SALEE,22,1.0,4.0,1.0,1.0,H2075
Ibis budget Nice,2025,12,F_B,SANS ALCOOL,0,1.0,2.2,1.0,1.0,H2075
Ibis budget Nice,2025,12,F_B,SANS ALCOOL,1,3.0,8.100000000000001,3.0,1.0,H2075
Ibis budget Nice,2025,12,F_B,SANS ALCOOL,2,3.0,6.6000000000000005,1.0,1.0,H2075
Ibis budget Nice,2025,12,F_B,SANS ALCOOL,3,2.0,4.7,1.0,2.0,H2075
Ibis budget Nice,2025,12,F_B,SANS ALCOOL,4,3.0,7.6000000000000005,2.0,2.0,H2075
Ibis budget Nice,2025,12,F_B,SANS ALCOOL,7,1.0,3.5,1.0,1.0,H2075
Ibis budget Nice,2025,12,F_B,SANS ALCOOL,8,5.0,12.600000000000001,3.0,2.0,H2075
Ibis budget Nice,2025,12,F_B,SANS ALCOOL,9,5.0,13.0,3.0,3.0,H2075
Ibis budget Nice,2025,12,F_B,SANS ALCOOL,10,4.0,9.8,2.0,2.0,H2075
Ibis budget Nice,2025,12,F_B,SANS ALCOOL,11,2.0,4.9,2.0,2.0,H2075
Ibis budget Nice,2025,12,F_B,SANS ALCOOL,12,4.0,9.100000000000001,4.0,2.0,H2075
Ibis budget Nice,2025,12,F_B,SANS ALCOOL,13,7.0,17.700000000000003,4.0,6.0,H2075
Ibis budget Nice,2025,12,F_B,SANS ALCOOL,14,7.0,17.5,5.0,4.0,H2075
Ibis budget Nice,2025,12,F_B,SANS ALCOOL,15,1.0,2.2,1.0,1.0,H2075
Ibis budget Nice,2025,12,F_B,SANS ALCOOL,16,8.0,17.6,4.0,1.0,H2075
Ibis budget Nice,2025,12,F_B,SANS ALCOOL,17,2.0,4.0,1.0,2.0,H2075
Ibis budget Nice,2025,12,F_B,SANS ALCOOL,18,10.0,25.6,5.0,5.0,H2075
Ibis budget Nice,2025,12,F_B,SANS ALCOOL,19,3.0,7.4,2.0,3.0,H2075
Ibis budget Nice,2025,12,F_B,SANS ALCOOL,20,9.0,23.3,7.0,5.0,H2075
Ibis budget Nice,2025,12,F_B,SANS ALCOOL,21,10.0,25.0,7.0,7.0,H2075
Ibis budget Nice,2025,12,F_B,SANS ALCOOL,22,13.0,29.200000000000003,10.0,4.0,H2075
Ibis budget Nice,2025,12,F_B,SANS ALCOOL,23,26.0,60.300000000000004,13.0,7.0,H2075
Ibis budget Nice,2025,12,NAN,nan,0,1.0,2.0,1.0,1.0,H2075
Ibis budget Nice,2025,12,NAN,nan,10,1.0,16.0,1.0,1.0,H2075
Ibis budget Nice,2025,12,NAN,nan,12,2.0,12.0,2.0,2.0,H2075
Ibis budget Nice,2025,12,NAN,nan,13,1.0,2.0,1.0,1.0,H2075
Ibis budget Nice,2025,12,NAN,nan,15,2.0,4.0,2.0,1.0,H2075
Ibis budget Nice,2025,12,NAN,nan,16,2.0,4.0,2.0,1.0,H2075
Ibis budget Nice,2025,12,NAN,nan,18,1.0,2.0,1.0,1.0,H2075
Ibis budget Nice,2025,12,NAN,nan,19,3.0,6.0,2.0,1.0,H2075
Ibis budget Nice,2025,12,NAN,nan,20,4.0,8.0,4.0,1.0,H2075
Ibis budget Nice,2025,12,NAN,nan,22,1.0,2.0,1.0,1.0,H2075
Ibis budget Nice,2025,12,N_F_B,#REF!,9,1.0,10.0,1.0,1.0,H2075
Ibis budget Nice,2025,12,N_F_B,#REF!,10,1.0,12.0,1.0,1.0,H2075
Ibis budget Nice,2025,12,N_F_B,#REF!,14,1.0,10.0,1.0,1.0,H2075
Ibis budget Nice,2025,12,N_F_B,ACCESSOIRES,21,1.0,6.0,1.0,1.0,H2075
Ibis budget Nice,2025,12,N_F_B,ACCESSOIRES,22,2.0,18.0,2.0,2.0,H2075
Ibis budget Nice,2025,12,N_F_B,PAP,9,1.0,16.0,1.0,1.0,H2075
Ibis budget Nice,2025,12,N_F_B,SOS,19,1.0,4.0,1.0,1.0,H2075
Ibis budget Strasbourg Centre République,2024,10,F_B,FOOD SALEE,0,1.0,2.5,1.0,1.0,HB6A3
Ibis budget Strasbourg Centre République,2024,10,F_B,FOOD SALEE,1,3.0,62.5,2.0,2.0,HB6A3
Ibis budget Strasbourg Centre République,2024,10,F_B,FOOD SALEE,12,1.0,15.0,1.0,1.0,HB6A3
Ibis budget Strasbourg Centre République,2024,10,F_B,FOOD SALEE,16,1.0,2.5,1.0,1.0,HB6A3
Ibis budget Strasbourg Centre République,2024,10,F_B,FOOD SALEE,19,3.0,20.0,3.0,2.0,HB6A3
Ibis budget Strasbourg Centre République,2024,10,F_B,FOOD SALEE,20,1.0,15.0,1.0,1.0,HB6A3
Ibis budget Strasbourg Centre République,2024,10,F_B,FOOD SALEE,22,4.0,22.5,3.0,4.0,HB6A3
Ibis budget Strasbourg Centre République,2024,10,F_B,FOOD SALEE,23,1.0,2.5,1.0,1.0,HB6A3
Ibis budget Strasbourg Centre République,2024,10,F_B,FOOD SUCREE,1,8.0,45.5,2.0,4.0,HB6A3
Ibis budget Strasbourg Centre République,2024,10,F_B,FOOD SUCREE,2,2.0,10.0,1.0,1.0,HB6A3
Ibis budget Strasbourg Centre République,2024,10,F_B,FOOD SUCREE,3,1.0,2.5,1.0,1.0,HB6A3
Ibis budget Strasbourg Centre République,2024,10,F_B,FOOD SUCREE,5,1.0,2.5,1.0,1.0,HB6A3
Ibis budget Strasbourg Centre République,2024,10,F_B,FOOD SUCREE,15,1.0,2.5,1.0,1.0,HB6A3
Ibis budget Strasbourg Centre République,2024,10,F_B,FOOD SUCREE,16,3.0,7.5,2.0,2.0,HB6A3
Ibis budget Strasbourg Centre République,2024,10,F_B,FOOD SUCREE,18,2.0,5.0,2.0,2.0,HB6A3
Ibis budget Strasbourg Centre République,2024,10,F_B,FOOD SUCREE,19,4.0,10.0,4.0,3.0,HB6A3
Ibis budget Strasbourg Centre République,2024,10,F_B,FOOD SUCREE,20,3.0,7.5,2.0,3.0,HB6A3
Ibis budget Strasbourg Centre République,2024,10,F_B,FOOD SUCREE,21,9.0,28.0,6.0,5.0,HB6A3
Ibis budget Strasbourg Centre République,2024,10,F_B,FOOD SUCREE,22,1.0,2.5,1.0,1.0,HB6A3
Ibis budget Strasbourg Centre République,2024,10,F_B,FOOD SUCREE,23,4.0,15.0,3.0,3.0,HB6A3
Ibis budget Strasbourg Centre République,2024,10,F_B,SANS ALCOOL,0,10.0,35.5,6.0,3.0,HB6A3
Ibis budget Strasbourg Centre République,2024,10,F_B,SANS ALCOOL,1,1.0,2.5,1.0,1.0,HB6A3
Ibis budget Strasbourg Centre République,2024,10,F_B,SANS ALCOOL,2,6.0,31.5,3.0,3.0,HB6A3
Ibis budget Strasbourg Centre République,2024,10,F_B,SANS ALCOOL,3,3.0,8.0,3.0,3.0,HB6A3
Ibis budget Strasbourg Centre République,2024,10,F_B,SANS ALCOOL,4,2.0,5.5,2.0,2.0,HB6A3
Ibis budget Strasbourg Centre République,2024,10,F_B,SANS ALCOOL,5,2.0,6.0,2.0,1.0,HB6A3
Ibis budget Strasbourg Centre République,2024,10,F_B,SANS ALCOOL,8,1.0,3.0,1.0,1.0,HB6A3
Ibis budget Strasbourg Centre République,2024,10,F_B,SANS ALCOOL,9,2.0,5.0,2.0,2.0,HB6A3
Ibis budget Strasbourg Centre République,2024,10,F_B,SANS ALCOOL,10,1.0,3.0,1.0,1.0,HB6A3
Ibis budget Strasbourg Centre République,2024,10,F_B,SANS ALCOOL,11,2.0,5.0,2.0,2.0,HB6A3
Ibis budget Strasbourg Centre République,2024,10,F_B,SANS ALCOOL,13,1.0,3.0,1.0,1.0,HB6A3
Ibis budget Strasbourg Centre République,2024,10,F_B,SANS ALCOOL,15,5.0,20.5,3.0,4.0,HB6A3
Ibis budget Strasbourg Centre République,2024,10,F_B,SANS ALCOOL,16,4.0,16.0,3.0,3.0,HB6A3
Ibis budget Strasbourg Centre République,2024,10,F_B,SANS ALCOOL,17,6.0,20.5,5.0,5.0,HB6A3
Ibis budget Strasbourg Centre République,2024,10,F_B,SANS ALCOOL,18,6.0,23.0,5.0,3.0,HB6A3
Ibis budget Strasbourg Centre République,2024,10,F_B,SANS ALCOOL,19,5.0,14.0,5.0,3.0,HB6A3
Ibis budget Strasbourg Centre République,2024,10,F_B,SANS ALCOOL,20,15.0,54.0,9.0,6.0,HB6A3
Ibis budget Strasbourg Centre République,2024,10,F_B,SANS ALCOOL,21,12.0,45.5,9.0,4.0,HB6A3
Ibis budget Strasbourg Centre République,2024,10,F_B,SANS ALCOOL,22,6.0,17.5,4.0,5.0,HB6A3
Ibis budget Strasbourg Centre République,2024,10,F_B,SANS ALCOOL,23,7.0,18.5,6.0,4.0,HB6A3
Ibis budget Strasbourg Centre République,2024,11,F_B,FOOD SALEE,0,2.0,17.5,2.0,2.0,HB6A3
Ibis budget Strasbourg Centre République,2024,11,F_B,FOOD SALEE,1,2.0,10.0,1.0,1.0,HB6A3
Ibis budget Strasbourg Centre République,2024,11,F_B,FOOD SALEE,2,1.0,15.0,1.0,1.0,HB6A3
Ibis budget Strasbourg Centre République,2024,11,F_B,FOOD SALEE,13,1.0,15.0,1.0,1.0,HB6A3
Ibis budget Strasbourg Centre République,2024,11,F_B,FOOD SALEE,17,5.0,37.5,4.0,3.0,HB6A3
Ibis budget Strasbourg Centre République,2024,11,F_B,FOOD SALEE,18,1.0,15.0,1.0,1.0,HB6A3
Ibis budget Strasbourg Centre République,2024,11,F_B,FOOD SALEE,19,3.0,32.5,3.0,2.0,HB6A3
Ibis budget Strasbourg Centre République,2024,11,F_B,FOOD SALEE,20,4.0,47.5,3.0,2.0,HB6A3
Ibis budget Strasbourg Centre République,2024,11,F_B,FOOD SALEE,21,5.0,42.5,4.0,2.0,HB6A3
Ibis budget Strasbourg Centre République,2024,11,F_B,FOOD SALEE,22,1.0,15.0,1.0,1.0,HB6A3
Ibis budget Strasbourg Centre République,2024,11,F_B,FOOD SALEE,23,2.0,17.5,2.0,2.0,HB6A3
Ibis budget Strasbourg Centre République,2024,11,F_B,FOOD SUCREE,0,2.0,10.0,2.0,1.0,HB6A3
Ibis budget Strasbourg Centre République,2024,11,F_B,FOOD SUCREE,1,4.0,10.0,2.0,3.0,HB6A3
Ibis budget Strasbourg Centre République,2024,11,F_B,FOOD SUCREE,2,4.0,10.5,3.0,4.0,HB6A3
Ibis budget Strasbourg Centre République,2024,11,F_B,FOOD SUCREE,7,2.0,5.0,2.0,1.0,HB6A3
Ibis budget Strasbourg Centre République,2024,11,F_B,FOOD SUCREE,8,1.0,2.5,1.0,1.0,HB6A3
Ibis budget Strasbourg Centre République,2024,11,F_B,FOOD SUCREE,10,3.0,8.0,2.0,3.0,HB6A3
Ibis budget Strasbourg Centre République,2024,11,F_B,FOOD SUCREE,11,4.0,15.5,2.0,3.0,HB6A3
Ibis budget Strasbourg Centre République,2024,11,F_B,FOOD SUCREE,13,2.0,5.5,1.0,2.0,HB6A3
Ibis budget Strasbourg Centre République,2024,11,F_B,FOOD SUCREE,16,1.0,2.5,1.0,1.0,HB6A3
Ibis budget Strasbourg Centre République,2024,11,F_B,FOOD SUCREE,17,2.0,7.5,2.0,2.0,HB6A3
Ibis budget Strasbourg Centre République,2024,11,F_B,FOOD SUCREE,18,1.0,2.5,1.0,1.0,HB6A3
Ibis budget Strasbourg Centre République,2024,11,F_B,FOOD SUCREE,19,8.0,23.0,8.0,7.0,HB6A3
Ibis budget Strasbourg Centre République,2024,11,F_B,FOOD SUCREE,20,9.0,30.5,8.0,4.0,HB6A3
Ibis budget Strasbourg Centre République,2024,11,F_B,FOOD SUCREE,21,19.0,58.5,15.0,9.0,HB6A3
Ibis budget Strasbourg Centre République,2024,11,F_B,FOOD SUCREE,22,13.0,33.5,8.0,7.0,HB6A3
Ibis budget Strasbourg Centre République,2024,11,F_B,FOOD SUCREE,23,16.0,49.0,15.0,8.0,HB6A3
Ibis budget Strasbourg Centre République,2024,11,F_B,SANS ALCOOL,0,6.0,20.5,5.0,3.0,HB6A3
Ibis budget Strasbourg Centre République,2024,11,F_B,SANS ALCOOL,1,4.0,10.0,4.0,4.0,HB6A3
Ibis budget Strasbourg Centre République,2024,11,F_B,SANS ALCOOL,2,4.0,10.5,4.0,2.0,HB6A3
Ibis budget Strasbourg Centre République,2024,11,F_B,SANS ALCOOL,3,1.0,3.0,1.0,1.0,HB6A3
Ibis budget Strasbourg Centre République,2024,11,F_B,SANS ALCOOL,4,1.0,2.5,1.0,1.0,HB6A3
Ibis budget Strasbourg Centre République,2024,11,F_B,SANS ALCOOL,5,2.0,6.0,1.0,2.0,HB6A3
Ibis budget Strasbourg Centre République,2024,11,F_B,SANS ALCOOL,8,1.0,2.5,1.0,1.0,HB6A3
Ibis budget Strasbourg Centre République,2024,11,F_B,SANS ALCOOL,10,2.0,5.0,2.0,2.0,HB6A3
Ibis budget Strasbourg Centre République,2024,11,F_B,SANS ALCOOL,11,8.0,29.0,5.0,6.0,HB6A3
Ibis budget Strasbourg Centre République,2024,11,F_B,SANS ALCOOL,13,1.0,2.5,1.0,1.0,HB6A3
Ibis budget Strasbourg Centre République,2024,11,F_B,SANS ALCOOL,14,1.0,2.5,1.0,1.0,HB6A3
Ibis budget Strasbourg Centre République,2024,11,F_B,SANS ALCOOL,16,3.0,7.5,3.0,3.0,HB6A3
Ibis budget Strasbourg Centre République,2024,11,F_B,SANS ALCOOL,17,3.0,8.0,3.0,3.0,HB6A3
Ibis budget Strasbourg Centre République,2024,11,F_B,SANS ALCOOL,18,5.0,12.5,5.0,5.0,HB6A3
Ibis budget Strasbourg Centre République,2024,11,F_B,SANS ALCOOL,19,9.0,23.5,9.0,5.0,HB6A3
Ibis budget Strasbourg Centre République,2024,11,F_B,SANS ALCOOL,20,15.0,44.0,11.0,7.0,HB6A3
Ibis budget Strasbourg Centre République,2024,11,F_B,SANS ALCOOL,21,18.0,46.0,17.0,7.0,HB6A3
Ibis budget Strasbourg Centre République,2024,11,F_B,SANS ALCOOL,22,23.0,88.5,17.0,7.0,HB6A3
Ibis budget Strasbourg Centre République,2024,11,F_B,SANS ALCOOL,23,27.0,80.5,23.0,7.0,HB6A3
Ibis budget Strasbourg Centre République,2024,12,F_B,FOOD SALEE,0,1.0,2.5,1.0,1.0,HB6A3
Ibis budget Strasbourg Centre République,2024,12,F_B,FOOD SALEE,1,1.0,2.5,1.0,1.0,HB6A3
Ibis budget Strasbourg Centre République,2024,12,F_B,FOOD SALEE,2,1.0,2.5,1.0,1.0,HB6A3
Ibis budget Strasbourg Centre République,2024,12,F_B,FOOD SALEE,3,1.0,2.5,1.0,1.0,HB6A3
Ibis budget Strasbourg Centre République,2024,12,F_B,FOOD SALEE,11,1.0,2.5,1.0,1.0,HB6A3
Ibis budget Strasbourg Centre République,2024,12,F_B,FOOD SALEE,15,3.0,7.5,3.0,2.0,HB6A3
Ibis budget Strasbourg Centre République,2024,12,F_B,FOOD SALEE,16,4.0,10.0,4.0,2.0,HB6A3
Ibis budget Strasbourg Centre République,2024,12,F_B,FOOD SALEE,17,1.0,2.5,1.0,1.0,HB6A3
Ibis budget Strasbourg Centre République,2024,12,F_B,FOOD SALEE,18,2.0,17.5,2.0,2.0,HB6A3
Ibis budget Strasbourg Centre République,2024,12,F_B,FOOD SALEE,19,5.0,12.5,5.0,2.0,HB6A3
Ibis budget Strasbourg Centre République,2024,12,F_B,FOOD SALEE,20,3.0,7.5,2.0,2.0,HB6A3
Ibis budget Strasbourg Centre République,2024,12,F_B,FOOD SALEE,21,3.0,7.5,3.0,2.0,HB6A3
Ibis budget Strasbourg Centre République,2024,12,F_B,FOOD SALEE,22,4.0,15.0,3.0,1.0,HB6A3
Ibis budget Strasbourg Centre République,2024,12,F_B,FOOD SALEE,23,1.0,2.5,1.0,1.0,HB6A3
Ibis budget Strasbourg Centre République,2024,12,F_B,FOOD SUCREE,0,3.0,12.5,1.0,2.0,HB6A3
Ibis budget Strasbourg Centre République,2024,12,F_B,FOOD SUCREE,1,2.0,5.0,1.0,2.0,HB6A3
Ibis budget Strasbourg Centre République,2024,12,F_B,FOOD SUCREE,2,1.0,2.5,1.0,1.0,HB6A3
Ibis budget Strasbourg Centre République,2024,12,F_B,FOOD SUCREE,5,1.0,3.0,1.0,1.0,HB6A3
Ibis budget Strasbourg Centre République,2024,12,F_B,FOOD SUCREE,6,1.0,2.5,1.0,1.0,HB6A3
Ibis budget Strasbourg Centre République,2024,12,F_B,FOOD SUCREE,7,1.0,2.5,1.0,1.0,HB6A3
Ibis budget Strasbourg Centre République,2024,12,F_B,FOOD SUCREE,8,2.0,6.0,2.0,1.0,HB6A3
Ibis budget Strasbourg Centre République,2024,12,F_B,FOOD SUCREE,9,1.0,2.5,1.0,1.0,HB6A3
Ibis budget Strasbourg Centre République,2024,12,F_B,FOOD SUCREE,10,3.0,8.0,3.0,2.0,HB6A3
Ibis budget Strasbourg Centre République,2024,12,F_B,FOOD SUCREE,15,5.0,12.5,3.0,4.0,HB6A3
Ibis budget Strasbourg Centre République,2024,12,F_B,FOOD SUCREE,16,4.0,12.5,4.0,3.0,HB6A3
Ibis budget Strasbourg Centre République,2024,12,F_B,FOOD SUCREE,17,4.0,10.5,2.0,4.0,HB6A3
Ibis budget Strasbourg Centre République,2024,12,F_B,FOOD SUCREE,18,4.0,17.5,3.0,2.0,HB6A3
Ibis budget Strasbourg Centre République,2024,12,F_B,FOOD SUCREE,19,7.0,18.5,6.0,4.0,HB6A3
Ibis budget Strasbourg Centre République,2024,12,F_B,FOOD SUCREE,20,14.0,40.5,10.0,6.0,HB6A3
Ibis budget Strasbourg Centre République,2024,12,F_B,FOOD SUCREE,21,19.0,62.5,14.0,6.0,HB6A3
Ibis budget Strasbourg Centre République,2024,12,F_B,FOOD SUCREE,22,17.0,54.0,13.0,7.0,HB6A3
Ibis budget Strasbourg Centre République,2024,12,F_B,FOOD SUCREE,23,12.0,49.5,9.0,5.0,HB6A3
Ibis budget Strasbourg Centre République,2024,12,F_B,SANS ALCOOL,0,14.0,35.0,13.0,7.0,HB6A3
Ibis budget Strasbourg Centre République,2024,12,F_B,SANS ALCOOL,1,3.0,7.5,2.0,3.0,HB6A3
Ibis budget Strasbourg Centre République,2024,12,F_B,SANS ALCOOL,2,7.0,47.5,4.0,2.0,HB6A3
Ibis budget Strasbourg Centre République,2024,12,F_B,SANS ALCOOL,3,2.0,10.0,1.0,1.0,HB6A3
Ibis budget Strasbourg Centre République,2024,12,F_B,SANS ALCOOL,5,1.0,2.5,1.0,1.0,HB6A3
Ibis budget Strasbourg Centre République,2024,12,F_B,SANS ALCOOL,6,1.0,2.5,1.0,1.0,HB6A3
Ibis budget Strasbourg Centre République,2024,12,F_B,SANS ALCOOL,8,1.0,2.5,1.0,1.0,HB6A3
Ibis budget Strasbourg Centre République,2024,12,F_B,SANS ALCOOL,9,2.0,5.0,2.0,2.0,HB6A3
Ibis budget Strasbourg Centre République,2024,12,F_B,SANS ALCOOL,10,1.0,2.5,1.0,1.0,HB6A3
Ibis budget Strasbourg Centre République,2024,12,F_B,SANS ALCOOL,11,6.0,15.0,5.0,3.0,HB6A3
Ibis budget Strasbourg Centre République,2024,12,F_B,SANS ALCOOL,12,6.0,20.0,5.0,4.0,HB6A3
Ibis budget Strasbourg Centre République,2024,12,F_B,SANS ALCOOL,13,2.0,5.0,2.0,2.0,HB6A3
Ibis budget Strasbourg Centre République,2024,12,F_B,SANS ALCOOL,14,3.0,7.5,3.0,3.0,HB6A3
Ibis budget Strasbourg Centre République,2024,12,F_B,SANS ALCOOL,15,5.0,14.0,4.0,4.0,HB6A3
Ibis budget Strasbourg Centre République,2024,12,F_B,SANS ALCOOL,16,7.0,23.5,4.0,5.0,HB6A3
Ibis budget Strasbourg Centre République,2024,12,F_B,SANS ALCOOL,17,4.0,11.0,4.0,3.0,HB6A3
Ibis budget Strasbourg Centre République,2024,12,F_B,SANS ALCOOL,18,7.0,22.5,5.0,5.0,HB6A3
Ibis budget Strasbourg Centre République,2024,12,F_B,SANS ALCOOL,19,13.0,37.5,10.0,5.0,HB6A3
Ibis budget Strasbourg Centre République,2024,12,F_B,SANS ALCOOL,20,31.0,108.0,24.0,8.0,HB6A3
Ibis budget Strasbourg Centre République,2024,12,F_B,SANS ALCOOL,21,56.0,180.0,40.0,8.0,HB6A3
Ibis budget Strasbourg Centre République,2024,12,F_B,SANS ALCOOL,22,45.0,154.0,35.0,9.0,HB6A3
Ibis budget Strasbourg Centre République,2024,12,F_B,SANS ALCOOL,23,34.0,205.0,22.0,5.0,HB6A3
Ibis budget Strasbourg Centre République,2025,1,F_B,FOOD SALEE,0,1.0,2.5,1.0,1.0,HB6A3
Ibis budget Strasbourg Centre République,2025,1,F_B,FOOD SALEE,2,3.0,7.5,3.0,1.0,HB6A3
Ibis budget Strasbourg Centre République,2025,1,F_B,FOOD SALEE,3,1.0,2.5,1.0,1.0,HB6A3
Ibis budget Strasbourg Centre République,2025,1,F_B,FOOD SALEE,13,1.0,2.5,1.0,1.0,HB6A3
Ibis budget Strasbourg Centre République,2025,1,F_B,FOOD SALEE,14,1.0,2.5,1.0,1.0,HB6A3
Ibis budget Strasbourg Centre République,2025,1,F_B,FOOD SALEE,16,3.0,7.5,3.0,2.0,HB6A3
Ibis budget Strasbourg Centre République,2025,1,F_B,FOOD SALEE,17,1.0,2.5,1.0,1.0,HB6A3
Ibis budget Strasbourg Centre République,2025,1,F_B,FOOD SALEE,19,2.0,5.0,2.0,2.0,HB6A3
Ibis budget Strasbourg Centre République,2025,1,F_B,FOOD SALEE,22,6.0,45.0,3.0,1.0,HB6A3
Ibis budget Strasbourg Centre République,2025,1,F_B,FOOD SALEE,23,2.0,5.0,2.0,2.0,HB6A3
Ibis budget Strasbourg Centre République,2025,1,F_B,FOOD SUCREE,0,4.0,10.5,4.0,4.0,HB6A3
Ibis budget Strasbourg Centre République,2025,1,F_B,FOOD SUCREE,1,3.0,7.5,2.0,2.0,HB6A3
Ibis budget Strasbourg Centre République,2025,1,F_B,FOOD SUCREE,2,1.0,2.5,1.0,1.0,HB6A3
Ibis budget Strasbourg Centre République,2025,1,F_B,FOOD SUCREE,3,3.0,8.0,3.0,3.0,HB6A3
Ibis budget Strasbourg Centre République,2025,1,F_B,FOOD SUCREE,9,1.0,2.5,1.0,1.0,HB6A3
Ibis budget Strasbourg Centre République,2025,1,F_B,FOOD SUCREE,10,1.0,3.0,1.0,1.0,HB6A3
Ibis budget Strasbourg Centre République,2025,1,F_B,FOOD SUCREE,12,1.0,2.5,1.0,1.0,HB6A3
Ibis budget Strasbourg Centre République,2025,1,F_B,FOOD SUCREE,13,3.0,7.5,2.0,2.0,HB6A3
Ibis budget Strasbourg Centre République,2025,1,F_B,FOOD SUCREE,16,4.0,10.0,4.0,3.0,HB6A3
Ibis budget Strasbourg Centre République,2025,1,F_B,FOOD SUCREE,17,2.0,6.0,2.0,1.0,HB6A3
Ibis budget Strasbourg Centre République,2025,1,F_B,FOOD SUCREE,20,6.0,15.0,5.0,3.0,HB6A3
Ibis budget Strasbourg Centre République,2025,1,F_B,FOOD SUCREE,21,9.0,27.5,7.0,4.0,HB6A3
Ibis budget Strasbourg Centre République,2025,1,F_B,FOOD SUCREE,22,10.0,55.0,3.0,5.0,HB6A3
Ibis budget Strasbourg Centre République,2025,1,F_B,FOOD SUCREE,23,7.0,18.5,5.0,5.0,HB6A3
Ibis budget Strasbourg Centre République,2025,1,F_B,SANS ALCOOL,0,9.0,23.5,7.0,8.0,HB6A3
Ibis budget Strasbourg Centre République,2025,1,F_B,SANS ALCOOL,1,4.0,12.0,4.0,3.0,HB6A3
Ibis budget Strasbourg Centre République,2025,1,F_B,SANS ALCOOL,2,8.0,26.5,5.0,6.0,HB6A3
Ibis budget Strasbourg Centre République,2025,1,F_B,SANS ALCOOL,3,4.0,10.0,3.0,2.0,HB6A3
Ibis budget Strasbourg Centre République,2025,1,F_B,SANS ALCOOL,4,4.0,11.0,3.0,3.0,HB6A3
Ibis budget Strasbourg Centre République,2025,1,F_B,SANS ALCOOL,8,3.0,8.5,3.0,3.0,HB6A3
Ibis budget Strasbourg Centre République,2025,1,F_B,SANS ALCOOL,9,5.0,18.5,3.0,2.0,HB6A3
Ibis budget Strasbourg Centre République,2025,1,F_B,SANS ALCOOL,10,5.0,12.5,5.0,3.0,HB6A3
Ibis budget Strasbourg Centre République,2025,1,F_B,SANS ALCOOL,11,3.0,7.5,3.0,3.0,HB6A3
Ibis budget Strasbourg Centre République,2025,1,F_B,SANS ALCOOL,12,3.0,7.5,3.0,2.0,HB6A3
Ibis budget Strasbourg Centre République,2025,1,F_B,SANS ALCOOL,13,6.0,20.5,5.0,4.0,HB6A3
Ibis budget Strasbourg Centre République,2025,1,F_B,SANS ALCOOL,14,1.0,2.5,1.0,1.0,HB6A3
Ibis budget Strasbourg Centre République,2025,1,F_B,SANS ALCOOL,16,4.0,10.0,4.0,3.0,HB6A3
Ibis budget Strasbourg Centre République,2025,1,F_B,SANS ALCOOL,17,5.0,12.5,4.0,3.0,HB6A3
Ibis budget Strasbourg Centre République,2025,1,F_B,SANS ALCOOL,18,4.0,15.0,3.0,2.0,HB6A3
Ibis budget Strasbourg Centre République,2025,1,F_B,SANS ALCOOL,19,10.0,55.0,5.0,2.0,HB6A3
Ibis budget Strasbourg Centre République,2025,1,F_B,SANS ALCOOL,20,8.0,20.0,7.0,5.0,HB6A3
Ibis budget Strasbourg Centre République,2025,1,F_B,SANS ALCOOL,21,17.0,47.5,12.0,6.0,HB6A3
Ibis budget Strasbourg Centre République,2025,1,F_B,SANS ALCOOL,22,24.0,85.0,18.0,8.0,HB6A3
Ibis budget Strasbourg Centre République,2025,1,F_B,SANS ALCOOL,23,14.0,36.5,11.0,7.0,HB6A3
Ibis budget Strasbourg Centre République,2025,2,F_B,FOOD SALEE,1,2.0,5.0,1.0,2.0,HB6A3
Ibis budget Strasbourg Centre République,2025,2,F_B,FOOD SALEE,14,1.0,2.5,1.0,1.0,HB6A3
Ibis budget Strasbourg Centre République,2025,2,F_B,FOOD SALEE,17,1.0,2.5,1.0,1.0,HB6A3
Ibis budget Strasbourg Centre République,2025,2,F_B,FOOD SALEE,18,3.0,7.5,3.0,2.0,HB6A3
Ibis budget Strasbourg Centre République,2025,2,F_B,FOOD SALEE,19,3.0,20.0,3.0,3.0,HB6A3
Ibis budget Strasbourg Centre République,2025,2,F_B,FOOD SALEE,20,5.0,32.5,1.0,2.0,HB6A3
Ibis budget Strasbourg Centre République,2025,2,F_B,FOOD SALEE,21,3.0,7.5,3.0,1.0,HB6A3
Ibis budget Strasbourg Centre République,2025,2,F_B,FOOD SALEE,22,1.0,2.5,1.0,1.0,HB6A3
Ibis budget Strasbourg Centre République,2025,2,F_B,FOOD SALEE,23,2.0,5.0,2.0,1.0,HB6A3
Ibis budget Strasbourg Centre République,2025,2,F_B,FOOD SUCREE,1,1.0,3.0,1.0,1.0,HB6A3
Ibis budget Strasbourg Centre République,2025,2,F_B,FOOD SUCREE,2,3.0,12.5,1.0,2.0,HB6A3
Ibis budget Strasbourg Centre République,2025,2,F_B,FOOD SUCREE,9,1.0,2.5,1.0,1.0,HB6A3
Ibis budget Strasbourg Centre République,2025,2,F_B,FOOD SUCREE,10,1.0,2.5,1.0,1.0,HB6A3
Ibis budget Strasbourg Centre République,2025,2,F_B,FOOD SUCREE,12,2.0,5.5,1.0,2.0,HB6A3
Ibis budget Strasbourg Centre République,2025,2,F_B,FOOD SUCREE,13,2.0,10.0,1.0,1.0,HB6A3
Ibis budget Strasbourg Centre République,2025,2,F_B,FOOD SUCREE,16,2.0,5.5,2.0,2.0,HB6A3
Ibis budget Strasbourg Centre République,2025,2,F_B,FOOD SUCREE,17,3.0,7.5,1.0,3.0,HB6A3
Ibis budget Strasbourg Centre République,2025,2,F_B,FOOD SUCREE,18,2.0,5.0,2.0,1.0,HB6A3
Ibis budget Strasbourg Centre République,2025,2,F_B,FOOD SUCREE,19,4.0,15.0,1.0,3.0,HB6A3
Ibis budget Strasbourg Centre République,2025,2,F_B,FOOD SUCREE,20,15.0,55.0,3.0,8.0,HB6A3
Ibis budget Strasbourg Centre République,2025,2,F_B,FOOD SUCREE,21,11.0,43.0,7.0,6.0,HB6A3
Ibis budget Strasbourg Centre République,2025,2,F_B,FOOD SUCREE,22,6.0,15.5,3.0,6.0,HB6A3
Ibis budget Strasbourg Centre République,2025,2,F_B,FOOD SUCREE,23,4.0,11.0,3.0,2.0,HB6A3
Ibis budget Strasbourg Centre République,2025,2,F_B,SANS ALCOOL,0,9.0,32.5,6.0,5.0,HB6A3
Ibis budget Strasbourg Centre République,2025,2,F_B,SANS ALCOOL,1,8.0,50.0,5.0,4.0,HB6A3
Ibis budget Strasbourg Centre République,2025,2,F_B,SANS ALCOOL,2,3.0,7.5,3.0,3.0,HB6A3
Ibis budget Strasbourg Centre République,2025,2,F_B,SANS ALCOOL,4,4.0,20.0,2.0,2.0,HB6A3
Ibis budget Strasbourg Centre République,2025,2,F_B,SANS ALCOOL,5,1.0,3.0,1.0,1.0,HB6A3
Ibis budget Strasbourg Centre République,2025,2,F_B,SANS ALCOOL,6,1.0,2.5,1.0,1.0,HB6A3
Ibis budget Strasbourg Centre République,2025,2,F_B,SANS ALCOOL,7,2.0,5.0,2.0,2.0,HB6A3
Ibis budget Strasbourg Centre République,2025,2,F_B,SANS ALCOOL,8,6.0,20.0,5.0,4.0,HB6A3
Ibis budget Strasbourg Centre République,2025,2,F_B,SANS ALCOOL,9,8.0,73.0,4.0,4.0,HB6A3
Ibis budget Strasbourg Centre République,2025,2,F_B,SANS ALCOOL,10,1.0,2.5,1.0,1.0,HB6A3
Ibis budget Strasbourg Centre République,2025,2,F_B,SANS ALCOOL,11,2.0,5.0,2.0,2.0,HB6A3
Ibis budget Strasbourg Centre République,2025,2,F_B,SANS ALCOOL,12,2.0,5.0,2.0,2.0,HB6A3
Ibis budget Strasbourg Centre République,2025,2,F_B,SANS ALCOOL,13,1.0,3.5,1.0,1.0,HB6A3
Ibis budget Strasbourg Centre République,2025,2,F_B,SANS ALCOOL,15,2.0,5.0,2.0,2.0,HB6A3
Ibis budget Strasbourg Centre République,2025,2,F_B,SANS ALCOOL,17,2.0,6.0,2.0,2.0,HB6A3
Ibis budget Strasbourg Centre République,2025,2,F_B,SANS ALCOOL,18,5.0,13.5,5.0,3.0,HB6A3
Ibis budget Strasbourg Centre République,2025,2,F_B,SANS ALCOOL,20,14.0,65.0,9.0,4.0,HB6A3
Ibis budget Strasbourg Centre République,2025,2,F_B,SANS ALCOOL,21,13.0,41.5,9.0,6.0,HB6A3
Ibis budget Strasbourg Centre République,2025,2,F_B,SANS ALCOOL,22,24.0,70.5,16.0,9.0,HB6A3
Ibis budget Strasbourg Centre République,2025,2,F_B,SANS ALCOOL,23,10.0,35.5,7.0,5.0,HB6A3
Ibis budget Strasbourg Centre République,2025,3,F_B,FOOD SALEE,3,3.0,50.5,2.0,2.0,HB6A3
Ibis budget Strasbourg Centre République,2025,3,F_B,FOOD SALEE,12,1.0,2.5,1.0,1.0,HB6A3
Ibis budget Strasbourg Centre République,2025,3,F_B,FOOD SALEE,14,2.0,20.0,1.0,2.0,HB6A3
Ibis budget Strasbourg Centre République,2025,3,F_B,FOOD SALEE,18,2.0,14.5,2.0,2.0,HB6A3
Ibis budget Strasbourg Centre République,2025,3,F_B,FOOD SALEE,19,4.0,15.5,4.0,3.0,HB6A3
Ibis budget Strasbourg Centre République,2025,3,F_B,FOOD SALEE,20,1.0,8.0,1.0,1.0,HB6A3
Ibis budget Strasbourg Centre République,2025,3,F_B,FOOD SALEE,21,5.0,33.0,4.0,4.0,HB6A3
Ibis budget Strasbourg Centre République,2025,3,F_B,FOOD SALEE,22,4.0,22.5,4.0,2.0,HB6A3
Ibis budget Strasbourg Centre République,2025,3,F_B,FOOD SUCREE,0,6.0,20.0,3.0,3.0,HB6A3
Ibis budget Strasbourg Centre République,2025,3,F_B,FOOD SUCREE,1,6.0,20.0,3.0,4.0,HB6A3
Ibis budget Strasbourg Centre République,2025,3,F_B,FOOD SUCREE,7,1.0,3.0,1.0,1.0,HB6A3
Ibis budget Strasbourg Centre République,2025,3,F_B,FOOD SUCREE,8,1.0,2.5,1.0,1.0,HB6A3
Ibis budget Strasbourg Centre République,2025,3,F_B,FOOD SUCREE,9,1.0,2.5,1.0,1.0,HB6A3
Ibis budget Strasbourg Centre République,2025,3,F_B,FOOD SUCREE,10,1.0,2.5,1.0,1.0,HB6A3
Ibis budget Strasbourg Centre République,2025,3,F_B,FOOD SUCREE,12,8.0,25.0,5.0,4.0,HB6A3
Ibis budget Strasbourg Centre République,2025,3,F_B,FOOD SUCREE,14,2.0,5.0,2.0,2.0,HB6A3
Ibis budget Strasbourg Centre République,2025,3,F_B,FOOD SUCREE,15,5.0,12.5,5.0,4.0,HB6A3
Ibis budget Strasbourg Centre République,2025,3,F_B,FOOD SUCREE,16,5.0,13.0,3.0,5.0,HB6A3
Ibis budget Strasbourg Centre République,2025,3,F_B,FOOD SUCREE,17,1.0,2.5,1.0,1.0,HB6A3
Ibis budget Strasbourg Centre République,2025,3,F_B,FOOD SUCREE,18,6.0,23.5,4.0,5.0,HB6A3
Ibis budget Strasbourg Centre République,2025,3,F_B,FOOD SUCREE,19,6.0,22.0,4.0,4.0,HB6A3
Ibis budget Strasbourg Centre République,2025,3,F_B,FOOD SUCREE,20,8.0,23.0,6.0,6.0,HB6A3
Ibis budget Strasbourg Centre République,2025,3,F_B,FOOD SUCREE,21,23.0,72.0,13.0,8.0,HB6A3
Ibis budget Strasbourg Centre République,2025,3,F_B,FOOD SUCREE,22,13.0,55.5,8.0,8.0,HB6A3
Ibis budget Strasbourg Centre République,2025,3,F_B,FOOD SUCREE,23,5.0,15.5,4.0,3.0,HB6A3
Ibis budget Strasbourg Centre République,2025,3,F_B,SANS ALCOOL,0,10.0,32.0,8.0,5.0,HB6A3
Ibis budget Strasbourg Centre République,2025,3,F_B,SANS ALCOOL,1,4.0,11.0,3.0,4.0,HB6A3
Ibis budget Strasbourg Centre République,2025,3,F_B,SANS ALCOOL,2,1.0,3.5,1.0,1.0,HB6A3
Ibis budget Strasbourg Centre République,2025,3,F_B,SANS ALCOOL,3,2.0,5.0,2.0,1.0,HB6A3
Ibis budget Strasbourg Centre République,2025,3,F_B,SANS ALCOOL,4,1.0,3.5,1.0,1.0,HB6A3
Ibis budget Strasbourg Centre République,2025,3,F_B,SANS ALCOOL,6,1.0,2.5,1.0,1.0,HB6A3
Ibis budget Strasbourg Centre République,2025,3,F_B,SANS ALCOOL,8,5.0,13.0,4.0,4.0,HB6A3
Ibis budget Strasbourg Centre République,2025,3,F_B,SANS ALCOOL,9,1.0,2.5,1.0,1.0,HB6A3
Ibis budget Strasbourg Centre République,2025,3,F_B,SANS ALCOOL,11,1.0,2.5,1.0,1.0,HB6A3
Ibis budget Strasbourg Centre République,2025,3,F_B,SANS ALCOOL,12,8.0,22.0,6.0,4.0,HB6A3
Ibis budget Strasbourg Centre République,2025,3,F_B,SANS ALCOOL,14,2.0,5.5,2.0,2.0,HB6A3
Ibis budget Strasbourg Centre République,2025,3,F_B,SANS ALCOOL,15,3.0,7.5,3.0,3.0,HB6A3
Ibis budget Strasbourg Centre République,2025,3,F_B,SANS ALCOOL,16,4.0,15.0,3.0,3.0,HB6A3
Ibis budget Strasbourg Centre République,2025,3,F_B,SANS ALCOOL,17,10.0,27.0,9.0,6.0,HB6A3
Ibis budget Strasbourg Centre République,2025,3,F_B,SANS ALCOOL,18,2.0,10.0,1.0,1.0,HB6A3
Ibis budget Strasbourg Centre République,2025,3,F_B,SANS ALCOOL,19,8.0,20.5,8.0,6.0,HB6A3
Ibis budget Strasbourg Centre République,2025,3,F_B,SANS ALCOOL,20,15.0,38.0,13.0,6.0,HB6A3
Ibis budget Strasbourg Centre République,2025,3,F_B,SANS ALCOOL,21,35.0,108.5,27.0,9.0,HB6A3
Ibis budget Strasbourg Centre République,2025,3,F_B,SANS ALCOOL,22,23.0,63.5,17.0,9.0,HB6A3
Ibis budget Strasbourg Centre République,2025,3,F_B,SANS ALCOOL,23,14.0,45.0,10.0,5.0,HB6A3
Ibis budget Strasbourg Centre République,2025,4,F_B,FOOD SALEE,0,2.0,14.5,2.0,2.0,HB6A3
Ibis budget Strasbourg Centre République,2025,4,F_B,FOOD SALEE,1,1.0,2.5,1.0,1.0,HB6A3
Ibis budget Strasbourg Centre République,2025,4,F_B,FOOD SALEE,12,2.0,5.0,2.0,1.0,HB6A3
Ibis budget Strasbourg Centre République,2025,4,F_B,FOOD SALEE,13,1.0,8.0,1.0,1.0,HB6A3
Ibis budget Strasbourg Centre République,2025,4,F_B,FOOD SALEE,19,3.0,22.5,3.0,3.0,HB6A3
Ibis budget Strasbourg Centre République,2025,4,F_B,FOOD SALEE,20,8.0,102.5,5.0,5.0,HB6A3
Ibis budget Strasbourg Centre République,2025,4,F_B,FOOD SALEE,21,3.0,29.5,3.0,3.0,HB6A3
Ibis budget Strasbourg Centre République,2025,4,F_B,FOOD SALEE,22,4.0,10.0,4.0,1.0,HB6A3
Ibis budget Strasbourg Centre République,2025,4,F_B,FOOD SALEE,23,1.0,8.0,1.0,1.0,HB6A3
Ibis budget Strasbourg Centre République,2025,4,F_B,FOOD SUCREE,0,4.0,10.5,3.0,4.0,HB6A3
Ibis budget Strasbourg Centre République,2025,4,F_B,FOOD SUCREE,1,2.0,5.0,2.0,2.0,HB6A3
Ibis budget Strasbourg Centre République,2025,4,F_B,FOOD SUCREE,4,2.0,5.0,2.0,2.0,HB6A3
Ibis budget Strasbourg Centre République,2025,4,F_B,FOOD SUCREE,10,2.0,5.0,1.0,2.0,HB6A3
Ibis budget Strasbourg Centre République,2025,4,F_B,FOOD SUCREE,11,4.0,15.0,3.0,3.0,HB6A3
Ibis budget Strasbourg Centre République,2025,4,F_B,FOOD SUCREE,12,1.0,2.5,1.0,1.0,HB6A3
Ibis budget Strasbourg Centre République,2025,4,F_B,FOOD SUCREE,13,1.0,2.5,1.0,1.0,HB6A3
Ibis budget Strasbourg Centre République,2025,4,F_B,FOOD SUCREE,14,3.0,13.5,3.0,2.0,HB6A3
Ibis budget Strasbourg Centre République,2025,4,F_B,FOOD SUCREE,15,1.0,2.5,1.0,1.0,HB6A3
Ibis budget Strasbourg Centre République,2025,4,F_B,FOOD SUCREE,16,1.0,2.5,1.0,1.0,HB6A3
Ibis budget Strasbourg Centre République,2025,4,F_B,FOOD SUCREE,17,4.0,10.0,4.0,1.0,HB6A3
Ibis budget Strasbourg Centre République,2025,4,F_B,FOOD SUCREE,18,1.0,3.0,1.0,1.0,HB6A3
Ibis budget Strasbourg Centre République,2025,4,F_B,FOOD SUCREE,19,6.0,25.0,4.0,4.0,HB6A3
Ibis budget Strasbourg Centre République,2025,4,F_B,FOOD SUCREE,20,9.0,48.0,5.0,5.0,HB6A3
Ibis budget Strasbourg Centre République,2025,4,F_B,FOOD SUCREE,21,6.0,20.5,5.0,4.0,HB6A3
Ibis budget Strasbourg Centre République,2025,4,F_B,FOOD SUCREE,22,11.0,29.5,7.0,4.0,HB6A3
Ibis budget Strasbourg Centre République,2025,4,F_B,FOOD SUCREE,23,9.0,31.0,6.0,4.0,HB6A3
Ibis budget Strasbourg Centre République,2025,4,F_B,SANS ALCOOL,0,6.0,15.0,6.0,5.0,HB6A3
Ibis budget Strasbourg Centre République,2025,4,F_B,SANS ALCOOL,1,7.0,18.5,7.0,6.0,HB6A3
Ibis budget Strasbourg Centre République,2025,4,F_B,SANS ALCOOL,2,3.0,7.5,3.0,3.0,HB6A3
Ibis budget Strasbourg Centre République,2025,4,F_B,SANS ALCOOL,3,1.0,3.5,1.0,1.0,HB6A3
Ibis budget Strasbourg Centre République,2025,4,F_B,SANS ALCOOL,5,1.0,2.5,1.0,1.0,HB6A3
Ibis budget Strasbourg Centre République,2025,4,F_B,SANS ALCOOL,8,2.0,5.0,2.0,2.0,HB6A3
Ibis budget Strasbourg Centre République,2025,4,F_B,SANS ALCOOL,9,1.0,2.5,1.0,1.0,HB6A3
Ibis budget Strasbourg Centre République,2025,4,F_B,SANS ALCOOL,10,5.0,12.5,5.0,4.0,HB6A3
Ibis budget Strasbourg Centre République,2025,4,F_B,SANS ALCOOL,11,2.0,5.0,2.0,2.0,HB6A3
Ibis budget Strasbourg Centre République,2025,4,F_B,SANS ALCOOL,12,5.0,17.5,4.0,4.0,HB6A3
Ibis budget Strasbourg Centre République,2025,4,F_B,SANS ALCOOL,13,1.0,2.5,1.0,1.0,HB6A3
Ibis budget Strasbourg Centre République,2025,4,F_B,SANS ALCOOL,14,6.0,15.0,5.0,6.0,HB6A3
Ibis budget Strasbourg Centre République,2025,4,F_B,SANS ALCOOL,15,7.0,18.0,6.0,6.0,HB6A3
Ibis budget Strasbourg Centre République,2025,4,F_B,SANS ALCOOL,16,8.0,20.0,7.0,4.0,HB6A3
Ibis budget Strasbourg Centre République,2025,4,F_B,SANS ALCOOL,17,11.0,27.5,8.0,6.0,HB6A3
Ibis budget Strasbourg Centre République,2025,4,F_B,SANS ALCOOL,18,6.0,20.0,5.0,3.0,HB6A3
Ibis budget Strasbourg Centre République,2025,4,F_B,SANS ALCOOL,19,11.0,29.5,8.0,7.0,HB6A3
Ibis budget Strasbourg Centre République,2025,4,F_B,SANS ALCOOL,20,15.0,54.5,10.0,9.0,HB6A3
Ibis budget Strasbourg Centre République,2025,4,F_B,SANS ALCOOL,21,29.0,119.0,16.0,9.0,HB6A3
Ibis budget Strasbourg Centre République,2025,4,F_B,SANS ALCOOL,22,37.0,131.5,23.0,10.0,HB6A3
Ibis budget Strasbourg Centre République,2025,4,F_B,SANS ALCOOL,23,37.0,117.5,28.0,10.0,HB6A3
Ibis budget Strasbourg Centre République,2025,5,F_B,FOOD SALEE,0,1.0,2.5,1.0,1.0,HB6A3
Ibis budget Strasbourg Centre République,2025,5,F_B,FOOD SALEE,4,1.0,2.5,1.0,1.0,HB6A3
Ibis budget Strasbourg Centre République,2025,5,F_B,FOOD SALEE,17,1.0,2.5,1.0,1.0,HB6A3
Ibis budget Strasbourg Centre République,2025,5,F_B,FOOD SALEE,20,1.0,2.5,1.0,1.0,HB6A3
Ibis budget Strasbourg Centre République,2025,5,F_B,FOOD SALEE,21,2.0,5.0,2.0,1.0,HB6A3
Ibis budget Strasbourg Centre République,2025,5,F_B,FOOD SALEE,22,6.0,30.0,5.0,4.0,HB6A3
Ibis budget Strasbourg Centre République,2025,5,F_B,FOOD SUCREE,4,1.0,2.5,1.0,1.0,HB6A3
Ibis budget Strasbourg Centre République,2025,5,F_B,FOOD SUCREE,5,3.0,7.5,2.0,3.0,HB6A3
Ibis budget Strasbourg Centre République,2025,5,F_B,FOOD SUCREE,13,1.0,3.0,1.0,1.0,HB6A3
Ibis budget Strasbourg Centre République,2025,5,F_B,FOOD SUCREE,14,2.0,5.5,1.0,2.0,HB6A3
Ibis budget Strasbourg Centre République,2025,5,F_B,FOOD SUCREE,15,1.0,2.5,1.0,1.0,HB6A3
Ibis budget Strasbourg Centre République,2025,5,F_B,FOOD SUCREE,16,2.0,5.0,2.0,2.0,HB6A3
Ibis budget Strasbourg Centre République,2025,5,F_B,FOOD SUCREE,17,2.0,5.5,1.0,2.0,HB6A3
Ibis budget Strasbourg Centre République,2025,5,F_B,FOOD SUCREE,20,2.0,6.0,2.0,1.0,HB6A3
Ibis budget Strasbourg Centre République,2025,5,F_B,FOOD SUCREE,21,6.0,21.0,5.0,4.0,HB6A3
Ibis budget Strasbourg Centre République,2025,5,F_B,FOOD SUCREE,22,16.0,51.5,11.0,7.0,HB6A3
Ibis budget Strasbourg Centre République,2025,5,F_B,FOOD SUCREE,23,5.0,13.0,4.0,3.0,HB6A3
Ibis budget Strasbourg Centre République,2025,5,F_B,SANS ALCOOL,0,14.0,60.0,10.0,3.0,HB6A3
Ibis budget Strasbourg Centre République,2025,5,F_B,SANS ALCOOL,1,2.0,5.0,2.0,1.0,HB6A3
Ibis budget Strasbourg Centre République,2025,5,F_B,SANS ALCOOL,4,2.0,5.0,2.0,2.0,HB6A3
Ibis budget Strasbourg Centre République,2025,5,F_B,SANS ALCOOL,5,2.0,5.0,2.0,2.0,HB6A3
Ibis budget Strasbourg Centre République,2025,5,F_B,SANS ALCOOL,6,2.0,5.0,1.0,2.0,HB6A3
Ibis budget Strasbourg Centre République,2025,5,F_B,SANS ALCOOL,7,8.0,28.0,5.0,4.0,HB6A3
Ibis budget Strasbourg Centre République,2025,5,F_B,SANS ALCOOL,8,2.0,6.0,2.0,2.0,HB6A3
Ibis budget Strasbourg Centre République,2025,5,F_B,SANS ALCOOL,9,4.0,11.0,3.0,4.0,HB6A3
Ibis budget Strasbourg Centre République,2025,5,F_B,SANS ALCOOL,10,1.0,2.5,1.0,1.0,HB6A3
Ibis budget Strasbourg Centre République,2025,5,F_B,SANS ALCOOL,11,3.0,8.5,3.0,3.0,HB6A3
Ibis budget Strasbourg Centre République,2025,5,F_B,SANS ALCOOL,12,1.0,2.5,1.0,1.0,HB6A3
Ibis budget Strasbourg Centre République,2025,5,F_B,SANS ALCOOL,13,1.0,2.5,1.0,1.0,HB6A3
Ibis budget Strasbourg Centre République,2025,5,F_B,SANS ALCOOL,14,2.0,5.0,2.0,2.0,HB6A3
Ibis budget Strasbourg Centre République,2025,5,F_B,SANS ALCOOL,15,5.0,21.5,4.0,2.0,HB6A3
Ibis budget Strasbourg Centre République,2025,5,F_B,SANS ALCOOL,16,6.0,20.0,4.0,5.0,HB6A3
Ibis budget Strasbourg Centre République,2025,5,F_B,SANS ALCOOL,17,10.0,31.0,7.0,5.0,HB6A3
Ibis budget Strasbourg Centre République,2025,5,F_B,SANS ALCOOL,18,9.0,27.5,8.0,5.0,HB6A3
Ibis budget Strasbourg Centre République,2025,5,F_B,SANS ALCOOL,19,8.0,20.0,4.0,6.0,HB6A3
Ibis budget Strasbourg Centre République,2025,5,F_B,SANS ALCOOL,20,10.0,30.0,9.0,5.0,HB6A3
Ibis budget Strasbourg Centre République,2025,5,F_B,SANS ALCOOL,21,24.0,70.0,18.0,9.0,HB6A3
Ibis budget Strasbourg Centre République,2025,5,F_B,SANS ALCOOL,22,26.0,70.0,24.0,8.0,HB6A3
Ibis budget Strasbourg Centre République,2025,5,F_B,SANS ALCOOL,23,18.0,50.0,11.0,8.0,HB6A3
Ibis budget Strasbourg Centre République,2025,6,F_B,FOOD SALEE,0,1.0,2.5,1.0,1.0,HB6A3
Ibis budget Strasbourg Centre République,2025,6,F_B,FOOD SALEE,1,1.0,5.0,1.0,1.0,HB6A3
Ibis budget Strasbourg Centre République,2025,6,F_B,FOOD SALEE,2,3.0,15.0,2.0,2.0,HB6A3
Ibis budget Strasbourg Centre République,2025,6,F_B,FOOD SALEE,3,4.0,15.0,2.0,3.0,HB6A3
Ibis budget Strasbourg Centre République,2025,6,F_B,FOOD SALEE,11,1.0,2.5,1.0,1.0,HB6A3
Ibis budget Strasbourg Centre République,2025,6,F_B,FOOD SALEE,12,2.0,10.0,1.0,1.0,HB6A3
Ibis budget Strasbourg Centre République,2025,6,F_B,FOOD SALEE,13,2.0,10.0,1.0,1.0,HB6A3
Ibis budget Strasbourg Centre République,2025,6,F_B,FOOD SALEE,14,1.0,5.0,1.0,1.0,HB6A3
Ibis budget Strasbourg Centre République,2025,6,F_B,FOOD SALEE,16,2.0,10.0,2.0,1.0,HB6A3
Ibis budget Strasbourg Centre République,2025,6,F_B,FOOD SALEE,18,6.0,25.5,6.0,3.0,HB6A3
Ibis budget Strasbourg Centre République,2025,6,F_B,FOOD SALEE,19,7.0,22.5,4.0,3.0,HB6A3
Ibis budget Strasbourg Centre République,2025,6,F_B,FOOD SALEE,20,2.0,5.0,2.0,1.0,HB6A3
Ibis budget Strasbourg Centre République,2025,6,F_B,FOOD SALEE,21,5.0,23.0,5.0,4.0,HB6A3
Ibis budget Strasbourg Centre République,2025,6,F_B,FOOD SALEE,22,4.0,12.5,4.0,2.0,HB6A3
Ibis budget Strasbourg Centre République,2025,6,F_B,FOOD SUCREE,0,12.0,30.5,11.0,5.0,HB6A3
Ibis budget Strasbourg Centre République,2025,6,F_B,FOOD SUCREE,1,1.0,3.0,1.0,1.0,HB6A3
Ibis budget Strasbourg Centre République,2025,6,F_B,FOOD SUCREE,2,8.0,20.0,7.0,5.0,HB6A3
Ibis budget Strasbourg Centre République,2025,6,F_B,FOOD SUCREE,3,5.0,12.5,4.0,4.0,HB6A3
Ibis budget Strasbourg Centre République,2025,6,F_B,FOOD SUCREE,4,2.0,5.0,2.0,2.0,HB6A3
Ibis budget Strasbourg Centre République,2025,6,F_B,FOOD SUCREE,5,1.0,2.5,1.0,1.0,HB6A3
Ibis budget Strasbourg Centre République,2025,6,F_B,FOOD SUCREE,7,1.0,2.5,1.0,1.0,HB6A3
Ibis budget Strasbourg Centre République,2025,6,F_B,FOOD SUCREE,11,1.0,2.5,1.0,1.0,HB6A3
Ibis budget Strasbourg Centre République,2025,6,F_B,FOOD SUCREE,12,3.0,8.0,2.0,2.0,HB6A3
Ibis budget Strasbourg Centre République,2025,6,F_B,FOOD SUCREE,13,3.0,8.0,2.0,3.0,HB6A3
Ibis budget Strasbourg Centre République,2025,6,F_B,FOOD SUCREE,14,2.0,5.0,2.0,2.0,HB6A3
Ibis budget Strasbourg Centre République,2025,6,F_B,FOOD SUCREE,15,1.0,2.5,1.0,1.0,HB6A3
Ibis budget Strasbourg Centre République,2025,6,F_B,FOOD SUCREE,16,2.0,5.0,2.0,2.0,HB6A3
Ibis budget Strasbourg Centre République,2025,6,F_B,FOOD SUCREE,17,9.0,23.0,8.0,7.0,HB6A3
Ibis budget Strasbourg Centre République,2025,6,F_B,FOOD SUCREE,18,4.0,15.5,3.0,3.0,HB6A3
Ibis budget Strasbourg Centre République,2025,6,F_B,FOOD SUCREE,19,1.0,3.0,1.0,1.0,HB6A3
Ibis budget Strasbourg Centre République,2025,6,F_B,FOOD SUCREE,20,7.0,18.0,7.0,5.0,HB6A3
Ibis budget Strasbourg Centre République,2025,6,F_B,FOOD SUCREE,21,4.0,15.5,3.0,3.0,HB6A3
Ibis budget Strasbourg Centre République,2025,6,F_B,FOOD SUCREE,22,13.0,33.0,11.0,6.0,HB6A3
Ibis budget Strasbourg Centre République,2025,6,F_B,FOOD SUCREE,23,7.0,20.5,4.0,6.0,HB6A3
Ibis budget Strasbourg Centre République,2025,6,F_B,SANS ALCOOL,0,22.0,66.0,16.0,10.0,HB6A3
Ibis budget Strasbourg Centre République,2025,6,F_B,SANS ALCOOL,1,6.0,15.0,5.0,3.0,HB6A3
Ibis budget Strasbourg Centre République,2025,6,F_B,SANS ALCOOL,2,13.0,62.5,9.0,7.0,HB6A3
Ibis budget Strasbourg Centre République,2025,6,F_B,SANS ALCOOL,3,5.0,13.5,4.0,5.0,HB6A3
Ibis budget Strasbourg Centre République,2025,6,F_B,SANS ALCOOL,4,8.0,35.0,4.0,4.0,HB6A3
Ibis budget Strasbourg Centre République,2025,6,F_B,SANS ALCOOL,5,1.0,3.5,1.0,1.0,HB6A3
Ibis budget Strasbourg Centre République,2025,6,F_B,SANS ALCOOL,7,5.0,17.5,3.0,3.0,HB6A3
Ibis budget Strasbourg Centre République,2025,6,F_B,SANS ALCOOL,8,6.0,20.0,5.0,3.0,HB6A3
Ibis budget Strasbourg Centre République,2025,6,F_B,SANS ALCOOL,9,8.0,25.0,6.0,5.0,HB6A3
Ibis budget Strasbourg Centre République,2025,6,F_B,SANS ALCOOL,10,6.0,15.0,6.0,4.0,HB6A3
Ibis budget Strasbourg Centre République,2025,6,F_B,SANS ALCOOL,11,7.0,17.5,6.0,7.0,HB6A3
Ibis budget Strasbourg Centre République,2025,6,F_B,SANS ALCOOL,12,8.0,25.0,5.0,5.0,HB6A3
Ibis budget Strasbourg Centre République,2025,6,F_B,SANS ALCOOL,13,11.0,27.5,10.0,7.0,HB6A3
Ibis budget Strasbourg Centre République,2025,6,F_B,SANS ALCOOL,14,6.0,15.0,4.0,5.0,HB6A3
Ibis budget Strasbourg Centre République,2025,6,F_B,SANS ALCOOL,15,23.0,192.5,7.0,10.0,HB6A3
Ibis budget Strasbourg Centre République,2025,6,F_B,SANS ALCOOL,16,11.0,37.5,7.0,5.0,HB6A3
Ibis budget Strasbourg Centre République,2025,6,F_B,SANS ALCOOL,17,20.0,56.0,17.0,9.0,HB6A3
Ibis budget Strasbourg Centre République,2025,6,F_B,SANS ALCOOL,18,46.0,255.0,27.0,10.0,HB6A3
Ibis budget Strasbourg Centre République,2025,6,F_B,SANS ALCOOL,19,9.0,27.5,7.0,6.0,HB6A3
Ibis budget Strasbourg Centre République,2025,6,F_B,SANS ALCOOL,20,21.0,57.5,18.0,7.0,HB6A3
Ibis budget Strasbourg Centre République,2025,6,F_B,SANS ALCOOL,21,20.0,60.0,15.0,10.0,HB6A3
Ibis budget Strasbourg Centre République,2025,6,F_B,SANS ALCOOL,22,53.0,163.5,42.0,10.0,HB6A3
Ibis budget Strasbourg Centre République,2025,6,F_B,SANS ALCOOL,23,37.0,102.5,27.0,9.0,HB6A3
Ibis budget Strasbourg Centre République,2025,7,F_B,FOOD SALEE,0,2.0,7.5,2.0,2.0,HB6A3
Ibis budget Strasbourg Centre République,2025,7,F_B,FOOD SALEE,1,4.0,25.0,2.0,3.0,HB6A3
Ibis budget Strasbourg Centre République,2025,7,F_B,FOOD SALEE,2,1.0,2.5,1.0,1.0,HB6A3
Ibis budget Strasbourg Centre République,2025,7,F_B,FOOD SALEE,11,1.0,8.0,1.0,1.0,HB6A3
Ibis budget Strasbourg Centre République,2025,7,F_B,FOOD SALEE,12,1.0,5.0,1.0,1.0,HB6A3
Ibis budget Strasbourg Centre République,2025,7,F_B,FOOD SALEE,16,2.0,5.0,2.0,2.0,HB6A3
Ibis budget Strasbourg Centre République,2025,7,F_B,FOOD SALEE,17,2.0,7.5,2.0,2.0,HB6A3
Ibis budget Strasbourg Centre République,2025,7,F_B,FOOD SALEE,18,1.0,5.0,1.0,1.0,HB6A3
Ibis budget Strasbourg Centre République,2025,7,F_B,FOOD SALEE,19,5.0,20.0,4.0,2.0,HB6A3
Ibis budget Strasbourg Centre République,2025,7,F_B,FOOD SALEE,20,10.0,75.0,4.0,3.0,HB6A3
Ibis budget Strasbourg Centre République,2025,7,F_B,FOOD SALEE,21,6.0,35.0,2.0,3.0,HB6A3
Ibis budget Strasbourg Centre République,2025,7,F_B,FOOD SALEE,22,9.0,65.0,5.0,3.0,HB6A3
Ibis budget Strasbourg Centre République,2025,7,F_B,FOOD SALEE,23,3.0,10.0,3.0,2.0,HB6A3
Ibis budget Strasbourg Centre République,2025,7,F_B,FOOD SUCREE,0,8.0,25.0,4.0,4.0,HB6A3
Ibis budget Strasbourg Centre République,2025,7,F_B,FOOD SUCREE,1,4.0,20.0,1.0,2.0,HB6A3
Ibis budget Strasbourg Centre République,2025,7,F_B,FOOD SUCREE,2,2.0,5.5,1.0,2.0,HB6A3
Ibis budget Strasbourg Centre République,2025,7,F_B,FOOD SUCREE,3,4.0,17.5,3.0,2.0,HB6A3
Ibis budget Strasbourg Centre République,2025,7,F_B,FOOD SUCREE,5,1.0,3.0,1.0,1.0,HB6A3
Ibis budget Strasbourg Centre République,2025,7,F_B,FOOD SUCREE,17,6.0,16.0,5.0,3.0,HB6A3
Ibis budget Strasbourg Centre République,2025,7,F_B,FOOD SUCREE,18,2.0,5.5,2.0,2.0,HB6A3
Ibis budget Strasbourg Centre République,2025,7,F_B,FOOD SUCREE,19,5.0,12.5,4.0,4.0,HB6A3
Ibis budget Strasbourg Centre République,2025,7,F_B,FOOD SUCREE,20,10.0,36.0,6.0,4.0,HB6A3
Ibis budget Strasbourg Centre République,2025,7,F_B,FOOD SUCREE,21,19.0,54.0,15.0,7.0,HB6A3
Ibis budget Strasbourg Centre République,2025,7,F_B,FOOD SUCREE,22,19.0,68.5,12.0,6.0,HB6A3
Ibis budget Strasbourg Centre République,2025,7,F_B,FOOD SUCREE,23,16.0,46.0,9.0,7.0,HB6A3
Ibis budget Strasbourg Centre République,2025,7,F_B,SANS ALCOOL,0,27.0,83.5,18.0,8.0,HB6A3
Ibis budget Strasbourg Centre République,2025,7,F_B,SANS ALCOOL,1,9.0,27.5,6.0,6.0,HB6A3
Ibis budget Strasbourg Centre République,2025,7,F_B,SANS ALCOOL,2,10.0,30.0,8.0,4.0,HB6A3
Ibis budget Strasbourg Centre République,2025,7,F_B,SANS ALCOOL,3,1.0,2.5,1.0,1.0,HB6A3
Ibis budget Strasbourg Centre République,2025,7,F_B,SANS ALCOOL,4,2.0,5.0,2.0,1.0,HB6A3
Ibis budget Strasbourg Centre République,2025,7,F_B,SANS ALCOOL,5,2.0,5.0,1.0,2.0,HB6A3
Ibis budget Strasbourg Centre République,2025,7,F_B,SANS ALCOOL,6,1.0,2.5,1.0,1.0,HB6A3
Ibis budget Strasbourg Centre République,2025,7,F_B,SANS ALCOOL,7,1.0,3.5,1.0,1.0,HB6A3
Ibis budget Strasbourg Centre République,2025,7,F_B,SANS ALCOOL,8,2.0,5.0,2.0,2.0,HB6A3
Ibis budget Strasbourg Centre République,2025,7,F_B,SANS ALCOOL,9,1.0,3.5,1.0,1.0,HB6A3
Ibis budget Strasbourg Centre République,2025,7,F_B,SANS ALCOOL,10,3.0,12.5,2.0,1.0,HB6A3
Ibis budget Strasbourg Centre République,2025,7,F_B,SANS ALCOOL,11,9.0,25.5,8.0,5.0,HB6A3
Ibis budget Strasbourg Centre République,2025,7,F_B,SANS ALCOOL,12,5.0,18.5,4.0,4.0,HB6A3
Ibis budget Strasbourg Centre République,2025,7,F_B,SANS ALCOOL,13,8.0,30.0,5.0,5.0,HB6A3
Ibis budget Strasbourg Centre République,2025,7,F_B,SANS ALCOOL,14,1.0,2.5,1.0,1.0,HB6A3
Ibis budget Strasbourg Centre République,2025,7,F_B,SANS ALCOOL,15,11.0,63.5,6.0,5.0,HB6A3
Ibis budget Strasbourg Centre République,2025,7,F_B,SANS ALCOOL,16,14.0,41.0,10.0,6.0,HB6A3
Ibis budget Strasbourg Centre République,2025,7,F_B,SANS ALCOOL,17,6.0,15.0,6.0,6.0,HB6A3
Ibis budget Strasbourg Centre République,2025,7,F_B,SANS ALCOOL,18,3.0,7.5,3.0,3.0,HB6A3
Ibis budget Strasbourg Centre République,2025,7,F_B,SANS ALCOOL,19,12.0,30.0,11.0,8.0,HB6A3
Ibis budget Strasbourg Centre République,2025,7,F_B,SANS ALCOOL,20,22.0,77.0,13.0,9.0,HB6A3
Ibis budget Strasbourg Centre République,2025,7,F_B,SANS ALCOOL,21,49.0,152.5,35.0,9.0,HB6A3
Ibis budget Strasbourg Centre République,2025,7,F_B,SANS ALCOOL,22,33.0,104.5,24.0,9.0,HB6A3
Ibis budget Strasbourg Centre République,2025,7,F_B,SANS ALCOOL,23,35.0,147.5,23.0,10.0,HB6A3
Ibis budget Strasbourg Centre République,2025,8,F_B,FOOD SALEE,0,2.0,5.0,2.0,2.0,HB6A3
Ibis budget Strasbourg Centre République,2025,8,F_B,FOOD SALEE,1,2.0,20.0,1.0,1.0,HB6A3
Ibis budget Strasbourg Centre République,2025,8,F_B,FOOD SALEE,2,2.0,5.0,1.0,2.0,HB6A3
Ibis budget Strasbourg Centre République,2025,8,F_B,FOOD SALEE,3,1.0,2.5,1.0,1.0,HB6A3
Ibis budget Strasbourg Centre République,2025,8,F_B,FOOD SALEE,8,1.0,5.0,1.0,1.0,HB6A3
Ibis budget Strasbourg Centre République,2025,8,F_B,FOOD SALEE,12,1.0,5.0,1.0,1.0,HB6A3
Ibis budget Strasbourg Centre République,2025,8,F_B,FOOD SALEE,13,1.0,2.5,1.0,1.0,HB6A3
Ibis budget Strasbourg Centre République,2025,8,F_B,FOOD SALEE,14,2.0,5.0,2.0,1.0,HB6A3
Ibis budget Strasbourg Centre République,2025,8,F_B,FOOD SALEE,17,1.0,2.5,1.0,1.0,HB6A3
Ibis budget Strasbourg Centre République,2025,8,F_B,FOOD SALEE,18,1.0,5.0,1.0,1.0,HB6A3
Ibis budget Strasbourg Centre République,2025,8,F_B,FOOD SALEE,19,6.0,35.0,5.0,2.0,HB6A3
Ibis budget Strasbourg Centre République,2025,8,F_B,FOOD SALEE,20,3.0,10.0,3.0,3.0,HB6A3
Ibis budget Strasbourg Centre République,2025,8,F_B,FOOD SALEE,21,9.0,52.5,7.0,2.0,HB6A3
Ibis budget Strasbourg Centre République,2025,8,F_B,FOOD SALEE,22,5.0,25.5,4.0,4.0,HB6A3
Ibis budget Strasbourg Centre République,2025,8,F_B,FOOD SALEE,23,4.0,25.0,3.0,3.0,HB6A3
Ibis budget Strasbourg Centre République,2025,8,F_B,FOOD SUCREE,0,3.0,7.5,3.0,2.0,HB6A3
Ibis budget Strasbourg Centre République,2025,8,F_B,FOOD SUCREE,2,2.0,10.0,1.0,1.0,HB6A3
Ibis budget Strasbourg Centre République,2025,8,F_B,FOOD SUCREE,3,2.0,5.0,1.0,2.0,HB6A3
Ibis budget Strasbourg Centre République,2025,8,F_B,FOOD SUCREE,7,1.0,2.5,1.0,1.0,HB6A3
Ibis budget Strasbourg Centre République,2025,8,F_B,FOOD SUCREE,8,3.0,8.5,3.0,2.0,HB6A3
Ibis budget Strasbourg Centre République,2025,8,F_B,FOOD SUCREE,9,3.0,9.0,3.0,1.0,HB6A3
Ibis budget Strasbourg Centre République,2025,8,F_B,FOOD SUCREE,10,4.0,10.0,2.0,3.0,HB6A3
Ibis budget Strasbourg Centre République,2025,8,F_B,FOOD SUCREE,11,5.0,18.0,2.0,4.0,HB6A3
Ibis budget Strasbourg Centre République,2025,8,F_B,FOOD SUCREE,12,4.0,10.0,2.0,4.0,HB6A3
Ibis budget Strasbourg Centre République,2025,8,F_B,FOOD SUCREE,13,1.0,2.5,1.0,1.0,HB6A3
Ibis budget Strasbourg Centre République,2025,8,F_B,FOOD SUCREE,14,1.0,2.5,1.0,1.0,HB6A3
Ibis budget Strasbourg Centre République,2025,8,F_B,FOOD SUCREE,15,2.0,5.5,1.0,2.0,HB6A3
Ibis budget Strasbourg Centre République,2025,8,F_B,FOOD SUCREE,16,1.0,2.5,1.0,1.0,HB6A3
Ibis budget Strasbourg Centre République,2025,8,F_B,FOOD SUCREE,17,4.0,17.0,3.0,3.0,HB6A3
Ibis budget Strasbourg Centre République,2025,8,F_B,FOOD SUCREE,18,4.0,10.5,4.0,4.0,HB6A3
Ibis budget Strasbourg Centre République,2025,8,F_B,FOOD SUCREE,19,9.0,22.5,8.0,3.0,HB6A3
Ibis budget Strasbourg Centre République,2025,8,F_B,FOOD SUCREE,20,8.0,20.5,5.0,6.0,HB6A3
Ibis budget Strasbourg Centre République,2025,8,F_B,FOOD SUCREE,21,7.0,18.0,6.0,5.0,HB6A3
Ibis budget Strasbourg Centre République,2025,8,F_B,FOOD SUCREE,22,10.0,25.5,8.0,5.0,HB6A3
Ibis budget Strasbourg Centre République,2025,8,F_B,FOOD SUCREE,23,6.0,15.0,5.0,4.0,HB6A3
Ibis budget Strasbourg Centre République,2025,8,F_B,SANS ALCOOL,0,19.0,63.5,14.0,8.0,HB6A3
Ibis budget Strasbourg Centre République,2025,8,F_B,SANS ALCOOL,1,9.0,32.5,5.0,6.0,HB6A3
Ibis budget Strasbourg Centre République,2025,8,F_B,SANS ALCOOL,2,7.0,17.5,5.0,6.0,HB6A3
Ibis budget Strasbourg Centre République,2025,8,F_B,SANS ALCOOL,3,2.0,5.0,2.0,1.0,HB6A3
Ibis budget Strasbourg Centre République,2025,8,F_B,SANS ALCOOL,4,1.0,2.5,1.0,1.0,HB6A3
Ibis budget Strasbourg Centre République,2025,8,F_B,SANS ALCOOL,6,1.0,2.5,1.0,1.0,HB6A3
Ibis budget Strasbourg Centre République,2025,8,F_B,SANS ALCOOL,7,2.0,5.0,2.0,2.0,HB6A3
Ibis budget Strasbourg Centre République,2025,8,F_B,SANS ALCOOL,8,3.0,12.5,1.0,2.0,HB6A3
Ibis budget Strasbourg Centre République,2025,8,F_B,SANS ALCOOL,9,5.0,12.5,5.0,3.0,HB6A3
Ibis budget Strasbourg Centre République,2025,8,F_B,SANS ALCOOL,10,7.0,17.5,5.0,5.0,HB6A3
Ibis budget Strasbourg Centre République,2025,8,F_B,SANS ALCOOL,11,13.0,42.5,10.0,5.0,HB6A3
Ibis budget Strasbourg Centre République,2025,8,F_B,SANS ALCOOL,12,5.0,12.5,5.0,2.0,HB6A3
Ibis budget Strasbourg Centre République,2025,8,F_B,SANS ALCOOL,13,10.0,35.0,8.0,6.0,HB6A3
Ibis budget Strasbourg Centre République,2025,8,F_B,SANS ALCOOL,14,12.0,40.0,7.0,6.0,HB6A3
Ibis budget Strasbourg Centre République,2025,8,F_B,SANS ALCOOL,15,6.0,16.0,5.0,5.0,HB6A3
Ibis budget Strasbourg Centre République,2025,8,F_B,SANS ALCOOL,16,10.0,25.0,8.0,6.0,HB6A3
Ibis budget Strasbourg Centre République,2025,8,F_B,SANS ALCOOL,17,26.0,70.0,17.0,9.0,HB6A3
Ibis budget Strasbourg Centre République,2025,8,F_B,SANS ALCOOL,18,14.0,49.0,11.0,8.0,HB6A3
Ibis budget Strasbourg Centre République,2025,8,F_B,SANS ALCOOL,19,25.0,67.5,22.0,8.0,HB6A3
Ibis budget Strasbourg Centre République,2025,8,F_B,SANS ALCOOL,20,40.0,125.0,27.0,10.0,HB6A3
Ibis budget Strasbourg Centre République,2025,8,F_B,SANS ALCOOL,21,73.0,237.5,49.0,9.0,HB6A3
Ibis budget Strasbourg Centre République,2025,8,F_B,SANS ALCOOL,22,93.0,338.5,54.0,11.0,HB6A3
Ibis budget Strasbourg Centre République,2025,8,F_B,SANS ALCOOL,23,42.0,111.0,32.0,11.0,HB6A3
Ibis budget Strasbourg Centre République,2025,9,F_B,FOOD SALEE,1,1.0,2.5,1.0,1.0,HB6A3
Ibis budget Strasbourg Centre République,2025,9,F_B,FOOD SALEE,2,1.0,2.5,1.0,1.0,HB6A3
Ibis budget Strasbourg Centre République,2025,9,F_B,FOOD SALEE,13,2.0,10.0,2.0,1.0,HB6A3
Ibis budget Strasbourg Centre République,2025,9,F_B,FOOD SALEE,16,1.0,2.5,1.0,1.0,HB6A3
Ibis budget Strasbourg Centre République,2025,9,F_B,FOOD SALEE,18,3.0,15.0,1.0,2.0,HB6A3
Ibis budget Strasbourg Centre République,2025,9,F_B,FOOD SALEE,21,1.0,5.0,1.0,1.0,HB6A3
Ibis budget Strasbourg Centre République,2025,9,F_B,FOOD SALEE,22,5.0,20.0,5.0,3.0,HB6A3
Ibis budget Strasbourg Centre République,2025,9,F_B,FOOD SALEE,23,3.0,22.5,2.0,2.0,HB6A3
Ibis budget Strasbourg Centre République,2025,9,F_B,FOOD SUCREE,0,4.0,11.0,3.0,3.0,HB6A3
Ibis budget Strasbourg Centre République,2025,9,F_B,FOOD SUCREE,1,7.0,23.0,5.0,2.0,HB6A3
Ibis budget Strasbourg Centre République,2025,9,F_B,FOOD SUCREE,10,1.0,2.5,1.0,1.0,HB6A3
Ibis budget Strasbourg Centre République,2025,9,F_B,FOOD SUCREE,11,1.0,2.5,1.0,1.0,HB6A3
Ibis budget Strasbourg Centre République,2025,9,F_B,FOOD SUCREE,13,1.0,2.5,1.0,1.0,HB6A3
Ibis budget Strasbourg Centre République,2025,9,F_B,FOOD SUCREE,14,1.0,2.5,1.0,1.0,HB6A3
Ibis budget Strasbourg Centre République,2025,9,F_B,FOOD SUCREE,15,3.0,7.5,3.0,1.0,HB6A3
Ibis budget Strasbourg Centre République,2025,9,F_B,FOOD SUCREE,16,2.0,5.0,2.0,2.0,HB6A3
Ibis budget Strasbourg Centre République,2025,9,F_B,FOOD SUCREE,17,2.0,5.0,2.0,2.0,HB6A3
Ibis budget Strasbourg Centre République,2025,9,F_B,FOOD SUCREE,18,1.0,2.5,1.0,1.0,HB6A3
Ibis budget Strasbourg Centre République,2025,9,F_B,FOOD SUCREE,20,6.0,15.0,6.0,3.0,HB6A3
Ibis budget Strasbourg Centre République,2025,9,F_B,FOOD SUCREE,21,5.0,13.0,4.0,5.0,HB6A3
Ibis budget Strasbourg Centre République,2025,9,F_B,FOOD SUCREE,22,11.0,33.0,8.0,5.0,HB6A3
Ibis budget Strasbourg Centre République,2025,9,F_B,FOOD SUCREE,23,2.0,5.5,2.0,2.0,HB6A3
Ibis budget Strasbourg Centre République,2025,9,F_B,SANS ALCOOL,0,11.0,37.5,9.0,3.0,HB6A3
Ibis budget Strasbourg Centre République,2025,9,F_B,SANS ALCOOL,1,6.0,15.0,6.0,5.0,HB6A3
Ibis budget Strasbourg Centre République,2025,9,F_B,SANS ALCOOL,2,2.0,5.0,2.0,2.0,HB6A3
Ibis budget Strasbourg Centre République,2025,9,F_B,SANS ALCOOL,3,2.0,5.0,2.0,2.0,HB6A3
Ibis budget Strasbourg Centre République,2025,9,F_B,SANS ALCOOL,7,2.0,5.0,2.0,2.0,HB6A3
Ibis budget Strasbourg Centre République,2025,9,F_B,SANS ALCOOL,10,3.0,7.5,3.0,3.0,HB6A3
Ibis budget Strasbourg Centre République,2025,9,F_B,SANS ALCOOL,11,5.0,17.5,4.0,3.0,HB6A3
Ibis budget Strasbourg Centre République,2025,9,F_B,SANS ALCOOL,12,1.0,2.5,1.0,1.0,HB6A3
Ibis budget Strasbourg Centre République,2025,9,F_B,SANS ALCOOL,13,2.0,5.0,2.0,2.0,HB6A3
Ibis budget Strasbourg Centre République,2025,9,F_B,SANS ALCOOL,14,7.0,17.5,6.0,3.0,HB6A3
Ibis budget Strasbourg Centre République,2025,9,F_B,SANS ALCOOL,15,2.0,5.0,2.0,2.0,HB6A3
Ibis budget Strasbourg Centre République,2025,9,F_B,SANS ALCOOL,16,12.0,41.0,10.0,6.0,HB6A3
Ibis budget Strasbourg Centre République,2025,9,F_B,SANS ALCOOL,17,5.0,12.5,4.0,5.0,HB6A3
Ibis budget Strasbourg Centre République,2025,9,F_B,SANS ALCOOL,18,7.0,17.5,7.0,5.0,HB6A3
Ibis budget Strasbourg Centre République,2025,9,F_B,SANS ALCOOL,19,4.0,10.0,3.0,3.0,HB6A3
Ibis budget Strasbourg Centre République,2025,9,F_B,SANS ALCOOL,20,10.0,25.0,9.0,3.0,HB6A3
Ibis budget Strasbourg Centre République,2025,9,F_B,SANS ALCOOL,21,21.0,57.5,18.0,8.0,HB6A3
Ibis budget Strasbourg Centre République,2025,9,F_B,SANS ALCOOL,22,24.0,80.0,20.0,9.0,HB6A3
Ibis budget Strasbourg Centre République,2025,9,F_B,SANS ALCOOL,23,17.0,62.5,14.0,5.0,HB6A3
Ibis budget Strasbourg Centre République,2025,10,F_B,FOOD SALEE,0,1.0,5.0,1.0,1.0,HB6A3
Ibis budget Strasbourg Centre République,2025,10,F_B,FOOD SALEE,2,2.0,5.0,1.0,2.0,HB6A3
Ibis budget Strasbourg Centre République,2025,10,F_B,FOOD SALEE,4,1.0,5.0,1.0,1.0,HB6A3
Ibis budget Strasbourg Centre République,2025,10,F_B,FOOD SALEE,8,1.0,2.5,1.0,1.0,HB6A3
Ibis budget Strasbourg Centre République,2025,10,F_B,FOOD SALEE,12,1.0,2.5,1.0,1.0,HB6A3
Ibis budget Strasbourg Centre République,2025,10,F_B,FOOD SALEE,14,1.0,2.5,1.0,1.0,HB6A3
Ibis budget Strasbourg Centre République,2025,10,F_B,FOOD SALEE,16,4.0,15.0,2.0,2.0,HB6A3
Ibis budget Strasbourg Centre République,2025,10,F_B,FOOD SALEE,17,4.0,25.0,2.0,2.0,HB6A3
Ibis budget Strasbourg Centre République,2025,10,F_B,FOOD SALEE,18,1.0,2.5,1.0,1.0,HB6A3
Ibis budget Strasbourg Centre République,2025,10,F_B,FOOD SALEE,19,4.0,17.5,4.0,2.0,HB6A3
Ibis budget Strasbourg Centre République,2025,10,F_B,FOOD SALEE,20,1.0,5.0,1.0,1.0,HB6A3
Ibis budget Strasbourg Centre République,2025,10,F_B,FOOD SALEE,21,6.0,17.5,5.0,3.0,HB6A3
Ibis budget Strasbourg Centre République,2025,10,F_B,FOOD SALEE,22,5.0,20.0,4.0,3.0,HB6A3
Ibis budget Strasbourg Centre République,2025,10,F_B,FOOD SUCREE,0,2.0,5.0,2.0,2.0,HB6A3
Ibis budget Strasbourg Centre République,2025,10,F_B,FOOD SUCREE,1,2.0,5.0,2.0,2.0,HB6A3
Ibis budget Strasbourg Centre République,2025,10,F_B,FOOD SUCREE,2,1.0,2.5,1.0,1.0,HB6A3
Ibis budget Strasbourg Centre République,2025,10,F_B,FOOD SUCREE,6,1.0,2.5,1.0,1.0,HB6A3
Ibis budget Strasbourg Centre République,2025,10,F_B,FOOD SUCREE,7,1.0,2.5,1.0,1.0,HB6A3
Ibis budget Strasbourg Centre République,2025,10,F_B,FOOD SUCREE,10,1.0,2.5,1.0,1.0,HB6A3
Ibis budget Strasbourg Centre République,2025,10,F_B,FOOD SUCREE,11,1.0,2.5,1.0,1.0,HB6A3
Ibis budget Strasbourg Centre République,2025,10,F_B,FOOD SUCREE,15,6.0,20.0,3.0,5.0,HB6A3
Ibis budget Strasbourg Centre République,2025,10,F_B,FOOD SUCREE,16,4.0,17.0,3.0,3.0,HB6A3
Ibis budget Strasbourg Centre République,2025,10,F_B,FOOD SUCREE,17,3.0,7.5,3.0,3.0,HB6A3
Ibis budget Strasbourg Centre République,2025,10,F_B,FOOD SUCREE,18,4.0,10.0,4.0,4.0,HB6A3
Ibis budget Strasbourg Centre République,2025,10,F_B,FOOD SUCREE,19,6.0,15.5,6.0,5.0,HB6A3
Ibis budget Strasbourg Centre République,2025,10,F_B,FOOD SUCREE,20,4.0,10.0,4.0,3.0,HB6A3
Ibis budget Strasbourg Centre République,2025,10,F_B,FOOD SUCREE,21,15.0,57.5,8.0,5.0,HB6A3
Ibis budget Strasbourg Centre République,2025,10,F_B,FOOD SUCREE,22,10.0,25.0,7.0,6.0,HB6A3
Ibis budget Strasbourg Centre République,2025,10,F_B,FOOD SUCREE,23,5.0,13.0,5.0,4.0,HB6A3
Ibis budget Strasbourg Centre République,2025,10,F_B,SANS ALCOOL,0,21.0,87.5,15.0,6.0,HB6A3
Ibis budget Strasbourg Centre République,2025,10,F_B,SANS ALCOOL,1,10.0,26.0,8.0,7.0,HB6A3
Ibis budget Strasbourg Centre République,2025,10,F_B,SANS ALCOOL,2,1.0,2.5,1.0,1.0,HB6A3
Ibis budget Strasbourg Centre République,2025,10,F_B,SANS ALCOOL,3,5.0,12.5,4.0,5.0,HB6A3
Ibis budget Strasbourg Centre République,2025,10,F_B,SANS ALCOOL,5,1.0,2.5,1.0,1.0,HB6A3
Ibis budget Strasbourg Centre République,2025,10,F_B,SANS ALCOOL,6,2.0,5.0,2.0,2.0,HB6A3
Ibis budget Strasbourg Centre République,2025,10,F_B,SANS ALCOOL,7,1.0,2.5,1.0,1.0,HB6A3
Ibis budget Strasbourg Centre République,2025,10,F_B,SANS ALCOOL,8,5.0,17.5,4.0,3.0,HB6A3
Ibis budget Strasbourg Centre République,2025,10,F_B,SANS ALCOOL,9,2.0,5.0,1.0,2.0,HB6A3
Ibis budget Strasbourg Centre République,2025,10,F_B,SANS ALCOOL,10,2.0,5.0,2.0,1.0,HB6A3
Ibis budget Strasbourg Centre République,2025,10,F_B,SANS ALCOOL,11,3.0,7.5,3.0,2.0,HB6A3
Ibis budget Strasbourg Centre République,2025,10,F_B,SANS ALCOOL,12,3.0,7.5,2.0,2.0,HB6A3
Ibis budget Strasbourg Centre République,2025,10,F_B,SANS ALCOOL,13,3.0,7.5,3.0,2.0,HB6A3
Ibis budget Strasbourg Centre République,2025,10,F_B,SANS ALCOOL,14,6.0,15.0,6.0,5.0,HB6A3
Ibis budget Strasbourg Centre République,2025,10,F_B,SANS ALCOOL,15,6.0,20.0,5.0,4.0,HB6A3
Ibis budget Strasbourg Centre République,2025,10,F_B,SANS ALCOOL,16,6.0,21.0,4.0,5.0,HB6A3
Ibis budget Strasbourg Centre République,2025,10,F_B,SANS ALCOOL,17,11.0,27.5,11.0,8.0,HB6A3
Ibis budget Strasbourg Centre République,2025,10,F_B,SANS ALCOOL,18,6.0,21.0,3.0,4.0,HB6A3
Ibis budget Strasbourg Centre République,2025,10,F_B,SANS ALCOOL,19,9.0,22.5,9.0,5.0,HB6A3
Ibis budget Strasbourg Centre République,2025,10,F_B,SANS ALCOOL,20,10.0,25.0,9.0,4.0,HB6A3
Ibis budget Strasbourg Centre République,2025,10,F_B,SANS ALCOOL,21,39.0,127.5,31.0,9.0,HB6A3
Ibis budget Strasbourg Centre République,2025,10,F_B,SANS ALCOOL,22,44.0,157.0,33.0,9.0,HB6A3
Ibis budget Strasbourg Centre République,2025,10,F_B,SANS ALCOOL,23,15.0,42.5,11.0,5.0,HB6A3
Ibis budget Strasbourg Centre République,2025,11,F_B,FOOD SALEE,0,15.0,80.0,9.0,3.0,HB6A3
Ibis budget Strasbourg Centre République,2025,11,F_B,FOOD SALEE,1,1.0,5.0,1.0,1.0,HB6A3
Ibis budget Strasbourg Centre République,2025,11,F_B,FOOD SALEE,4,1.0,5.0,1.0,1.0,HB6A3
Ibis budget Strasbourg Centre République,2025,11,F_B,FOOD SALEE,14,1.0,2.5,1.0,1.0,HB6A3
Ibis budget Strasbourg Centre République,2025,11,F_B,FOOD SALEE,17,1.0,2.5,1.0,1.0,HB6A3
Ibis budget Strasbourg Centre République,2025,11,F_B,FOOD SALEE,18,1.0,2.5,1.0,1.0,HB6A3
Ibis budget Strasbourg Centre République,2025,11,F_B,FOOD SALEE,19,5.0,17.5,4.0,2.0,HB6A3
Ibis budget Strasbourg Centre République,2025,11,F_B,FOOD SALEE,20,3.0,10.0,2.0,3.0,HB6A3
Ibis budget Strasbourg Centre République,2025,11,F_B,FOOD SALEE,21,11.0,37.5,10.0,3.0,HB6A3
Ibis budget Strasbourg Centre République,2025,11,F_B,FOOD SALEE,22,2.0,10.0,1.0,1.0,HB6A3
Ibis budget Strasbourg Centre République,2025,11,F_B,FOOD SALEE,23,3.0,12.5,3.0,2.0,HB6A3
Ibis budget Strasbourg Centre République,2025,11,F_B,FOOD SUCREE,0,12.0,35.5,9.0,6.0,HB6A3
Ibis budget Strasbourg Centre République,2025,11,F_B,FOOD SUCREE,1,5.0,17.5,3.0,4.0,HB6A3
Ibis budget Strasbourg Centre République,2025,11,F_B,FOOD SUCREE,2,1.0,2.5,1.0,1.0,HB6A3
Ibis budget Strasbourg Centre République,2025,11,F_B,FOOD SUCREE,3,2.0,5.0,2.0,2.0,HB6A3
Ibis budget Strasbourg Centre République,2025,11,F_B,FOOD SUCREE,8,1.0,3.0,1.0,1.0,HB6A3
Ibis budget Strasbourg Centre République,2025,11,F_B,FOOD SUCREE,9,5.0,18.0,3.0,3.0,HB6A3
Ibis budget Strasbourg Centre République,2025,11,F_B,FOOD SUCREE,10,2.0,12.0,1.0,1.0,HB6A3
Ibis budget Strasbourg Centre République,2025,11,F_B,FOOD SUCREE,11,2.0,5.5,2.0,2.0,HB6A3
Ibis budget Strasbourg Centre République,2025,11,F_B,FOOD SUCREE,12,6.0,15.5,1.0,6.0,HB6A3
Ibis budget Strasbourg Centre République,2025,11,F_B,FOOD SUCREE,14,2.0,5.0,2.0,2.0,HB6A3
Ibis budget Strasbourg Centre République,2025,11,F_B,FOOD SUCREE,15,1.0,2.5,1.0,1.0,HB6A3
Ibis budget Strasbourg Centre République,2025,11,F_B,FOOD SUCREE,16,2.0,5.5,2.0,2.0,HB6A3
Ibis budget Strasbourg Centre République,2025,11,F_B,FOOD SUCREE,17,2.0,5.0,1.0,2.0,HB6A3
Ibis budget Strasbourg Centre République,2025,11,F_B,FOOD SUCREE,18,2.0,5.0,2.0,1.0,HB6A3
Ibis budget Strasbourg Centre République,2025,11,F_B,FOOD SUCREE,19,12.0,46.5,5.0,6.0,HB6A3
Ibis budget Strasbourg Centre République,2025,11,F_B,FOOD SUCREE,20,7.0,22.5,5.0,3.0,HB6A3
Ibis budget Strasbourg Centre République,2025,11,F_B,FOOD SUCREE,21,15.0,44.5,12.0,6.0,HB6A3
Ibis budget Strasbourg Centre République,2025,11,F_B,FOOD SUCREE,22,9.0,23.5,7.0,6.0,HB6A3
Ibis budget Strasbourg Centre République,2025,11,F_B,FOOD SUCREE,23,5.0,12.5,4.0,4.0,HB6A3
Ibis budget Strasbourg Centre République,2025,11,F_B,SANS ALCOOL,0,42.0,151.0,27.0,10.0,HB6A3
Ibis budget Strasbourg Centre République,2025,11,F_B,SANS ALCOOL,1,13.0,57.5,7.0,3.0,HB6A3
Ibis budget Strasbourg Centre République,2025,11,F_B,SANS ALCOOL,2,2.0,10.0,1.0,1.0,HB6A3
Ibis budget Strasbourg Centre République,2025,11,F_B,SANS ALCOOL,3,1.0,2.5,1.0,1.0,HB6A3
Ibis budget Strasbourg Centre République,2025,11,F_B,SANS ALCOOL,4,1.0,2.5,1.0,1.0,HB6A3
Ibis budget Strasbourg Centre République,2025,11,F_B,SANS ALCOOL,6,2.0,7.0,2.0,1.0,HB6A3
Ibis budget Strasbourg Centre République,2025,11,F_B,SANS ALCOOL,7,2.0,5.0,2.0,1.0,HB6A3
Ibis budget Strasbourg Centre République,2025,11,F_B,SANS ALCOOL,8,3.0,7.5,3.0,3.0,HB6A3
Ibis budget Strasbourg Centre République,2025,11,F_B,SANS ALCOOL,9,3.0,7.5,2.0,2.0,HB6A3
Ibis budget Strasbourg Centre République,2025,11,F_B,SANS ALCOOL,10,1.0,2.5,1.0,1.0,HB6A3
Ibis budget Strasbourg Centre République,2025,11,F_B,SANS ALCOOL,11,3.0,7.5,3.0,3.0,HB6A3
Ibis budget Strasbourg Centre République,2025,11,F_B,SANS ALCOOL,12,1.0,2.5,1.0,1.0,HB6A3
Ibis budget Strasbourg Centre République,2025,11,F_B,SANS ALCOOL,13,4.0,15.0,3.0,2.0,HB6A3
Ibis budget Strasbourg Centre République,2025,11,F_B,SANS ALCOOL,14,2.0,5.0,2.0,2.0,HB6A3
Ibis budget Strasbourg Centre République,2025,11,F_B,SANS ALCOOL,15,5.0,12.5,5.0,2.0,HB6A3
Ibis budget Strasbourg Centre République,2025,11,F_B,SANS ALCOOL,16,4.0,15.0,3.0,3.0,HB6A3
Ibis budget Strasbourg Centre République,2025,11,F_B,SANS ALCOOL,17,11.0,33.5,9.0,7.0,HB6A3
Ibis budget Strasbourg Centre République,2025,11,F_B,SANS ALCOOL,18,5.0,12.5,5.0,4.0,HB6A3
Ibis budget Strasbourg Centre République,2025,11,F_B,SANS ALCOOL,19,16.0,41.0,15.0,10.0,HB6A3
Ibis budget Strasbourg Centre République,2025,11,F_B,SANS ALCOOL,20,10.0,30.0,9.0,4.0,HB6A3
Ibis budget Strasbourg Centre République,2025,11,F_B,SANS ALCOOL,21,24.0,80.0,16.0,9.0,HB6A3
Ibis budget Strasbourg Centre République,2025,11,F_B,SANS ALCOOL,22,38.0,132.0,27.0,8.0,HB6A3
Ibis budget Strasbourg Centre République,2025,11,F_B,SANS ALCOOL,23,24.0,81.0,19.0,6.0,HB6A3
Ibis budget Strasbourg Centre République,2025,12,F_B,FOOD SALEE,0,2.0,10.0,1.0,1.0,HB6A3
Ibis budget Strasbourg Centre République,2025,12,F_B,FOOD SALEE,1,1.0,2.5,1.0,1.0,HB6A3
Ibis budget Strasbourg Centre République,2025,12,F_B,FOOD SALEE,4,1.0,2.5,1.0,1.0,HB6A3
Ibis budget Strasbourg Centre République,2025,12,F_B,FOOD SALEE,9,1.0,2.5,1.0,1.0,HB6A3
Ibis budget Strasbourg Centre République,2025,12,F_B,FOOD SALEE,14,7.0,37.5,4.0,2.0,HB6A3
Ibis budget Strasbourg Centre République,2025,12,F_B,FOOD SALEE,16,1.0,2.5,1.0,1.0,HB6A3
Ibis budget Strasbourg Centre République,2025,12,F_B,FOOD SALEE,18,5.0,17.5,4.0,2.0,HB6A3
Ibis budget Strasbourg Centre République,2025,12,F_B,FOOD SALEE,19,3.0,7.5,3.0,2.0,HB6A3
Ibis budget Strasbourg Centre République,2025,12,F_B,FOOD SALEE,20,11.0,59.5,8.0,3.0,HB6A3
Ibis budget Strasbourg Centre République,2025,12,F_B,FOOD SALEE,21,11.0,33.0,9.0,3.0,HB6A3
Ibis budget Strasbourg Centre République,2025,12,F_B,FOOD SALEE,22,6.0,20.0,5.0,2.0,HB6A3
Ibis budget Strasbourg Centre République,2025,12,F_B,FOOD SALEE,23,2.0,5.0,2.0,2.0,HB6A3
Ibis budget Strasbourg Centre République,2025,12,F_B,FOOD SUCREE,0,5.0,17.5,3.0,3.0,HB6A3
Ibis budget Strasbourg Centre République,2025,12,F_B,FOOD SUCREE,1,1.0,2.5,1.0,1.0,HB6A3
Ibis budget Strasbourg Centre République,2025,12,F_B,FOOD SUCREE,2,2.0,12.0,1.0,1.0,HB6A3
Ibis budget Strasbourg Centre République,2025,12,F_B,FOOD SUCREE,3,2.0,5.5,1.0,2.0,HB6A3
Ibis budget Strasbourg Centre République,2025,12,F_B,FOOD SUCREE,4,1.0,2.5,1.0,1.0,HB6A3
Ibis budget Strasbourg Centre République,2025,12,F_B,FOOD SUCREE,8,1.0,2.5,1.0,1.0,HB6A3
Ibis budget Strasbourg Centre République,2025,12,F_B,FOOD SUCREE,9,2.0,5.5,2.0,2.0,HB6A3
Ibis budget Strasbourg Centre République,2025,12,F_B,FOOD SUCREE,11,3.0,8.0,2.0,3.0,HB6A3
Ibis budget Strasbourg Centre République,2025,12,F_B,FOOD SUCREE,12,8.0,22.0,6.0,4.0,HB6A3
Ibis budget Strasbourg Centre République,2025,12,F_B,FOOD SUCREE,13,1.0,2.5,1.0,1.0,HB6A3
Ibis budget Strasbourg Centre République,2025,12,F_B,FOOD SUCREE,14,6.0,20.5,3.0,5.0,HB6A3
Ibis budget Strasbourg Centre République,2025,12,F_B,FOOD SUCREE,17,4.0,10.0,4.0,4.0,HB6A3
Ibis budget Strasbourg Centre République,2025,12,F_B,FOOD SUCREE,18,8.0,20.0,7.0,5.0,HB6A3
Ibis budget Strasbourg Centre République,2025,12,F_B,FOOD SUCREE,19,3.0,7.5,3.0,3.0,HB6A3
Ibis budget Strasbourg Centre République,2025,12,F_B,FOOD SUCREE,20,10.0,25.5,8.0,7.0,HB6A3
Ibis budget Strasbourg Centre République,2025,12,F_B,FOOD SUCREE,21,30.0,81.5,19.0,8.0,HB6A3
Ibis budget Strasbourg Centre République,2025,12,F_B,FOOD SUCREE,22,39.0,119.0,26.0,8.0,HB6A3
Ibis budget Strasbourg Centre République,2025,12,F_B,FOOD SUCREE,23,17.0,42.5,12.0,6.0,HB6A3
Ibis budget Strasbourg Centre République,2025,12,F_B,SANS ALCOOL,0,24.0,70.0,18.0,8.0,HB6A3
Ibis budget Strasbourg Centre République,2025,12,F_B,SANS ALCOOL,1,9.0,28.5,8.0,4.0,HB6A3
Ibis budget Strasbourg Centre République,2025,12,F_B,SANS ALCOOL,2,6.0,20.0,4.0,4.0,HB6A3
Ibis budget Strasbourg Centre République,2025,12,F_B,SANS ALCOOL,3,2.0,10.0,1.0,1.0,HB6A3
Ibis budget Strasbourg Centre République,2025,12,F_B,SANS ALCOOL,4,2.0,6.0,2.0,2.0,HB6A3
Ibis budget Strasbourg Centre République,2025,12,F_B,SANS ALCOOL,6,4.0,15.0,3.0,1.0,HB6A3
Ibis budget Strasbourg Centre République,2025,12,F_B,SANS ALCOOL,7,1.0,2.5,1.0,1.0,HB6A3
Ibis budget Strasbourg Centre République,2025,12,F_B,SANS ALCOOL,8,7.0,18.5,7.0,6.0,HB6A3
Ibis budget Strasbourg Centre République,2025,12,F_B,SANS ALCOOL,9,6.0,22.0,5.0,3.0,HB6A3
Ibis budget Strasbourg Centre République,2025,12,F_B,SANS ALCOOL,10,8.0,21.0,8.0,5.0,HB6A3
Ibis budget Strasbourg Centre République,2025,12,F_B,SANS ALCOOL,11,4.0,15.0,3.0,3.0,HB6A3
Ibis budget Strasbourg Centre République,2025,12,F_B,SANS ALCOOL,12,2.0,5.0,1.0,2.0,HB6A3
Ibis budget Strasbourg Centre République,2025,12,F_B,SANS ALCOOL,13,5.0,17.5,4.0,3.0,HB6A3
Ibis budget Strasbourg Centre République,2025,12,F_B,SANS ALCOOL,14,10.0,44.0,7.0,5.0,HB6A3
Ibis budget Strasbourg Centre République,2025,12,F_B,SANS ALCOOL,15,8.0,20.0,7.0,7.0,HB6A3
Ibis budget Strasbourg Centre République,2025,12,F_B,SANS ALCOOL,16,8.0,21.0,8.0,6.0,HB6A3
Ibis budget Strasbourg Centre République,2025,12,F_B,SANS ALCOOL,17,20.0,66.0,16.0,7.0,HB6A3
Ibis budget Strasbourg Centre République,2025,12,F_B,SANS ALCOOL,18,19.0,58.5,13.0,9.0,HB6A3
Ibis budget Strasbourg Centre République,2025,12,F_B,SANS ALCOOL,19,31.0,108.5,22.0,9.0,HB6A3
Ibis budget Strasbourg Centre République,2025,12,F_B,SANS ALCOOL,20,39.0,117.5,29.0,9.0,HB6A3
Ibis budget Strasbourg Centre République,2025,12,F_B,SANS ALCOOL,21,86.0,305.0,61.0,10.0,HB6A3
Ibis budget Strasbourg Centre République,2025,12,F_B,SANS ALCOOL,22,67.0,218.5,52.0,11.0,HB6A3
Ibis budget Strasbourg Centre République,2025,12,F_B,SANS ALCOOL,23,65.0,297.5,44.0,10.0,HB6A3
Mercure Paris Montmartre Sacré-Cœur,2024,1,N_F_B,COSMETIQUE,12,1.0,0.5,1.0,1.0,H0373
Mercure Paris Montmartre Sacré-Cœur,2024,1,N_F_B,COSMETIQUE,13,1.0,0.5,1.0,1.0,H0373
Mercure Paris Montmartre Sacré-Cœur,2024,2,F_B,ALCOOL,0,1.0,7.0,1.0,1.0,H0373
Mercure Paris Montmartre Sacré-Cœur,2024,2,F_B,ALCOOL,1,1.0,7.0,1.0,1.0,H0373
Mercure Paris Montmartre Sacré-Cœur,2024,2,F_B,ALCOOL,4,4.0,80.0,1.0,1.0,H0373
Mercure Paris Montmartre Sacré-Cœur,2024,2,F_B,ALCOOL,7,1.0,7.0,1.0,1.0,H0373
Mercure Paris Montmartre Sacré-Cœur,2024,2,F_B,ALCOOL,8,1.0,7.0,1.0,1.0,H0373
Mercure Paris Montmartre Sacré-Cœur,2024,2,F_B,ALCOOL,9,1.0,7.0,1.0,1.0,H0373
Mercure Paris Montmartre Sacré-Cœur,2024,2,F_B,ALCOOL,10,1.0,7.0,1.0,1.0,H0373
Mercure Paris Montmartre Sacré-Cœur,2024,2,F_B,ALCOOL,14,1.0,18.0,1.0,1.0,H0373
Mercure Paris Montmartre Sacré-Cœur,2024,2,F_B,ALCOOL,15,3.0,41.0,3.0,2.0,H0373
Mercure Paris Montmartre Sacré-Cœur,2024,2,F_B,ALCOOL,17,7.0,60.0,5.0,4.0,H0373
Mercure Paris Montmartre Sacré-Cœur,2024,2,F_B,ALCOOL,18,2.0,12.0,2.0,2.0,H0373
Mercure Paris Montmartre Sacré-Cœur,2024,2,F_B,ALCOOL,20,5.0,34.0,4.0,4.0,H0373
Mercure Paris Montmartre Sacré-Cœur,2024,2,F_B,ALCOOL,21,3.0,30.0,3.0,3.0,H0373
Mercure Paris Montmartre Sacré-Cœur,2024,2,F_B,ALCOOL,22,8.0,60.0,6.0,4.0,H0373
Mercure Paris Montmartre Sacré-Cœur,2024,2,F_B,ALCOOL,23,7.0,58.0,6.0,5.0,H0373
Mercure Paris Montmartre Sacré-Cœur,2024,2,F_B,FOOD SALEE,0,2.0,7.0,2.0,2.0,H0373
Mercure Paris Montmartre Sacré-Cœur,2024,2,F_B,FOOD SALEE,1,3.0,14.0,3.0,3.0,H0373
Mercure Paris Montmartre Sacré-Cœur,2024,2,F_B,FOOD SALEE,2,3.0,15.0,3.0,3.0,H0373
Mercure Paris Montmartre Sacré-Cœur,2024,2,F_B,FOOD SALEE,3,1.0,6.0,1.0,1.0,H0373
Mercure Paris Montmartre Sacré-Cœur,2024,2,F_B,FOOD SALEE,5,5.0,25.0,3.0,5.0,H0373
Mercure Paris Montmartre Sacré-Cœur,2024,2,F_B,FOOD SALEE,7,2.0,9.0,2.0,2.0,H0373
Mercure Paris Montmartre Sacré-Cœur,2024,2,F_B,FOOD SALEE,14,2.0,8.0,1.0,2.0,H0373
Mercure Paris Montmartre Sacré-Cœur,2024,2,F_B,FOOD SALEE,16,1.0,4.0,1.0,1.0,H0373
Mercure Paris Montmartre Sacré-Cœur,2024,2,F_B,FOOD SALEE,17,4.0,14.0,4.0,3.0,H0373
Mercure Paris Montmartre Sacré-Cœur,2024,2,F_B,FOOD SALEE,18,9.0,49.0,4.0,7.0,H0373
Mercure Paris Montmartre Sacré-Cœur,2024,2,F_B,FOOD SALEE,20,1.0,3.0,1.0,1.0,H0373
Mercure Paris Montmartre Sacré-Cœur,2024,2,F_B,FOOD SALEE,21,1.0,3.0,1.0,1.0,H0373
Mercure Paris Montmartre Sacré-Cœur,2024,2,F_B,FOOD SALEE,22,5.0,22.0,3.0,4.0,H0373
Mercure Paris Montmartre Sacré-Cœur,2024,2,F_B,FOOD SALEE,23,6.0,29.0,6.0,5.0,H0373
Mercure Paris Montmartre Sacré-Cœur,2024,2,F_B,FOOD SUCREE,0,1.0,4.0,1.0,1.0,H0373
Mercure Paris Montmartre Sacré-Cœur,2024,2,F_B,FOOD SUCREE,1,1.0,7.0,1.0,1.0,H0373
Mercure Paris Montmartre Sacré-Cœur,2024,2,F_B,FOOD SUCREE,2,2.0,5.0,1.0,2.0,H0373
Mercure Paris Montmartre Sacré-Cœur,2024,2,F_B,FOOD SUCREE,8,2.0,7.0,2.0,2.0,H0373
Mercure Paris Montmartre Sacré-Cœur,2024,2,F_B,FOOD SUCREE,14,2.0,6.0,2.0,2.0,H0373
Mercure Paris Montmartre Sacré-Cœur,2024,2,F_B,FOOD SUCREE,15,1.0,13.0,1.0,1.0,H0373
Mercure Paris Montmartre Sacré-Cœur,2024,2,F_B,FOOD SUCREE,16,3.0,31.0,2.0,2.0,H0373
Mercure Paris Montmartre Sacré-Cœur,2024,2,F_B,FOOD SUCREE,17,2.0,6.0,2.0,2.0,H0373
Mercure Paris Montmartre Sacré-Cœur,2024,2,F_B,FOOD SUCREE,18,2.0,7.0,2.0,2.0,H0373
Mercure Paris Montmartre Sacré-Cœur,2024,2,F_B,FOOD SUCREE,20,3.0,10.0,2.0,2.0,H0373
Mercure Paris Montmartre Sacré-Cœur,2024,2,F_B,FOOD SUCREE,21,3.0,19.0,3.0,3.0,H0373
Mercure Paris Montmartre Sacré-Cœur,2024,2,F_B,FOOD SUCREE,22,5.0,21.0,5.0,5.0,H0373
Mercure Paris Montmartre Sacré-Cœur,2024,2,F_B,FOOD SUCREE,23,4.0,34.0,4.0,4.0,H0373
Mercure Paris Montmartre Sacré-Cœur,2024,2,F_B,SANS ALCOOL,0,21.0,155.0,14.0,5.0,H0373
Mercure Paris Montmartre Sacré-Cœur,2024,2,F_B,SANS ALCOOL,1,13.0,135.0,8.0,3.0,H0373
Mercure Paris Montmartre Sacré-Cœur,2024,2,F_B,SANS ALCOOL,2,6.0,39.0,4.0,4.0,H0373
Mercure Paris Montmartre Sacré-Cœur,2024,2,F_B,SANS ALCOOL,3,5.0,34.5,4.0,2.0,H0373
Mercure Paris Montmartre Sacré-Cœur,2024,2,F_B,SANS ALCOOL,4,2.0,10.0,2.0,2.0,H0373
Mercure Paris Montmartre Sacré-Cœur,2024,2,F_B,SANS ALCOOL,5,2.0,20.0,1.0,1.0,H0373
Mercure Paris Montmartre Sacré-Cœur,2024,2,F_B,SANS ALCOOL,6,1.0,5.0,1.0,1.0,H0373
Mercure Paris Montmartre Sacré-Cœur,2024,2,F_B,SANS ALCOOL,7,3.0,14.0,3.0,3.0,H0373
Mercure Paris Montmartre Sacré-Cœur,2024,2,F_B,SANS ALCOOL,8,1.0,5.0,1.0,1.0,H0373
Mercure Paris Montmartre Sacré-Cœur,2024,2,F_B,SANS ALCOOL,9,2.0,10.0,2.0,2.0,H0373
Mercure Paris Montmartre Sacré-Cœur,2024,2,F_B,SANS ALCOOL,10,6.0,37.5,4.0,3.0,H0373
Mercure Paris Montmartre Sacré-Cœur,2024,2,F_B,SANS ALCOOL,11,1.0,5.0,1.0,1.0,H0373
Mercure Paris Montmartre Sacré-Cœur,2024,2,F_B,SANS ALCOOL,12,6.0,28.5,6.0,4.0,H0373
Mercure Paris Montmartre Sacré-Cœur,2024,2,F_B,SANS ALCOOL,13,2.0,9.5,2.0,2.0,H0373
Mercure Paris Montmartre Sacré-Cœur,2024,2,F_B,SANS ALCOOL,14,5.0,85.0,2.0,2.0,H0373
Mercure Paris Montmartre Sacré-Cœur,2024,2,F_B,SANS ALCOOL,15,3.0,25.0,2.0,2.0,H0373
Mercure Paris Montmartre Sacré-Cœur,2024,2,F_B,SANS ALCOOL,16,16.0,88.0,12.0,8.0,H0373
Mercure Paris Montmartre Sacré-Cœur,2024,2,F_B,SANS ALCOOL,17,6.0,29.0,6.0,4.0,H0373
Mercure Paris Montmartre Sacré-Cœur,2024,2,F_B,SANS ALCOOL,18,14.0,89.5,7.0,6.0,H0373
Mercure Paris Montmartre Sacré-Cœur,2024,2,F_B,SANS ALCOOL,19,8.0,49.0,6.0,4.0,H0373
Mercure Paris Montmartre Sacré-Cœur,2024,2,F_B,SANS ALCOOL,20,22.0,210.0,13.0,5.0,H0373
Mercure Paris Montmartre Sacré-Cœur,2024,2,F_B,SANS ALCOOL,21,35.0,344.0,21.0,5.0,H0373
Mercure Paris Montmartre Sacré-Cœur,2024,2,F_B,SANS ALCOOL,22,35.0,215.0,29.0,6.0,H0373
Mercure Paris Montmartre Sacré-Cœur,2024,2,F_B,SANS ALCOOL,23,28.0,149.0,26.0,6.0,H0373
Mercure Paris Montmartre Sacré-Cœur,2024,2,N_F_B,COSMETIQUE,11,3.0,82.0,2.0,2.0,H0373
Mercure Paris Montmartre Sacré-Cœur,2024,2,N_F_B,COSMETIQUE,15,3.0,178.0,1.0,2.0,H0373
Mercure Paris Montmartre Sacré-Cœur,2024,2,N_F_B,COSMETIQUE,22,1.0,30.0,1.0,1.0,H0373
Mercure Paris Montmartre Sacré-Cœur,2024,2,N_F_B,SOS,8,1.0,9.0,1.0,1.0,H0373
Mercure Paris Montmartre Sacré-Cœur,2024,2,N_F_B,SOS,12,1.0,35.0,1.0,1.0,H0373
Mercure Paris Montmartre Sacré-Cœur,2024,2,N_F_B,SOS,18,1.0,35.0,1.0,1.0,H0373
Mercure Paris Montmartre Sacré-Cœur,2024,2,N_F_B,SOS,23,1.0,9.0,1.0,1.0,H0373
Mercure Paris Montmartre Sacré-Cœur,2024,3,F_B,ALCOOL,0,9.0,73.0,8.0,8.0,H0373
Mercure Paris Montmartre Sacré-Cœur,2024,3,F_B,ALCOOL,1,2.0,11.0,1.0,2.0,H0373
Mercure Paris Montmartre Sacré-Cœur,2024,3,F_B,ALCOOL,2,2.0,20.0,1.0,1.0,H0373
Mercure Paris Montmartre Sacré-Cœur,2024,3,F_B,ALCOOL,3,2.0,8.0,1.0,2.0,H0373
Mercure Paris Montmartre Sacré-Cœur,2024,3,F_B,ALCOOL,9,2.0,14.0,2.0,2.0,H0373
Mercure Paris Montmartre Sacré-Cœur,2024,3,F_B,ALCOOL,10,1.0,18.0,1.0,1.0,H0373
Mercure Paris Montmartre Sacré-Cœur,2024,3,F_B,ALCOOL,14,1.0,9.0,1.0,1.0,H0373
Mercure Paris Montmartre Sacré-Cœur,2024,3,F_B,ALCOOL,15,1.0,18.0,1.0,1.0,H0373
Mercure Paris Montmartre Sacré-Cœur,2024,3,F_B,ALCOOL,16,4.0,19.0,3.0,2.0,H0373
Mercure Paris Montmartre Sacré-Cœur,2024,3,F_B,ALCOOL,17,4.0,30.0,3.0,4.0,H0373
Mercure Paris Montmartre Sacré-Cœur,2024,3,F_B,ALCOOL,18,5.0,32.0,5.0,4.0,H0373
Mercure Paris Montmartre Sacré-Cœur,2024,3,F_B,ALCOOL,19,4.0,47.0,3.0,3.0,H0373
Mercure Paris Montmartre Sacré-Cœur,2024,3,F_B,ALCOOL,20,11.0,101.0,8.0,6.0,H0373
Mercure Paris Montmartre Sacré-Cœur,2024,3,F_B,ALCOOL,21,5.0,37.0,5.0,2.0,H0373
Mercure Paris Montmartre Sacré-Cœur,2024,3,F_B,ALCOOL,22,9.0,68.0,7.0,5.0,H0373
Mercure Paris Montmartre Sacré-Cœur,2024,3,F_B,ALCOOL,23,9.0,79.0,7.0,3.0,H0373
Mercure Paris Montmartre Sacré-Cœur,2024,3,F_B,FOOD SALEE,0,3.0,13.0,3.0,3.0,H0373
Mercure Paris Montmartre Sacré-Cœur,2024,3,F_B,FOOD SALEE,2,1.0,3.0,1.0,1.0,H0373
Mercure Paris Montmartre Sacré-Cœur,2024,3,F_B,FOOD SALEE,3,1.0,3.0,1.0,1.0,H0373
Mercure Paris Montmartre Sacré-Cœur,2024,3,F_B,FOOD SALEE,8,3.0,54.0,1.0,1.0,H0373
Mercure Paris Montmartre Sacré-Cœur,2024,3,F_B,FOOD SALEE,10,1.0,4.0,1.0,1.0,H0373
Mercure Paris Montmartre Sacré-Cœur,2024,3,F_B,FOOD SALEE,11,1.0,6.0,1.0,1.0,H0373
Mercure Paris Montmartre Sacré-Cœur,2024,3,F_B,FOOD SALEE,12,1.0,6.0,1.0,1.0,H0373
Mercure Paris Montmartre Sacré-Cœur,2024,3,F_B,FOOD SALEE,15,4.0,26.0,3.0,3.0,H0373
Mercure Paris Montmartre Sacré-Cœur,2024,3,F_B,FOOD SALEE,16,1.0,3.0,1.0,1.0,H0373
Mercure Paris Montmartre Sacré-Cœur,2024,3,F_B,FOOD SALEE,17,1.0,6.0,1.0,1.0,H0373
Mercure Paris Montmartre Sacré-Cœur,2024,3,F_B,FOOD SALEE,19,1.0,6.0,1.0,1.0,H0373
Mercure Paris Montmartre Sacré-Cœur,2024,3,F_B,FOOD SALEE,22,3.0,11.0,3.0,2.0,H0373
Mercure Paris Montmartre Sacré-Cœur,2024,3,F_B,FOOD SALEE,23,10.0,48.0,8.0,4.0,H0373
Mercure Paris Montmartre Sacré-Cœur,2024,3,F_B,FOOD SUCREE,0,5.0,10.0,5.0,2.0,H0373
Mercure Paris Montmartre Sacré-Cœur,2024,3,F_B,FOOD SUCREE,1,1.0,2.0,1.0,1.0,H0373
Mercure Paris Montmartre Sacré-Cœur,2024,3,F_B,FOOD SUCREE,2,1.0,4.0,1.0,1.0,H0373
Mercure Paris Montmartre Sacré-Cœur,2024,3,F_B,FOOD SUCREE,3,6.0,21.0,4.0,3.0,H0373
Mercure Paris Montmartre Sacré-Cœur,2024,3,F_B,FOOD SUCREE,7,2.0,4.0,2.0,1.0,H0373
Mercure Paris Montmartre Sacré-Cœur,2024,3,F_B,FOOD SUCREE,8,3.0,11.0,2.0,2.0,H0373
Mercure Paris Montmartre Sacré-Cœur,2024,3,F_B,FOOD SUCREE,9,2.0,6.0,2.0,2.0,H0373
Mercure Paris Montmartre Sacré-Cœur,2024,3,F_B,FOOD SUCREE,10,2.0,5.0,2.0,2.0,H0373
Mercure Paris Montmartre Sacré-Cœur,2024,3,F_B,FOOD SUCREE,11,1.0,2.0,1.0,1.0,H0373
Mercure Paris Montmartre Sacré-Cœur,2024,3,F_B,FOOD SUCREE,13,1.0,6.0,1.0,1.0,H0373
Mercure Paris Montmartre Sacré-Cœur,2024,3,F_B,FOOD SUCREE,14,2.0,4.0,2.0,1.0,H0373
Mercure Paris Montmartre Sacré-Cœur,2024,3,F_B,FOOD SUCREE,15,15.0,63.0,10.0,6.0,H0373
Mercure Paris Montmartre Sacré-Cœur,2024,3,F_B,FOOD SUCREE,16,10.0,34.0,8.0,3.0,H0373
Mercure Paris Montmartre Sacré-Cœur,2024,3,F_B,FOOD SUCREE,18,2.0,10.0,2.0,2.0,H0373
Mercure Paris Montmartre Sacré-Cœur,2024,3,F_B,FOOD SUCREE,19,6.0,33.0,5.0,4.0,H0373
Mercure Paris Montmartre Sacré-Cœur,2024,3,F_B,FOOD SUCREE,20,7.0,31.0,5.0,4.0,H0373
Mercure Paris Montmartre Sacré-Cœur,2024,3,F_B,FOOD SUCREE,21,11.0,47.0,8.0,4.0,H0373
Mercure Paris Montmartre Sacré-Cœur,2024,3,F_B,FOOD SUCREE,22,17.0,68.0,13.0,3.0,H0373
Mercure Paris Montmartre Sacré-Cœur,2024,3,F_B,FOOD SUCREE,23,13.0,36.0,11.0,2.0,H0373
Mercure Paris Montmartre Sacré-Cœur,2024,3,F_B,SANS ALCOOL,0,38.0,250.0,32.0,4.0,H0373
Mercure Paris Montmartre Sacré-Cœur,2024,3,F_B,SANS ALCOOL,1,19.0,145.0,15.0,5.0,H0373
Mercure Paris Montmartre Sacré-Cœur,2024,3,F_B,SANS ALCOOL,2,9.0,55.0,6.0,2.0,H0373
Mercure Paris Montmartre Sacré-Cœur,2024,3,F_B,SANS ALCOOL,3,8.0,50.0,6.0,5.0,H0373
Mercure Paris Montmartre Sacré-Cœur,2024,3,F_B,SANS ALCOOL,4,2.0,20.0,1.0,1.0,H0373
Mercure Paris Montmartre Sacré-Cœur,2024,3,F_B,SANS ALCOOL,5,2.0,9.5,2.0,2.0,H0373
Mercure Paris Montmartre Sacré-Cœur,2024,3,F_B,SANS ALCOOL,6,6.0,60.0,4.0,2.0,H0373
Mercure Paris Montmartre Sacré-Cœur,2024,3,F_B,SANS ALCOOL,7,15.0,174.0,7.0,3.0,H0373
Mercure Paris Montmartre Sacré-Cœur,2024,3,F_B,SANS ALCOOL,8,7.0,44.5,6.0,4.0,H0373
Mercure Paris Montmartre Sacré-Cœur,2024,3,F_B,SANS ALCOOL,9,10.0,49.5,9.0,5.0,H0373
Mercure Paris Montmartre Sacré-Cœur,2024,3,F_B,SANS ALCOOL,10,2.0,9.5,2.0,2.0,H0373
Mercure Paris Montmartre Sacré-Cœur,2024,3,F_B,SANS ALCOOL,11,12.0,80.0,10.0,5.0,H0373
Mercure Paris Montmartre Sacré-Cœur,2024,3,F_B,SANS ALCOOL,12,3.0,25.0,2.0,1.0,H0373
Mercure Paris Montmartre Sacré-Cœur,2024,3,F_B,SANS ALCOOL,13,19.0,124.5,12.0,5.0,H0373
Mercure Paris Montmartre Sacré-Cœur,2024,3,F_B,SANS ALCOOL,14,9.0,45.0,9.0,5.0,H0373
Mercure Paris Montmartre Sacré-Cœur,2024,3,F_B,SANS ALCOOL,15,25.0,144.0,21.0,6.0,H0373
Mercure Paris Montmartre Sacré-Cœur,2024,3,F_B,SANS ALCOOL,16,24.0,159.0,18.0,6.0,H0373
Mercure Paris Montmartre Sacré-Cœur,2024,3,F_B,SANS ALCOOL,17,19.0,94.5,12.0,5.0,H0373
Mercure Paris Montmartre Sacré-Cœur,2024,3,F_B,SANS ALCOOL,18,15.0,104.5,11.0,5.0,H0373
Mercure Paris Montmartre Sacré-Cœur,2024,3,F_B,SANS ALCOOL,19,8.0,40.0,7.0,4.0,H0373
Mercure Paris Montmartre Sacré-Cœur,2024,3,F_B,SANS ALCOOL,20,27.0,173.5,19.0,7.0,H0373
Mercure Paris Montmartre Sacré-Cœur,2024,3,F_B,SANS ALCOOL,21,30.0,210.0,21.0,5.0,H0373
Mercure Paris Montmartre Sacré-Cœur,2024,3,F_B,SANS ALCOOL,22,50.0,298.5,39.0,6.0,H0373
Mercure Paris Montmartre Sacré-Cœur,2024,3,F_B,SANS ALCOOL,23,64.0,399.5,49.0,6.0,H0373
Mercure Paris Montmartre Sacré-Cœur,2024,3,N_F_B,COSMETIQUE,1,1.0,14.0,1.0,1.0,H0373
Mercure Paris Montmartre Sacré-Cœur,2024,3,N_F_B,COSMETIQUE,18,2.0,49.0,2.0,2.0,H0373
Mercure Paris Montmartre Sacré-Cœur,2024,3,N_F_B,COSMETIQUE,21,1.0,25.0,1.0,1.0,H0373
Mercure Paris Montmartre Sacré-Cœur,2024,3,N_F_B,COSMETIQUE,22,2.0,60.0,1.0,2.0,H0373
Mercure Paris Montmartre Sacré-Cœur,2024,3,N_F_B,COSMETIQUE,23,1.0,12.0,1.0,1.0,H0373
Mercure Paris Montmartre Sacré-Cœur,2024,3,N_F_B,SOS,0,1.0,10.0,1.0,1.0,H0373
Mercure Paris Montmartre Sacré-Cœur,2024,3,N_F_B,SOS,9,2.0,112.0,1.0,1.0,H0373
Mercure Paris Montmartre Sacré-Cœur,2024,3,N_F_B,SOS,11,1.0,35.0,1.0,1.0,H0373
Mercure Paris Montmartre Sacré-Cœur,2024,3,N_F_B,SOS,16,1.0,28.0,1.0,1.0,H0373
Mercure Paris Montmartre Sacré-Cœur,2024,3,N_F_B,SOS,17,2.0,140.0,1.0,1.0,H0373
Mercure Paris Montmartre Sacré-Cœur,2024,3,N_F_B,SOS,18,1.0,28.0,1.0,1.0,H0373
Mercure Paris Montmartre Sacré-Cœur,2024,3,N_F_B,SOS,19,1.0,10.0,1.0,1.0,H0373
Mercure Paris Montmartre Sacré-Cœur,2024,3,N_F_B,SOS,21,2.0,45.0,1.0,2.0,H0373
Mercure Paris Montmartre Sacré-Cœur,2024,3,N_F_B,SOS,22,1.0,10.0,1.0,1.0,H0373
Mercure Paris Montmartre Sacré-Cœur,2024,3,N_F_B,SOUVENIRS,19,2.0,44.0,2.0,1.0,H0373
Mercure Paris Montmartre Sacré-Cœur,2024,4,F_B,ALCOOL,0,6.0,48.0,5.0,3.0,H0373
Mercure Paris Montmartre Sacré-Cœur,2024,4,F_B,ALCOOL,1,4.0,24.0,4.0,2.0,H0373
Mercure Paris Montmartre Sacré-Cœur,2024,4,F_B,ALCOOL,2,4.0,22.0,3.0,3.0,H0373
Mercure Paris Montmartre Sacré-Cœur,2024,4,F_B,ALCOOL,12,1.0,9.0,1.0,1.0,H0373
Mercure Paris Montmartre Sacré-Cœur,2024,4,F_B,ALCOOL,14,5.0,89.0,1.0,2.0,H0373
Mercure Paris Montmartre Sacré-Cœur,2024,4,F_B,ALCOOL,15,1.0,5.0,1.0,1.0,H0373
Mercure Paris Montmartre Sacré-Cœur,2024,4,F_B,ALCOOL,16,17.0,187.0,11.0,3.0,H0373
Mercure Paris Montmartre Sacré-Cœur,2024,4,F_B,ALCOOL,17,13.0,156.0,9.0,4.0,H0373
Mercure Paris Montmartre Sacré-Cœur,2024,4,F_B,ALCOOL,18,12.0,125.0,9.0,4.0,H0373
Mercure Paris Montmartre Sacré-Cœur,2024,4,F_B,ALCOOL,19,2.0,19.0,1.0,2.0,H0373
Mercure Paris Montmartre Sacré-Cœur,2024,4,F_B,ALCOOL,20,5.0,37.0,4.0,5.0,H0373
Mercure Paris Montmartre Sacré-Cœur,2024,4,F_B,ALCOOL,21,5.0,37.0,4.0,4.0,H0373
Mercure Paris Montmartre Sacré-Cœur,2024,4,F_B,ALCOOL,22,20.0,154.0,18.0,5.0,H0373
Mercure Paris Montmartre Sacré-Cœur,2024,4,F_B,ALCOOL,23,18.0,142.0,16.0,5.0,H0373
Mercure Paris Montmartre Sacré-Cœur,2024,4,F_B,FOOD SALEE,0,6.0,30.0,6.0,6.0,H0373
Mercure Paris Montmartre Sacré-Cœur,2024,4,F_B,FOOD SALEE,1,3.0,18.0,3.0,2.0,H0373
Mercure Paris Montmartre Sacré-Cœur,2024,4,F_B,FOOD SALEE,2,2.0,9.0,2.0,2.0,H0373
Mercure Paris Montmartre Sacré-Cœur,2024,4,F_B,FOOD SALEE,5,2.0,10.0,2.0,1.0,H0373
Mercure Paris Montmartre Sacré-Cœur,2024,4,F_B,FOOD SALEE,8,2.0,10.0,2.0,2.0,H0373
Mercure Paris Montmartre Sacré-Cœur,2024,4,F_B,FOOD SALEE,10,1.0,4.0,1.0,1.0,H0373
Mercure Paris Montmartre Sacré-Cœur,2024,4,F_B,FOOD SALEE,12,2.0,12.0,2.0,1.0,H0373
Mercure Paris Montmartre Sacré-Cœur,2024,4,F_B,FOOD SALEE,13,1.0,6.0,1.0,1.0,H0373
Mercure Paris Montmartre Sacré-Cœur,2024,4,F_B,FOOD SALEE,14,1.0,4.0,1.0,1.0,H0373
Mercure Paris Montmartre Sacré-Cœur,2024,4,F_B,FOOD SALEE,15,2.0,8.0,2.0,1.0,H0373
Mercure Paris Montmartre Sacré-Cœur,2024,4,F_B,FOOD SALEE,16,1.0,6.0,1.0,1.0,H0373
Mercure Paris Montmartre Sacré-Cœur,2024,4,F_B,FOOD SALEE,17,4.0,21.0,4.0,3.0,H0373
Mercure Paris Montmartre Sacré-Cœur,2024,4,F_B,FOOD SALEE,18,2.0,12.0,2.0,2.0,H0373
Mercure Paris Montmartre Sacré-Cœur,2024,4,F_B,FOOD SALEE,19,3.0,15.0,3.0,3.0,H0373
Mercure Paris Montmartre Sacré-Cœur,2024,4,F_B,FOOD SALEE,20,3.0,16.0,3.0,3.0,H0373
Mercure Paris Montmartre Sacré-Cœur,2024,4,F_B,FOOD SALEE,21,6.0,28.0,6.0,5.0,H0373
Mercure Paris Montmartre Sacré-Cœur,2024,4,F_B,FOOD SALEE,22,8.0,40.0,7.0,5.0,H0373
Mercure Paris Montmartre Sacré-Cœur,2024,4,F_B,FOOD SALEE,23,6.0,30.0,6.0,4.0,H0373
Mercure Paris Montmartre Sacré-Cœur,2024,4,F_B,FOOD SUCREE,0,6.0,20.0,4.0,1.0,H0373
Mercure Paris Montmartre Sacré-Cœur,2024,4,F_B,FOOD SUCREE,1,15.0,44.0,11.0,4.0,H0373
Mercure Paris Montmartre Sacré-Cœur,2024,4,F_B,FOOD SUCREE,11,1.0,2.0,1.0,1.0,H0373
Mercure Paris Montmartre Sacré-Cœur,2024,4,F_B,FOOD SUCREE,12,1.0,7.0,1.0,1.0,H0373
Mercure Paris Montmartre Sacré-Cœur,2024,4,F_B,FOOD SUCREE,13,2.0,8.0,1.0,1.0,H0373
Mercure Paris Montmartre Sacré-Cœur,2024,4,F_B,FOOD SUCREE,14,4.0,20.0,2.0,1.0,H0373
Mercure Paris Montmartre Sacré-Cœur,2024,4,F_B,FOOD SUCREE,15,1.0,4.0,1.0,1.0,H0373
Mercure Paris Montmartre Sacré-Cœur,2024,4,F_B,FOOD SUCREE,16,4.0,15.0,4.0,3.0,H0373
Mercure Paris Montmartre Sacré-Cœur,2024,4,F_B,FOOD SUCREE,17,2.0,7.0,2.0,2.0,H0373
Mercure Paris Montmartre Sacré-Cœur,2024,4,F_B,FOOD SUCREE,18,1.0,2.0,1.0,1.0,H0373
Mercure Paris Montmartre Sacré-Cœur,2024,4,F_B,FOOD SUCREE,19,1.0,2.0,1.0,1.0,H0373
Mercure Paris Montmartre Sacré-Cœur,2024,4,F_B,FOOD SUCREE,20,8.0,36.0,4.0,1.0,H0373
Mercure Paris Montmartre Sacré-Cœur,2024,4,F_B,FOOD SUCREE,21,8.0,34.0,5.0,3.0,H0373
Mercure Paris Montmartre Sacré-Cœur,2024,4,F_B,FOOD SUCREE,22,14.0,64.0,9.0,3.0,H0373
Mercure Paris Montmartre Sacré-Cœur,2024,4,F_B,FOOD SUCREE,23,18.0,101.0,12.0,4.0,H0373
Mercure Paris Montmartre Sacré-Cœur,2024,4,F_B,SANS ALCOOL,0,55.0,374.5,39.0,9.0,H0373
Mercure Paris Montmartre Sacré-Cœur,2024,4,F_B,SANS ALCOOL,1,25.0,165.0,21.0,4.0,H0373
Mercure Paris Montmartre Sacré-Cœur,2024,4,F_B,SANS ALCOOL,2,7.0,45.0,6.0,3.0,H0373
Mercure Paris Montmartre Sacré-Cœur,2024,4,F_B,SANS ALCOOL,3,1.0,5.0,1.0,1.0,H0373
Mercure Paris Montmartre Sacré-Cœur,2024,4,F_B,SANS ALCOOL,5,3.0,14.5,3.0,3.0,H0373
Mercure Paris Montmartre Sacré-Cœur,2024,4,F_B,SANS ALCOOL,6,4.0,20.0,4.0,1.0,H0373
Mercure Paris Montmartre Sacré-Cœur,2024,4,F_B,SANS ALCOOL,7,8.0,60.0,6.0,3.0,H0373
Mercure Paris Montmartre Sacré-Cœur,2024,4,F_B,SANS ALCOOL,8,21.0,134.0,17.0,6.0,H0373
Mercure Paris Montmartre Sacré-Cœur,2024,4,F_B,SANS ALCOOL,9,13.0,74.5,9.0,7.0,H0373
Mercure Paris Montmartre Sacré-Cœur,2024,4,F_B,SANS ALCOOL,10,4.0,20.0,3.0,3.0,H0373
Mercure Paris Montmartre Sacré-Cœur,2024,4,F_B,SANS ALCOOL,11,11.0,53.0,8.0,6.0,H0373
Mercure Paris Montmartre Sacré-Cœur,2024,4,F_B,SANS ALCOOL,12,7.0,35.0,7.0,3.0,H0373
Mercure Paris Montmartre Sacré-Cœur,2024,4,F_B,SANS ALCOOL,13,13.0,95.0,8.0,7.0,H0373
Mercure Paris Montmartre Sacré-Cœur,2024,4,F_B,SANS ALCOOL,14,8.0,50.0,6.0,6.0,H0373
Mercure Paris Montmartre Sacré-Cœur,2024,4,F_B,SANS ALCOOL,15,15.0,85.0,11.0,5.0,H0373
Mercure Paris Montmartre Sacré-Cœur,2024,4,F_B,SANS ALCOOL,16,14.0,120.0,9.0,5.0,H0373
Mercure Paris Montmartre Sacré-Cœur,2024,4,F_B,SANS ALCOOL,17,34.0,219.5,24.0,9.0,H0373
Mercure Paris Montmartre Sacré-Cœur,2024,4,F_B,SANS ALCOOL,18,23.0,164.5,17.0,7.0,H0373
Mercure Paris Montmartre Sacré-Cœur,2024,4,F_B,SANS ALCOOL,19,14.0,109.5,9.0,6.0,H0373
Mercure Paris Montmartre Sacré-Cœur,2024,4,F_B,SANS ALCOOL,20,24.0,149.5,17.0,8.0,H0373
Mercure Paris Montmartre Sacré-Cœur,2024,4,F_B,SANS ALCOOL,21,39.0,245.0,31.0,7.0,H0373
Mercure Paris Montmartre Sacré-Cœur,2024,4,F_B,SANS ALCOOL,22,49.0,275.0,41.0,9.0,H0373
Mercure Paris Montmartre Sacré-Cœur,2024,4,F_B,SANS ALCOOL,23,70.0,489.5,55.0,8.0,H0373
Mercure Paris Montmartre Sacré-Cœur,2024,4,F_B,SOUVENIRS,10,6.0,168.0,4.0,1.0,H0373
Mercure Paris Montmartre Sacré-Cœur,2024,4,N_F_B,COSMETIQUE,7,1.0,30.0,1.0,1.0,H0373
Mercure Paris Montmartre Sacré-Cœur,2024,4,N_F_B,COSMETIQUE,10,1.0,22.0,1.0,1.0,H0373
Mercure Paris Montmartre Sacré-Cœur,2024,4,N_F_B,COSMETIQUE,15,2.0,67.0,1.0,2.0,H0373
Mercure Paris Montmartre Sacré-Cœur,2024,4,N_F_B,COSMETIQUE,17,1.0,25.0,1.0,1.0,H0373
Mercure Paris Montmartre Sacré-Cœur,2024,4,N_F_B,COSMETIQUE,18,3.0,61.0,3.0,2.0,H0373
Mercure Paris Montmartre Sacré-Cœur,2024,4,N_F_B,COSMETIQUE,19,4.0,121.0,2.0,2.0,H0373
Mercure Paris Montmartre Sacré-Cœur,2024,4,N_F_B,COSMETIQUE,20,1.0,15.0,1.0,1.0,H0373
Mercure Paris Montmartre Sacré-Cœur,2024,4,N_F_B,SOS,9,1.0,4.0,1.0,1.0,H0373
Mercure Paris Montmartre Sacré-Cœur,2024,4,N_F_B,SOS,16,1.0,28.0,1.0,1.0,H0373
Mercure Paris Montmartre Sacré-Cœur,2024,4,N_F_B,SOS,19,3.0,140.0,1.0,2.0,H0373
Mercure Paris Montmartre Sacré-Cœur,2024,4,N_F_B,SOS,21,2.0,8.0,2.0,1.0,H0373
Mercure Paris Montmartre Sacré-Cœur,2024,4,N_F_B,SOS,22,2.0,56.0,2.0,1.0,H0373
Mercure Paris Montmartre Sacré-Cœur,2024,4,N_F_B,SOUVENIRS,9,4.0,192.0,3.0,1.0,H0373
Mercure Paris Montmartre Sacré-Cœur,2024,4,N_F_B,SOUVENIRS,18,1.0,32.0,1.0,1.0,H0373
Mercure Paris Montmartre Sacré-Cœur,2024,5,F_B,ALCOOL,0,21.0,196.0,15.0,4.0,H0373
Mercure Paris Montmartre Sacré-Cœur,2024,5,F_B,ALCOOL,1,10.0,130.0,5.0,3.0,H0373
Mercure Paris Montmartre Sacré-Cœur,2024,5,F_B,ALCOOL,5,3.0,29.0,2.0,2.0,H0373
Mercure Paris Montmartre Sacré-Cœur,2024,5,F_B,ALCOOL,6,2.0,28.0,1.0,1.0,H0373
Mercure Paris Montmartre Sacré-Cœur,2024,5,F_B,ALCOOL,11,1.0,5.0,1.0,1.0,H0373
Mercure Paris Montmartre Sacré-Cœur,2024,5,F_B,ALCOOL,13,1.0,10.0,1.0,1.0,H0373
Mercure Paris Montmartre Sacré-Cœur,2024,5,F_B,ALCOOL,16,6.0,60.0,3.0,1.0,H0373
Mercure Paris Montmartre Sacré-Cœur,2024,5,F_B,ALCOOL,17,5.0,77.0,3.0,2.0,H0373
Mercure Paris Montmartre Sacré-Cœur,2024,5,F_B,ALCOOL,18,6.0,47.0,5.0,3.0,H0373
Mercure Paris Montmartre Sacré-Cœur,2024,5,F_B,ALCOOL,19,1.0,7.0,1.0,1.0,H0373
Mercure Paris Montmartre Sacré-Cœur,2024,5,F_B,ALCOOL,20,5.0,35.0,5.0,3.0,H0373
Mercure Paris Montmartre Sacré-Cœur,2024,5,F_B,ALCOOL,21,7.0,55.0,6.0,3.0,H0373
Mercure Paris Montmartre Sacré-Cœur,2024,5,F_B,ALCOOL,22,16.0,178.0,11.0,4.0,H0373
Mercure Paris Montmartre Sacré-Cœur,2024,5,F_B,ALCOOL,23,15.0,182.0,9.0,4.0,H0373
Mercure Paris Montmartre Sacré-Cœur,2024,5,F_B,FOOD SALEE,0,8.0,40.0,8.0,5.0,H0373
Mercure Paris Montmartre Sacré-Cœur,2024,5,F_B,FOOD SALEE,1,2.0,10.0,2.0,2.0,H0373
Mercure Paris Montmartre Sacré-Cœur,2024,5,F_B,FOOD SALEE,4,1.0,5.0,1.0,1.0,H0373
Mercure Paris Montmartre Sacré-Cœur,2024,5,F_B,FOOD SALEE,8,4.0,20.0,3.0,2.0,H0373
Mercure Paris Montmartre Sacré-Cœur,2024,5,F_B,FOOD SALEE,12,1.0,5.0,1.0,1.0,H0373
Mercure Paris Montmartre Sacré-Cœur,2024,5,F_B,FOOD SALEE,13,2.0,11.0,2.0,2.0,H0373
Mercure Paris Montmartre Sacré-Cœur,2024,5,F_B,FOOD SALEE,14,1.0,6.0,1.0,1.0,H0373
Mercure Paris Montmartre Sacré-Cœur,2024,5,F_B,FOOD SALEE,15,3.0,30.0,2.0,1.0,H0373
Mercure Paris Montmartre Sacré-Cœur,2024,5,F_B,FOOD SALEE,16,1.0,5.0,1.0,1.0,H0373
Mercure Paris Montmartre Sacré-Cœur,2024,5,F_B,FOOD SALEE,17,3.0,14.0,3.0,2.0,H0373
Mercure Paris Montmartre Sacré-Cœur,2024,5,F_B,FOOD SALEE,18,6.0,32.0,6.0,5.0,H0373
Mercure Paris Montmartre Sacré-Cœur,2024,5,F_B,FOOD SALEE,19,2.0,9.0,2.0,2.0,H0373
Mercure Paris Montmartre Sacré-Cœur,2024,5,F_B,FOOD SALEE,20,3.0,15.0,3.0,3.0,H0373
Mercure Paris Montmartre Sacré-Cœur,2024,5,F_B,FOOD SALEE,21,3.0,15.0,3.0,2.0,H0373
Mercure Paris Montmartre Sacré-Cœur,2024,5,F_B,FOOD SALEE,22,18.0,166.0,14.0,7.0,H0373
Mercure Paris Montmartre Sacré-Cœur,2024,5,F_B,FOOD SALEE,23,10.0,48.0,8.0,7.0,H0373
Mercure Paris Montmartre Sacré-Cœur,2024,5,F_B,FOOD SUCREE,0,4.0,32.0,1.0,1.0,H0373
Mercure Paris Montmartre Sacré-Cœur,2024,5,F_B,FOOD SUCREE,1,2.0,8.0,1.0,1.0,H0373
Mercure Paris Montmartre Sacré-Cœur,2024,5,F_B,FOOD SUCREE,4,1.0,2.0,1.0,1.0,H0373
Mercure Paris Montmartre Sacré-Cœur,2024,5,F_B,FOOD SUCREE,7,1.0,8.0,1.0,1.0,H0373
Mercure Paris Montmartre Sacré-Cœur,2024,5,F_B,FOOD SUCREE,13,1.0,2.0,1.0,1.0,H0373
Mercure Paris Montmartre Sacré-Cœur,2024,5,F_B,FOOD SUCREE,14,1.0,2.0,1.0,1.0,H0373
Mercure Paris Montmartre Sacré-Cœur,2024,5,F_B,FOOD SUCREE,15,3.0,11.0,2.0,2.0,H0373
Mercure Paris Montmartre Sacré-Cœur,2024,5,F_B,FOOD SUCREE,16,5.0,27.0,3.0,2.0,H0373
Mercure Paris Montmartre Sacré-Cœur,2024,5,F_B,FOOD SUCREE,17,1.0,3.0,1.0,1.0,H0373
Mercure Paris Montmartre Sacré-Cœur,2024,5,F_B,FOOD SUCREE,18,11.0,64.0,5.0,3.0,H0373
Mercure Paris Montmartre Sacré-Cœur,2024,5,F_B,FOOD SUCREE,19,3.0,8.0,3.0,2.0,H0373
Mercure Paris Montmartre Sacré-Cœur,2024,5,F_B,FOOD SUCREE,20,4.0,12.0,3.0,1.0,H0373
Mercure Paris Montmartre Sacré-Cœur,2024,5,F_B,FOOD SUCREE,21,10.0,49.0,6.0,4.0,H0373
Mercure Paris Montmartre Sacré-Cœur,2024,5,F_B,FOOD SUCREE,22,15.0,47.0,12.0,4.0,H0373
Mercure Paris Montmartre Sacré-Cœur,2024,5,F_B,FOOD SUCREE,23,5.0,24.0,4.0,2.0,H0373
Mercure Paris Montmartre Sacré-Cœur,2024,5,F_B,SANS ALCOOL,0,42.0,360.0,27.0,7.0,H0373
Mercure Paris Montmartre Sacré-Cœur,2024,5,F_B,SANS ALCOOL,1,14.0,80.0,10.0,4.0,H0373
Mercure Paris Montmartre Sacré-Cœur,2024,5,F_B,SANS ALCOOL,2,10.0,70.0,7.0,4.0,H0373
Mercure Paris Montmartre Sacré-Cœur,2024,5,F_B,SANS ALCOOL,4,4.0,20.0,3.0,4.0,H0373
Mercure Paris Montmartre Sacré-Cœur,2024,5,F_B,SANS ALCOOL,6,6.0,40.0,4.0,3.0,H0373
Mercure Paris Montmartre Sacré-Cœur,2024,5,F_B,SANS ALCOOL,7,10.0,60.0,6.0,5.0,H0373
Mercure Paris Montmartre Sacré-Cœur,2024,5,F_B,SANS ALCOOL,8,22.0,150.0,16.0,6.0,H0373
Mercure Paris Montmartre Sacré-Cœur,2024,5,F_B,SANS ALCOOL,9,4.0,30.0,3.0,3.0,H0373
Mercure Paris Montmartre Sacré-Cœur,2024,5,F_B,SANS ALCOOL,10,6.0,70.0,2.0,2.0,H0373
Mercure Paris Montmartre Sacré-Cœur,2024,5,F_B,SANS ALCOOL,11,1.0,5.0,1.0,1.0,H0373
Mercure Paris Montmartre Sacré-Cœur,2024,5,F_B,SANS ALCOOL,12,14.0,100.0,8.0,6.0,H0373
Mercure Paris Montmartre Sacré-Cœur,2024,5,F_B,SANS ALCOOL,13,7.0,55.0,5.0,3.0,H0373
Mercure Paris Montmartre Sacré-Cœur,2024,5,F_B,SANS ALCOOL,14,2.0,10.0,2.0,1.0,H0373
Mercure Paris Montmartre Sacré-Cœur,2024,5,F_B,SANS ALCOOL,15,17.0,105.0,9.0,7.0,H0373
Mercure Paris Montmartre Sacré-Cœur,2024,5,F_B,SANS ALCOOL,16,8.0,60.0,6.0,3.0,H0373
Mercure Paris Montmartre Sacré-Cœur,2024,5,F_B,SANS ALCOOL,17,15.0,95.0,11.0,7.0,H0373
Mercure Paris Montmartre Sacré-Cœur,2024,5,F_B,SANS ALCOOL,18,20.0,130.0,17.0,6.0,H0373
Mercure Paris Montmartre Sacré-Cœur,2024,5,F_B,SANS ALCOOL,19,24.0,170.0,18.0,5.0,H0373
Mercure Paris Montmartre Sacré-Cœur,2024,5,F_B,SANS ALCOOL,20,21.0,155.0,14.0,6.0,H0373
Mercure Paris Montmartre Sacré-Cœur,2024,5,F_B,SANS ALCOOL,21,31.0,195.0,25.0,8.0,H0373
Mercure Paris Montmartre Sacré-Cœur,2024,5,F_B,SANS ALCOOL,22,55.0,475.0,38.0,7.0,H0373
Mercure Paris Montmartre Sacré-Cœur,2024,5,F_B,SANS ALCOOL,23,51.0,325.0,41.0,5.0,H0373
Mercure Paris Montmartre Sacré-Cœur,2024,5,N_F_B,COSMETIQUE,0,1.0,37.0,1.0,1.0,H0373
Mercure Paris Montmartre Sacré-Cœur,2024,5,N_F_B,COSMETIQUE,9,3.0,88.0,2.0,2.0,H0373
Mercure Paris Montmartre Sacré-Cœur,2024,5,N_F_B,COSMETIQUE,10,1.0,12.0,1.0,1.0,H0373
Mercure Paris Montmartre Sacré-Cœur,2024,5,N_F_B,COSMETIQUE,11,1.0,12.0,1.0,1.0,H0373
Mercure Paris Montmartre Sacré-Cœur,2024,5,N_F_B,COSMETIQUE,22,1.0,14.0,1.0,1.0,H0373
Mercure Paris Montmartre Sacré-Cœur,2024,5,N_F_B,SOS,12,1.0,8.0,1.0,1.0,H0373
Mercure Paris Montmartre Sacré-Cœur,2024,5,N_F_B,SOS,16,1.0,1.0,1.0,1.0,H0373
Mercure Paris Montmartre Sacré-Cœur,2024,5,N_F_B,SOS,18,1.0,28.0,1.0,1.0,H0373
Mercure Paris Montmartre Sacré-Cœur,2024,5,N_F_B,SOS,21,1.0,8.0,1.0,1.0,H0373
Mercure Paris Montmartre Sacré-Cœur,2024,5,N_F_B,SOS,22,7.0,68.0,3.0,3.0,H0373
Mercure Paris Montmartre Sacré-Cœur,2024,5,N_F_B,SOS,23,3.0,11.0,3.0,2.0,H0373
Mercure Paris Montmartre Sacré-Cœur,2024,5,N_F_B,SOUVENIRS,23,1.0,32.0,1.0,1.0,H0373
Mercure Paris Montmartre Sacré-Cœur,2024,6,F_B,ALCOOL,0,8.0,80.0,6.0,2.0,H0373
Mercure Paris Montmartre Sacré-Cœur,2024,6,F_B,ALCOOL,1,7.0,110.0,2.0,2.0,H0373
Mercure Paris Montmartre Sacré-Cœur,2024,6,F_B,ALCOOL,3,3.0,17.0,3.0,2.0,H0373
Mercure Paris Montmartre Sacré-Cœur,2024,6,F_B,ALCOOL,4,1.0,5.0,1.0,1.0,H0373
Mercure Paris Montmartre Sacré-Cœur,2024,6,F_B,ALCOOL,9,1.0,10.0,1.0,1.0,H0373
Mercure Paris Montmartre Sacré-Cœur,2024,6,F_B,ALCOOL,10,1.0,5.0,1.0,1.0,H0373
Mercure Paris Montmartre Sacré-Cœur,2024,6,F_B,ALCOOL,11,1.0,5.0,1.0,1.0,H0373
Mercure Paris Montmartre Sacré-Cœur,2024,6,F_B,ALCOOL,12,2.0,20.0,1.0,1.0,H0373
Mercure Paris Montmartre Sacré-Cœur,2024,6,F_B,ALCOOL,16,3.0,25.0,3.0,2.0,H0373
Mercure Paris Montmartre Sacré-Cœur,2024,6,F_B,ALCOOL,17,4.0,40.0,3.0,2.0,H0373
Mercure Paris Montmartre Sacré-Cœur,2024,6,F_B,ALCOOL,18,2.0,10.0,2.0,1.0,H0373
Mercure Paris Montmartre Sacré-Cœur,2024,6,F_B,ALCOOL,19,2.0,20.0,1.0,1.0,H0373
Mercure Paris Montmartre Sacré-Cœur,2024,6,F_B,ALCOOL,20,10.0,120.0,6.0,3.0,H0373
Mercure Paris Montmartre Sacré-Cœur,2024,6,F_B,ALCOOL,21,3.0,25.0,2.0,1.0,H0373
Mercure Paris Montmartre Sacré-Cœur,2024,6,F_B,ALCOOL,22,9.0,70.0,7.0,3.0,H0373
Mercure Paris Montmartre Sacré-Cœur,2024,6,F_B,ALCOOL,23,14.0,112.0,9.0,3.0,H0373
Mercure Paris Montmartre Sacré-Cœur,2024,6,F_B,FOOD SALEE,0,1.0,5.0,1.0,1.0,H0373
Mercure Paris Montmartre Sacré-Cœur,2024,6,F_B,FOOD SALEE,1,4.0,29.0,2.0,3.0,H0373
Mercure Paris Montmartre Sacré-Cœur,2024,6,F_B,FOOD SALEE,4,2.0,11.0,2.0,2.0,H0373
Mercure Paris Montmartre Sacré-Cœur,2024,6,F_B,FOOD SALEE,5,2.0,10.0,1.0,2.0,H0373
Mercure Paris Montmartre Sacré-Cœur,2024,6,F_B,FOOD SALEE,7,1.0,4.0,1.0,1.0,H0373
Mercure Paris Montmartre Sacré-Cœur,2024,6,F_B,FOOD SALEE,12,1.0,5.0,1.0,1.0,H0373
Mercure Paris Montmartre Sacré-Cœur,2024,6,F_B,FOOD SALEE,13,2.0,10.0,2.0,2.0,H0373
Mercure Paris Montmartre Sacré-Cœur,2024,6,F_B,FOOD SALEE,14,3.0,16.0,2.0,3.0,H0373
Mercure Paris Montmartre Sacré-Cœur,2024,6,F_B,FOOD SALEE,15,2.0,9.0,2.0,2.0,H0373
Mercure Paris Montmartre Sacré-Cœur,2024,6,F_B,FOOD SALEE,16,2.0,10.0,2.0,1.0,H0373
Mercure Paris Montmartre Sacré-Cœur,2024,6,F_B,FOOD SALEE,17,3.0,15.0,3.0,3.0,H0373
Mercure Paris Montmartre Sacré-Cœur,2024,6,F_B,FOOD SALEE,18,2.0,9.0,2.0,2.0,H0373
Mercure Paris Montmartre Sacré-Cœur,2024,6,F_B,FOOD SALEE,19,6.0,40.0,5.0,2.0,H0373
Mercure Paris Montmartre Sacré-Cœur,2024,6,F_B,FOOD SALEE,20,3.0,14.0,3.0,2.0,H0373
Mercure Paris Montmartre Sacré-Cœur,2024,6,F_B,FOOD SALEE,21,4.0,21.0,3.0,3.0,H0373
Mercure Paris Montmartre Sacré-Cœur,2024,6,F_B,FOOD SALEE,22,6.0,28.0,6.0,4.0,H0373
Mercure Paris Montmartre Sacré-Cœur,2024,6,F_B,FOOD SALEE,23,12.0,60.0,11.0,5.0,H0373
Mercure Paris Montmartre Sacré-Cœur,2024,6,F_B,FOOD SUCREE,0,15.0,62.0,9.0,1.0,H0373
Mercure Paris Montmartre Sacré-Cœur,2024,6,F_B,FOOD SUCREE,1,4.0,57.0,3.0,3.0,H0373
Mercure Paris Montmartre Sacré-Cœur,2024,6,F_B,FOOD SUCREE,2,3.0,10.0,2.0,1.0,H0373
Mercure Paris Montmartre Sacré-Cœur,2024,6,F_B,FOOD SUCREE,4,1.0,2.0,1.0,1.0,H0373
Mercure Paris Montmartre Sacré-Cœur,2024,6,F_B,FOOD SUCREE,5,4.0,15.0,2.0,3.0,H0373
Mercure Paris Montmartre Sacré-Cœur,2024,6,F_B,FOOD SUCREE,6,3.0,10.0,2.0,1.0,H0373
Mercure Paris Montmartre Sacré-Cœur,2024,6,F_B,FOOD SUCREE,7,2.0,4.0,2.0,1.0,H0373
Mercure Paris Montmartre Sacré-Cœur,2024,6,F_B,FOOD SUCREE,8,7.0,18.0,6.0,1.0,H0373
Mercure Paris Montmartre Sacré-Cœur,2024,6,F_B,FOOD SUCREE,9,1.0,2.0,1.0,1.0,H0373
Mercure Paris Montmartre Sacré-Cœur,2024,6,F_B,FOOD SUCREE,10,3.0,6.0,3.0,1.0,H0373
Mercure Paris Montmartre Sacré-Cœur,2024,6,F_B,FOOD SUCREE,12,1.0,3.0,1.0,1.0,H0373
Mercure Paris Montmartre Sacré-Cœur,2024,6,F_B,FOOD SUCREE,14,1.0,2.0,1.0,1.0,H0373
Mercure Paris Montmartre Sacré-Cœur,2024,6,F_B,FOOD SUCREE,15,8.0,28.0,5.0,2.0,H0373
Mercure Paris Montmartre Sacré-Cœur,2024,6,F_B,FOOD SUCREE,16,5.0,10.0,5.0,1.0,H0373
Mercure Paris Montmartre Sacré-Cœur,2024,6,F_B,FOOD SUCREE,17,2.0,4.0,2.0,1.0,H0373
Mercure Paris Montmartre Sacré-Cœur,2024,6,F_B,FOOD SUCREE,18,7.0,26.0,5.0,1.0,H0373
Mercure Paris Montmartre Sacré-Cœur,2024,6,F_B,FOOD SUCREE,19,4.0,13.0,3.0,2.0,H0373
Mercure Paris Montmartre Sacré-Cœur,2024,6,F_B,FOOD SUCREE,20,5.0,22.0,3.0,1.0,H0373
Mercure Paris Montmartre Sacré-Cœur,2024,6,F_B,FOOD SUCREE,21,9.0,26.0,7.0,1.0,H0373
Mercure Paris Montmartre Sacré-Cœur,2024,6,F_B,FOOD SUCREE,22,14.0,50.0,10.0,2.0,H0373
Mercure Paris Montmartre Sacré-Cœur,2024,6,F_B,FOOD SUCREE,23,8.0,21.0,7.0,2.0,H0373
Mercure Paris Montmartre Sacré-Cœur,2024,6,F_B,SANS ALCOOL,0,56.0,420.0,40.0,8.0,H0373
Mercure Paris Montmartre Sacré-Cœur,2024,6,F_B,SANS ALCOOL,1,18.0,150.0,13.0,4.0,H0373
Mercure Paris Montmartre Sacré-Cœur,2024,6,F_B,SANS ALCOOL,2,6.0,30.0,6.0,5.0,H0373
Mercure Paris Montmartre Sacré-Cœur,2024,6,F_B,SANS ALCOOL,3,7.0,125.0,2.0,1.0,H0373
Mercure Paris Montmartre Sacré-Cœur,2024,6,F_B,SANS ALCOOL,4,6.0,70.0,2.0,2.0,H0373
Mercure Paris Montmartre Sacré-Cœur,2024,6,F_B,SANS ALCOOL,5,1.0,5.0,1.0,1.0,H0373
Mercure Paris Montmartre Sacré-Cœur,2024,6,F_B,SANS ALCOOL,6,3.0,15.0,2.0,3.0,H0373
Mercure Paris Montmartre Sacré-Cœur,2024,6,F_B,SANS ALCOOL,7,14.0,100.0,11.0,4.0,H0373
Mercure Paris Montmartre Sacré-Cœur,2024,6,F_B,SANS ALCOOL,8,31.0,175.0,24.0,9.0,H0373
Mercure Paris Montmartre Sacré-Cœur,2024,6,F_B,SANS ALCOOL,9,12.0,70.0,11.0,7.0,H0373
Mercure Paris Montmartre Sacré-Cœur,2024,6,F_B,SANS ALCOOL,10,12.0,80.0,10.0,2.0,H0373
Mercure Paris Montmartre Sacré-Cœur,2024,6,F_B,SANS ALCOOL,11,9.0,65.0,5.0,4.0,H0373
Mercure Paris Montmartre Sacré-Cœur,2024,6,F_B,SANS ALCOOL,12,12.0,90.0,6.0,4.0,H0373
Mercure Paris Montmartre Sacré-Cœur,2024,6,F_B,SANS ALCOOL,13,3.0,15.0,3.0,3.0,H0373
Mercure Paris Montmartre Sacré-Cœur,2024,6,F_B,SANS ALCOOL,14,21.0,165.0,14.0,8.0,H0373
Mercure Paris Montmartre Sacré-Cœur,2024,6,F_B,SANS ALCOOL,15,27.0,195.0,19.0,8.0,H0373
Mercure Paris Montmartre Sacré-Cœur,2024,6,F_B,SANS ALCOOL,16,26.0,180.0,20.0,7.0,H0373
Mercure Paris Montmartre Sacré-Cœur,2024,6,F_B,SANS ALCOOL,17,47.0,385.0,26.0,8.0,H0373
Mercure Paris Montmartre Sacré-Cœur,2024,6,F_B,SANS ALCOOL,18,31.0,214.0,24.0,8.0,H0373
Mercure Paris Montmartre Sacré-Cœur,2024,6,F_B,SANS ALCOOL,19,18.0,140.0,11.0,5.0,H0373
Mercure Paris Montmartre Sacré-Cœur,2024,6,F_B,SANS ALCOOL,20,34.0,290.0,24.0,8.0,H0373
Mercure Paris Montmartre Sacré-Cœur,2024,6,F_B,SANS ALCOOL,21,38.0,270.0,27.0,6.0,H0373
Mercure Paris Montmartre Sacré-Cœur,2024,6,F_B,SANS ALCOOL,22,73.0,625.0,49.0,9.0,H0373
Mercure Paris Montmartre Sacré-Cœur,2024,6,F_B,SANS ALCOOL,23,58.0,450.0,44.0,8.0,H0373
Mercure Paris Montmartre Sacré-Cœur,2024,6,F_B,SOUVENIRS,3,1.0,15.0,1.0,1.0,H0373
Mercure Paris Montmartre Sacré-Cœur,2024,6,F_B,SOUVENIRS,21,1.0,15.0,1.0,1.0,H0373
Mercure Paris Montmartre Sacré-Cœur,2024,6,F_B,SOUVENIRS,23,1.0,15.0,1.0,1.0,H0373
Mercure Paris Montmartre Sacré-Cœur,2024,6,N_F_B,COSMETIQUE,10,1.0,12.0,1.0,1.0,H0373
Mercure Paris Montmartre Sacré-Cœur,2024,6,N_F_B,COSMETIQUE,12,3.0,108.0,1.0,1.0,H0373
Mercure Paris Montmartre Sacré-Cœur,2024,6,N_F_B,COSMETIQUE,17,1.0,37.0,1.0,1.0,H0373
Mercure Paris Montmartre Sacré-Cœur,2024,6,N_F_B,SOS,21,1.0,8.0,1.0,1.0,H0373
Mercure Paris Montmartre Sacré-Cœur,2024,6,N_F_B,SOUVENIRS,21,1.0,42.0,1.0,1.0,H0373
Mercure Paris Montmartre Sacré-Cœur,2024,7,F_B,ALCOOL,0,9.0,85.0,6.0,2.0,H0373
Mercure Paris Montmartre Sacré-Cœur,2024,7,F_B,ALCOOL,1,5.0,45.0,3.0,1.0,H0373
Mercure Paris Montmartre Sacré-Cœur,2024,7,F_B,ALCOOL,2,8.0,95.0,5.0,2.0,H0373
Mercure Paris Montmartre Sacré-Cœur,2024,7,F_B,ALCOOL,3,3.0,27.0,2.0,2.0,H0373
Mercure Paris Montmartre Sacré-Cœur,2024,7,F_B,ALCOOL,7,2.0,120.0,1.0,1.0,H0373
Mercure Paris Montmartre Sacré-Cœur,2024,7,F_B,ALCOOL,14,1.0,5.0,1.0,1.0,H0373
Mercure Paris Montmartre Sacré-Cœur,2024,7,F_B,ALCOOL,16,5.0,82.0,3.0,3.0,H0373
Mercure Paris Montmartre Sacré-Cœur,2024,7,F_B,ALCOOL,17,5.0,75.0,4.0,2.0,H0373
Mercure Paris Montmartre Sacré-Cœur,2024,7,F_B,ALCOOL,19,8.0,84.0,5.0,2.0,H0373
Mercure Paris Montmartre Sacré-Cœur,2024,7,F_B,ALCOOL,20,3.0,25.0,2.0,1.0,H0373
Mercure Paris Montmartre Sacré-Cœur,2024,7,F_B,ALCOOL,21,11.0,124.0,9.0,4.0,H0373
Mercure Paris Montmartre Sacré-Cœur,2024,7,F_B,ALCOOL,22,18.0,244.0,11.0,3.0,H0373
Mercure Paris Montmartre Sacré-Cœur,2024,7,F_B,ALCOOL,23,18.0,210.0,11.0,3.0,H0373
Mercure Paris Montmartre Sacré-Cœur,2024,7,F_B,FOOD SALEE,0,8.0,58.0,6.0,3.0,H0373
Mercure Paris Montmartre Sacré-Cœur,2024,7,F_B,FOOD SALEE,1,6.0,40.0,5.0,1.0,H0373
Mercure Paris Montmartre Sacré-Cœur,2024,7,F_B,FOOD SALEE,2,4.0,20.0,4.0,1.0,H0373
Mercure Paris Montmartre Sacré-Cœur,2024,7,F_B,FOOD SALEE,3,1.0,5.0,1.0,1.0,H0373
Mercure Paris Montmartre Sacré-Cœur,2024,7,F_B,FOOD SALEE,7,1.0,5.0,1.0,1.0,H0373
Mercure Paris Montmartre Sacré-Cœur,2024,7,F_B,FOOD SALEE,8,1.0,5.0,1.0,1.0,H0373
Mercure Paris Montmartre Sacré-Cœur,2024,7,F_B,FOOD SALEE,10,1.0,5.0,1.0,1.0,H0373
Mercure Paris Montmartre Sacré-Cœur,2024,7,F_B,FOOD SALEE,11,1.0,3.0,1.0,1.0,H0373
Mercure Paris Montmartre Sacré-Cœur,2024,7,F_B,FOOD SALEE,12,3.0,13.0,2.0,3.0,H0373
Mercure Paris Montmartre Sacré-Cœur,2024,7,F_B,FOOD SALEE,13,3.0,16.0,2.0,3.0,H0373
Mercure Paris Montmartre Sacré-Cœur,2024,7,F_B,FOOD SALEE,15,2.0,10.0,2.0,1.0,H0373
Mercure Paris Montmartre Sacré-Cœur,2024,7,F_B,FOOD SALEE,16,1.0,5.0,1.0,1.0,H0373
Mercure Paris Montmartre Sacré-Cœur,2024,7,F_B,FOOD SALEE,17,2.0,10.0,2.0,1.0,H0373
Mercure Paris Montmartre Sacré-Cœur,2024,7,F_B,FOOD SALEE,19,2.0,20.0,1.0,1.0,H0373
Mercure Paris Montmartre Sacré-Cœur,2024,7,F_B,FOOD SALEE,20,5.0,34.0,4.0,2.0,H0373
Mercure Paris Montmartre Sacré-Cœur,2024,7,F_B,FOOD SALEE,21,5.0,35.0,4.0,2.0,H0373
Mercure Paris Montmartre Sacré-Cœur,2024,7,F_B,FOOD SALEE,22,5.0,23.0,4.0,3.0,H0373
Mercure Paris Montmartre Sacré-Cœur,2024,7,F_B,FOOD SALEE,23,7.0,33.0,7.0,3.0,H0373
Mercure Paris Montmartre Sacré-Cœur,2024,7,F_B,FOOD SUCREE,0,12.0,50.0,8.0,3.0,H0373
Mercure Paris Montmartre Sacré-Cœur,2024,7,F_B,FOOD SUCREE,1,14.0,42.0,10.0,3.0,H0373
Mercure Paris Montmartre Sacré-Cœur,2024,7,F_B,FOOD SUCREE,2,4.0,19.0,3.0,3.0,H0373
Mercure Paris Montmartre Sacré-Cœur,2024,7,F_B,FOOD SUCREE,3,1.0,2.0,1.0,1.0,H0373
Mercure Paris Montmartre Sacré-Cœur,2024,7,F_B,FOOD SUCREE,4,4.0,32.0,1.0,1.0,H0373
Mercure Paris Montmartre Sacré-Cœur,2024,7,F_B,FOOD SUCREE,7,2.0,4.0,2.0,1.0,H0373
Mercure Paris Montmartre Sacré-Cœur,2024,7,F_B,FOOD SUCREE,8,1.0,2.0,1.0,1.0,H0373
Mercure Paris Montmartre Sacré-Cœur,2024,7,F_B,FOOD SUCREE,9,2.0,6.0,2.0,2.0,H0373
Mercure Paris Montmartre Sacré-Cœur,2024,7,F_B,FOOD SUCREE,10,1.0,3.0,1.0,1.0,H0373
Mercure Paris Montmartre Sacré-Cœur,2024,7,F_B,FOOD SUCREE,11,2.0,5.0,1.0,2.0,H0373
Mercure Paris Montmartre Sacré-Cœur,2024,7,F_B,FOOD SUCREE,12,3.0,10.0,2.0,1.0,H0373
Mercure Paris Montmartre Sacré-Cœur,2024,7,F_B,FOOD SUCREE,13,3.0,11.0,2.0,2.0,H0373
Mercure Paris Montmartre Sacré-Cœur,2024,7,F_B,FOOD SUCREE,14,2.0,8.0,1.0,1.0,H0373
Mercure Paris Montmartre Sacré-Cœur,2024,7,F_B,FOOD SUCREE,15,5.0,22.0,3.0,1.0,H0373
Mercure Paris Montmartre Sacré-Cœur,2024,7,F_B,FOOD SUCREE,16,1.0,2.0,1.0,1.0,H0373
Mercure Paris Montmartre Sacré-Cœur,2024,7,F_B,FOOD SUCREE,17,4.0,8.0,4.0,1.0,H0373
Mercure Paris Montmartre Sacré-Cœur,2024,7,F_B,FOOD SUCREE,18,2.0,4.0,2.0,1.0,H0373
Mercure Paris Montmartre Sacré-Cœur,2024,7,F_B,FOOD SUCREE,19,5.0,11.0,4.0,2.0,H0373
Mercure Paris Montmartre Sacré-Cœur,2024,7,F_B,FOOD SUCREE,20,18.0,81.0,10.0,2.0,H0373
Mercure Paris Montmartre Sacré-Cœur,2024,7,F_B,FOOD SUCREE,21,16.0,56.0,11.0,1.0,H0373
Mercure Paris Montmartre Sacré-Cœur,2024,7,F_B,FOOD SUCREE,22,15.0,44.0,12.0,3.0,H0373
Mercure Paris Montmartre Sacré-Cœur,2024,7,F_B,FOOD SUCREE,23,11.0,29.0,9.0,3.0,H0373
Mercure Paris Montmartre Sacré-Cœur,2024,7,F_B,SANS ALCOOL,0,51.0,2205.0,22.0,7.0,H0373
Mercure Paris Montmartre Sacré-Cœur,2024,7,F_B,SANS ALCOOL,1,29.0,255.0,17.0,7.0,H0373
Mercure Paris Montmartre Sacré-Cœur,2024,7,F_B,SANS ALCOOL,2,8.0,50.0,6.0,4.0,H0373
Mercure Paris Montmartre Sacré-Cœur,2024,7,F_B,SANS ALCOOL,3,6.0,70.0,2.0,3.0,H0373
Mercure Paris Montmartre Sacré-Cœur,2024,7,F_B,SANS ALCOOL,4,5.0,85.0,2.0,2.0,H0373
Mercure Paris Montmartre Sacré-Cœur,2024,7,F_B,SANS ALCOOL,5,2.0,10.0,2.0,2.0,H0373
Mercure Paris Montmartre Sacré-Cœur,2024,7,F_B,SANS ALCOOL,6,8.0,60.0,5.0,3.0,H0373
Mercure Paris Montmartre Sacré-Cœur,2024,7,F_B,SANS ALCOOL,7,2.0,10.0,2.0,2.0,H0373
Mercure Paris Montmartre Sacré-Cœur,2024,7,F_B,SANS ALCOOL,8,8.0,40.0,6.0,5.0,H0373
Mercure Paris Montmartre Sacré-Cœur,2024,7,F_B,SANS ALCOOL,9,11.0,75.0,8.0,3.0,H0373
Mercure Paris Montmartre Sacré-Cœur,2024,7,F_B,SANS ALCOOL,10,12.0,130.0,4.0,4.0,H0373
Mercure Paris Montmartre Sacré-Cœur,2024,7,F_B,SANS ALCOOL,11,4.0,30.0,3.0,3.0,H0373
Mercure Paris Montmartre Sacré-Cœur,2024,7,F_B,SANS ALCOOL,13,6.0,30.0,6.0,5.0,H0373
Mercure Paris Montmartre Sacré-Cœur,2024,7,F_B,SANS ALCOOL,14,3.0,15.0,2.0,3.0,H0373
Mercure Paris Montmartre Sacré-Cœur,2024,7,F_B,SANS ALCOOL,15,9.0,55.0,5.0,6.0,H0373
Mercure Paris Montmartre Sacré-Cœur,2024,7,F_B,SANS ALCOOL,16,13.0,145.0,6.0,6.0,H0373
Mercure Paris Montmartre Sacré-Cœur,2024,7,F_B,SANS ALCOOL,17,15.0,95.0,10.0,6.0,H0373
Mercure Paris Montmartre Sacré-Cœur,2024,7,F_B,SANS ALCOOL,18,6.0,30.0,6.0,4.0,H0373
Mercure Paris Montmartre Sacré-Cœur,2024,7,F_B,SANS ALCOOL,19,13.0,75.0,12.0,5.0,H0373
Mercure Paris Montmartre Sacré-Cœur,2024,7,F_B,SANS ALCOOL,20,30.0,280.0,15.0,6.0,H0373
Mercure Paris Montmartre Sacré-Cœur,2024,7,F_B,SANS ALCOOL,21,41.0,285.0,28.0,7.0,H0373
Mercure Paris Montmartre Sacré-Cœur,2024,7,F_B,SANS ALCOOL,22,33.0,265.0,24.0,9.0,H0373
Mercure Paris Montmartre Sacré-Cœur,2024,7,F_B,SANS ALCOOL,23,48.0,340.0,36.0,9.0,H0373
Mercure Paris Montmartre Sacré-Cœur,2024,7,F_B,SOUVENIRS,1,1.0,15.0,1.0,1.0,H0373
Mercure Paris Montmartre Sacré-Cœur,2024,7,N_F_B,COSMETIQUE,16,1.0,13.0,1.0,1.0,H0373
Mercure Paris Montmartre Sacré-Cœur,2024,7,N_F_B,COSMETIQUE,21,3.0,95.0,1.0,3.0,H0373
Mercure Paris Montmartre Sacré-Cœur,2024,7,N_F_B,SOS,8,1.0,4.0,1.0,1.0,H0373
Mercure Paris Montmartre Sacré-Cœur,2024,7,N_F_B,SOS,21,1.0,15.0,1.0,1.0,H0373
Mercure Paris Montmartre Sacré-Cœur,2024,7,N_F_B,SOS,22,1.0,15.0,1.0,1.0,H0373
Mercure Paris Montmartre Sacré-Cœur,2024,7,N_F_B,SOUVENIRS,0,1.0,22.0,1.0,1.0,H0373
Mercure Paris Montmartre Sacré-Cœur,2024,8,F_B,ALCOOL,0,7.0,63.0,5.0,2.0,H0373
Mercure Paris Montmartre Sacré-Cœur,2024,8,F_B,ALCOOL,1,7.0,87.0,7.0,3.0,H0373
Mercure Paris Montmartre Sacré-Cœur,2024,8,F_B,ALCOOL,13,1.0,5.0,1.0,1.0,H0373
Mercure Paris Montmartre Sacré-Cœur,2024,8,F_B,ALCOOL,15,1.0,7.0,1.0,1.0,H0373
Mercure Paris Montmartre Sacré-Cœur,2024,8,F_B,ALCOOL,16,6.0,56.0,5.0,3.0,H0373
Mercure Paris Montmartre Sacré-Cœur,2024,8,F_B,ALCOOL,17,2.0,10.0,2.0,1.0,H0373
Mercure Paris Montmartre Sacré-Cœur,2024,8,F_B,ALCOOL,18,12.0,114.0,8.0,2.0,H0373
Mercure Paris Montmartre Sacré-Cœur,2024,8,F_B,ALCOOL,19,5.0,45.0,3.0,2.0,H0373
Mercure Paris Montmartre Sacré-Cœur,2024,8,F_B,ALCOOL,20,15.0,282.0,6.0,4.0,H0373
Mercure Paris Montmartre Sacré-Cœur,2024,8,F_B,ALCOOL,21,12.0,242.0,6.0,3.0,H0373
Mercure Paris Montmartre Sacré-Cœur,2024,8,F_B,ALCOOL,22,13.0,156.0,11.0,4.0,H0373
Mercure Paris Montmartre Sacré-Cœur,2024,8,F_B,ALCOOL,23,17.0,254.0,12.0,4.0,H0373
Mercure Paris Montmartre Sacré-Cœur,2024,8,F_B,FOOD SALEE,0,6.0,28.0,5.0,3.0,H0373
Mercure Paris Montmartre Sacré-Cœur,2024,8,F_B,FOOD SALEE,4,1.0,5.0,1.0,1.0,H0373
Mercure Paris Montmartre Sacré-Cœur,2024,8,F_B,FOOD SALEE,12,1.0,5.0,1.0,1.0,H0373
Mercure Paris Montmartre Sacré-Cœur,2024,8,F_B,FOOD SALEE,13,3.0,15.0,3.0,1.0,H0373
Mercure Paris Montmartre Sacré-Cœur,2024,8,F_B,FOOD SALEE,14,2.0,10.0,2.0,1.0,H0373
Mercure Paris Montmartre Sacré-Cœur,2024,8,F_B,FOOD SALEE,16,4.0,40.0,2.0,1.0,H0373
Mercure Paris Montmartre Sacré-Cœur,2024,8,F_B,FOOD SALEE,17,6.0,28.0,6.0,2.0,H0373
Mercure Paris Montmartre Sacré-Cœur,2024,8,F_B,FOOD SALEE,18,6.0,30.0,6.0,1.0,H0373
Mercure Paris Montmartre Sacré-Cœur,2024,8,F_B,FOOD SALEE,19,3.0,23.0,2.0,2.0,H0373
Mercure Paris Montmartre Sacré-Cœur,2024,8,F_B,FOOD SALEE,20,4.0,20.0,4.0,1.0,H0373
Mercure Paris Montmartre Sacré-Cœur,2024,8,F_B,FOOD SALEE,21,2.0,8.0,2.0,2.0,H0373
Mercure Paris Montmartre Sacré-Cœur,2024,8,F_B,FOOD SALEE,22,3.0,13.0,3.0,2.0,H0373
Mercure Paris Montmartre Sacré-Cœur,2024,8,F_B,FOOD SALEE,23,12.0,68.0,9.0,3.0,H0373
Mercure Paris Montmartre Sacré-Cœur,2024,8,F_B,FOOD SUCREE,0,23.0,127.0,11.0,2.0,H0373
Mercure Paris Montmartre Sacré-Cœur,2024,8,F_B,FOOD SUCREE,1,8.0,43.0,3.0,3.0,H0373
Mercure Paris Montmartre Sacré-Cœur,2024,8,F_B,FOOD SUCREE,2,8.0,61.0,2.0,2.0,H0373
Mercure Paris Montmartre Sacré-Cœur,2024,8,F_B,FOOD SUCREE,4,1.0,2.0,1.0,1.0,H0373
Mercure Paris Montmartre Sacré-Cœur,2024,8,F_B,FOOD SUCREE,7,1.0,2.0,1.0,1.0,H0373
Mercure Paris Montmartre Sacré-Cœur,2024,8,F_B,FOOD SUCREE,8,1.0,3.0,1.0,1.0,H0373
Mercure Paris Montmartre Sacré-Cœur,2024,8,F_B,FOOD SUCREE,10,1.0,2.0,1.0,1.0,H0373
Mercure Paris Montmartre Sacré-Cœur,2024,8,F_B,FOOD SUCREE,13,2.0,8.0,1.0,1.0,H0373
Mercure Paris Montmartre Sacré-Cœur,2024,8,F_B,FOOD SUCREE,14,4.0,20.0,2.0,1.0,H0373
Mercure Paris Montmartre Sacré-Cœur,2024,8,F_B,FOOD SUCREE,15,2.0,8.0,1.0,1.0,H0373
Mercure Paris Montmartre Sacré-Cœur,2024,8,F_B,FOOD SUCREE,17,12.0,57.0,7.0,3.0,H0373
Mercure Paris Montmartre Sacré-Cœur,2024,8,F_B,FOOD SUCREE,18,3.0,6.0,3.0,1.0,H0373
Mercure Paris Montmartre Sacré-Cœur,2024,8,F_B,FOOD SUCREE,20,7.0,23.0,5.0,2.0,H0373
Mercure Paris Montmartre Sacré-Cœur,2024,8,F_B,FOOD SUCREE,21,12.0,44.0,10.0,4.0,H0373
Mercure Paris Montmartre Sacré-Cœur,2024,8,F_B,FOOD SUCREE,22,14.0,44.0,10.0,3.0,H0373
Mercure Paris Montmartre Sacré-Cœur,2024,8,F_B,FOOD SUCREE,23,23.0,118.0,13.0,4.0,H0373
Mercure Paris Montmartre Sacré-Cœur,2024,8,F_B,SANS ALCOOL,0,28.0,210.0,19.0,8.0,H0373
Mercure Paris Montmartre Sacré-Cœur,2024,8,F_B,SANS ALCOOL,1,17.0,135.0,10.0,5.0,H0373
Mercure Paris Montmartre Sacré-Cœur,2024,8,F_B,SANS ALCOOL,2,8.0,40.0,7.0,5.0,H0373
Mercure Paris Montmartre Sacré-Cœur,2024,8,F_B,SANS ALCOOL,3,1.0,5.0,1.0,1.0,H0373
Mercure Paris Montmartre Sacré-Cœur,2024,8,F_B,SANS ALCOOL,4,1.0,5.0,1.0,1.0,H0373
Mercure Paris Montmartre Sacré-Cœur,2024,8,F_B,SANS ALCOOL,5,1.0,5.0,1.0,1.0,H0373
Mercure Paris Montmartre Sacré-Cœur,2024,8,F_B,SANS ALCOOL,6,1.0,5.0,1.0,1.0,H0373
Mercure Paris Montmartre Sacré-Cœur,2024,8,F_B,SANS ALCOOL,7,1.0,5.0,1.0,1.0,H0373
Mercure Paris Montmartre Sacré-Cœur,2024,8,F_B,SANS ALCOOL,8,11.0,175.0,5.0,4.0,H0373
Mercure Paris Montmartre Sacré-Cœur,2024,8,F_B,SANS ALCOOL,9,8.0,150.0,3.0,3.0,H0373
Mercure Paris Montmartre Sacré-Cœur,2024,8,F_B,SANS ALCOOL,10,6.0,30.0,5.0,5.0,H0373
Mercure Paris Montmartre Sacré-Cœur,2024,8,F_B,SANS ALCOOL,11,2.0,10.0,2.0,2.0,H0373
Mercure Paris Montmartre Sacré-Cœur,2024,8,F_B,SANS ALCOOL,12,10.0,100.0,5.0,5.0,H0373
Mercure Paris Montmartre Sacré-Cœur,2024,8,F_B,SANS ALCOOL,13,8.0,50.0,7.0,6.0,H0373
Mercure Paris Montmartre Sacré-Cœur,2024,8,F_B,SANS ALCOOL,14,18.0,180.0,9.0,5.0,H0373
Mercure Paris Montmartre Sacré-Cœur,2024,8,F_B,SANS ALCOOL,15,7.0,55.0,5.0,3.0,H0373
Mercure Paris Montmartre Sacré-Cœur,2024,8,F_B,SANS ALCOOL,16,16.0,240.0,9.0,6.0,H0373
Mercure Paris Montmartre Sacré-Cœur,2024,8,F_B,SANS ALCOOL,17,14.0,100.0,8.0,5.0,H0373
Mercure Paris Montmartre Sacré-Cœur,2024,8,F_B,SANS ALCOOL,18,18.0,120.0,15.0,7.0,H0373
Mercure Paris Montmartre Sacré-Cœur,2024,8,F_B,SANS ALCOOL,19,9.0,105.0,6.0,4.0,H0373
Mercure Paris Montmartre Sacré-Cœur,2024,8,F_B,SANS ALCOOL,20,32.0,310.0,14.0,7.0,H0373
Mercure Paris Montmartre Sacré-Cœur,2024,8,F_B,SANS ALCOOL,21,34.0,250.0,25.0,8.0,H0373
Mercure Paris Montmartre Sacré-Cœur,2024,8,F_B,SANS ALCOOL,22,44.0,300.0,29.0,9.0,H0373
Mercure Paris Montmartre Sacré-Cœur,2024,8,F_B,SANS ALCOOL,23,47.0,415.0,25.0,7.0,H0373
Mercure Paris Montmartre Sacré-Cœur,2024,8,N_F_B,SOS,8,1.0,15.0,1.0,1.0,H0373
Mercure Paris Montmartre Sacré-Cœur,2024,8,N_F_B,SOS,12,1.0,15.0,1.0,1.0,H0373
Mercure Paris Montmartre Sacré-Cœur,2024,8,N_F_B,SOS,18,1.0,15.0,1.0,1.0,H0373
Mercure Paris Montmartre Sacré-Cœur,2024,8,N_F_B,SOS,21,2.0,16.0,1.0,1.0,H0373
Mercure Paris Montmartre Sacré-Cœur,2024,8,N_F_B,SOUVENIRS,14,1.0,42.0,1.0,1.0,H0373
Mercure Paris Montmartre Sacré-Cœur,2024,9,F_B,ALCOOL,0,25.0,484.0,18.0,4.0,H0373
Mercure Paris Montmartre Sacré-Cœur,2024,9,F_B,ALCOOL,1,4.0,70.0,3.0,2.0,H0373
Mercure Paris Montmartre Sacré-Cœur,2024,9,F_B,ALCOOL,2,3.0,35.0,3.0,2.0,H0373
Mercure Paris Montmartre Sacré-Cœur,2024,9,F_B,ALCOOL,3,6.0,89.0,4.0,4.0,H0373
Mercure Paris Montmartre Sacré-Cœur,2024,9,F_B,ALCOOL,6,4.0,50.0,3.0,2.0,H0373
Mercure Paris Montmartre Sacré-Cœur,2024,9,F_B,ALCOOL,7,6.0,60.0,3.0,1.0,H0373
Mercure Paris Montmartre Sacré-Cœur,2024,9,F_B,ALCOOL,9,3.0,25.0,2.0,1.0,H0373
Mercure Paris Montmartre Sacré-Cœur,2024,9,F_B,ALCOOL,13,2.0,20.0,1.0,1.0,H0373
Mercure Paris Montmartre Sacré-Cœur,2024,9,F_B,ALCOOL,14,1.0,5.0,1.0,1.0,H0373
Mercure Paris Montmartre Sacré-Cœur,2024,9,F_B,ALCOOL,15,6.0,95.0,6.0,3.0,H0373
Mercure Paris Montmartre Sacré-Cœur,2024,9,F_B,ALCOOL,16,9.0,117.0,7.0,3.0,H0373
Mercure Paris Montmartre Sacré-Cœur,2024,9,F_B,ALCOOL,17,11.0,119.0,9.0,3.0,H0373
Mercure Paris Montmartre Sacré-Cœur,2024,9,F_B,ALCOOL,18,5.0,65.0,5.0,2.0,H0373
Mercure Paris Montmartre Sacré-Cœur,2024,9,F_B,ALCOOL,19,11.0,217.0,8.0,4.0,H0373
Mercure Paris Montmartre Sacré-Cœur,2024,9,F_B,ALCOOL,20,11.0,135.0,10.0,3.0,H0373
Mercure Paris Montmartre Sacré-Cœur,2024,9,F_B,ALCOOL,21,22.0,290.0,13.0,3.0,H0373
Mercure Paris Montmartre Sacré-Cœur,2024,9,F_B,ALCOOL,22,30.0,482.0,21.0,4.0,H0373
Mercure Paris Montmartre Sacré-Cœur,2024,9,F_B,ALCOOL,23,26.0,392.0,18.0,4.0,H0373
Mercure Paris Montmartre Sacré-Cœur,2024,9,F_B,FOOD SALEE,0,7.0,33.0,7.0,2.0,H0373
Mercure Paris Montmartre Sacré-Cœur,2024,9,F_B,FOOD SALEE,1,12.0,64.0,11.0,3.0,H0373
Mercure Paris Montmartre Sacré-Cœur,2024,9,F_B,FOOD SALEE,2,4.0,30.0,3.0,2.0,H0373
Mercure Paris Montmartre Sacré-Cœur,2024,9,F_B,FOOD SALEE,3,3.0,15.0,3.0,1.0,H0373
Mercure Paris Montmartre Sacré-Cœur,2024,9,F_B,FOOD SALEE,7,1.0,5.0,1.0,1.0,H0373
Mercure Paris Montmartre Sacré-Cœur,2024,9,F_B,FOOD SALEE,11,1.0,5.0,1.0,1.0,H0373
Mercure Paris Montmartre Sacré-Cœur,2024,9,F_B,FOOD SALEE,13,3.0,15.0,3.0,2.0,H0373
Mercure Paris Montmartre Sacré-Cœur,2024,9,F_B,FOOD SALEE,14,1.0,5.0,1.0,1.0,H0373
Mercure Paris Montmartre Sacré-Cœur,2024,9,F_B,FOOD SALEE,15,3.0,25.0,2.0,1.0,H0373
Mercure Paris Montmartre Sacré-Cœur,2024,9,F_B,FOOD SALEE,16,5.0,33.0,4.0,3.0,H0373
Mercure Paris Montmartre Sacré-Cœur,2024,9,F_B,FOOD SALEE,17,13.0,71.0,10.0,3.0,H0373
Mercure Paris Montmartre Sacré-Cœur,2024,9,F_B,FOOD SALEE,18,2.0,10.0,2.0,1.0,H0373
Mercure Paris Montmartre Sacré-Cœur,2024,9,F_B,FOOD SALEE,19,9.0,75.0,6.0,1.0,H0373
Mercure Paris Montmartre Sacré-Cœur,2024,9,F_B,FOOD SALEE,20,8.0,50.0,7.0,1.0,H0373
Mercure Paris Montmartre Sacré-Cœur,2024,9,F_B,FOOD SALEE,21,3.0,15.0,3.0,1.0,H0373
Mercure Paris Montmartre Sacré-Cœur,2024,9,F_B,FOOD SALEE,22,11.0,65.0,10.0,1.0,H0373
Mercure Paris Montmartre Sacré-Cœur,2024,9,F_B,FOOD SALEE,23,10.0,48.0,9.0,2.0,H0373
Mercure Paris Montmartre Sacré-Cœur,2024,9,F_B,FOOD SUCREE,0,11.0,71.0,7.0,3.0,H0373
Mercure Paris Montmartre Sacré-Cœur,2024,9,F_B,FOOD SUCREE,1,4.0,10.0,4.0,2.0,H0373
Mercure Paris Montmartre Sacré-Cœur,2024,9,F_B,FOOD SUCREE,2,2.0,8.0,1.0,1.0,H0373
Mercure Paris Montmartre Sacré-Cœur,2024,9,F_B,FOOD SUCREE,5,1.0,3.0,1.0,1.0,H0373
Mercure Paris Montmartre Sacré-Cœur,2024,9,F_B,FOOD SUCREE,7,3.0,8.0,2.0,2.0,H0373
Mercure Paris Montmartre Sacré-Cœur,2024,9,F_B,FOOD SUCREE,9,2.0,25.0,1.0,2.0,H0373
Mercure Paris Montmartre Sacré-Cœur,2024,9,F_B,FOOD SUCREE,10,1.0,3.0,1.0,1.0,H0373
Mercure Paris Montmartre Sacré-Cœur,2024,9,F_B,FOOD SUCREE,11,1.0,3.0,1.0,1.0,H0373
Mercure Paris Montmartre Sacré-Cœur,2024,9,F_B,FOOD SUCREE,13,3.0,15.0,2.0,1.0,H0373
Mercure Paris Montmartre Sacré-Cœur,2024,9,F_B,FOOD SUCREE,15,3.0,8.0,2.0,2.0,H0373
Mercure Paris Montmartre Sacré-Cœur,2024,9,F_B,FOOD SUCREE,16,1.0,3.0,1.0,1.0,H0373
Mercure Paris Montmartre Sacré-Cœur,2024,9,F_B,FOOD SUCREE,17,8.0,48.0,5.0,3.0,H0373
Mercure Paris Montmartre Sacré-Cœur,2024,9,F_B,FOOD SUCREE,18,5.0,32.0,3.0,2.0,H0373
Mercure Paris Montmartre Sacré-Cœur,2024,9,F_B,FOOD SUCREE,19,8.0,33.0,5.0,4.0,H0373
Mercure Paris Montmartre Sacré-Cœur,2024,9,F_B,FOOD SUCREE,20,15.0,75.0,10.0,3.0,H0373
Mercure Paris Montmartre Sacré-Cœur,2024,9,F_B,FOOD SUCREE,21,11.0,38.0,8.0,4.0,H0373
Mercure Paris Montmartre Sacré-Cœur,2024,9,F_B,FOOD SUCREE,22,21.0,87.0,16.0,5.0,H0373
Mercure Paris Montmartre Sacré-Cœur,2024,9,F_B,FOOD SUCREE,23,7.0,24.0,5.0,3.0,H0373
Mercure Paris Montmartre Sacré-Cœur,2024,9,F_B,SANS ALCOOL,0,54.0,430.0,33.0,7.0,H0373
Mercure Paris Montmartre Sacré-Cœur,2024,9,F_B,SANS ALCOOL,1,25.0,285.0,13.0,5.0,H0373
Mercure Paris Montmartre Sacré-Cœur,2024,9,F_B,SANS ALCOOL,2,3.0,15.0,3.0,2.0,H0373
Mercure Paris Montmartre Sacré-Cœur,2024,9,F_B,SANS ALCOOL,3,15.0,85.0,10.0,6.0,H0373
Mercure Paris Montmartre Sacré-Cœur,2024,9,F_B,SANS ALCOOL,4,4.0,30.0,2.0,3.0,H0373
Mercure Paris Montmartre Sacré-Cœur,2024,9,F_B,SANS ALCOOL,5,6.0,30.0,4.0,4.0,H0373
Mercure Paris Montmartre Sacré-Cœur,2024,9,F_B,SANS ALCOOL,6,13.0,185.0,7.0,3.0,H0373
Mercure Paris Montmartre Sacré-Cœur,2024,9,F_B,SANS ALCOOL,7,18.0,130.0,12.0,5.0,H0373
Mercure Paris Montmartre Sacré-Cœur,2024,9,F_B,SANS ALCOOL,8,16.0,140.0,10.0,5.0,H0373
Mercure Paris Montmartre Sacré-Cœur,2024,9,F_B,SANS ALCOOL,9,2.0,10.0,2.0,2.0,H0373
Mercure Paris Montmartre Sacré-Cœur,2024,9,F_B,SANS ALCOOL,10,11.0,105.0,7.0,4.0,H0373
Mercure Paris Montmartre Sacré-Cœur,2024,9,F_B,SANS ALCOOL,11,10.0,100.0,5.0,4.0,H0373
Mercure Paris Montmartre Sacré-Cœur,2024,9,F_B,SANS ALCOOL,12,6.0,30.0,6.0,4.0,H0373
Mercure Paris Montmartre Sacré-Cœur,2024,9,F_B,SANS ALCOOL,13,17.0,95.0,10.0,6.0,H0373
Mercure Paris Montmartre Sacré-Cœur,2024,9,F_B,SANS ALCOOL,14,16.0,160.0,9.0,5.0,H0373
Mercure Paris Montmartre Sacré-Cœur,2024,9,F_B,SANS ALCOOL,15,22.0,240.0,12.0,5.0,H0373
Mercure Paris Montmartre Sacré-Cœur,2024,9,F_B,SANS ALCOOL,16,27.0,185.0,17.0,9.0,H0373
Mercure Paris Montmartre Sacré-Cœur,2024,9,F_B,SANS ALCOOL,17,28.0,230.0,16.0,7.0,H0373
Mercure Paris Montmartre Sacré-Cœur,2024,9,F_B,SANS ALCOOL,18,17.0,125.0,10.0,5.0,H0373
Mercure Paris Montmartre Sacré-Cœur,2024,9,F_B,SANS ALCOOL,19,33.0,275.0,22.0,7.0,H0373
Mercure Paris Montmartre Sacré-Cœur,2024,9,F_B,SANS ALCOOL,20,40.0,330.0,27.0,6.0,H0373
Mercure Paris Montmartre Sacré-Cœur,2024,9,F_B,SANS ALCOOL,21,26.0,160.0,20.0,8.0,H0373
Mercure Paris Montmartre Sacré-Cœur,2024,9,F_B,SANS ALCOOL,22,53.0,345.0,41.0,7.0,H0373
Mercure Paris Montmartre Sacré-Cœur,2024,9,F_B,SANS ALCOOL,23,50.0,410.0,35.0,8.0,H0373
Mercure Paris Montmartre Sacré-Cœur,2024,9,N_F_B,SOS,11,1.0,4.0,1.0,1.0,H0373
Mercure Paris Montmartre Sacré-Cœur,2024,9,N_F_B,SOS,22,1.0,8.0,1.0,1.0,H0373
Mercure Paris Montmartre Sacré-Cœur,2024,9,N_F_B,SOUVENIRS,1,1.0,42.0,1.0,1.0,H0373
Mercure Paris Montmartre Sacré-Cœur,2024,10,F_B,ALCOOL,0,10.0,114.0,9.0,3.0,H0373
Mercure Paris Montmartre Sacré-Cœur,2024,10,F_B,ALCOOL,1,6.0,90.0,5.0,2.0,H0373
Mercure Paris Montmartre Sacré-Cœur,2024,10,F_B,ALCOOL,2,5.0,39.0,4.0,2.0,H0373
Mercure Paris Montmartre Sacré-Cœur,2024,10,F_B,ALCOOL,3,5.0,81.0,5.0,2.0,H0373
Mercure Paris Montmartre Sacré-Cœur,2024,10,F_B,ALCOOL,5,5.0,145.0,3.0,2.0,H0373
Mercure Paris Montmartre Sacré-Cœur,2024,10,F_B,ALCOOL,6,1.0,25.0,1.0,1.0,H0373
Mercure Paris Montmartre Sacré-Cœur,2024,10,F_B,ALCOOL,8,1.0,7.0,1.0,1.0,H0373
Mercure Paris Montmartre Sacré-Cœur,2024,10,F_B,ALCOOL,9,1.0,25.0,1.0,1.0,H0373
Mercure Paris Montmartre Sacré-Cœur,2024,10,F_B,ALCOOL,10,3.0,45.0,1.0,1.0,H0373
Mercure Paris Montmartre Sacré-Cœur,2024,10,F_B,ALCOOL,11,4.0,30.0,3.0,1.0,H0373
Mercure Paris Montmartre Sacré-Cœur,2024,10,F_B,ALCOOL,12,2.0,30.0,2.0,2.0,H0373
Mercure Paris Montmartre Sacré-Cœur,2024,10,F_B,ALCOOL,13,8.0,110.0,3.0,1.0,H0373
Mercure Paris Montmartre Sacré-Cœur,2024,10,F_B,ALCOOL,14,1.0,5.0,1.0,1.0,H0373
Mercure Paris Montmartre Sacré-Cœur,2024,10,F_B,ALCOOL,15,5.0,99.0,5.0,3.0,H0373
Mercure Paris Montmartre Sacré-Cœur,2024,10,F_B,ALCOOL,16,6.0,82.0,4.0,3.0,H0373
Mercure Paris Montmartre Sacré-Cœur,2024,10,F_B,ALCOOL,17,13.0,196.0,10.0,4.0,H0373
Mercure Paris Montmartre Sacré-Cœur,2024,10,F_B,ALCOOL,18,3.0,27.0,2.0,2.0,H0373
Mercure Paris Montmartre Sacré-Cœur,2024,10,F_B,ALCOOL,19,18.0,437.0,9.0,4.0,H0373
Mercure Paris Montmartre Sacré-Cœur,2024,10,F_B,ALCOOL,20,8.0,194.0,7.0,3.0,H0373
Mercure Paris Montmartre Sacré-Cœur,2024,10,F_B,ALCOOL,21,32.0,386.0,22.0,4.0,H0373
Mercure Paris Montmartre Sacré-Cœur,2024,10,F_B,ALCOOL,22,21.0,309.0,11.0,4.0,H0373
Mercure Paris Montmartre Sacré-Cœur,2024,10,F_B,ALCOOL,23,24.0,381.0,14.0,4.0,H0373
Mercure Paris Montmartre Sacré-Cœur,2024,10,F_B,FOOD SALEE,0,13.0,97.0,8.0,3.0,H0373
Mercure Paris Montmartre Sacré-Cœur,2024,10,F_B,FOOD SALEE,1,8.0,50.0,7.0,1.0,H0373
Mercure Paris Montmartre Sacré-Cœur,2024,10,F_B,FOOD SALEE,2,5.0,25.0,5.0,1.0,H0373
Mercure Paris Montmartre Sacré-Cœur,2024,10,F_B,FOOD SALEE,3,5.0,25.0,5.0,2.0,H0373
Mercure Paris Montmartre Sacré-Cœur,2024,10,F_B,FOOD SALEE,6,1.0,5.0,1.0,1.0,H0373
Mercure Paris Montmartre Sacré-Cœur,2024,10,F_B,FOOD SALEE,11,3.0,17.0,2.0,2.0,H0373
Mercure Paris Montmartre Sacré-Cœur,2024,10,F_B,FOOD SALEE,12,1.0,5.0,1.0,1.0,H0373
Mercure Paris Montmartre Sacré-Cœur,2024,10,F_B,FOOD SALEE,13,1.0,5.0,1.0,1.0,H0373
Mercure Paris Montmartre Sacré-Cœur,2024,10,F_B,FOOD SALEE,15,4.0,30.0,3.0,1.0,H0373
Mercure Paris Montmartre Sacré-Cœur,2024,10,F_B,FOOD SALEE,16,1.0,5.0,1.0,1.0,H0373
Mercure Paris Montmartre Sacré-Cœur,2024,10,F_B,FOOD SALEE,17,9.0,43.0,8.0,3.0,H0373
Mercure Paris Montmartre Sacré-Cœur,2024,10,F_B,FOOD SALEE,18,4.0,18.0,4.0,3.0,H0373
Mercure Paris Montmartre Sacré-Cœur,2024,10,F_B,FOOD SALEE,19,9.0,63.0,7.0,2.0,H0373
Mercure Paris Montmartre Sacré-Cœur,2024,10,F_B,FOOD SALEE,20,6.0,50.0,4.0,1.0,H0373
Mercure Paris Montmartre Sacré-Cœur,2024,10,F_B,FOOD SALEE,21,13.0,75.0,12.0,2.0,H0373
Mercure Paris Montmartre Sacré-Cœur,2024,10,F_B,FOOD SALEE,22,12.0,88.0,9.0,3.0,H0373
Mercure Paris Montmartre Sacré-Cœur,2024,10,F_B,FOOD SALEE,23,21.0,141.0,18.0,3.0,H0373
Mercure Paris Montmartre Sacré-Cœur,2024,10,F_B,FOOD SUCREE,0,7.0,27.0,6.0,1.0,H0373
Mercure Paris Montmartre Sacré-Cœur,2024,10,F_B,FOOD SUCREE,1,3.0,15.0,2.0,1.0,H0373
Mercure Paris Montmartre Sacré-Cœur,2024,10,F_B,FOOD SUCREE,2,3.0,15.0,2.0,1.0,H0373
Mercure Paris Montmartre Sacré-Cœur,2024,10,F_B,FOOD SUCREE,3,4.0,24.0,2.0,1.0,H0373
Mercure Paris Montmartre Sacré-Cœur,2024,10,F_B,FOOD SUCREE,8,1.0,3.0,1.0,1.0,H0373
Mercure Paris Montmartre Sacré-Cœur,2024,10,F_B,FOOD SUCREE,11,4.0,30.0,2.0,2.0,H0373
Mercure Paris Montmartre Sacré-Cœur,2024,10,F_B,FOOD SUCREE,13,4.0,18.0,3.0,1.0,H0373
Mercure Paris Montmartre Sacré-Cœur,2024,10,F_B,FOOD SUCREE,14,3.0,15.0,2.0,1.0,H0373
Mercure Paris Montmartre Sacré-Cœur,2024,10,F_B,FOOD SUCREE,15,4.0,18.0,3.0,1.0,H0373
Mercure Paris Montmartre Sacré-Cœur,2024,10,F_B,FOOD SUCREE,16,5.0,27.0,3.0,1.0,H0373
Mercure Paris Montmartre Sacré-Cœur,2024,10,F_B,FOOD SUCREE,17,9.0,81.0,4.0,1.0,H0373
Mercure Paris Montmartre Sacré-Cœur,2024,10,F_B,FOOD SUCREE,18,1.0,3.0,1.0,1.0,H0373
Mercure Paris Montmartre Sacré-Cœur,2024,10,F_B,FOOD SUCREE,19,6.0,23.0,5.0,2.0,H0373
Mercure Paris Montmartre Sacré-Cœur,2024,10,F_B,FOOD SUCREE,20,7.0,27.0,6.0,1.0,H0373
Mercure Paris Montmartre Sacré-Cœur,2024,10,F_B,FOOD SUCREE,21,5.0,21.0,4.0,1.0,H0373
Mercure Paris Montmartre Sacré-Cœur,2024,10,F_B,FOOD SUCREE,22,15.0,90.0,10.0,2.0,H0373
Mercure Paris Montmartre Sacré-Cœur,2024,10,F_B,FOOD SUCREE,23,17.0,62.0,13.0,3.0,H0373
Mercure Paris Montmartre Sacré-Cœur,2024,10,F_B,SANS ALCOOL,0,51.0,405.0,30.0,7.0,H0373
Mercure Paris Montmartre Sacré-Cœur,2024,10,F_B,SANS ALCOOL,1,31.0,245.0,20.0,6.0,H0373
Mercure Paris Montmartre Sacré-Cœur,2024,10,F_B,SANS ALCOOL,2,19.0,125.0,16.0,7.0,H0373
Mercure Paris Montmartre Sacré-Cœur,2024,10,F_B,SANS ALCOOL,3,18.0,170.0,9.0,8.0,H0373
Mercure Paris Montmartre Sacré-Cœur,2024,10,F_B,SANS ALCOOL,4,1.0,5.0,1.0,1.0,H0373
Mercure Paris Montmartre Sacré-Cœur,2024,10,F_B,SANS ALCOOL,5,10.0,70.0,5.0,7.0,H0373
Mercure Paris Montmartre Sacré-Cœur,2024,10,F_B,SANS ALCOOL,6,14.0,140.0,9.0,7.0,H0373
Mercure Paris Montmartre Sacré-Cœur,2024,10,F_B,SANS ALCOOL,7,4.0,20.0,4.0,3.0,H0373
Mercure Paris Montmartre Sacré-Cœur,2024,10,F_B,SANS ALCOOL,8,10.0,80.0,7.0,5.0,H0373
Mercure Paris Montmartre Sacré-Cœur,2024,10,F_B,SANS ALCOOL,9,10.0,80.0,8.0,5.0,H0373
Mercure Paris Montmartre Sacré-Cœur,2024,10,F_B,SANS ALCOOL,10,7.0,35.0,6.0,6.0,H0373
Mercure Paris Montmartre Sacré-Cœur,2024,10,F_B,SANS ALCOOL,11,10.0,50.0,9.0,6.0,H0373
Mercure Paris Montmartre Sacré-Cœur,2024,10,F_B,SANS ALCOOL,12,7.0,45.0,5.0,4.0,H0373
Mercure Paris Montmartre Sacré-Cœur,2024,10,F_B,SANS ALCOOL,13,15.0,125.0,9.0,6.0,H0373
Mercure Paris Montmartre Sacré-Cœur,2024,10,F_B,SANS ALCOOL,14,15.0,115.0,6.0,6.0,H0373
Mercure Paris Montmartre Sacré-Cœur,2024,10,F_B,SANS ALCOOL,15,21.0,175.0,12.0,8.0,H0373
Mercure Paris Montmartre Sacré-Cœur,2024,10,F_B,SANS ALCOOL,16,20.0,140.0,12.0,6.0,H0373
Mercure Paris Montmartre Sacré-Cœur,2024,10,F_B,SANS ALCOOL,17,33.0,275.0,21.0,7.0,H0373
Mercure Paris Montmartre Sacré-Cœur,2024,10,F_B,SANS ALCOOL,18,24.0,220.0,11.0,7.0,H0373
Mercure Paris Montmartre Sacré-Cœur,2024,10,F_B,SANS ALCOOL,19,33.0,255.0,21.0,9.0,H0373
Mercure Paris Montmartre Sacré-Cœur,2024,10,F_B,SANS ALCOOL,20,48.0,400.0,26.0,9.0,H0373
Mercure Paris Montmartre Sacré-Cœur,2024,10,F_B,SANS ALCOOL,21,80.0,590.0,48.0,9.0,H0373
Mercure Paris Montmartre Sacré-Cœur,2024,10,F_B,SANS ALCOOL,22,85.0,705.0,49.0,9.0,H0373
Mercure Paris Montmartre Sacré-Cœur,2024,10,F_B,SANS ALCOOL,23,84.0,640.0,56.0,8.0,H0373
Mercure Paris Montmartre Sacré-Cœur,2024,10,N_F_B,SOS,8,2.0,30.0,1.0,2.0,H0373
Mercure Paris Montmartre Sacré-Cœur,2024,10,N_F_B,SOS,9,1.0,15.0,1.0,1.0,H0373
Mercure Paris Montmartre Sacré-Cœur,2024,10,N_F_B,SOS,12,2.0,23.0,1.0,2.0,H0373
Mercure Paris Montmartre Sacré-Cœur,2024,10,N_F_B,SOS,19,1.0,15.0,1.0,1.0,H0373
Mercure Paris Montmartre Sacré-Cœur,2024,10,N_F_B,SOS,22,1.0,8.0,1.0,1.0,H0373
Mercure Paris Montmartre Sacré-Cœur,2024,10,N_F_B,SOUVENIRS,9,1.0,5.0,1.0,1.0,H0373
Mercure Paris Montmartre Sacré-Cœur,2024,10,N_F_B,SOUVENIRS,22,4.0,214.0,1.0,3.0,H0373
Mercure Paris Montmartre Sacré-Cœur,2024,11,F_B,ALCOOL,0,1.0,10.0,1.0,1.0,H0373
Mercure Paris Montmartre Sacré-Cœur,2024,11,F_B,ALCOOL,1,5.0,119.0,3.0,3.0,H0373
Mercure Paris Montmartre Sacré-Cœur,2024,11,F_B,ALCOOL,2,5.0,80.0,4.0,4.0,H0373
Mercure Paris Montmartre Sacré-Cœur,2024,11,F_B,ALCOOL,3,2.0,20.0,1.0,1.0,H0373
Mercure Paris Montmartre Sacré-Cœur,2024,11,F_B,ALCOOL,4,4.0,80.0,1.0,1.0,H0373
Mercure Paris Montmartre Sacré-Cœur,2024,11,F_B,ALCOOL,5,9.0,175.0,3.0,1.0,H0373
Mercure Paris Montmartre Sacré-Cœur,2024,11,F_B,ALCOOL,7,2.0,17.0,1.0,2.0,H0373
Mercure Paris Montmartre Sacré-Cœur,2024,11,F_B,ALCOOL,11,1.0,5.0,1.0,1.0,H0373
Mercure Paris Montmartre Sacré-Cœur,2024,11,F_B,ALCOOL,14,2.0,12.0,1.0,2.0,H0373
Mercure Paris Montmartre Sacré-Cœur,2024,11,F_B,ALCOOL,15,2.0,37.0,2.0,2.0,H0373
Mercure Paris Montmartre Sacré-Cœur,2024,11,F_B,ALCOOL,16,6.0,69.0,4.0,3.0,H0373
Mercure Paris Montmartre Sacré-Cœur,2024,11,F_B,ALCOOL,18,5.0,155.0,4.0,3.0,H0373
Mercure Paris Montmartre Sacré-Cœur,2024,11,F_B,ALCOOL,19,2.0,15.0,2.0,2.0,H0373
Mercure Paris Montmartre Sacré-Cœur,2024,11,F_B,ALCOOL,20,9.0,72.0,7.0,3.0,H0373
Mercure Paris Montmartre Sacré-Cœur,2024,11,F_B,ALCOOL,21,10.0,158.0,6.0,5.0,H0373
Mercure Paris Montmartre Sacré-Cœur,2024,11,F_B,ALCOOL,22,10.0,149.0,10.0,4.0,H0373
Mercure Paris Montmartre Sacré-Cœur,2024,11,F_B,ALCOOL,23,21.0,285.0,15.0,5.0,H0373
Mercure Paris Montmartre Sacré-Cœur,2024,11,F_B,FOOD SALEE,0,2.0,10.0,2.0,1.0,H0373
Mercure Paris Montmartre Sacré-Cœur,2024,11,F_B,FOOD SALEE,1,3.0,23.0,2.0,2.0,H0373
Mercure Paris Montmartre Sacré-Cœur,2024,11,F_B,FOOD SALEE,2,7.0,45.0,4.0,4.0,H0373
Mercure Paris Montmartre Sacré-Cœur,2024,11,F_B,FOOD SALEE,7,2.0,8.0,2.0,2.0,H0373
Mercure Paris Montmartre Sacré-Cœur,2024,11,F_B,FOOD SALEE,8,2.0,10.0,2.0,2.0,H0373
Mercure Paris Montmartre Sacré-Cœur,2024,11,F_B,FOOD SALEE,11,2.0,10.0,2.0,1.0,H0373
Mercure Paris Montmartre Sacré-Cœur,2024,11,F_B,FOOD SALEE,12,2.0,10.0,2.0,1.0,H0373
Mercure Paris Montmartre Sacré-Cœur,2024,11,F_B,FOOD SALEE,13,1.0,3.0,1.0,1.0,H0373
Mercure Paris Montmartre Sacré-Cœur,2024,11,F_B,FOOD SALEE,14,5.0,35.0,4.0,1.0,H0373
Mercure Paris Montmartre Sacré-Cœur,2024,11,F_B,FOOD SALEE,15,2.0,8.0,1.0,2.0,H0373
Mercure Paris Montmartre Sacré-Cœur,2024,11,F_B,FOOD SALEE,16,5.0,35.0,4.0,1.0,H0373
Mercure Paris Montmartre Sacré-Cœur,2024,11,F_B,FOOD SALEE,17,2.0,8.0,2.0,2.0,H0373
Mercure Paris Montmartre Sacré-Cœur,2024,11,F_B,FOOD SALEE,18,6.0,40.0,5.0,2.0,H0373
Mercure Paris Montmartre Sacré-Cœur,2024,11,F_B,FOOD SALEE,19,3.0,25.0,2.0,1.0,H0373
Mercure Paris Montmartre Sacré-Cœur,2024,11,F_B,FOOD SALEE,20,3.0,15.0,3.0,1.0,H0373
Mercure Paris Montmartre Sacré-Cœur,2024,11,F_B,FOOD SALEE,21,6.0,50.0,3.0,2.0,H0373
Mercure Paris Montmartre Sacré-Cœur,2024,11,F_B,FOOD SALEE,22,18.0,176.0,11.0,3.0,H0373
Mercure Paris Montmartre Sacré-Cœur,2024,11,F_B,FOOD SALEE,23,6.0,28.0,5.0,3.0,H0373
Mercure Paris Montmartre Sacré-Cœur,2024,11,F_B,FOOD SUCREE,0,13.0,51.0,9.0,3.0,H0373
Mercure Paris Montmartre Sacré-Cœur,2024,11,F_B,FOOD SUCREE,1,2.0,6.0,2.0,1.0,H0373
Mercure Paris Montmartre Sacré-Cœur,2024,11,F_B,FOOD SUCREE,3,3.0,15.0,1.0,2.0,H0373
Mercure Paris Montmartre Sacré-Cœur,2024,11,F_B,FOOD SUCREE,12,2.0,6.0,2.0,1.0,H0373
Mercure Paris Montmartre Sacré-Cœur,2024,11,F_B,FOOD SUCREE,14,5.0,21.0,3.0,3.0,H0373
Mercure Paris Montmartre Sacré-Cœur,2024,11,F_B,FOOD SUCREE,16,4.0,30.0,2.0,2.0,H0373
Mercure Paris Montmartre Sacré-Cœur,2024,11,F_B,FOOD SUCREE,17,4.0,17.0,2.0,3.0,H0373
Mercure Paris Montmartre Sacré-Cœur,2024,11,F_B,FOOD SUCREE,18,8.0,30.0,5.0,3.0,H0373
Mercure Paris Montmartre Sacré-Cœur,2024,11,F_B,FOOD SUCREE,19,6.0,24.0,5.0,3.0,H0373
Mercure Paris Montmartre Sacré-Cœur,2024,11,F_B,FOOD SUCREE,20,8.0,24.0,8.0,3.0,H0373
Mercure Paris Montmartre Sacré-Cœur,2024,11,F_B,FOOD SUCREE,21,9.0,26.0,7.0,3.0,H0373
Mercure Paris Montmartre Sacré-Cœur,2024,11,F_B,FOOD SUCREE,22,19.0,85.0,11.0,4.0,H0373
Mercure Paris Montmartre Sacré-Cœur,2024,11,F_B,FOOD SUCREE,23,11.0,51.0,8.0,3.0,H0373
Mercure Paris Montmartre Sacré-Cœur,2024,11,F_B,SANS ALCOOL,0,30.0,190.0,22.0,7.0,H0373
Mercure Paris Montmartre Sacré-Cœur,2024,11,F_B,SANS ALCOOL,1,19.0,145.0,14.0,6.0,H0373
Mercure Paris Montmartre Sacré-Cœur,2024,11,F_B,SANS ALCOOL,2,6.0,40.0,5.0,3.0,H0373
Mercure Paris Montmartre Sacré-Cœur,2024,11,F_B,SANS ALCOOL,3,12.0,160.0,5.0,2.0,H0373
Mercure Paris Montmartre Sacré-Cœur,2024,11,F_B,SANS ALCOOL,4,8.0,130.0,2.0,2.0,H0373
Mercure Paris Montmartre Sacré-Cœur,2024,11,F_B,SANS ALCOOL,5,4.0,30.0,2.0,3.0,H0373
Mercure Paris Montmartre Sacré-Cœur,2024,11,F_B,SANS ALCOOL,7,4.0,30.0,3.0,3.0,H0373
Mercure Paris Montmartre Sacré-Cœur,2024,11,F_B,SANS ALCOOL,8,7.0,55.0,4.0,3.0,H0373
Mercure Paris Montmartre Sacré-Cœur,2024,11,F_B,SANS ALCOOL,9,7.0,35.0,7.0,4.0,H0373
Mercure Paris Montmartre Sacré-Cœur,2024,11,F_B,SANS ALCOOL,11,6.0,50.0,4.0,3.0,H0373
Mercure Paris Montmartre Sacré-Cœur,2024,11,F_B,SANS ALCOOL,12,15.0,125.0,6.0,4.0,H0373
Mercure Paris Montmartre Sacré-Cœur,2024,11,F_B,SANS ALCOOL,13,7.0,35.0,5.0,5.0,H0373
Mercure Paris Montmartre Sacré-Cœur,2024,11,F_B,SANS ALCOOL,14,15.0,115.0,9.0,5.0,H0373
Mercure Paris Montmartre Sacré-Cœur,2024,11,F_B,SANS ALCOOL,15,15.0,85.0,11.0,7.0,H0373
Mercure Paris Montmartre Sacré-Cœur,2024,11,F_B,SANS ALCOOL,16,28.0,230.0,17.0,9.0,H0373
Mercure Paris Montmartre Sacré-Cœur,2024,11,F_B,SANS ALCOOL,17,11.0,75.0,7.0,6.0,H0373
Mercure Paris Montmartre Sacré-Cœur,2024,11,F_B,SANS ALCOOL,18,16.0,130.0,12.0,6.0,H0373
Mercure Paris Montmartre Sacré-Cœur,2024,11,F_B,SANS ALCOOL,19,29.0,185.0,21.0,8.0,H0373
Mercure Paris Montmartre Sacré-Cœur,2024,11,F_B,SANS ALCOOL,20,37.0,345.0,18.0,7.0,H0373
Mercure Paris Montmartre Sacré-Cœur,2024,11,F_B,SANS ALCOOL,21,28.0,200.0,17.0,6.0,H0373
Mercure Paris Montmartre Sacré-Cœur,2024,11,F_B,SANS ALCOOL,22,51.0,335.0,34.0,7.0,H0373
Mercure Paris Montmartre Sacré-Cœur,2024,11,F_B,SANS ALCOOL,23,82.0,550.0,52.0,9.0,H0373
Mercure Paris Montmartre Sacré-Cœur,2024,11,F_B,SOUVENIRS,19,1.0,15.0,1.0,1.0,H0373
Mercure Paris Montmartre Sacré-Cœur,2024,11,N_F_B,COSMETIQUE,23,2.0,25.0,2.0,2.0,H0373
Mercure Paris Montmartre Sacré-Cœur,2024,11,N_F_B,SOS,11,1.0,8.0,1.0,1.0,H0373
Mercure Paris Montmartre Sacré-Cœur,2024,12,F_B,ALCOOL,0,16.0,270.0,11.0,3.0,H0373
Mercure Paris Montmartre Sacré-Cœur,2024,12,F_B,ALCOOL,1,11.0,209.0,6.0,3.0,H0373
Mercure Paris Montmartre Sacré-Cœur,2024,12,F_B,ALCOOL,2,15.0,280.0,9.0,3.0,H0373
Mercure Paris Montmartre Sacré-Cœur,2024,12,F_B,ALCOOL,3,1.0,30.0,1.0,1.0,H0373
Mercure Paris Montmartre Sacré-Cœur,2024,12,F_B,ALCOOL,5,1.0,30.0,1.0,1.0,H0373
Mercure Paris Montmartre Sacré-Cœur,2024,12,F_B,ALCOOL,7,1.0,25.0,1.0,1.0,H0373
Mercure Paris Montmartre Sacré-Cœur,2024,12,F_B,ALCOOL,8,1.0,30.0,1.0,1.0,H0373
Mercure Paris Montmartre Sacré-Cœur,2024,12,F_B,ALCOOL,16,1.0,5.0,1.0,1.0,H0373
Mercure Paris Montmartre Sacré-Cœur,2024,12,F_B,ALCOOL,17,3.0,25.0,2.0,1.0,H0373
Mercure Paris Montmartre Sacré-Cœur,2024,12,F_B,ALCOOL,18,14.0,230.0,8.0,3.0,H0373
Mercure Paris Montmartre Sacré-Cœur,2024,12,F_B,ALCOOL,19,4.0,60.0,4.0,2.0,H0373
Mercure Paris Montmartre Sacré-Cœur,2024,12,F_B,ALCOOL,20,10.0,165.0,9.0,3.0,H0373
Mercure Paris Montmartre Sacré-Cœur,2024,12,F_B,ALCOOL,21,11.0,185.0,6.0,2.0,H0373
Mercure Paris Montmartre Sacré-Cœur,2024,12,F_B,ALCOOL,22,10.0,195.0,6.0,3.0,H0373
Mercure Paris Montmartre Sacré-Cœur,2024,12,F_B,ALCOOL,23,14.0,300.0,10.0,3.0,H0373
Mercure Paris Montmartre Sacré-Cœur,2024,12,F_B,FOOD SALEE,0,3.0,13.0,3.0,3.0,H0373
Mercure Paris Montmartre Sacré-Cœur,2024,12,F_B,FOOD SALEE,1,3.0,15.0,3.0,1.0,H0373
Mercure Paris Montmartre Sacré-Cœur,2024,12,F_B,FOOD SALEE,2,6.0,62.0,2.0,2.0,H0373
Mercure Paris Montmartre Sacré-Cœur,2024,12,F_B,FOOD SALEE,3,1.0,3.0,1.0,1.0,H0373
Mercure Paris Montmartre Sacré-Cœur,2024,12,F_B,FOOD SALEE,4,1.0,5.0,1.0,1.0,H0373
Mercure Paris Montmartre Sacré-Cœur,2024,12,F_B,FOOD SALEE,5,1.0,5.0,1.0,1.0,H0373
Mercure Paris Montmartre Sacré-Cœur,2024,12,F_B,FOOD SALEE,11,1.0,5.0,1.0,1.0,H0373
Mercure Paris Montmartre Sacré-Cœur,2024,12,F_B,FOOD SALEE,12,1.0,5.0,1.0,1.0,H0373
Mercure Paris Montmartre Sacré-Cœur,2024,12,F_B,FOOD SALEE,14,2.0,10.0,2.0,1.0,H0373
Mercure Paris Montmartre Sacré-Cœur,2024,12,F_B,FOOD SALEE,16,1.0,3.0,1.0,1.0,H0373
Mercure Paris Montmartre Sacré-Cœur,2024,12,F_B,FOOD SALEE,17,3.0,15.0,3.0,1.0,H0373
Mercure Paris Montmartre Sacré-Cœur,2024,12,F_B,FOOD SALEE,18,3.0,11.0,2.0,3.0,H0373
Mercure Paris Montmartre Sacré-Cœur,2024,12,F_B,FOOD SALEE,19,5.0,21.0,5.0,4.0,H0373
Mercure Paris Montmartre Sacré-Cœur,2024,12,F_B,FOOD SALEE,20,7.0,43.0,4.0,3.0,H0373
Mercure Paris Montmartre Sacré-Cœur,2024,12,F_B,FOOD SALEE,21,3.0,25.0,2.0,1.0,H0373
Mercure Paris Montmartre Sacré-Cœur,2024,12,F_B,FOOD SALEE,22,4.0,18.0,4.0,2.0,H0373
Mercure Paris Montmartre Sacré-Cœur,2024,12,F_B,FOOD SALEE,23,13.0,79.0,11.0,4.0,H0373
Mercure Paris Montmartre Sacré-Cœur,2024,12,F_B,FOOD SUCREE,0,8.0,28.0,7.0,4.0,H0373
Mercure Paris Montmartre Sacré-Cœur,2024,12,F_B,FOOD SUCREE,1,5.0,19.0,3.0,2.0,H0373
Mercure Paris Montmartre Sacré-Cœur,2024,12,F_B,FOOD SUCREE,2,3.0,11.0,1.0,2.0,H0373
Mercure Paris Montmartre Sacré-Cœur,2024,12,F_B,FOOD SUCREE,3,5.0,19.0,3.0,2.0,H0373
Mercure Paris Montmartre Sacré-Cœur,2024,12,F_B,FOOD SUCREE,4,6.0,53.0,2.0,2.0,H0373
Mercure Paris Montmartre Sacré-Cœur,2024,12,F_B,FOOD SUCREE,9,1.0,2.0,1.0,1.0,H0373
Mercure Paris Montmartre Sacré-Cœur,2024,12,F_B,FOOD SUCREE,11,1.0,2.0,1.0,1.0,H0373
Mercure Paris Montmartre Sacré-Cœur,2024,12,F_B,FOOD SUCREE,12,3.0,14.0,2.0,2.0,H0373
Mercure Paris Montmartre Sacré-Cœur,2024,12,F_B,FOOD SUCREE,13,2.0,6.0,1.0,2.0,H0373
Mercure Paris Montmartre Sacré-Cœur,2024,12,F_B,FOOD SUCREE,14,3.0,7.0,2.0,2.0,H0373
Mercure Paris Montmartre Sacré-Cœur,2024,12,F_B,FOOD SUCREE,15,4.0,32.0,1.0,1.0,H0373
Mercure Paris Montmartre Sacré-Cœur,2024,12,F_B,FOOD SUCREE,16,3.0,15.0,2.0,2.0,H0373
Mercure Paris Montmartre Sacré-Cœur,2024,12,F_B,FOOD SUCREE,17,8.0,25.0,5.0,2.0,H0373
Mercure Paris Montmartre Sacré-Cœur,2024,12,F_B,FOOD SUCREE,18,8.0,58.0,4.0,3.0,H0373
Mercure Paris Montmartre Sacré-Cœur,2024,12,F_B,FOOD SUCREE,19,3.0,10.0,2.0,1.0,H0373
Mercure Paris Montmartre Sacré-Cœur,2024,12,F_B,FOOD SUCREE,20,9.0,22.0,8.0,3.0,H0373
Mercure Paris Montmartre Sacré-Cœur,2024,12,F_B,FOOD SUCREE,21,2.0,12.0,1.0,1.0,H0373
Mercure Paris Montmartre Sacré-Cœur,2024,12,F_B,FOOD SUCREE,22,13.0,59.0,7.0,2.0,H0373
Mercure Paris Montmartre Sacré-Cœur,2024,12,F_B,FOOD SUCREE,23,11.0,38.0,7.0,4.0,H0373
Mercure Paris Montmartre Sacré-Cœur,2024,12,F_B,SANS ALCOOL,0,33.0,235.0,25.0,7.0,H0373
Mercure Paris Montmartre Sacré-Cœur,2024,12,F_B,SANS ALCOOL,1,18.0,110.0,13.0,6.0,H0373
Mercure Paris Montmartre Sacré-Cœur,2024,12,F_B,SANS ALCOOL,2,8.0,50.0,7.0,4.0,H0373
Mercure Paris Montmartre Sacré-Cœur,2024,12,F_B,SANS ALCOOL,3,5.0,35.0,4.0,2.0,H0373
Mercure Paris Montmartre Sacré-Cœur,2024,12,F_B,SANS ALCOOL,4,4.0,30.0,3.0,2.0,H0373
Mercure Paris Montmartre Sacré-Cœur,2024,12,F_B,SANS ALCOOL,5,1.0,5.0,1.0,1.0,H0373
Mercure Paris Montmartre Sacré-Cœur,2024,12,F_B,SANS ALCOOL,7,7.0,55.0,3.0,3.0,H0373
Mercure Paris Montmartre Sacré-Cœur,2024,12,F_B,SANS ALCOOL,8,11.0,65.0,10.0,6.0,H0373
Mercure Paris Montmartre Sacré-Cœur,2024,12,F_B,SANS ALCOOL,9,11.0,75.0,9.0,4.0,H0373
Mercure Paris Montmartre Sacré-Cœur,2024,12,F_B,SANS ALCOOL,10,4.0,20.0,3.0,3.0,H0373
Mercure Paris Montmartre Sacré-Cœur,2024,12,F_B,SANS ALCOOL,11,7.0,65.0,4.0,4.0,H0373
Mercure Paris Montmartre Sacré-Cœur,2024,12,F_B,SANS ALCOOL,12,7.0,45.0,5.0,4.0,H0373
Mercure Paris Montmartre Sacré-Cœur,2024,12,F_B,SANS ALCOOL,13,6.0,70.0,3.0,2.0,H0373
Mercure Paris Montmartre Sacré-Cœur,2024,12,F_B,SANS ALCOOL,14,15.0,135.0,10.0,4.0,H0373
Mercure Paris Montmartre Sacré-Cœur,2024,12,F_B,SANS ALCOOL,15,6.0,40.0,5.0,3.0,H0373
Mercure Paris Montmartre Sacré-Cœur,2024,12,F_B,SANS ALCOOL,16,17.0,125.0,11.0,6.0,H0373
Mercure Paris Montmartre Sacré-Cœur,2024,12,F_B,SANS ALCOOL,17,22.0,130.0,16.0,6.0,H0373
Mercure Paris Montmartre Sacré-Cœur,2024,12,F_B,SANS ALCOOL,18,9.0,65.0,5.0,4.0,H0373
Mercure Paris Montmartre Sacré-Cœur,2024,12,F_B,SANS ALCOOL,19,13.0,155.0,6.0,4.0,H0373
Mercure Paris Montmartre Sacré-Cœur,2024,12,F_B,SANS ALCOOL,20,24.0,230.0,14.0,5.0,H0373
Mercure Paris Montmartre Sacré-Cœur,2024,12,F_B,SANS ALCOOL,21,26.0,230.0,18.0,7.0,H0373
Mercure Paris Montmartre Sacré-Cœur,2024,12,F_B,SANS ALCOOL,22,37.0,285.0,25.0,9.0,H0373
Mercure Paris Montmartre Sacré-Cœur,2024,12,F_B,SANS ALCOOL,23,53.0,365.0,40.0,8.0,H0373
Mercure Paris Montmartre Sacré-Cœur,2024,12,N_F_B,COSMETIQUE,8,1.0,12.0,1.0,1.0,H0373
Mercure Paris Montmartre Sacré-Cœur,2024,12,N_F_B,COSMETIQUE,9,2.0,26.0,1.0,2.0,H0373
Mercure Paris Montmartre Sacré-Cœur,2024,12,N_F_B,COSMETIQUE,18,1.0,30.0,1.0,1.0,H0373
Mercure Paris Montmartre Sacré-Cœur,2024,12,N_F_B,COSMETIQUE,22,1.0,12.0,1.0,1.0,H0373
Mercure Paris Montmartre Sacré-Cœur,2025,1,F_B,ALCOOL,0,12.0,299.0,10.0,4.0,H0373
Mercure Paris Montmartre Sacré-Cœur,2025,1,F_B,ALCOOL,1,4.0,75.0,3.0,3.0,H0373
Mercure Paris Montmartre Sacré-Cœur,2025,1,F_B,ALCOOL,3,2.0,37.0,2.0,2.0,H0373
Mercure Paris Montmartre Sacré-Cœur,2025,1,F_B,ALCOOL,5,4.0,40.0,2.0,1.0,H0373
Mercure Paris Montmartre Sacré-Cœur,2025,1,F_B,ALCOOL,6,4.0,80.0,1.0,1.0,H0373
Mercure Paris Montmartre Sacré-Cœur,2025,1,F_B,ALCOOL,7,1.0,25.0,1.0,1.0,H0373
Mercure Paris Montmartre Sacré-Cœur,2025,1,F_B,ALCOOL,9,5.0,45.0,5.0,2.0,H0373
Mercure Paris Montmartre Sacré-Cœur,2025,1,F_B,ALCOOL,13,1.0,30.0,1.0,1.0,H0373
Mercure Paris Montmartre Sacré-Cœur,2025,1,F_B,ALCOOL,14,4.0,55.0,3.0,2.0,H0373
Mercure Paris Montmartre Sacré-Cœur,2025,1,F_B,ALCOOL,15,2.0,32.0,2.0,2.0,H0373
Mercure Paris Montmartre Sacré-Cœur,2025,1,F_B,ALCOOL,17,1.0,5.0,1.0,1.0,H0373
Mercure Paris Montmartre Sacré-Cœur,2025,1,F_B,ALCOOL,18,6.0,270.0,2.0,2.0,H0373
Mercure Paris Montmartre Sacré-Cœur,2025,1,F_B,ALCOOL,19,2.0,30.0,2.0,2.0,H0373
Mercure Paris Montmartre Sacré-Cœur,2025,1,F_B,ALCOOL,20,2.0,35.0,2.0,2.0,H0373
Mercure Paris Montmartre Sacré-Cœur,2025,1,F_B,ALCOOL,21,4.0,92.0,4.0,3.0,H0373
Mercure Paris Montmartre Sacré-Cœur,2025,1,F_B,ALCOOL,22,15.0,215.0,10.0,3.0,H0373
Mercure Paris Montmartre Sacré-Cœur,2025,1,F_B,ALCOOL,23,12.0,149.0,12.0,4.0,H0373
Mercure Paris Montmartre Sacré-Cœur,2025,1,F_B,FOOD SALEE,0,3.0,13.0,2.0,3.0,H0373
Mercure Paris Montmartre Sacré-Cœur,2025,1,F_B,FOOD SALEE,1,1.0,3.0,1.0,1.0,H0373
Mercure Paris Montmartre Sacré-Cœur,2025,1,F_B,FOOD SALEE,2,3.0,11.0,3.0,3.0,H0373
Mercure Paris Montmartre Sacré-Cœur,2025,1,F_B,FOOD SALEE,3,3.0,13.0,2.0,2.0,H0373
Mercure Paris Montmartre Sacré-Cœur,2025,1,F_B,FOOD SALEE,4,1.0,3.0,1.0,1.0,H0373
Mercure Paris Montmartre Sacré-Cœur,2025,1,F_B,FOOD SALEE,8,2.0,10.0,2.0,1.0,H0373
Mercure Paris Montmartre Sacré-Cœur,2025,1,F_B,FOOD SALEE,12,3.0,15.0,3.0,1.0,H0373
Mercure Paris Montmartre Sacré-Cœur,2025,1,F_B,FOOD SALEE,13,6.0,26.0,4.0,3.0,H0373
Mercure Paris Montmartre Sacré-Cœur,2025,1,F_B,FOOD SALEE,14,3.0,17.0,2.0,2.0,H0373
Mercure Paris Montmartre Sacré-Cœur,2025,1,F_B,FOOD SALEE,15,1.0,5.0,1.0,1.0,H0373
Mercure Paris Montmartre Sacré-Cœur,2025,1,F_B,FOOD SALEE,16,1.0,5.0,1.0,1.0,H0373
Mercure Paris Montmartre Sacré-Cœur,2025,1,F_B,FOOD SALEE,17,1.0,5.0,1.0,1.0,H0373
Mercure Paris Montmartre Sacré-Cœur,2025,1,F_B,FOOD SALEE,18,3.0,13.0,3.0,3.0,H0373
Mercure Paris Montmartre Sacré-Cœur,2025,1,F_B,FOOD SALEE,19,1.0,3.0,1.0,1.0,H0373
Mercure Paris Montmartre Sacré-Cœur,2025,1,F_B,FOOD SALEE,20,5.0,55.0,3.0,1.0,H0373
Mercure Paris Montmartre Sacré-Cœur,2025,1,F_B,FOOD SALEE,21,6.0,28.0,6.0,3.0,H0373
Mercure Paris Montmartre Sacré-Cœur,2025,1,F_B,FOOD SALEE,22,3.0,15.0,3.0,1.0,H0373
Mercure Paris Montmartre Sacré-Cœur,2025,1,F_B,FOOD SALEE,23,8.0,34.0,7.0,4.0,H0373
Mercure Paris Montmartre Sacré-Cœur,2025,1,F_B,FOOD SUCREE,0,10.0,51.0,5.0,3.0,H0373
Mercure Paris Montmartre Sacré-Cœur,2025,1,F_B,FOOD SUCREE,1,4.0,12.0,3.0,1.0,H0373
Mercure Paris Montmartre Sacré-Cœur,2025,1,F_B,FOOD SUCREE,2,11.0,55.0,4.0,4.0,H0373
Mercure Paris Montmartre Sacré-Cœur,2025,1,F_B,FOOD SUCREE,3,6.0,21.0,4.0,2.0,H0373
Mercure Paris Montmartre Sacré-Cœur,2025,1,F_B,FOOD SUCREE,4,7.0,26.0,4.0,3.0,H0373
Mercure Paris Montmartre Sacré-Cœur,2025,1,F_B,FOOD SUCREE,6,1.0,2.0,1.0,1.0,H0373
Mercure Paris Montmartre Sacré-Cœur,2025,1,F_B,FOOD SUCREE,8,3.0,10.0,2.0,1.0,H0373
Mercure Paris Montmartre Sacré-Cœur,2025,1,F_B,FOOD SUCREE,11,4.0,32.0,1.0,1.0,H0373
Mercure Paris Montmartre Sacré-Cœur,2025,1,F_B,FOOD SUCREE,12,7.0,48.0,3.0,2.0,H0373
Mercure Paris Montmartre Sacré-Cœur,2025,1,F_B,FOOD SUCREE,13,3.0,11.0,2.0,2.0,H0373
Mercure Paris Montmartre Sacré-Cœur,2025,1,F_B,FOOD SUCREE,14,1.0,2.0,1.0,1.0,H0373
Mercure Paris Montmartre Sacré-Cœur,2025,1,F_B,FOOD SUCREE,15,4.0,9.0,3.0,2.0,H0373
Mercure Paris Montmartre Sacré-Cœur,2025,1,F_B,FOOD SUCREE,16,3.0,7.0,3.0,2.0,H0373
Mercure Paris Montmartre Sacré-Cœur,2025,1,F_B,FOOD SUCREE,17,9.0,35.0,4.0,2.0,H0373
Mercure Paris Montmartre Sacré-Cœur,2025,1,F_B,FOOD SUCREE,18,1.0,2.0,1.0,1.0,H0373
Mercure Paris Montmartre Sacré-Cœur,2025,1,F_B,FOOD SUCREE,19,8.0,80.0,2.0,1.0,H0373
Mercure Paris Montmartre Sacré-Cœur,2025,1,F_B,FOOD SUCREE,20,9.0,34.0,7.0,4.0,H0373
Mercure Paris Montmartre Sacré-Cœur,2025,1,F_B,FOOD SUCREE,21,5.0,12.0,5.0,3.0,H0373
Mercure Paris Montmartre Sacré-Cœur,2025,1,F_B,FOOD SUCREE,22,22.0,116.0,9.0,4.0,H0373
Mercure Paris Montmartre Sacré-Cœur,2025,1,F_B,FOOD SUCREE,23,13.0,56.0,7.0,3.0,H0373
Mercure Paris Montmartre Sacré-Cœur,2025,1,F_B,SANS ALCOOL,0,30.0,250.0,17.0,8.0,H0373
Mercure Paris Montmartre Sacré-Cœur,2025,1,F_B,SANS ALCOOL,1,17.0,95.0,15.0,6.0,H0373
Mercure Paris Montmartre Sacré-Cœur,2025,1,F_B,SANS ALCOOL,2,20.0,130.0,15.0,6.0,H0373
Mercure Paris Montmartre Sacré-Cœur,2025,1,F_B,SANS ALCOOL,3,13.0,235.0,5.0,4.0,H0373
Mercure Paris Montmartre Sacré-Cœur,2025,1,F_B,SANS ALCOOL,4,4.0,30.0,3.0,3.0,H0373
Mercure Paris Montmartre Sacré-Cœur,2025,1,F_B,SANS ALCOOL,5,4.0,50.0,2.0,2.0,H0373
Mercure Paris Montmartre Sacré-Cœur,2025,1,F_B,SANS ALCOOL,6,2.0,10.0,2.0,2.0,H0373
Mercure Paris Montmartre Sacré-Cœur,2025,1,F_B,SANS ALCOOL,7,2.0,10.0,2.0,2.0,H0373
Mercure Paris Montmartre Sacré-Cœur,2025,1,F_B,SANS ALCOOL,8,13.0,95.0,9.0,4.0,H0373
Mercure Paris Montmartre Sacré-Cœur,2025,1,F_B,SANS ALCOOL,9,12.0,60.0,10.0,4.0,H0373
Mercure Paris Montmartre Sacré-Cœur,2025,1,F_B,SANS ALCOOL,10,13.0,75.0,10.0,4.0,H0373
Mercure Paris Montmartre Sacré-Cœur,2025,1,F_B,SANS ALCOOL,11,9.0,55.0,8.0,5.0,H0373
Mercure Paris Montmartre Sacré-Cœur,2025,1,F_B,SANS ALCOOL,12,16.0,310.0,8.0,4.0,H0373
Mercure Paris Montmartre Sacré-Cœur,2025,1,F_B,SANS ALCOOL,13,10.0,100.0,5.0,4.0,H0373
Mercure Paris Montmartre Sacré-Cœur,2025,1,F_B,SANS ALCOOL,14,7.0,45.0,5.0,4.0,H0373
Mercure Paris Montmartre Sacré-Cœur,2025,1,F_B,SANS ALCOOL,15,9.0,75.0,5.0,5.0,H0373
Mercure Paris Montmartre Sacré-Cœur,2025,1,F_B,SANS ALCOOL,16,7.0,55.0,5.0,4.0,H0373
Mercure Paris Montmartre Sacré-Cœur,2025,1,F_B,SANS ALCOOL,17,8.0,70.0,4.0,5.0,H0373
Mercure Paris Montmartre Sacré-Cœur,2025,1,F_B,SANS ALCOOL,18,7.0,45.0,5.0,6.0,H0373
Mercure Paris Montmartre Sacré-Cœur,2025,1,F_B,SANS ALCOOL,19,21.0,175.0,15.0,5.0,H0373
Mercure Paris Montmartre Sacré-Cœur,2025,1,F_B,SANS ALCOOL,20,14.0,100.0,11.0,6.0,H0373
Mercure Paris Montmartre Sacré-Cœur,2025,1,F_B,SANS ALCOOL,21,22.0,120.0,19.0,7.0,H0373
Mercure Paris Montmartre Sacré-Cœur,2025,1,F_B,SANS ALCOOL,22,30.0,180.0,23.0,7.0,H0373
Mercure Paris Montmartre Sacré-Cœur,2025,1,F_B,SANS ALCOOL,23,30.0,260.0,17.0,7.0,H0373
Mercure Paris Montmartre Sacré-Cœur,2025,1,F_B,SOUVENIRS,13,1.0,14.0,1.0,1.0,H0373
Mercure Paris Montmartre Sacré-Cœur,2025,1,F_B,SOUVENIRS,16,1.0,15.0,1.0,1.0,H0373
Mercure Paris Montmartre Sacré-Cœur,2025,1,N_F_B,COSMETIQUE,6,1.0,12.0,1.0,1.0,H0373
Mercure Paris Montmartre Sacré-Cœur,2025,1,N_F_B,COSMETIQUE,9,1.0,12.0,1.0,1.0,H0373
Mercure Paris Montmartre Sacré-Cœur,2025,1,N_F_B,COSMETIQUE,17,1.0,12.0,1.0,1.0,H0373
Mercure Paris Montmartre Sacré-Cœur,2025,1,N_F_B,COSMETIQUE,19,2.0,24.0,2.0,1.0,H0373
Mercure Paris Montmartre Sacré-Cœur,2025,1,N_F_B,COSMETIQUE,23,1.0,12.0,1.0,1.0,H0373
Mercure Paris Montmartre Sacré-Cœur,2025,1,N_F_B,SOS,8,1.0,8.0,1.0,1.0,H0373
Mercure Paris Montmartre Sacré-Cœur,2025,1,N_F_B,SOS,9,1.0,15.0,1.0,1.0,H0373
Mercure Paris Montmartre Sacré-Cœur,2025,1,N_F_B,SOS,13,1.0,15.0,1.0,1.0,H0373
Mercure Paris Montmartre Sacré-Cœur,2025,2,F_B,ALCOOL,0,18.0,361.0,12.0,4.0,H0373
Mercure Paris Montmartre Sacré-Cœur,2025,2,F_B,ALCOOL,1,4.0,70.0,3.0,2.0,H0373
Mercure Paris Montmartre Sacré-Cœur,2025,2,F_B,ALCOOL,2,2.0,20.0,1.0,1.0,H0373
Mercure Paris Montmartre Sacré-Cœur,2025,2,F_B,ALCOOL,3,8.0,355.0,5.0,2.0,H0373
Mercure Paris Montmartre Sacré-Cœur,2025,2,F_B,ALCOOL,4,4.0,400.0,1.0,1.0,H0373
Mercure Paris Montmartre Sacré-Cœur,2025,2,F_B,ALCOOL,10,3.0,42.0,3.0,3.0,H0373
Mercure Paris Montmartre Sacré-Cœur,2025,2,F_B,ALCOOL,11,2.0,12.0,2.0,2.0,H0373
Mercure Paris Montmartre Sacré-Cœur,2025,2,F_B,ALCOOL,13,2.0,20.0,1.0,1.0,H0373
Mercure Paris Montmartre Sacré-Cœur,2025,2,F_B,ALCOOL,16,2.0,20.0,1.0,1.0,H0373
Mercure Paris Montmartre Sacré-Cœur,2025,2,F_B,ALCOOL,17,3.0,45.0,2.0,2.0,H0373
Mercure Paris Montmartre Sacré-Cœur,2025,2,F_B,ALCOOL,18,6.0,95.0,4.0,3.0,H0373
Mercure Paris Montmartre Sacré-Cœur,2025,2,F_B,ALCOOL,19,3.0,65.0,3.0,2.0,H0373
Mercure Paris Montmartre Sacré-Cœur,2025,2,F_B,ALCOOL,21,4.0,80.0,1.0,1.0,H0373
Mercure Paris Montmartre Sacré-Cœur,2025,2,F_B,ALCOOL,22,7.0,95.0,5.0,2.0,H0373
Mercure Paris Montmartre Sacré-Cœur,2025,2,F_B,ALCOOL,23,7.0,123.0,6.0,4.0,H0373
Mercure Paris Montmartre Sacré-Cœur,2025,2,F_B,FOOD SALEE,0,10.0,50.0,9.0,4.0,H0373
Mercure Paris Montmartre Sacré-Cœur,2025,2,F_B,FOOD SALEE,1,7.0,27.0,7.0,2.0,H0373
Mercure Paris Montmartre Sacré-Cœur,2025,2,F_B,FOOD SALEE,3,15.0,61.0,11.0,3.0,H0373
Mercure Paris Montmartre Sacré-Cœur,2025,2,F_B,FOOD SALEE,10,1.0,3.0,1.0,1.0,H0373
Mercure Paris Montmartre Sacré-Cœur,2025,2,F_B,FOOD SALEE,13,1.0,5.0,1.0,1.0,H0373
Mercure Paris Montmartre Sacré-Cœur,2025,2,F_B,FOOD SALEE,14,2.0,10.0,2.0,1.0,H0373
Mercure Paris Montmartre Sacré-Cœur,2025,2,F_B,FOOD SALEE,15,2.0,12.0,1.0,1.0,H0373
Mercure Paris Montmartre Sacré-Cœur,2025,2,F_B,FOOD SALEE,16,4.0,18.0,4.0,2.0,H0373
Mercure Paris Montmartre Sacré-Cœur,2025,2,F_B,FOOD SALEE,17,2.0,8.0,2.0,2.0,H0373
Mercure Paris Montmartre Sacré-Cœur,2025,2,F_B,FOOD SALEE,18,5.0,55.0,3.0,1.0,H0373
Mercure Paris Montmartre Sacré-Cœur,2025,2,F_B,FOOD SALEE,19,2.0,10.0,2.0,2.0,H0373
Mercure Paris Montmartre Sacré-Cœur,2025,2,F_B,FOOD SALEE,21,1.0,5.0,1.0,1.0,H0373
Mercure Paris Montmartre Sacré-Cœur,2025,2,F_B,FOOD SALEE,22,4.0,28.0,3.0,2.0,H0373
Mercure Paris Montmartre Sacré-Cœur,2025,2,F_B,FOOD SALEE,23,11.0,55.0,5.0,4.0,H0373
Mercure Paris Montmartre Sacré-Cœur,2025,2,F_B,FOOD SUCREE,0,13.0,34.0,11.0,3.0,H0373
Mercure Paris Montmartre Sacré-Cœur,2025,2,F_B,FOOD SUCREE,1,7.0,17.0,6.0,3.0,H0373
Mercure Paris Montmartre Sacré-Cœur,2025,2,F_B,FOOD SUCREE,3,8.0,22.0,5.0,3.0,H0373
Mercure Paris Montmartre Sacré-Cœur,2025,2,F_B,FOOD SUCREE,7,1.0,3.0,1.0,1.0,H0373
Mercure Paris Montmartre Sacré-Cœur,2025,2,F_B,FOOD SUCREE,8,2.0,12.0,1.0,1.0,H0373
Mercure Paris Montmartre Sacré-Cœur,2025,2,F_B,FOOD SUCREE,14,2.0,4.0,2.0,1.0,H0373
Mercure Paris Montmartre Sacré-Cœur,2025,2,F_B,FOOD SUCREE,15,1.0,3.0,1.0,1.0,H0373
Mercure Paris Montmartre Sacré-Cœur,2025,2,F_B,FOOD SUCREE,16,4.0,11.0,3.0,3.0,H0373
Mercure Paris Montmartre Sacré-Cœur,2025,2,F_B,FOOD SUCREE,17,5.0,20.0,4.0,3.0,H0373
Mercure Paris Montmartre Sacré-Cœur,2025,2,F_B,FOOD SUCREE,18,6.0,21.0,5.0,3.0,H0373
Mercure Paris Montmartre Sacré-Cœur,2025,2,F_B,FOOD SUCREE,19,1.0,3.0,1.0,1.0,H0373
Mercure Paris Montmartre Sacré-Cœur,2025,2,F_B,FOOD SUCREE,20,5.0,14.0,5.0,3.0,H0373
Mercure Paris Montmartre Sacré-Cœur,2025,2,F_B,FOOD SUCREE,21,8.0,23.0,6.0,3.0,H0373
Mercure Paris Montmartre Sacré-Cœur,2025,2,F_B,FOOD SUCREE,22,6.0,26.0,4.0,2.0,H0373
Mercure Paris Montmartre Sacré-Cœur,2025,2,F_B,FOOD SUCREE,23,14.0,58.0,10.0,4.0,H0373
Mercure Paris Montmartre Sacré-Cœur,2025,2,F_B,SANS ALCOOL,0,26.0,220.0,20.0,5.0,H0373
Mercure Paris Montmartre Sacré-Cœur,2025,2,F_B,SANS ALCOOL,1,13.0,115.0,9.0,4.0,H0373
Mercure Paris Montmartre Sacré-Cœur,2025,2,F_B,SANS ALCOOL,2,4.0,30.0,3.0,2.0,H0373
Mercure Paris Montmartre Sacré-Cœur,2025,2,F_B,SANS ALCOOL,3,9.0,45.0,9.0,5.0,H0373
Mercure Paris Montmartre Sacré-Cœur,2025,2,F_B,SANS ALCOOL,4,1.0,5.0,1.0,1.0,H0373
Mercure Paris Montmartre Sacré-Cœur,2025,2,F_B,SANS ALCOOL,5,1.0,5.0,1.0,1.0,H0373
Mercure Paris Montmartre Sacré-Cœur,2025,2,F_B,SANS ALCOOL,6,4.0,30.0,3.0,3.0,H0373
Mercure Paris Montmartre Sacré-Cœur,2025,2,F_B,SANS ALCOOL,7,2.0,10.0,2.0,2.0,H0373
Mercure Paris Montmartre Sacré-Cœur,2025,2,F_B,SANS ALCOOL,8,4.0,20.0,4.0,3.0,H0373
Mercure Paris Montmartre Sacré-Cœur,2025,2,F_B,SANS ALCOOL,9,6.0,30.0,6.0,3.0,H0373
Mercure Paris Montmartre Sacré-Cœur,2025,2,F_B,SANS ALCOOL,10,8.0,50.0,7.0,3.0,H0373
Mercure Paris Montmartre Sacré-Cœur,2025,2,F_B,SANS ALCOOL,11,14.0,90.0,11.0,4.0,H0373
Mercure Paris Montmartre Sacré-Cœur,2025,2,F_B,SANS ALCOOL,12,1.0,5.0,1.0,1.0,H0373
Mercure Paris Montmartre Sacré-Cœur,2025,2,F_B,SANS ALCOOL,13,1.0,5.0,1.0,1.0,H0373
Mercure Paris Montmartre Sacré-Cœur,2025,2,F_B,SANS ALCOOL,14,8.0,80.0,5.0,3.0,H0373
Mercure Paris Montmartre Sacré-Cœur,2025,2,F_B,SANS ALCOOL,15,7.0,35.0,5.0,4.0,H0373
Mercure Paris Montmartre Sacré-Cœur,2025,2,F_B,SANS ALCOOL,16,13.0,85.0,10.0,6.0,H0373
Mercure Paris Montmartre Sacré-Cœur,2025,2,F_B,SANS ALCOOL,17,14.0,90.0,8.0,7.0,H0373
Mercure Paris Montmartre Sacré-Cœur,2025,2,F_B,SANS ALCOOL,18,10.0,70.0,8.0,5.0,H0373
Mercure Paris Montmartre Sacré-Cœur,2025,2,F_B,SANS ALCOOL,19,13.0,75.0,10.0,5.0,H0373
Mercure Paris Montmartre Sacré-Cœur,2025,2,F_B,SANS ALCOOL,20,16.0,100.0,14.0,4.0,H0373
Mercure Paris Montmartre Sacré-Cœur,2025,2,F_B,SANS ALCOOL,21,21.0,135.0,17.0,6.0,H0373
Mercure Paris Montmartre Sacré-Cœur,2025,2,F_B,SANS ALCOOL,22,31.0,185.0,24.0,8.0,H0373
Mercure Paris Montmartre Sacré-Cœur,2025,2,F_B,SANS ALCOOL,23,45.0,275.0,34.0,8.0,H0373
Mercure Paris Montmartre Sacré-Cœur,2025,2,F_B,SOUVENIRS,4,1.0,15.0,1.0,1.0,H0373
Mercure Paris Montmartre Sacré-Cœur,2025,2,F_B,SOUVENIRS,11,1.0,14.0,1.0,1.0,H0373
Mercure Paris Montmartre Sacré-Cœur,2025,2,N_F_B,COSMETIQUE,10,1.0,12.0,1.0,1.0,H0373
Mercure Paris Montmartre Sacré-Cœur,2025,2,N_F_B,COSMETIQUE,11,1.0,12.0,1.0,1.0,H0373
Mercure Paris Montmartre Sacré-Cœur,2025,2,N_F_B,COSMETIQUE,17,1.0,12.0,1.0,1.0,H0373
Mercure Paris Montmartre Sacré-Cœur,2025,2,N_F_B,COSMETIQUE,21,1.0,12.0,1.0,1.0,H0373
Mercure Paris Montmartre Sacré-Cœur,2025,2,N_F_B,COSMETIQUE,23,1.0,12.0,1.0,1.0,H0373
Mercure Paris Montmartre Sacré-Cœur,2025,2,N_F_B,SOS,9,2.0,23.0,2.0,2.0,H0373
Mercure Paris Montmartre Sacré-Cœur,2025,2,N_F_B,SOS,15,1.0,15.0,1.0,1.0,H0373
Mercure Paris Montmartre Sacré-Cœur,2025,2,N_F_B,SOS,22,1.0,15.0,1.0,1.0,H0373
Mercure Paris Montmartre Sacré-Cœur,2025,2,N_F_B,SOUVENIRS,19,1.0,42.0,1.0,1.0,H0373
Mercure Paris Montmartre Sacré-Cœur,2025,2,N_F_B,SOUVENIRS,23,4.0,336.0,2.0,1.0,H0373
Mercure Paris Montmartre Sacré-Cœur,2025,3,F_B,ALCOOL,0,6.0,107.0,6.0,3.0,H0373
Mercure Paris Montmartre Sacré-Cœur,2025,3,F_B,ALCOOL,1,9.0,213.0,6.0,4.0,H0373
Mercure Paris Montmartre Sacré-Cœur,2025,3,F_B,ALCOOL,2,7.0,170.0,4.0,2.0,H0373
Mercure Paris Montmartre Sacré-Cœur,2025,3,F_B,ALCOOL,3,1.0,30.0,1.0,1.0,H0373
Mercure Paris Montmartre Sacré-Cœur,2025,3,F_B,ALCOOL,4,1.0,25.0,1.0,1.0,H0373
Mercure Paris Montmartre Sacré-Cœur,2025,3,F_B,ALCOOL,7,1.0,7.0,1.0,1.0,H0373
Mercure Paris Montmartre Sacré-Cœur,2025,3,F_B,ALCOOL,8,1.0,7.0,1.0,1.0,H0373
Mercure Paris Montmartre Sacré-Cœur,2025,3,F_B,ALCOOL,10,1.0,7.0,1.0,1.0,H0373
Mercure Paris Montmartre Sacré-Cœur,2025,3,F_B,ALCOOL,11,1.0,7.0,1.0,1.0,H0373
Mercure Paris Montmartre Sacré-Cœur,2025,3,F_B,ALCOOL,12,2.0,14.0,2.0,1.0,H0373
Mercure Paris Montmartre Sacré-Cœur,2025,3,F_B,ALCOOL,16,7.0,173.0,3.0,3.0,H0373
Mercure Paris Montmartre Sacré-Cœur,2025,3,F_B,ALCOOL,17,1.0,7.0,1.0,1.0,H0373
Mercure Paris Montmartre Sacré-Cœur,2025,3,F_B,ALCOOL,18,10.0,200.0,6.0,3.0,H0373
Mercure Paris Montmartre Sacré-Cœur,2025,3,F_B,ALCOOL,20,3.0,45.0,2.0,2.0,H0373
Mercure Paris Montmartre Sacré-Cœur,2025,3,F_B,ALCOOL,21,11.0,169.0,10.0,3.0,H0373
Mercure Paris Montmartre Sacré-Cœur,2025,3,F_B,ALCOOL,22,16.0,286.0,13.0,5.0,H0373
Mercure Paris Montmartre Sacré-Cœur,2025,3,F_B,ALCOOL,23,10.0,134.0,8.0,3.0,H0373
Mercure Paris Montmartre Sacré-Cœur,2025,3,F_B,FOOD SALEE,0,4.0,16.0,4.0,3.0,H0373
Mercure Paris Montmartre Sacré-Cœur,2025,3,F_B,FOOD SALEE,1,8.0,36.0,7.0,2.0,H0373
Mercure Paris Montmartre Sacré-Cœur,2025,3,F_B,FOOD SALEE,2,2.0,10.0,2.0,1.0,H0373
Mercure Paris Montmartre Sacré-Cœur,2025,3,F_B,FOOD SALEE,3,3.0,27.0,1.0,1.0,H0373
Mercure Paris Montmartre Sacré-Cœur,2025,3,F_B,FOOD SALEE,4,1.0,3.0,1.0,1.0,H0373
Mercure Paris Montmartre Sacré-Cœur,2025,3,F_B,FOOD SALEE,8,1.0,5.0,1.0,1.0,H0373
Mercure Paris Montmartre Sacré-Cœur,2025,3,F_B,FOOD SALEE,9,2.0,12.0,1.0,1.0,H0373
Mercure Paris Montmartre Sacré-Cœur,2025,3,F_B,FOOD SALEE,13,1.0,3.0,1.0,1.0,H0373
Mercure Paris Montmartre Sacré-Cœur,2025,3,F_B,FOOD SALEE,14,1.0,5.0,1.0,1.0,H0373
Mercure Paris Montmartre Sacré-Cœur,2025,3,F_B,FOOD SALEE,15,1.0,3.0,1.0,1.0,H0373
Mercure Paris Montmartre Sacré-Cœur,2025,3,F_B,FOOD SALEE,16,1.0,5.0,1.0,1.0,H0373
Mercure Paris Montmartre Sacré-Cœur,2025,3,F_B,FOOD SALEE,17,1.0,5.0,1.0,1.0,H0373
Mercure Paris Montmartre Sacré-Cœur,2025,3,F_B,FOOD SALEE,18,6.0,30.0,6.0,1.0,H0373
Mercure Paris Montmartre Sacré-Cœur,2025,3,F_B,FOOD SALEE,19,4.0,16.0,2.0,2.0,H0373
Mercure Paris Montmartre Sacré-Cœur,2025,3,F_B,FOOD SALEE,20,5.0,21.0,5.0,3.0,H0373
Mercure Paris Montmartre Sacré-Cœur,2025,3,F_B,FOOD SALEE,21,8.0,68.0,4.0,2.0,H0373
Mercure Paris Montmartre Sacré-Cœur,2025,3,F_B,FOOD SALEE,22,1.0,5.0,1.0,1.0,H0373
Mercure Paris Montmartre Sacré-Cœur,2025,3,F_B,FOOD SALEE,23,14.0,68.0,12.0,3.0,H0373
Mercure Paris Montmartre Sacré-Cœur,2025,3,F_B,FOOD SUCREE,0,11.0,61.0,4.0,3.0,H0373
Mercure Paris Montmartre Sacré-Cœur,2025,3,F_B,FOOD SUCREE,1,9.0,31.0,5.0,2.0,H0373
Mercure Paris Montmartre Sacré-Cœur,2025,3,F_B,FOOD SUCREE,2,2.0,5.0,1.0,2.0,H0373
Mercure Paris Montmartre Sacré-Cœur,2025,3,F_B,FOOD SUCREE,4,2.0,5.0,1.0,2.0,H0373
Mercure Paris Montmartre Sacré-Cœur,2025,3,F_B,FOOD SUCREE,7,1.0,3.0,1.0,1.0,H0373
Mercure Paris Montmartre Sacré-Cœur,2025,3,F_B,FOOD SUCREE,8,3.0,8.0,3.0,2.0,H0373
Mercure Paris Montmartre Sacré-Cœur,2025,3,F_B,FOOD SUCREE,9,1.0,3.0,1.0,1.0,H0373
Mercure Paris Montmartre Sacré-Cœur,2025,3,F_B,FOOD SUCREE,10,3.0,7.0,3.0,2.0,H0373
Mercure Paris Montmartre Sacré-Cœur,2025,3,F_B,FOOD SUCREE,11,2.0,5.0,2.0,2.0,H0373
Mercure Paris Montmartre Sacré-Cœur,2025,3,F_B,FOOD SUCREE,12,4.0,14.0,3.0,2.0,H0373
Mercure Paris Montmartre Sacré-Cœur,2025,3,F_B,FOOD SUCREE,13,2.0,8.0,1.0,1.0,H0373
Mercure Paris Montmartre Sacré-Cœur,2025,3,F_B,FOOD SUCREE,14,5.0,23.0,3.0,2.0,H0373
Mercure Paris Montmartre Sacré-Cœur,2025,3,F_B,FOOD SUCREE,15,2.0,5.0,2.0,2.0,H0373
Mercure Paris Montmartre Sacré-Cœur,2025,3,F_B,FOOD SUCREE,16,7.0,39.0,4.0,2.0,H0373
Mercure Paris Montmartre Sacré-Cœur,2025,3,F_B,FOOD SUCREE,17,11.0,42.0,7.0,1.0,H0373
Mercure Paris Montmartre Sacré-Cœur,2025,3,F_B,FOOD SUCREE,18,4.0,10.0,4.0,2.0,H0373
Mercure Paris Montmartre Sacré-Cœur,2025,3,F_B,FOOD SUCREE,19,5.0,19.0,4.0,2.0,H0373
Mercure Paris Montmartre Sacré-Cœur,2025,3,F_B,FOOD SUCREE,20,3.0,10.0,2.0,1.0,H0373
Mercure Paris Montmartre Sacré-Cœur,2025,3,F_B,FOOD SUCREE,21,5.0,16.0,4.0,2.0,H0373
Mercure Paris Montmartre Sacré-Cœur,2025,3,F_B,FOOD SUCREE,22,4.0,12.0,3.0,1.0,H0373
Mercure Paris Montmartre Sacré-Cœur,2025,3,F_B,FOOD SUCREE,23,13.0,41.0,11.0,3.0,H0373
Mercure Paris Montmartre Sacré-Cœur,2025,3,F_B,SANS ALCOOL,0,26.0,190.0,18.0,4.0,H0373
Mercure Paris Montmartre Sacré-Cœur,2025,3,F_B,SANS ALCOOL,1,13.0,155.0,6.0,5.0,H0373
Mercure Paris Montmartre Sacré-Cœur,2025,3,F_B,SANS ALCOOL,2,9.0,75.0,6.0,3.0,H0373
Mercure Paris Montmartre Sacré-Cœur,2025,3,F_B,SANS ALCOOL,3,4.0,50.0,2.0,2.0,H0373
Mercure Paris Montmartre Sacré-Cœur,2025,3,F_B,SANS ALCOOL,4,7.0,45.0,6.0,3.0,H0373
Mercure Paris Montmartre Sacré-Cœur,2025,3,F_B,SANS ALCOOL,5,2.0,20.0,1.0,1.0,H0373
Mercure Paris Montmartre Sacré-Cœur,2025,3,F_B,SANS ALCOOL,6,6.0,30.0,5.0,5.0,H0373
Mercure Paris Montmartre Sacré-Cœur,2025,3,F_B,SANS ALCOOL,7,10.0,60.0,5.0,6.0,H0373
Mercure Paris Montmartre Sacré-Cœur,2025,3,F_B,SANS ALCOOL,8,18.0,110.0,15.0,5.0,H0373
Mercure Paris Montmartre Sacré-Cœur,2025,3,F_B,SANS ALCOOL,9,5.0,25.0,4.0,4.0,H0373
Mercure Paris Montmartre Sacré-Cœur,2025,3,F_B,SANS ALCOOL,10,7.0,95.0,4.0,3.0,H0373
Mercure Paris Montmartre Sacré-Cœur,2025,3,F_B,SANS ALCOOL,11,6.0,30.0,6.0,3.0,H0373
Mercure Paris Montmartre Sacré-Cœur,2025,3,F_B,SANS ALCOOL,12,6.0,40.0,5.0,4.0,H0373
Mercure Paris Montmartre Sacré-Cœur,2025,3,F_B,SANS ALCOOL,13,4.0,20.0,4.0,2.0,H0373
Mercure Paris Montmartre Sacré-Cœur,2025,3,F_B,SANS ALCOOL,14,6.0,50.0,4.0,3.0,H0373
Mercure Paris Montmartre Sacré-Cœur,2025,3,F_B,SANS ALCOOL,15,6.0,40.0,5.0,4.0,H0373
Mercure Paris Montmartre Sacré-Cœur,2025,3,F_B,SANS ALCOOL,16,15.0,195.0,7.0,4.0,H0373
Mercure Paris Montmartre Sacré-Cœur,2025,3,F_B,SANS ALCOOL,17,17.0,85.0,13.0,8.0,H0373
Mercure Paris Montmartre Sacré-Cœur,2025,3,F_B,SANS ALCOOL,18,4.0,30.0,3.0,2.0,H0373
Mercure Paris Montmartre Sacré-Cœur,2025,3,F_B,SANS ALCOOL,19,5.0,25.0,4.0,3.0,H0373
Mercure Paris Montmartre Sacré-Cœur,2025,3,F_B,SANS ALCOOL,20,20.0,140.0,14.0,7.0,H0373
Mercure Paris Montmartre Sacré-Cœur,2025,3,F_B,SANS ALCOOL,21,41.0,295.0,29.0,7.0,H0373
Mercure Paris Montmartre Sacré-Cœur,2025,3,F_B,SANS ALCOOL,22,32.0,200.0,25.0,7.0,H0373
Mercure Paris Montmartre Sacré-Cœur,2025,3,F_B,SANS ALCOOL,23,40.0,250.0,33.0,5.0,H0373
Mercure Paris Montmartre Sacré-Cœur,2025,3,F_B,SOUVENIRS,16,1.0,14.0,1.0,1.0,H0373
Mercure Paris Montmartre Sacré-Cœur,2025,3,N_F_B,COSMETIQUE,1,1.0,12.0,1.0,1.0,H0373
Mercure Paris Montmartre Sacré-Cœur,2025,3,N_F_B,COSMETIQUE,7,1.0,12.0,1.0,1.0,H0373
Mercure Paris Montmartre Sacré-Cœur,2025,3,N_F_B,COSMETIQUE,8,1.0,12.0,1.0,1.0,H0373
Mercure Paris Montmartre Sacré-Cœur,2025,3,N_F_B,COSMETIQUE,16,1.0,30.0,1.0,1.0,H0373
Mercure Paris Montmartre Sacré-Cœur,2025,3,N_F_B,COSMETIQUE,21,1.0,12.0,1.0,1.0,H0373
Mercure Paris Montmartre Sacré-Cœur,2025,3,N_F_B,SOS,8,2.0,8.0,2.0,1.0,H0373
Mercure Paris Montmartre Sacré-Cœur,2025,3,N_F_B,SOS,21,1.0,8.0,1.0,1.0,H0373
Mercure Paris Montmartre Sacré-Cœur,2025,4,F_B,ALCOOL,0,7.0,75.0,5.0,3.0,H0373
Mercure Paris Montmartre Sacré-Cœur,2025,4,F_B,ALCOOL,1,2.0,20.0,1.0,1.0,H0373
Mercure Paris Montmartre Sacré-Cœur,2025,4,F_B,ALCOOL,4,5.0,175.0,1.0,1.0,H0373
Mercure Paris Montmartre Sacré-Cœur,2025,4,F_B,ALCOOL,7,1.0,5.0,1.0,1.0,H0373
Mercure Paris Montmartre Sacré-Cœur,2025,4,F_B,ALCOOL,8,4.0,38.0,3.0,2.0,H0373
Mercure Paris Montmartre Sacré-Cœur,2025,4,F_B,ALCOOL,10,7.0,185.0,3.0,2.0,H0373
Mercure Paris Montmartre Sacré-Cœur,2025,4,F_B,ALCOOL,14,1.0,7.0,1.0,1.0,H0373
Mercure Paris Montmartre Sacré-Cœur,2025,4,F_B,ALCOOL,15,3.0,27.0,2.0,2.0,H0373
Mercure Paris Montmartre Sacré-Cœur,2025,4,F_B,ALCOOL,16,4.0,40.0,2.0,1.0,H0373
Mercure Paris Montmartre Sacré-Cœur,2025,4,F_B,ALCOOL,17,7.0,190.0,7.0,2.0,H0373
Mercure Paris Montmartre Sacré-Cœur,2025,4,F_B,ALCOOL,18,6.0,92.0,4.0,3.0,H0373
Mercure Paris Montmartre Sacré-Cœur,2025,4,F_B,ALCOOL,19,1.0,30.0,1.0,1.0,H0373
Mercure Paris Montmartre Sacré-Cœur,2025,4,F_B,ALCOOL,20,11.0,180.0,6.0,3.0,H0373
Mercure Paris Montmartre Sacré-Cœur,2025,4,F_B,ALCOOL,21,19.0,323.0,13.0,4.0,H0373
Mercure Paris Montmartre Sacré-Cœur,2025,4,F_B,ALCOOL,22,13.0,207.0,10.0,4.0,H0373
Mercure Paris Montmartre Sacré-Cœur,2025,4,F_B,ALCOOL,23,17.0,247.0,13.0,4.0,H0373
Mercure Paris Montmartre Sacré-Cœur,2025,4,F_B,FOOD SALEE,0,5.0,19.0,5.0,2.0,H0373
Mercure Paris Montmartre Sacré-Cœur,2025,4,F_B,FOOD SALEE,3,1.0,3.0,1.0,1.0,H0373
Mercure Paris Montmartre Sacré-Cœur,2025,4,F_B,FOOD SALEE,4,1.0,3.0,1.0,1.0,H0373
Mercure Paris Montmartre Sacré-Cœur,2025,4,F_B,FOOD SALEE,5,1.0,5.0,1.0,1.0,H0373
Mercure Paris Montmartre Sacré-Cœur,2025,4,F_B,FOOD SALEE,9,2.0,8.0,2.0,2.0,H0373
Mercure Paris Montmartre Sacré-Cœur,2025,4,F_B,FOOD SALEE,10,1.0,5.0,1.0,1.0,H0373
Mercure Paris Montmartre Sacré-Cœur,2025,4,F_B,FOOD SALEE,13,1.0,3.0,1.0,1.0,H0373
Mercure Paris Montmartre Sacré-Cœur,2025,4,F_B,FOOD SALEE,14,3.0,13.0,3.0,2.0,H0373
Mercure Paris Montmartre Sacré-Cœur,2025,4,F_B,FOOD SALEE,15,3.0,13.0,3.0,3.0,H0373
Mercure Paris Montmartre Sacré-Cœur,2025,4,F_B,FOOD SALEE,16,1.0,5.0,1.0,1.0,H0373
Mercure Paris Montmartre Sacré-Cœur,2025,4,F_B,FOOD SALEE,17,5.0,25.0,4.0,3.0,H0373
Mercure Paris Montmartre Sacré-Cœur,2025,4,F_B,FOOD SALEE,19,1.0,5.0,1.0,1.0,H0373
Mercure Paris Montmartre Sacré-Cœur,2025,4,F_B,FOOD SALEE,20,2.0,8.0,2.0,2.0,H0373
Mercure Paris Montmartre Sacré-Cœur,2025,4,F_B,FOOD SALEE,21,2.0,10.0,2.0,1.0,H0373
Mercure Paris Montmartre Sacré-Cœur,2025,4,F_B,FOOD SALEE,22,5.0,21.0,5.0,3.0,H0373
Mercure Paris Montmartre Sacré-Cœur,2025,4,F_B,FOOD SALEE,23,5.0,23.0,5.0,3.0,H0373
Mercure Paris Montmartre Sacré-Cœur,2025,4,F_B,FOOD SUCREE,0,1.0,3.0,1.0,1.0,H0373
Mercure Paris Montmartre Sacré-Cœur,2025,4,F_B,FOOD SUCREE,1,4.0,9.0,4.0,2.0,H0373
Mercure Paris Montmartre Sacré-Cœur,2025,4,F_B,FOOD SUCREE,2,3.0,14.0,2.0,2.0,H0373
Mercure Paris Montmartre Sacré-Cœur,2025,4,F_B,FOOD SUCREE,3,4.0,29.0,2.0,2.0,H0373
Mercure Paris Montmartre Sacré-Cœur,2025,4,F_B,FOOD SUCREE,6,1.0,3.0,1.0,1.0,H0373
Mercure Paris Montmartre Sacré-Cœur,2025,4,F_B,FOOD SUCREE,8,1.0,2.0,1.0,1.0,H0373
Mercure Paris Montmartre Sacré-Cœur,2025,4,F_B,FOOD SUCREE,10,2.0,8.0,1.0,1.0,H0373
Mercure Paris Montmartre Sacré-Cœur,2025,4,F_B,FOOD SUCREE,11,4.0,10.0,2.0,3.0,H0373
Mercure Paris Montmartre Sacré-Cœur,2025,4,F_B,FOOD SUCREE,12,1.0,2.0,1.0,1.0,H0373
Mercure Paris Montmartre Sacré-Cœur,2025,4,F_B,FOOD SUCREE,13,1.0,3.0,1.0,1.0,H0373
Mercure Paris Montmartre Sacré-Cœur,2025,4,F_B,FOOD SUCREE,14,5.0,18.0,3.0,1.0,H0373
Mercure Paris Montmartre Sacré-Cœur,2025,4,F_B,FOOD SUCREE,15,3.0,7.0,2.0,2.0,H0373
Mercure Paris Montmartre Sacré-Cœur,2025,4,F_B,FOOD SUCREE,16,5.0,22.0,3.0,1.0,H0373
Mercure Paris Montmartre Sacré-Cœur,2025,4,F_B,FOOD SUCREE,17,5.0,23.0,3.0,2.0,H0373
Mercure Paris Montmartre Sacré-Cœur,2025,4,F_B,FOOD SUCREE,18,10.0,49.0,5.0,2.0,H0373
Mercure Paris Montmartre Sacré-Cœur,2025,4,F_B,FOOD SUCREE,19,2.0,4.0,2.0,1.0,H0373
Mercure Paris Montmartre Sacré-Cœur,2025,4,F_B,FOOD SUCREE,20,2.0,5.0,2.0,2.0,H0373
Mercure Paris Montmartre Sacré-Cœur,2025,4,F_B,FOOD SUCREE,21,17.0,86.0,10.0,1.0,H0373
Mercure Paris Montmartre Sacré-Cœur,2025,4,F_B,FOOD SUCREE,22,13.0,41.0,11.0,3.0,H0373
Mercure Paris Montmartre Sacré-Cœur,2025,4,F_B,FOOD SUCREE,23,16.0,59.0,11.0,2.0,H0373
Mercure Paris Montmartre Sacré-Cœur,2025,4,F_B,SANS ALCOOL,0,15.0,105.0,11.0,4.0,H0373
Mercure Paris Montmartre Sacré-Cœur,2025,4,F_B,SANS ALCOOL,1,4.0,20.0,4.0,3.0,H0373
Mercure Paris Montmartre Sacré-Cœur,2025,4,F_B,SANS ALCOOL,2,3.0,25.0,2.0,2.0,H0373
Mercure Paris Montmartre Sacré-Cœur,2025,4,F_B,SANS ALCOOL,3,5.0,125.0,1.0,1.0,H0373
Mercure Paris Montmartre Sacré-Cœur,2025,4,F_B,SANS ALCOOL,4,1.0,5.0,1.0,1.0,H0373
Mercure Paris Montmartre Sacré-Cœur,2025,4,F_B,SANS ALCOOL,5,1.0,5.0,1.0,1.0,H0373
Mercure Paris Montmartre Sacré-Cœur,2025,4,F_B,SANS ALCOOL,6,1.0,5.0,1.0,1.0,H0373
Mercure Paris Montmartre Sacré-Cœur,2025,4,F_B,SANS ALCOOL,7,5.0,35.0,4.0,2.0,H0373
Mercure Paris Montmartre Sacré-Cœur,2025,4,F_B,SANS ALCOOL,8,9.0,45.0,9.0,4.0,H0373
Mercure Paris Montmartre Sacré-Cœur,2025,4,F_B,SANS ALCOOL,9,17.0,165.0,12.0,6.0,H0373
Mercure Paris Montmartre Sacré-Cœur,2025,4,F_B,SANS ALCOOL,10,6.0,30.0,6.0,1.0,H0373
Mercure Paris Montmartre Sacré-Cœur,2025,4,F_B,SANS ALCOOL,11,4.0,20.0,4.0,3.0,H0373
Mercure Paris Montmartre Sacré-Cœur,2025,4,F_B,SANS ALCOOL,12,2.0,10.0,2.0,2.0,H0373
Mercure Paris Montmartre Sacré-Cœur,2025,4,F_B,SANS ALCOOL,13,4.0,30.0,3.0,2.0,H0373
Mercure Paris Montmartre Sacré-Cœur,2025,4,F_B,SANS ALCOOL,14,10.0,60.0,8.0,5.0,H0373
Mercure Paris Montmartre Sacré-Cœur,2025,4,F_B,SANS ALCOOL,15,12.0,140.0,7.0,4.0,H0373
Mercure Paris Montmartre Sacré-Cœur,2025,4,F_B,SANS ALCOOL,16,10.0,70.0,7.0,6.0,H0373
Mercure Paris Montmartre Sacré-Cœur,2025,4,F_B,SANS ALCOOL,17,17.0,145.0,9.0,3.0,H0373
Mercure Paris Montmartre Sacré-Cœur,2025,4,F_B,SANS ALCOOL,18,13.0,95.0,10.0,5.0,H0373
Mercure Paris Montmartre Sacré-Cœur,2025,4,F_B,SANS ALCOOL,19,10.0,90.0,6.0,3.0,H0373
Mercure Paris Montmartre Sacré-Cœur,2025,4,F_B,SANS ALCOOL,20,23.0,195.0,15.0,6.0,H0373
Mercure Paris Montmartre Sacré-Cœur,2025,4,F_B,SANS ALCOOL,21,32.0,210.0,24.0,6.0,H0373
Mercure Paris Montmartre Sacré-Cœur,2025,4,F_B,SANS ALCOOL,22,25.0,165.0,21.0,5.0,H0373
Mercure Paris Montmartre Sacré-Cœur,2025,4,F_B,SANS ALCOOL,23,27.0,185.0,16.0,9.0,H0373
Mercure Paris Montmartre Sacré-Cœur,2025,4,N_F_B,COSMETIQUE,1,1.0,12.0,1.0,1.0,H0373
Mercure Paris Montmartre Sacré-Cœur,2025,4,N_F_B,COSMETIQUE,2,1.0,12.0,1.0,1.0,H0373
Mercure Paris Montmartre Sacré-Cœur,2025,4,N_F_B,COSMETIQUE,10,1.0,13.0,1.0,1.0,H0373
Mercure Paris Montmartre Sacré-Cœur,2025,4,N_F_B,COSMETIQUE,16,1.0,14.0,1.0,1.0,H0373
Mercure Paris Montmartre Sacré-Cœur,2025,4,N_F_B,COSMETIQUE,23,1.0,12.0,1.0,1.0,H0373
Mercure Paris Montmartre Sacré-Cœur,2025,5,F_B,ALCOOL,0,6.0,99.0,6.0,4.0,H0373
Mercure Paris Montmartre Sacré-Cœur,2025,5,F_B,ALCOOL,1,3.0,40.0,3.0,2.0,H0373
Mercure Paris Montmartre Sacré-Cœur,2025,5,F_B,ALCOOL,2,2.0,10.0,2.0,1.0,H0373
Mercure Paris Montmartre Sacré-Cœur,2025,5,F_B,ALCOOL,3,1.0,45.0,1.0,1.0,H0373
Mercure Paris Montmartre Sacré-Cœur,2025,5,F_B,ALCOOL,9,1.0,7.0,1.0,1.0,H0373
Mercure Paris Montmartre Sacré-Cœur,2025,5,F_B,ALCOOL,10,1.0,25.0,1.0,1.0,H0373
Mercure Paris Montmartre Sacré-Cœur,2025,5,F_B,ALCOOL,11,1.0,5.0,1.0,1.0,H0373
Mercure Paris Montmartre Sacré-Cœur,2025,5,F_B,ALCOOL,14,3.0,42.0,3.0,3.0,H0373
Mercure Paris Montmartre Sacré-Cœur,2025,5,F_B,ALCOOL,16,1.0,30.0,1.0,1.0,H0373
Mercure Paris Montmartre Sacré-Cœur,2025,5,F_B,ALCOOL,17,1.0,5.0,1.0,1.0,H0373
Mercure Paris Montmartre Sacré-Cœur,2025,5,F_B,ALCOOL,18,1.0,30.0,1.0,1.0,H0373
Mercure Paris Montmartre Sacré-Cœur,2025,5,F_B,ALCOOL,19,2.0,60.0,2.0,1.0,H0373
Mercure Paris Montmartre Sacré-Cœur,2025,5,F_B,ALCOOL,20,3.0,45.0,1.0,1.0,H0373
Mercure Paris Montmartre Sacré-Cœur,2025,5,F_B,ALCOOL,21,9.0,133.0,5.0,3.0,H0373
Mercure Paris Montmartre Sacré-Cœur,2025,5,F_B,ALCOOL,22,11.0,250.0,6.0,3.0,H0373
Mercure Paris Montmartre Sacré-Cœur,2025,5,F_B,ALCOOL,23,9.0,190.0,8.0,5.0,H0373
Mercure Paris Montmartre Sacré-Cœur,2025,5,F_B,FOOD SALEE,0,3.0,15.0,3.0,2.0,H0373
Mercure Paris Montmartre Sacré-Cœur,2025,5,F_B,FOOD SALEE,1,2.0,8.0,2.0,2.0,H0373
Mercure Paris Montmartre Sacré-Cœur,2025,5,F_B,FOOD SALEE,2,1.0,3.0,1.0,1.0,H0373
Mercure Paris Montmartre Sacré-Cœur,2025,5,F_B,FOOD SALEE,4,4.0,24.0,2.0,1.0,H0373
Mercure Paris Montmartre Sacré-Cœur,2025,5,F_B,FOOD SALEE,14,1.0,5.0,1.0,1.0,H0373
Mercure Paris Montmartre Sacré-Cœur,2025,5,F_B,FOOD SALEE,16,1.0,3.0,1.0,1.0,H0373
Mercure Paris Montmartre Sacré-Cœur,2025,5,F_B,FOOD SALEE,17,1.0,3.0,1.0,1.0,H0373
Mercure Paris Montmartre Sacré-Cœur,2025,5,F_B,FOOD SALEE,18,4.0,18.0,4.0,3.0,H0373
Mercure Paris Montmartre Sacré-Cœur,2025,5,F_B,FOOD SALEE,21,1.0,5.0,1.0,1.0,H0373
Mercure Paris Montmartre Sacré-Cœur,2025,5,F_B,FOOD SALEE,22,2.0,6.0,2.0,1.0,H0373
Mercure Paris Montmartre Sacré-Cœur,2025,5,F_B,FOOD SALEE,23,7.0,27.0,7.0,2.0,H0373
Mercure Paris Montmartre Sacré-Cœur,2025,5,F_B,FOOD SUCREE,0,13.0,38.0,9.0,3.0,H0373
Mercure Paris Montmartre Sacré-Cœur,2025,5,F_B,FOOD SUCREE,1,4.0,14.0,3.0,2.0,H0373
Mercure Paris Montmartre Sacré-Cœur,2025,5,F_B,FOOD SUCREE,2,1.0,3.0,1.0,1.0,H0373
Mercure Paris Montmartre Sacré-Cœur,2025,5,F_B,FOOD SUCREE,4,3.0,9.0,2.0,2.0,H0373
Mercure Paris Montmartre Sacré-Cœur,2025,5,F_B,FOOD SUCREE,7,1.0,2.0,1.0,1.0,H0373
Mercure Paris Montmartre Sacré-Cœur,2025,5,F_B,FOOD SUCREE,13,3.0,18.0,1.0,1.0,H0373
Mercure Paris Montmartre Sacré-Cœur,2025,5,F_B,FOOD SUCREE,14,4.0,12.0,3.0,1.0,H0373
Mercure Paris Montmartre Sacré-Cœur,2025,5,F_B,FOOD SUCREE,15,6.0,18.0,4.0,3.0,H0373
Mercure Paris Montmartre Sacré-Cœur,2025,5,F_B,FOOD SUCREE,17,7.0,15.0,7.0,2.0,H0373
Mercure Paris Montmartre Sacré-Cœur,2025,5,F_B,FOOD SUCREE,18,2.0,4.0,2.0,1.0,H0373
Mercure Paris Montmartre Sacré-Cœur,2025,5,F_B,FOOD SUCREE,19,7.0,24.0,4.0,3.0,H0373
Mercure Paris Montmartre Sacré-Cœur,2025,5,F_B,FOOD SUCREE,20,3.0,8.0,3.0,3.0,H0373
Mercure Paris Montmartre Sacré-Cœur,2025,5,F_B,FOOD SUCREE,21,5.0,12.0,5.0,2.0,H0373
Mercure Paris Montmartre Sacré-Cœur,2025,5,F_B,FOOD SUCREE,22,7.0,22.0,4.0,3.0,H0373
Mercure Paris Montmartre Sacré-Cœur,2025,5,F_B,FOOD SUCREE,23,15.0,39.0,13.0,4.0,H0373
Mercure Paris Montmartre Sacré-Cœur,2025,5,F_B,SANS ALCOOL,0,18.0,190.0,10.0,4.0,H0373
Mercure Paris Montmartre Sacré-Cœur,2025,5,F_B,SANS ALCOOL,1,12.0,210.0,5.0,3.0,H0373
Mercure Paris Montmartre Sacré-Cœur,2025,5,F_B,SANS ALCOOL,2,10.0,120.0,6.0,2.0,H0373
Mercure Paris Montmartre Sacré-Cœur,2025,5,F_B,SANS ALCOOL,3,1.0,5.0,1.0,1.0,H0373
Mercure Paris Montmartre Sacré-Cœur,2025,5,F_B,SANS ALCOOL,4,2.0,10.0,2.0,2.0,H0373
Mercure Paris Montmartre Sacré-Cœur,2025,5,F_B,SANS ALCOOL,6,2.0,20.0,1.0,1.0,H0373
Mercure Paris Montmartre Sacré-Cœur,2025,5,F_B,SANS ALCOOL,7,5.0,35.0,4.0,3.0,H0373
Mercure Paris Montmartre Sacré-Cœur,2025,5,F_B,SANS ALCOOL,8,6.0,40.0,4.0,3.0,H0373
Mercure Paris Montmartre Sacré-Cœur,2025,5,F_B,SANS ALCOOL,9,2.0,10.0,2.0,2.0,H0373
Mercure Paris Montmartre Sacré-Cœur,2025,5,F_B,SANS ALCOOL,10,1.0,5.0,1.0,1.0,H0373
Mercure Paris Montmartre Sacré-Cœur,2025,5,F_B,SANS ALCOOL,11,3.0,15.0,3.0,2.0,H0373
Mercure Paris Montmartre Sacré-Cœur,2025,5,F_B,SANS ALCOOL,13,1.0,5.0,1.0,1.0,H0373
Mercure Paris Montmartre Sacré-Cœur,2025,5,F_B,SANS ALCOOL,14,4.0,20.0,4.0,4.0,H0373
Mercure Paris Montmartre Sacré-Cœur,2025,5,F_B,SANS ALCOOL,15,7.0,35.0,7.0,4.0,H0373
Mercure Paris Montmartre Sacré-Cœur,2025,5,F_B,SANS ALCOOL,16,11.0,105.0,6.0,6.0,H0373
Mercure Paris Montmartre Sacré-Cœur,2025,5,F_B,SANS ALCOOL,17,18.0,140.0,13.0,6.0,H0373
Mercure Paris Montmartre Sacré-Cœur,2025,5,F_B,SANS ALCOOL,18,16.0,150.0,9.0,7.0,H0373
Mercure Paris Montmartre Sacré-Cœur,2025,5,F_B,SANS ALCOOL,19,7.0,45.0,6.0,5.0,H0373
Mercure Paris Montmartre Sacré-Cœur,2025,5,F_B,SANS ALCOOL,20,1.0,5.0,1.0,1.0,H0373
Mercure Paris Montmartre Sacré-Cœur,2025,5,F_B,SANS ALCOOL,21,15.0,125.0,10.0,5.0,H0373
Mercure Paris Montmartre Sacré-Cœur,2025,5,F_B,SANS ALCOOL,22,17.0,125.0,11.0,4.0,H0373
Mercure Paris Montmartre Sacré-Cœur,2025,5,F_B,SANS ALCOOL,23,27.0,265.0,18.0,8.0,H0373
Mercure Paris Montmartre Sacré-Cœur,2025,5,N_F_B,COSMETIQUE,7,2.0,24.0,2.0,1.0,H0373
Mercure Paris Montmartre Sacré-Cœur,2025,5,N_F_B,COSMETIQUE,17,1.0,12.0,1.0,1.0,H0373
Mercure Paris Montmartre Sacré-Cœur,2025,6,F_B,ALCOOL,0,2.0,28.0,1.0,1.0,H0373
Mercure Paris Montmartre Sacré-Cœur,2025,6,F_B,ALCOOL,1,8.0,260.0,5.0,3.0,H0373
Mercure Paris Montmartre Sacré-Cœur,2025,6,F_B,ALCOOL,2,3.0,45.0,2.0,2.0,H0373
Mercure Paris Montmartre Sacré-Cœur,2025,6,F_B,ALCOOL,3,2.0,120.0,1.0,1.0,H0373
Mercure Paris Montmartre Sacré-Cœur,2025,6,F_B,ALCOOL,4,3.0,45.0,2.0,2.0,H0373
Mercure Paris Montmartre Sacré-Cœur,2025,6,F_B,ALCOOL,6,1.0,7.0,1.0,1.0,H0373
Mercure Paris Montmartre Sacré-Cœur,2025,6,F_B,ALCOOL,7,1.0,7.0,1.0,1.0,H0373
Mercure Paris Montmartre Sacré-Cœur,2025,6,F_B,ALCOOL,14,1.0,7.0,1.0,1.0,H0373
Mercure Paris Montmartre Sacré-Cœur,2025,6,F_B,ALCOOL,15,2.0,32.0,2.0,2.0,H0373
Mercure Paris Montmartre Sacré-Cœur,2025,6,F_B,ALCOOL,18,1.0,30.0,1.0,1.0,H0373
Mercure Paris Montmartre Sacré-Cœur,2025,6,F_B,ALCOOL,20,1.0,45.0,1.0,1.0,H0373
Mercure Paris Montmartre Sacré-Cœur,2025,6,F_B,ALCOOL,21,3.0,23.0,3.0,2.0,H0373
Mercure Paris Montmartre Sacré-Cœur,2025,6,F_B,ALCOOL,22,5.0,62.0,5.0,3.0,H0373
Mercure Paris Montmartre Sacré-Cœur,2025,6,F_B,ALCOOL,23,4.0,30.0,4.0,2.0,H0373
Mercure Paris Montmartre Sacré-Cœur,2025,6,F_B,FOOD SALEE,0,7.0,31.0,6.0,3.0,H0373
Mercure Paris Montmartre Sacré-Cœur,2025,6,F_B,FOOD SALEE,1,2.0,8.0,2.0,2.0,H0373
Mercure Paris Montmartre Sacré-Cœur,2025,6,F_B,FOOD SALEE,5,2.0,12.0,1.0,1.0,H0373
Mercure Paris Montmartre Sacré-Cœur,2025,6,F_B,FOOD SALEE,12,2.0,8.0,2.0,2.0,H0373
Mercure Paris Montmartre Sacré-Cœur,2025,6,F_B,FOOD SALEE,14,5.0,37.0,2.0,3.0,H0373
Mercure Paris Montmartre Sacré-Cœur,2025,6,F_B,FOOD SALEE,15,5.0,23.0,5.0,3.0,H0373
Mercure Paris Montmartre Sacré-Cœur,2025,6,F_B,FOOD SALEE,16,1.0,5.0,1.0,1.0,H0373
Mercure Paris Montmartre Sacré-Cœur,2025,6,F_B,FOOD SALEE,18,3.0,9.0,3.0,1.0,H0373
Mercure Paris Montmartre Sacré-Cœur,2025,6,F_B,FOOD SALEE,19,1.0,5.0,1.0,1.0,H0373
Mercure Paris Montmartre Sacré-Cœur,2025,6,F_B,FOOD SALEE,20,2.0,10.0,2.0,1.0,H0373
Mercure Paris Montmartre Sacré-Cœur,2025,6,F_B,FOOD SALEE,21,1.0,3.0,1.0,1.0,H0373
Mercure Paris Montmartre Sacré-Cœur,2025,6,F_B,FOOD SALEE,22,6.0,24.0,5.0,3.0,H0373
Mercure Paris Montmartre Sacré-Cœur,2025,6,F_B,FOOD SALEE,23,3.0,15.0,3.0,2.0,H0373
Mercure Paris Montmartre Sacré-Cœur,2025,6,F_B,FOOD SUCREE,0,7.0,21.0,6.0,3.0,H0373
Mercure Paris Montmartre Sacré-Cœur,2025,6,F_B,FOOD SUCREE,1,7.0,20.0,6.0,3.0,H0373
Mercure Paris Montmartre Sacré-Cœur,2025,6,F_B,FOOD SUCREE,2,8.0,25.0,6.0,2.0,H0373
Mercure Paris Montmartre Sacré-Cœur,2025,6,F_B,FOOD SUCREE,3,3.0,10.0,2.0,1.0,H0373
Mercure Paris Montmartre Sacré-Cœur,2025,6,F_B,FOOD SUCREE,4,3.0,7.0,2.0,2.0,H0373
Mercure Paris Montmartre Sacré-Cœur,2025,6,F_B,FOOD SUCREE,7,1.0,3.0,1.0,1.0,H0373
Mercure Paris Montmartre Sacré-Cœur,2025,6,F_B,FOOD SUCREE,9,1.0,3.0,1.0,1.0,H0373
Mercure Paris Montmartre Sacré-Cœur,2025,6,F_B,FOOD SUCREE,10,1.0,3.0,1.0,1.0,H0373
Mercure Paris Montmartre Sacré-Cœur,2025,6,F_B,FOOD SUCREE,11,5.0,35.0,1.0,2.0,H0373
Mercure Paris Montmartre Sacré-Cœur,2025,6,F_B,FOOD SUCREE,12,5.0,13.0,5.0,3.0,H0373
Mercure Paris Montmartre Sacré-Cœur,2025,6,F_B,FOOD SUCREE,13,2.0,8.0,1.0,1.0,H0373
Mercure Paris Montmartre Sacré-Cœur,2025,6,F_B,FOOD SUCREE,14,2.0,6.0,1.0,2.0,H0373
Mercure Paris Montmartre Sacré-Cœur,2025,6,F_B,FOOD SUCREE,15,7.0,36.0,4.0,3.0,H0373
Mercure Paris Montmartre Sacré-Cœur,2025,6,F_B,FOOD SUCREE,16,5.0,15.0,4.0,2.0,H0373
Mercure Paris Montmartre Sacré-Cœur,2025,6,F_B,FOOD SUCREE,17,1.0,3.0,1.0,1.0,H0373
Mercure Paris Montmartre Sacré-Cœur,2025,6,F_B,FOOD SUCREE,18,8.0,29.0,7.0,4.0,H0373
Mercure Paris Montmartre Sacré-Cœur,2025,6,F_B,FOOD SUCREE,19,3.0,8.0,3.0,3.0,H0373
Mercure Paris Montmartre Sacré-Cœur,2025,6,F_B,FOOD SUCREE,20,4.0,11.0,4.0,3.0,H0373
Mercure Paris Montmartre Sacré-Cœur,2025,6,F_B,FOOD SUCREE,21,14.0,54.0,10.0,4.0,H0373
Mercure Paris Montmartre Sacré-Cœur,2025,6,F_B,FOOD SUCREE,22,15.0,49.0,13.0,4.0,H0373
Mercure Paris Montmartre Sacré-Cœur,2025,6,F_B,FOOD SUCREE,23,14.0,36.0,13.0,4.0,H0373
Mercure Paris Montmartre Sacré-Cœur,2025,6,F_B,SANS ALCOOL,0,21.0,135.0,16.0,5.0,H0373
Mercure Paris Montmartre Sacré-Cœur,2025,6,F_B,SANS ALCOOL,1,12.0,60.0,9.0,6.0,H0373
Mercure Paris Montmartre Sacré-Cœur,2025,6,F_B,SANS ALCOOL,2,13.0,105.0,9.0,4.0,H0373
Mercure Paris Montmartre Sacré-Cœur,2025,6,F_B,SANS ALCOOL,3,5.0,65.0,2.0,2.0,H0373
Mercure Paris Montmartre Sacré-Cœur,2025,6,F_B,SANS ALCOOL,4,9.0,105.0,4.0,3.0,H0373
Mercure Paris Montmartre Sacré-Cœur,2025,6,F_B,SANS ALCOOL,5,4.0,30.0,3.0,3.0,H0373
Mercure Paris Montmartre Sacré-Cœur,2025,6,F_B,SANS ALCOOL,6,2.0,10.0,2.0,1.0,H0373
Mercure Paris Montmartre Sacré-Cœur,2025,6,F_B,SANS ALCOOL,7,7.0,35.0,7.0,5.0,H0373
Mercure Paris Montmartre Sacré-Cœur,2025,6,F_B,SANS ALCOOL,8,9.0,45.0,9.0,4.0,H0373
Mercure Paris Montmartre Sacré-Cœur,2025,6,F_B,SANS ALCOOL,9,7.0,35.0,7.0,3.0,H0373
Mercure Paris Montmartre Sacré-Cœur,2025,6,F_B,SANS ALCOOL,10,7.0,35.0,6.0,4.0,H0373
Mercure Paris Montmartre Sacré-Cœur,2025,6,F_B,SANS ALCOOL,11,3.0,25.0,2.0,2.0,H0373
Mercure Paris Montmartre Sacré-Cœur,2025,6,F_B,SANS ALCOOL,12,2.0,10.0,2.0,2.0,H0373
Mercure Paris Montmartre Sacré-Cœur,2025,6,F_B,SANS ALCOOL,13,8.0,90.0,4.0,4.0,H0373
Mercure Paris Montmartre Sacré-Cœur,2025,6,F_B,SANS ALCOOL,14,7.0,65.0,4.0,4.0,H0373
Mercure Paris Montmartre Sacré-Cœur,2025,6,F_B,SANS ALCOOL,15,9.0,55.0,8.0,6.0,H0373
Mercure Paris Montmartre Sacré-Cœur,2025,6,F_B,SANS ALCOOL,16,16.0,80.0,15.0,4.0,H0373
Mercure Paris Montmartre Sacré-Cœur,2025,6,F_B,SANS ALCOOL,17,11.0,65.0,9.0,5.0,H0373
Mercure Paris Montmartre Sacré-Cœur,2025,6,F_B,SANS ALCOOL,18,9.0,55.0,7.0,5.0,H0373
Mercure Paris Montmartre Sacré-Cœur,2025,6,F_B,SANS ALCOOL,19,11.0,125.0,6.0,5.0,H0373
Mercure Paris Montmartre Sacré-Cœur,2025,6,F_B,SANS ALCOOL,20,15.0,145.0,9.0,5.0,H0373
Mercure Paris Montmartre Sacré-Cœur,2025,6,F_B,SANS ALCOOL,21,22.0,140.0,18.0,7.0,H0373
Mercure Paris Montmartre Sacré-Cœur,2025,6,F_B,SANS ALCOOL,22,24.0,170.0,18.0,5.0,H0373
Mercure Paris Montmartre Sacré-Cœur,2025,6,F_B,SANS ALCOOL,23,29.0,235.0,20.0,6.0,H0373
Mercure Paris Montmartre Sacré-Cœur,2025,6,N_F_B,COSMETIQUE,0,1.0,12.0,1.0,1.0,H0373
Mercure Paris Montmartre Sacré-Cœur,2025,6,N_F_B,COSMETIQUE,1,2.0,25.0,1.0,2.0,H0373
Mercure Paris Montmartre Sacré-Cœur,2025,6,N_F_B,COSMETIQUE,12,1.0,12.0,1.0,1.0,H0373
Mercure Paris Montmartre Sacré-Cœur,2025,6,N_F_B,COSMETIQUE,16,2.0,48.0,1.0,1.0,H0373
Mercure Paris Montmartre Sacré-Cœur,2025,6,N_F_B,COSMETIQUE,18,1.0,12.0,1.0,1.0,H0373
Mercure Paris Montmartre Sacré-Cœur,2025,6,N_F_B,SOS,0,2.0,60.0,1.0,1.0,H0373
Mercure Paris Montmartre Sacré-Cœur,2025,6,N_F_B,SOS,13,1.0,15.0,1.0,1.0,H0373
Mercure Paris Montmartre Sacré-Cœur,2025,6,N_F_B,SOS,20,1.0,15.0,1.0,1.0,H0373
Mercure Paris Montmartre Sacré-Cœur,2025,7,F_B,ALCOOL,0,2.0,14.0,2.0,2.0,H0373
Mercure Paris Montmartre Sacré-Cœur,2025,7,F_B,ALCOOL,1,3.0,57.0,2.0,3.0,H0373
Mercure Paris Montmartre Sacré-Cœur,2025,7,F_B,ALCOOL,2,3.0,40.0,3.0,2.0,H0373
Mercure Paris Montmartre Sacré-Cœur,2025,7,F_B,ALCOOL,3,2.0,34.0,2.0,2.0,H0373
Mercure Paris Montmartre Sacré-Cœur,2025,7,F_B,ALCOOL,4,1.0,45.0,1.0,1.0,H0373
Mercure Paris Montmartre Sacré-Cœur,2025,7,F_B,ALCOOL,5,2.0,30.0,1.0,2.0,H0373
Mercure Paris Montmartre Sacré-Cœur,2025,7,F_B,ALCOOL,17,3.0,27.0,2.0,2.0,H0373
Mercure Paris Montmartre Sacré-Cœur,2025,7,F_B,ALCOOL,18,2.0,70.0,2.0,2.0,H0373
Mercure Paris Montmartre Sacré-Cœur,2025,7,F_B,ALCOOL,19,4.0,50.0,3.0,2.0,H0373
Mercure Paris Montmartre Sacré-Cœur,2025,7,F_B,ALCOOL,22,3.0,41.0,3.0,3.0,H0373
Mercure Paris Montmartre Sacré-Cœur,2025,7,F_B,ALCOOL,23,6.0,105.0,6.0,2.0,H0373
Mercure Paris Montmartre Sacré-Cœur,2025,7,F_B,FOOD SALEE,0,1.0,5.0,1.0,1.0,H0373
Mercure Paris Montmartre Sacré-Cœur,2025,7,F_B,FOOD SALEE,1,2.0,10.0,2.0,2.0,H0373
Mercure Paris Montmartre Sacré-Cœur,2025,7,F_B,FOOD SALEE,6,2.0,10.0,2.0,1.0,H0373
Mercure Paris Montmartre Sacré-Cœur,2025,7,F_B,FOOD SALEE,16,4.0,50.0,2.0,2.0,H0373
Mercure Paris Montmartre Sacré-Cœur,2025,7,F_B,FOOD SALEE,17,7.0,31.0,7.0,3.0,H0373
Mercure Paris Montmartre Sacré-Cœur,2025,7,F_B,FOOD SALEE,18,5.0,85.0,2.0,1.0,H0373
Mercure Paris Montmartre Sacré-Cœur,2025,7,F_B,FOOD SALEE,19,2.0,8.0,2.0,2.0,H0373
Mercure Paris Montmartre Sacré-Cœur,2025,7,F_B,FOOD SALEE,20,4.0,28.0,2.0,2.0,H0373
Mercure Paris Montmartre Sacré-Cœur,2025,7,F_B,FOOD SALEE,21,3.0,15.0,3.0,2.0,H0373
Mercure Paris Montmartre Sacré-Cœur,2025,7,F_B,FOOD SALEE,22,6.0,26.0,5.0,3.0,H0373
Mercure Paris Montmartre Sacré-Cœur,2025,7,F_B,FOOD SALEE,23,1.0,5.0,1.0,1.0,H0373
Mercure Paris Montmartre Sacré-Cœur,2025,7,F_B,FOOD SUCREE,0,14.0,75.0,7.0,4.0,H0373
Mercure Paris Montmartre Sacré-Cœur,2025,7,F_B,FOOD SUCREE,1,2.0,5.0,2.0,2.0,H0373
Mercure Paris Montmartre Sacré-Cœur,2025,7,F_B,FOOD SUCREE,3,1.0,2.0,1.0,1.0,H0373
Mercure Paris Montmartre Sacré-Cœur,2025,7,F_B,FOOD SUCREE,5,1.0,3.0,1.0,1.0,H0373
Mercure Paris Montmartre Sacré-Cœur,2025,7,F_B,FOOD SUCREE,6,1.0,3.0,1.0,1.0,H0373
Mercure Paris Montmartre Sacré-Cœur,2025,7,F_B,FOOD SUCREE,8,1.0,3.0,1.0,1.0,H0373
Mercure Paris Montmartre Sacré-Cœur,2025,7,F_B,FOOD SUCREE,11,1.0,2.0,1.0,1.0,H0373
Mercure Paris Montmartre Sacré-Cœur,2025,7,F_B,FOOD SUCREE,13,3.0,11.0,2.0,2.0,H0373
Mercure Paris Montmartre Sacré-Cœur,2025,7,F_B,FOOD SUCREE,16,2.0,6.0,2.0,2.0,H0373
Mercure Paris Montmartre Sacré-Cœur,2025,7,F_B,FOOD SUCREE,17,2.0,5.0,2.0,2.0,H0373
Mercure Paris Montmartre Sacré-Cœur,2025,7,F_B,FOOD SUCREE,18,6.0,38.0,3.0,2.0,H0373
Mercure Paris Montmartre Sacré-Cœur,2025,7,F_B,FOOD SUCREE,19,2.0,8.0,1.0,1.0,H0373
Mercure Paris Montmartre Sacré-Cœur,2025,7,F_B,FOOD SUCREE,20,3.0,9.0,3.0,2.0,H0373
Mercure Paris Montmartre Sacré-Cœur,2025,7,F_B,FOOD SUCREE,21,9.0,46.0,6.0,4.0,H0373
Mercure Paris Montmartre Sacré-Cœur,2025,7,F_B,FOOD SUCREE,22,9.0,28.0,7.0,3.0,H0373
Mercure Paris Montmartre Sacré-Cœur,2025,7,F_B,FOOD SUCREE,23,7.0,26.0,6.0,3.0,H0373
Mercure Paris Montmartre Sacré-Cœur,2025,7,F_B,SANS ALCOOL,0,21.0,121.0,16.0,7.0,H0373
Mercure Paris Montmartre Sacré-Cœur,2025,7,F_B,SANS ALCOOL,1,14.0,150.0,9.0,5.0,H0373
Mercure Paris Montmartre Sacré-Cœur,2025,7,F_B,SANS ALCOOL,2,10.0,64.0,6.0,6.0,H0373
Mercure Paris Montmartre Sacré-Cœur,2025,7,F_B,SANS ALCOOL,3,1.0,5.0,1.0,1.0,H0373
Mercure Paris Montmartre Sacré-Cœur,2025,7,F_B,SANS ALCOOL,4,2.0,10.0,2.0,1.0,H0373
Mercure Paris Montmartre Sacré-Cœur,2025,7,F_B,SANS ALCOOL,5,3.0,15.0,3.0,2.0,H0373
Mercure Paris Montmartre Sacré-Cœur,2025,7,F_B,SANS ALCOOL,6,3.0,25.0,2.0,1.0,H0373
Mercure Paris Montmartre Sacré-Cœur,2025,7,F_B,SANS ALCOOL,7,1.0,5.0,1.0,1.0,H0373
Mercure Paris Montmartre Sacré-Cœur,2025,7,F_B,SANS ALCOOL,8,9.0,37.0,8.0,3.0,H0373
Mercure Paris Montmartre Sacré-Cœur,2025,7,F_B,SANS ALCOOL,9,2.0,10.0,2.0,2.0,H0373
Mercure Paris Montmartre Sacré-Cœur,2025,7,F_B,SANS ALCOOL,11,5.0,21.0,4.0,4.0,H0373
Mercure Paris Montmartre Sacré-Cœur,2025,7,F_B,SANS ALCOOL,15,1.0,5.0,1.0,1.0,H0373
Mercure Paris Montmartre Sacré-Cœur,2025,7,F_B,SANS ALCOOL,16,7.0,41.0,6.0,4.0,H0373
Mercure Paris Montmartre Sacré-Cœur,2025,7,F_B,SANS ALCOOL,17,5.0,25.0,5.0,3.0,H0373
Mercure Paris Montmartre Sacré-Cœur,2025,7,F_B,SANS ALCOOL,18,8.0,80.0,5.0,3.0,H0373
Mercure Paris Montmartre Sacré-Cœur,2025,7,F_B,SANS ALCOOL,19,5.0,35.0,4.0,2.0,H0373
Mercure Paris Montmartre Sacré-Cœur,2025,7,F_B,SANS ALCOOL,20,9.0,65.0,6.0,4.0,H0373
Mercure Paris Montmartre Sacré-Cœur,2025,7,F_B,SANS ALCOOL,21,6.0,40.0,5.0,3.0,H0373
Mercure Paris Montmartre Sacré-Cœur,2025,7,F_B,SANS ALCOOL,22,18.0,106.0,16.0,6.0,H0373
Mercure Paris Montmartre Sacré-Cœur,2025,7,F_B,SANS ALCOOL,23,19.0,135.0,13.0,5.0,H0373
Mercure Paris Montmartre Sacré-Cœur,2025,7,N_F_B,COSMETIQUE,19,1.0,30.0,1.0,1.0,H0373
Mercure Paris Montmartre Sacré-Cœur,2025,7,N_F_B,COSMETIQUE,23,1.0,12.0,1.0,1.0,H0373
Mercure Paris Montmartre Sacré-Cœur,2025,7,N_F_B,SOS,22,1.0,15.0,1.0,1.0,H0373
Mercure Paris Montmartre Sacré-Cœur,2025,7,N_F_B,SOUVENIRS,0,2.0,44.0,2.0,1.0,H0373
Mercure Paris Montmartre Sacré-Cœur,2025,8,F_B,ALCOOL,0,1.0,25.0,1.0,1.0,H0373
Mercure Paris Montmartre Sacré-Cœur,2025,8,F_B,ALCOOL,3,4.0,54.0,2.0,2.0,H0373
Mercure Paris Montmartre Sacré-Cœur,2025,8,F_B,ALCOOL,4,1.0,80.0,1.0,1.0,H0373
Mercure Paris Montmartre Sacré-Cœur,2025,8,F_B,ALCOOL,14,2.0,28.0,1.0,1.0,H0373
Mercure Paris Montmartre Sacré-Cœur,2025,8,F_B,ALCOOL,17,6.0,108.0,4.0,3.0,H0373
Mercure Paris Montmartre Sacré-Cœur,2025,8,F_B,ALCOOL,18,1.0,30.0,1.0,1.0,H0373
Mercure Paris Montmartre Sacré-Cœur,2025,8,F_B,ALCOOL,19,1.0,5.0,1.0,1.0,H0373
Mercure Paris Montmartre Sacré-Cœur,2025,8,F_B,ALCOOL,21,4.0,26.0,3.0,2.0,H0373
Mercure Paris Montmartre Sacré-Cœur,2025,8,F_B,ALCOOL,22,6.0,85.0,5.0,3.0,H0373
Mercure Paris Montmartre Sacré-Cœur,2025,8,F_B,ALCOOL,23,7.0,101.0,6.0,4.0,H0373
Mercure Paris Montmartre Sacré-Cœur,2025,8,F_B,FOOD SALEE,0,3.0,15.0,2.0,1.0,H0373
Mercure Paris Montmartre Sacré-Cœur,2025,8,F_B,FOOD SALEE,13,3.0,25.0,2.0,1.0,H0373
Mercure Paris Montmartre Sacré-Cœur,2025,8,F_B,FOOD SALEE,14,3.0,13.0,2.0,2.0,H0373
Mercure Paris Montmartre Sacré-Cœur,2025,8,F_B,FOOD SALEE,15,1.0,5.0,1.0,1.0,H0373
Mercure Paris Montmartre Sacré-Cœur,2025,8,F_B,FOOD SALEE,16,2.0,8.0,2.0,2.0,H0373
Mercure Paris Montmartre Sacré-Cœur,2025,8,F_B,FOOD SALEE,17,5.0,23.0,5.0,2.0,H0373
Mercure Paris Montmartre Sacré-Cœur,2025,8,F_B,FOOD SALEE,19,4.0,18.0,4.0,2.0,H0373
Mercure Paris Montmartre Sacré-Cœur,2025,8,F_B,FOOD SALEE,21,2.0,10.0,2.0,1.0,H0373
Mercure Paris Montmartre Sacré-Cœur,2025,8,F_B,FOOD SALEE,22,3.0,13.0,3.0,2.0,H0373
Mercure Paris Montmartre Sacré-Cœur,2025,8,F_B,FOOD SALEE,23,1.0,5.0,1.0,1.0,H0373
Mercure Paris Montmartre Sacré-Cœur,2025,8,F_B,FOOD SUCREE,0,6.0,25.0,4.0,2.0,H0373
Mercure Paris Montmartre Sacré-Cœur,2025,8,F_B,FOOD SUCREE,1,3.0,7.0,3.0,2.0,H0373
Mercure Paris Montmartre Sacré-Cœur,2025,8,F_B,FOOD SUCREE,8,4.0,13.0,3.0,2.0,H0373
Mercure Paris Montmartre Sacré-Cœur,2025,8,F_B,FOOD SUCREE,10,1.0,3.0,1.0,1.0,H0373
Mercure Paris Montmartre Sacré-Cœur,2025,8,F_B,FOOD SUCREE,11,1.0,3.0,1.0,1.0,H0373
Mercure Paris Montmartre Sacré-Cœur,2025,8,F_B,FOOD SUCREE,14,4.0,12.0,3.0,3.0,H0373
Mercure Paris Montmartre Sacré-Cœur,2025,8,F_B,FOOD SUCREE,15,3.0,10.0,2.0,1.0,H0373
Mercure Paris Montmartre Sacré-Cœur,2025,8,F_B,FOOD SUCREE,16,4.0,20.0,2.0,1.0,H0373
Mercure Paris Montmartre Sacré-Cœur,2025,8,F_B,FOOD SUCREE,17,4.0,10.0,4.0,3.0,H0373
Mercure Paris Montmartre Sacré-Cœur,2025,8,F_B,FOOD SUCREE,19,3.0,10.0,2.0,1.0,H0373
Mercure Paris Montmartre Sacré-Cœur,2025,8,F_B,FOOD SUCREE,20,1.0,2.0,1.0,1.0,H0373
Mercure Paris Montmartre Sacré-Cœur,2025,8,F_B,FOOD SUCREE,21,4.0,11.0,3.0,3.0,H0373
Mercure Paris Montmartre Sacré-Cœur,2025,8,F_B,FOOD SUCREE,22,6.0,19.0,4.0,3.0,H0373
Mercure Paris Montmartre Sacré-Cœur,2025,8,F_B,FOOD SUCREE,23,9.0,40.0,5.0,3.0,H0373
Mercure Paris Montmartre Sacré-Cœur,2025,8,F_B,SANS ALCOOL,0,10.0,70.0,6.0,3.0,H0373
Mercure Paris Montmartre Sacré-Cœur,2025,8,F_B,SANS ALCOOL,1,2.0,10.0,1.0,2.0,H0373
Mercure Paris Montmartre Sacré-Cœur,2025,8,F_B,SANS ALCOOL,2,1.0,5.0,1.0,1.0,H0373
Mercure Paris Montmartre Sacré-Cœur,2025,8,F_B,SANS ALCOOL,6,1.0,5.0,1.0,1.0,H0373
Mercure Paris Montmartre Sacré-Cœur,2025,8,F_B,SANS ALCOOL,7,1.0,1.0,1.0,1.0,H0373
Mercure Paris Montmartre Sacré-Cœur,2025,8,F_B,SANS ALCOOL,8,1.0,5.0,1.0,1.0,H0373
Mercure Paris Montmartre Sacré-Cœur,2025,8,F_B,SANS ALCOOL,9,2.0,10.0,2.0,2.0,H0373
Mercure Paris Montmartre Sacré-Cœur,2025,8,F_B,SANS ALCOOL,10,5.0,21.0,4.0,3.0,H0373
Mercure Paris Montmartre Sacré-Cœur,2025,8,F_B,SANS ALCOOL,11,1.0,5.0,1.0,1.0,H0373
Mercure Paris Montmartre Sacré-Cœur,2025,8,F_B,SANS ALCOOL,12,2.0,6.0,2.0,2.0,H0373
Mercure Paris Montmartre Sacré-Cœur,2025,8,F_B,SANS ALCOOL,13,4.0,30.0,3.0,2.0,H0373
Mercure Paris Montmartre Sacré-Cœur,2025,8,F_B,SANS ALCOOL,15,8.0,50.0,4.0,3.0,H0373
Mercure Paris Montmartre Sacré-Cœur,2025,8,F_B,SANS ALCOOL,16,6.0,40.0,5.0,3.0,H0373
Mercure Paris Montmartre Sacré-Cœur,2025,8,F_B,SANS ALCOOL,17,11.0,215.0,4.0,1.0,H0373
Mercure Paris Montmartre Sacré-Cœur,2025,8,F_B,SANS ALCOOL,18,1.0,5.0,1.0,1.0,H0373
Mercure Paris Montmartre Sacré-Cœur,2025,8,F_B,SANS ALCOOL,19,3.0,9.0,2.0,2.0,H0373
Mercure Paris Montmartre Sacré-Cœur,2025,8,F_B,SANS ALCOOL,20,10.0,220.0,3.0,2.0,H0373
Mercure Paris Montmartre Sacré-Cœur,2025,8,F_B,SANS ALCOOL,21,6.0,26.0,6.0,4.0,H0373
Mercure Paris Montmartre Sacré-Cœur,2025,8,F_B,SANS ALCOOL,22,12.0,64.0,8.0,5.0,H0373
Mercure Paris Montmartre Sacré-Cœur,2025,8,F_B,SANS ALCOOL,23,11.0,61.0,10.0,4.0,H0373
Mercure Paris Montmartre Sacré-Cœur,2025,8,N_F_B,COSMETIQUE,9,1.0,12.0,1.0,1.0,H0373
Mercure Paris Montmartre Sacré-Cœur,2025,8,N_F_B,SOS,13,1.0,15.0,1.0,1.0,H0373
Mercure Paris Montmartre Sacré-Cœur,2025,8,N_F_B,SOUVENIRS,9,1.0,42.0,1.0,1.0,H0373
Mercure Paris Montmartre Sacré-Cœur,2025,9,F_B,ALCOOL,0,6.0,190.0,4.0,3.0,H0373
Mercure Paris Montmartre Sacré-Cœur,2025,9,F_B,ALCOOL,1,2.0,35.0,2.0,2.0,H0373
Mercure Paris Montmartre Sacré-Cœur,2025,9,F_B,ALCOOL,2,1.0,7.0,1.0,1.0,H0373
Mercure Paris Montmartre Sacré-Cœur,2025,9,F_B,ALCOOL,3,2.0,120.0,1.0,1.0,H0373
Mercure Paris Montmartre Sacré-Cœur,2025,9,F_B,ALCOOL,15,3.0,45.0,2.0,2.0,H0373
Mercure Paris Montmartre Sacré-Cœur,2025,9,F_B,ALCOOL,16,4.0,55.0,3.0,2.0,H0373
Mercure Paris Montmartre Sacré-Cœur,2025,9,F_B,ALCOOL,17,8.0,172.0,4.0,3.0,H0373
Mercure Paris Montmartre Sacré-Cœur,2025,9,F_B,ALCOOL,18,4.0,70.0,4.0,2.0,H0373
Mercure Paris Montmartre Sacré-Cœur,2025,9,F_B,ALCOOL,19,3.0,60.0,2.0,3.0,H0373
Mercure Paris Montmartre Sacré-Cœur,2025,9,F_B,ALCOOL,20,11.0,190.0,7.0,3.0,H0373
Mercure Paris Montmartre Sacré-Cœur,2025,9,F_B,ALCOOL,21,3.0,45.0,2.0,2.0,H0373
Mercure Paris Montmartre Sacré-Cœur,2025,9,F_B,ALCOOL,22,9.0,182.0,8.0,4.0,H0373
Mercure Paris Montmartre Sacré-Cœur,2025,9,F_B,ALCOOL,23,13.0,240.0,9.0,5.0,H0373
Mercure Paris Montmartre Sacré-Cœur,2025,9,F_B,FOOD SALEE,0,4.0,22.0,3.0,2.0,H0373
Mercure Paris Montmartre Sacré-Cœur,2025,9,F_B,FOOD SALEE,1,8.0,36.0,8.0,2.0,H0373
Mercure Paris Montmartre Sacré-Cœur,2025,9,F_B,FOOD SALEE,2,1.0,5.0,1.0,1.0,H0373
Mercure Paris Montmartre Sacré-Cœur,2025,9,F_B,FOOD SALEE,4,2.0,8.0,2.0,2.0,H0373
Mercure Paris Montmartre Sacré-Cœur,2025,9,F_B,FOOD SALEE,5,1.0,5.0,1.0,1.0,H0373
Mercure Paris Montmartre Sacré-Cœur,2025,9,F_B,FOOD SALEE,9,2.0,8.0,1.0,2.0,H0373
Mercure Paris Montmartre Sacré-Cœur,2025,9,F_B,FOOD SALEE,13,2.0,12.0,1.0,1.0,H0373
Mercure Paris Montmartre Sacré-Cœur,2025,9,F_B,FOOD SALEE,14,2.0,8.0,2.0,2.0,H0373
Mercure Paris Montmartre Sacré-Cœur,2025,9,F_B,FOOD SALEE,15,2.0,10.0,2.0,1.0,H0373
Mercure Paris Montmartre Sacré-Cœur,2025,9,F_B,FOOD SALEE,16,3.0,13.0,3.0,2.0,H0373
Mercure Paris Montmartre Sacré-Cœur,2025,9,F_B,FOOD SALEE,17,2.0,10.0,2.0,1.0,H0373
Mercure Paris Montmartre Sacré-Cœur,2025,9,F_B,FOOD SALEE,18,1.0,3.0,1.0,1.0,H0373
Mercure Paris Montmartre Sacré-Cœur,2025,9,F_B,FOOD SALEE,19,2.0,8.0,2.0,2.0,H0373
Mercure Paris Montmartre Sacré-Cœur,2025,9,F_B,FOOD SALEE,20,4.0,16.0,3.0,2.0,H0373
Mercure Paris Montmartre Sacré-Cœur,2025,9,F_B,FOOD SALEE,21,4.0,16.0,4.0,2.0,H0373
Mercure Paris Montmartre Sacré-Cœur,2025,9,F_B,FOOD SALEE,22,4.0,18.0,4.0,2.0,H0373
Mercure Paris Montmartre Sacré-Cœur,2025,9,F_B,FOOD SALEE,23,8.0,36.0,8.0,2.0,H0373
Mercure Paris Montmartre Sacré-Cœur,2025,9,F_B,FOOD SUCREE,0,15.0,65.0,6.0,3.0,H0373
Mercure Paris Montmartre Sacré-Cœur,2025,9,F_B,FOOD SUCREE,1,13.0,41.0,9.0,2.0,H0373
Mercure Paris Montmartre Sacré-Cœur,2025,9,F_B,FOOD SUCREE,2,1.0,3.0,1.0,1.0,H0373
Mercure Paris Montmartre Sacré-Cœur,2025,9,F_B,FOOD SUCREE,3,1.0,3.0,1.0,1.0,H0373
Mercure Paris Montmartre Sacré-Cœur,2025,9,F_B,FOOD SUCREE,4,1.0,3.0,1.0,1.0,H0373
Mercure Paris Montmartre Sacré-Cœur,2025,9,F_B,FOOD SUCREE,5,2.0,5.0,2.0,2.0,H0373
Mercure Paris Montmartre Sacré-Cœur,2025,9,F_B,FOOD SUCREE,7,1.0,3.0,1.0,1.0,H0373
Mercure Paris Montmartre Sacré-Cœur,2025,9,F_B,FOOD SUCREE,8,5.0,23.0,2.0,2.0,H0373
Mercure Paris Montmartre Sacré-Cœur,2025,9,F_B,FOOD SUCREE,9,1.0,3.0,1.0,1.0,H0373
Mercure Paris Montmartre Sacré-Cœur,2025,9,F_B,FOOD SUCREE,10,3.0,9.0,3.0,2.0,H0373
Mercure Paris Montmartre Sacré-Cœur,2025,9,F_B,FOOD SUCREE,12,1.0,2.0,1.0,1.0,H0373
Mercure Paris Montmartre Sacré-Cœur,2025,9,F_B,FOOD SUCREE,13,4.0,12.0,3.0,1.0,H0373
Mercure Paris Montmartre Sacré-Cœur,2025,9,F_B,FOOD SUCREE,14,7.0,18.0,6.0,1.0,H0373
Mercure Paris Montmartre Sacré-Cœur,2025,9,F_B,FOOD SUCREE,15,6.0,17.0,5.0,2.0,H0373
Mercure Paris Montmartre Sacré-Cœur,2025,9,F_B,FOOD SUCREE,16,3.0,8.0,3.0,3.0,H0373
Mercure Paris Montmartre Sacré-Cœur,2025,9,F_B,FOOD SUCREE,17,4.0,8.0,4.0,1.0,H0373
Mercure Paris Montmartre Sacré-Cœur,2025,9,F_B,FOOD SUCREE,18,5.0,11.0,5.0,2.0,H0373
Mercure Paris Montmartre Sacré-Cœur,2025,9,F_B,FOOD SUCREE,19,1.0,3.0,1.0,1.0,H0373
Mercure Paris Montmartre Sacré-Cœur,2025,9,F_B,FOOD SUCREE,20,12.0,75.0,6.0,3.0,H0373
Mercure Paris Montmartre Sacré-Cœur,2025,9,F_B,FOOD SUCREE,21,11.0,75.0,4.0,2.0,H0373
Mercure Paris Montmartre Sacré-Cœur,2025,9,F_B,FOOD SUCREE,22,18.0,59.0,11.0,2.0,H0373
Mercure Paris Montmartre Sacré-Cœur,2025,9,F_B,FOOD SUCREE,23,14.0,50.0,9.0,2.0,H0373
Mercure Paris Montmartre Sacré-Cœur,2025,9,F_B,SANS ALCOOL,0,16.0,130.0,11.0,4.0,H0373
Mercure Paris Montmartre Sacré-Cœur,2025,9,F_B,SANS ALCOOL,1,21.0,175.0,14.0,4.0,H0373
Mercure Paris Montmartre Sacré-Cœur,2025,9,F_B,SANS ALCOOL,2,5.0,35.0,4.0,3.0,H0373
Mercure Paris Montmartre Sacré-Cœur,2025,9,F_B,SANS ALCOOL,3,8.0,140.0,4.0,3.0,H0373
Mercure Paris Montmartre Sacré-Cœur,2025,9,F_B,SANS ALCOOL,4,5.0,25.0,5.0,2.0,H0373
Mercure Paris Montmartre Sacré-Cœur,2025,9,F_B,SANS ALCOOL,5,4.0,20.0,4.0,2.0,H0373
Mercure Paris Montmartre Sacré-Cœur,2025,9,F_B,SANS ALCOOL,6,2.0,10.0,1.0,2.0,H0373
Mercure Paris Montmartre Sacré-Cœur,2025,9,F_B,SANS ALCOOL,7,5.0,25.0,5.0,3.0,H0373
Mercure Paris Montmartre Sacré-Cœur,2025,9,F_B,SANS ALCOOL,8,7.0,45.0,6.0,2.0,H0373
Mercure Paris Montmartre Sacré-Cœur,2025,9,F_B,SANS ALCOOL,9,4.0,20.0,4.0,2.0,H0373
Mercure Paris Montmartre Sacré-Cœur,2025,9,F_B,SANS ALCOOL,10,7.0,55.0,5.0,3.0,H0373
Mercure Paris Montmartre Sacré-Cœur,2025,9,F_B,SANS ALCOOL,11,7.0,35.0,7.0,4.0,H0373
Mercure Paris Montmartre Sacré-Cœur,2025,9,F_B,SANS ALCOOL,12,7.0,45.0,6.0,4.0,H0373
Mercure Paris Montmartre Sacré-Cœur,2025,9,F_B,SANS ALCOOL,13,2.0,10.0,2.0,2.0,H0373
Mercure Paris Montmartre Sacré-Cœur,2025,9,F_B,SANS ALCOOL,14,8.0,60.0,6.0,4.0,H0373
Mercure Paris Montmartre Sacré-Cœur,2025,9,F_B,SANS ALCOOL,15,9.0,75.0,7.0,3.0,H0373
Mercure Paris Montmartre Sacré-Cœur,2025,9,F_B,SANS ALCOOL,16,14.0,90.0,11.0,4.0,H0373
Mercure Paris Montmartre Sacré-Cœur,2025,9,F_B,SANS ALCOOL,17,15.0,95.0,12.0,4.0,H0373
Mercure Paris Montmartre Sacré-Cœur,2025,9,F_B,SANS ALCOOL,18,15.0,95.0,13.0,4.0,H0373
Mercure Paris Montmartre Sacré-Cœur,2025,9,F_B,SANS ALCOOL,19,4.0,30.0,3.0,3.0,H0373
Mercure Paris Montmartre Sacré-Cœur,2025,9,F_B,SANS ALCOOL,20,11.0,75.0,8.0,2.0,H0373
Mercure Paris Montmartre Sacré-Cœur,2025,9,F_B,SANS ALCOOL,21,7.0,35.0,7.0,4.0,H0373
Mercure Paris Montmartre Sacré-Cœur,2025,9,F_B,SANS ALCOOL,22,23.0,205.0,14.0,4.0,H0373
Mercure Paris Montmartre Sacré-Cœur,2025,9,F_B,SANS ALCOOL,23,41.0,251.0,30.0,5.0,H0373
Mercure Paris Montmartre Sacré-Cœur,2025,9,N_F_B,COSMETIQUE,5,1.0,30.0,1.0,1.0,H0373
Mercure Paris Montmartre Sacré-Cœur,2025,9,N_F_B,SOS,5,1.0,15.0,1.0,1.0,H0373
Mercure Paris Montmartre Sacré-Cœur,2025,9,N_F_B,SOS,17,1.0,15.0,1.0,1.0,H0373
Mercure Paris Montmartre Sacré-Cœur,2025,9,N_F_B,SOUVENIRS,10,1.0,42.0,1.0,1.0,H0373
Mercure Paris Montmartre Sacré-Cœur,2025,10,F_B,ALCOOL,0,7.0,150.0,5.0,3.0,H0373
Mercure Paris Montmartre Sacré-Cœur,2025,10,F_B,ALCOOL,1,5.0,52.0,4.0,3.0,H0373
Mercure Paris Montmartre Sacré-Cœur,2025,10,F_B,ALCOOL,4,1.0,5.0,1.0,1.0,H0373
Mercure Paris Montmartre Sacré-Cœur,2025,10,F_B,ALCOOL,5,1.0,25.0,1.0,1.0,H0373
Mercure Paris Montmartre Sacré-Cœur,2025,10,F_B,ALCOOL,7,1.0,30.0,1.0,1.0,H0373
Mercure Paris Montmartre Sacré-Cœur,2025,10,F_B,ALCOOL,8,1.0,25.0,1.0,1.0,H0373
Mercure Paris Montmartre Sacré-Cœur,2025,10,F_B,ALCOOL,10,2.0,35.0,2.0,2.0,H0373
Mercure Paris Montmartre Sacré-Cœur,2025,10,F_B,ALCOOL,11,1.0,5.0,1.0,1.0,H0373
Mercure Paris Montmartre Sacré-Cœur,2025,10,F_B,ALCOOL,13,3.0,25.0,2.0,1.0,H0373
Mercure Paris Montmartre Sacré-Cœur,2025,10,F_B,ALCOOL,14,2.0,14.0,2.0,1.0,H0373
Mercure Paris Montmartre Sacré-Cœur,2025,10,F_B,ALCOOL,15,3.0,37.0,3.0,3.0,H0373
Mercure Paris Montmartre Sacré-Cœur,2025,10,F_B,ALCOOL,16,3.0,57.0,3.0,2.0,H0373
Mercure Paris Montmartre Sacré-Cœur,2025,10,F_B,ALCOOL,17,4.0,49.0,4.0,3.0,H0373
Mercure Paris Montmartre Sacré-Cœur,2025,10,F_B,ALCOOL,18,5.0,87.0,5.0,3.0,H0373
Mercure Paris Montmartre Sacré-Cœur,2025,10,F_B,ALCOOL,19,6.0,70.0,3.0,1.0,H0373
Mercure Paris Montmartre Sacré-Cœur,2025,10,F_B,ALCOOL,20,12.0,172.0,7.0,3.0,H0373
Mercure Paris Montmartre Sacré-Cœur,2025,10,F_B,ALCOOL,21,11.0,130.0,6.0,3.0,H0373
Mercure Paris Montmartre Sacré-Cœur,2025,10,F_B,ALCOOL,22,19.0,249.0,13.0,4.0,H0373
Mercure Paris Montmartre Sacré-Cœur,2025,10,F_B,ALCOOL,23,15.0,227.0,12.0,3.0,H0373
Mercure Paris Montmartre Sacré-Cœur,2025,10,F_B,FOOD SALEE,0,2.0,8.0,2.0,2.0,H0373
Mercure Paris Montmartre Sacré-Cœur,2025,10,F_B,FOOD SALEE,1,2.0,10.0,2.0,2.0,H0373
Mercure Paris Montmartre Sacré-Cœur,2025,10,F_B,FOOD SALEE,2,2.0,12.0,1.0,1.0,H0373
Mercure Paris Montmartre Sacré-Cœur,2025,10,F_B,FOOD SALEE,3,3.0,13.0,3.0,3.0,H0373
Mercure Paris Montmartre Sacré-Cœur,2025,10,F_B,FOOD SALEE,7,1.0,5.0,1.0,1.0,H0373
Mercure Paris Montmartre Sacré-Cœur,2025,10,F_B,FOOD SALEE,9,1.0,3.0,1.0,1.0,H0373
Mercure Paris Montmartre Sacré-Cœur,2025,10,F_B,FOOD SALEE,12,1.0,5.0,1.0,1.0,H0373
Mercure Paris Montmartre Sacré-Cœur,2025,10,F_B,FOOD SALEE,14,1.0,5.0,1.0,1.0,H0373
Mercure Paris Montmartre Sacré-Cœur,2025,10,F_B,FOOD SALEE,15,2.0,10.0,2.0,1.0,H0373
Mercure Paris Montmartre Sacré-Cœur,2025,10,F_B,FOOD SALEE,16,4.0,32.0,2.0,2.0,H0373
Mercure Paris Montmartre Sacré-Cœur,2025,10,F_B,FOOD SALEE,17,1.0,5.0,1.0,1.0,H0373
Mercure Paris Montmartre Sacré-Cœur,2025,10,F_B,FOOD SALEE,18,6.0,30.0,6.0,2.0,H0373
Mercure Paris Montmartre Sacré-Cœur,2025,10,F_B,FOOD SALEE,19,2.0,10.0,2.0,1.0,H0373
Mercure Paris Montmartre Sacré-Cœur,2025,10,F_B,FOOD SALEE,20,1.0,5.0,1.0,1.0,H0373
Mercure Paris Montmartre Sacré-Cœur,2025,10,F_B,FOOD SALEE,21,1.0,5.0,1.0,1.0,H0373
Mercure Paris Montmartre Sacré-Cœur,2025,10,F_B,FOOD SALEE,22,6.0,36.0,5.0,3.0,H0373
Mercure Paris Montmartre Sacré-Cœur,2025,10,F_B,FOOD SALEE,23,4.0,20.0,4.0,2.0,H0373
Mercure Paris Montmartre Sacré-Cœur,2025,10,F_B,FOOD SUCREE,0,9.0,43.0,5.0,2.0,H0373
Mercure Paris Montmartre Sacré-Cœur,2025,10,F_B,FOOD SUCREE,1,3.0,8.0,3.0,3.0,H0373
Mercure Paris Montmartre Sacré-Cœur,2025,10,F_B,FOOD SUCREE,2,1.0,2.0,1.0,1.0,H0373
Mercure Paris Montmartre Sacré-Cœur,2025,10,F_B,FOOD SUCREE,3,3.0,10.0,2.0,1.0,H0373
Mercure Paris Montmartre Sacré-Cœur,2025,10,F_B,FOOD SUCREE,4,3.0,10.0,2.0,1.0,H0373
Mercure Paris Montmartre Sacré-Cœur,2025,10,F_B,FOOD SUCREE,6,2.0,5.0,2.0,2.0,H0373
Mercure Paris Montmartre Sacré-Cœur,2025,10,F_B,FOOD SUCREE,7,5.0,16.0,4.0,2.0,H0373
Mercure Paris Montmartre Sacré-Cœur,2025,10,F_B,FOOD SUCREE,8,1.0,2.0,1.0,1.0,H0373
Mercure Paris Montmartre Sacré-Cœur,2025,10,F_B,FOOD SUCREE,9,1.0,2.0,1.0,1.0,H0373
Mercure Paris Montmartre Sacré-Cœur,2025,10,F_B,FOOD SUCREE,10,2.0,5.0,2.0,2.0,H0373
Mercure Paris Montmartre Sacré-Cœur,2025,10,F_B,FOOD SUCREE,13,1.0,2.0,1.0,1.0,H0373
Mercure Paris Montmartre Sacré-Cœur,2025,10,F_B,FOOD SUCREE,14,1.0,3.0,1.0,1.0,H0373
Mercure Paris Montmartre Sacré-Cœur,2025,10,F_B,FOOD SUCREE,15,3.0,7.0,3.0,2.0,H0373
Mercure Paris Montmartre Sacré-Cœur,2025,10,F_B,FOOD SUCREE,16,3.0,10.0,2.0,1.0,H0373
Mercure Paris Montmartre Sacré-Cœur,2025,10,F_B,FOOD SUCREE,17,7.0,26.0,5.0,1.0,H0373
Mercure Paris Montmartre Sacré-Cœur,2025,10,F_B,FOOD SUCREE,18,3.0,6.0,3.0,1.0,H0373
Mercure Paris Montmartre Sacré-Cœur,2025,10,F_B,FOOD SUCREE,19,5.0,15.0,4.0,2.0,H0373
Mercure Paris Montmartre Sacré-Cœur,2025,10,F_B,FOOD SUCREE,20,8.0,19.0,6.0,3.0,H0373
Mercure Paris Montmartre Sacré-Cœur,2025,10,F_B,FOOD SUCREE,21,16.0,75.0,10.0,3.0,H0373
Mercure Paris Montmartre Sacré-Cœur,2025,10,F_B,FOOD SUCREE,22,13.0,37.0,11.0,4.0,H0373
Mercure Paris Montmartre Sacré-Cœur,2025,10,F_B,FOOD SUCREE,23,7.0,28.0,4.0,3.0,H0373
Mercure Paris Montmartre Sacré-Cœur,2025,10,F_B,SANS ALCOOL,0,37.0,285.0,22.0,4.0,H0373
Mercure Paris Montmartre Sacré-Cœur,2025,10,F_B,SANS ALCOOL,1,18.0,140.0,9.0,4.0,H0373
Mercure Paris Montmartre Sacré-Cœur,2025,10,F_B,SANS ALCOOL,2,7.0,65.0,3.0,2.0,H0373
Mercure Paris Montmartre Sacré-Cœur,2025,10,F_B,SANS ALCOOL,4,4.0,30.0,3.0,3.0,H0373
Mercure Paris Montmartre Sacré-Cœur,2025,10,F_B,SANS ALCOOL,5,1.0,5.0,1.0,1.0,H0373
Mercure Paris Montmartre Sacré-Cœur,2025,10,F_B,SANS ALCOOL,6,3.0,15.0,3.0,2.0,H0373
Mercure Paris Montmartre Sacré-Cœur,2025,10,F_B,SANS ALCOOL,7,16.0,80.0,16.0,4.0,H0373
Mercure Paris Montmartre Sacré-Cœur,2025,10,F_B,SANS ALCOOL,8,13.0,95.0,10.0,2.0,H0373
Mercure Paris Montmartre Sacré-Cœur,2025,10,F_B,SANS ALCOOL,9,8.0,50.0,7.0,3.0,H0373
Mercure Paris Montmartre Sacré-Cœur,2025,10,F_B,SANS ALCOOL,10,6.0,50.0,4.0,2.0,H0373
Mercure Paris Montmartre Sacré-Cœur,2025,10,F_B,SANS ALCOOL,11,7.0,35.0,7.0,3.0,H0373
Mercure Paris Montmartre Sacré-Cœur,2025,10,F_B,SANS ALCOOL,12,3.0,15.0,3.0,2.0,H0373
Mercure Paris Montmartre Sacré-Cœur,2025,10,F_B,SANS ALCOOL,13,4.0,20.0,4.0,3.0,H0373
Mercure Paris Montmartre Sacré-Cœur,2025,10,F_B,SANS ALCOOL,14,15.0,135.0,8.0,4.0,H0373
Mercure Paris Montmartre Sacré-Cœur,2025,10,F_B,SANS ALCOOL,15,3.0,15.0,3.0,3.0,H0373
Mercure Paris Montmartre Sacré-Cœur,2025,10,F_B,SANS ALCOOL,16,16.0,100.0,13.0,4.0,H0373
Mercure Paris Montmartre Sacré-Cœur,2025,10,F_B,SANS ALCOOL,17,18.0,150.0,14.0,4.0,H0373
Mercure Paris Montmartre Sacré-Cœur,2025,10,F_B,SANS ALCOOL,18,20.0,170.0,13.0,4.0,H0373
Mercure Paris Montmartre Sacré-Cœur,2025,10,F_B,SANS ALCOOL,19,16.0,100.0,14.0,4.0,H0373
Mercure Paris Montmartre Sacré-Cœur,2025,10,F_B,SANS ALCOOL,20,19.0,135.0,15.0,4.0,H0373
Mercure Paris Montmartre Sacré-Cœur,2025,10,F_B,SANS ALCOOL,21,37.0,305.0,25.0,4.0,H0373
Mercure Paris Montmartre Sacré-Cœur,2025,10,F_B,SANS ALCOOL,22,34.0,240.0,26.0,4.0,H0373
Mercure Paris Montmartre Sacré-Cœur,2025,10,F_B,SANS ALCOOL,23,39.0,285.0,27.0,4.0,H0373
Mercure Paris Montmartre Sacré-Cœur,2025,10,N_F_B,COSMETIQUE,2,2.0,38.8,1.0,2.0,H0373
Mercure Paris Montmartre Sacré-Cœur,2025,10,N_F_B,COSMETIQUE,10,1.0,12.0,1.0,1.0,H0373
Mercure Paris Montmartre Sacré-Cœur,2025,10,N_F_B,COSMETIQUE,15,1.0,12.0,1.0,1.0,H0373
Mercure Paris Montmartre Sacré-Cœur,2025,10,N_F_B,COSMETIQUE,20,1.0,7.9,1.0,1.0,H0373
Mercure Paris Montmartre Sacré-Cœur,2025,10,N_F_B,SOS,10,1.0,13.9,1.0,1.0,H0373
Mercure Paris Montmartre Sacré-Cœur,2025,10,N_F_B,SOS,16,1.0,13.9,1.0,1.0,H0373
Mercure Paris Montmartre Sacré-Cœur,2025,11,F_B,ALCOOL,0,5.0,27.0,5.0,2.0,H0373
Mercure Paris Montmartre Sacré-Cœur,2025,11,F_B,ALCOOL,1,5.0,55.0,3.0,2.0,H0373
Mercure Paris Montmartre Sacré-Cœur,2025,11,F_B,ALCOOL,4,2.0,28.0,1.0,1.0,H0373
Mercure Paris Montmartre Sacré-Cœur,2025,11,F_B,ALCOOL,9,1.0,30.0,1.0,1.0,H0373
Mercure Paris Montmartre Sacré-Cœur,2025,11,F_B,ALCOOL,14,1.0,25.0,1.0,1.0,H0373
Mercure Paris Montmartre Sacré-Cœur,2025,11,F_B,ALCOOL,15,3.0,53.0,2.0,2.0,H0373
Mercure Paris Montmartre Sacré-Cœur,2025,11,F_B,ALCOOL,16,1.0,25.0,1.0,1.0,H0373
Mercure Paris Montmartre Sacré-Cœur,2025,11,F_B,ALCOOL,17,8.0,173.0,7.0,4.0,H0373
Mercure Paris Montmartre Sacré-Cœur,2025,11,F_B,ALCOOL,18,1.0,30.0,1.0,1.0,H0373
Mercure Paris Montmartre Sacré-Cœur,2025,11,F_B,ALCOOL,19,7.0,100.0,5.0,3.0,H0373
Mercure Paris Montmartre Sacré-Cœur,2025,11,F_B,ALCOOL,20,4.0,85.0,3.0,3.0,H0373
Mercure Paris Montmartre Sacré-Cœur,2025,11,F_B,ALCOOL,21,4.0,130.0,3.0,2.0,H0373
Mercure Paris Montmartre Sacré-Cœur,2025,11,F_B,ALCOOL,22,10.0,195.0,9.0,3.0,H0373
Mercure Paris Montmartre Sacré-Cœur,2025,11,F_B,ALCOOL,23,13.0,236.0,12.0,4.0,H0373
Mercure Paris Montmartre Sacré-Cœur,2025,11,F_B,FOOD SALEE,0,4.0,28.0,3.0,3.0,H0373
Mercure Paris Montmartre Sacré-Cœur,2025,11,F_B,FOOD SALEE,1,2.0,20.0,1.0,1.0,H0373
Mercure Paris Montmartre Sacré-Cœur,2025,11,F_B,FOOD SALEE,3,3.0,25.0,1.0,2.0,H0373
Mercure Paris Montmartre Sacré-Cœur,2025,11,F_B,FOOD SALEE,4,1.0,5.0,1.0,1.0,H0373
Mercure Paris Montmartre Sacré-Cœur,2025,11,F_B,FOOD SALEE,5,1.0,5.0,1.0,1.0,H0373
Mercure Paris Montmartre Sacré-Cœur,2025,11,F_B,FOOD SALEE,11,2.0,8.0,1.0,2.0,H0373
Mercure Paris Montmartre Sacré-Cœur,2025,11,F_B,FOOD SALEE,15,1.0,5.0,1.0,1.0,H0373
Mercure Paris Montmartre Sacré-Cœur,2025,11,F_B,FOOD SALEE,16,1.0,5.0,1.0,1.0,H0373
Mercure Paris Montmartre Sacré-Cœur,2025,11,F_B,FOOD SALEE,18,4.0,16.0,4.0,2.0,H0373
Mercure Paris Montmartre Sacré-Cœur,2025,11,F_B,FOOD SALEE,19,3.0,13.0,2.0,3.0,H0373
Mercure Paris Montmartre Sacré-Cœur,2025,11,F_B,FOOD SALEE,20,3.0,15.0,3.0,2.0,H0373
Mercure Paris Montmartre Sacré-Cœur,2025,11,F_B,FOOD SALEE,22,5.0,21.0,5.0,2.0,H0373
Mercure Paris Montmartre Sacré-Cœur,2025,11,F_B,FOOD SALEE,23,8.0,36.0,7.0,4.0,H0373
Mercure Paris Montmartre Sacré-Cœur,2025,11,F_B,FOOD SUCREE,0,12.0,34.0,8.0,3.0,H0373
Mercure Paris Montmartre Sacré-Cœur,2025,11,F_B,FOOD SUCREE,1,4.0,13.0,2.0,2.0,H0373
Mercure Paris Montmartre Sacré-Cœur,2025,11,F_B,FOOD SUCREE,2,1.0,2.0,1.0,1.0,H0373
Mercure Paris Montmartre Sacré-Cœur,2025,11,F_B,FOOD SUCREE,3,5.0,18.0,3.0,1.0,H0373
Mercure Paris Montmartre Sacré-Cœur,2025,11,F_B,FOOD SUCREE,4,1.0,3.0,1.0,1.0,H0373
Mercure Paris Montmartre Sacré-Cœur,2025,11,F_B,FOOD SUCREE,5,4.0,13.0,2.0,2.0,H0373
Mercure Paris Montmartre Sacré-Cœur,2025,11,F_B,FOOD SUCREE,6,2.0,4.0,2.0,1.0,H0373
Mercure Paris Montmartre Sacré-Cœur,2025,11,F_B,FOOD SUCREE,12,2.0,6.0,2.0,2.0,H0373
Mercure Paris Montmartre Sacré-Cœur,2025,11,F_B,FOOD SUCREE,14,1.0,3.0,1.0,1.0,H0373
Mercure Paris Montmartre Sacré-Cœur,2025,11,F_B,FOOD SUCREE,15,3.0,18.0,1.0,1.0,H0373
Mercure Paris Montmartre Sacré-Cœur,2025,11,F_B,FOOD SUCREE,16,3.0,14.0,2.0,2.0,H0373
Mercure Paris Montmartre Sacré-Cœur,2025,11,F_B,FOOD SUCREE,17,6.0,16.0,5.0,1.0,H0373
Mercure Paris Montmartre Sacré-Cœur,2025,11,F_B,FOOD SUCREE,18,3.0,7.0,3.0,2.0,H0373
Mercure Paris Montmartre Sacré-Cœur,2025,11,F_B,FOOD SUCREE,19,7.0,23.0,5.0,2.0,H0373
Mercure Paris Montmartre Sacré-Cœur,2025,11,F_B,FOOD SUCREE,20,8.0,30.0,5.0,2.0,H0373
Mercure Paris Montmartre Sacré-Cœur,2025,11,F_B,FOOD SUCREE,21,5.0,26.0,2.0,1.0,H0373
Mercure Paris Montmartre Sacré-Cœur,2025,11,F_B,FOOD SUCREE,22,17.0,66.0,13.0,4.0,H0373
Mercure Paris Montmartre Sacré-Cœur,2025,11,F_B,FOOD SUCREE,23,21.0,88.0,13.0,2.0,H0373
Mercure Paris Montmartre Sacré-Cœur,2025,11,F_B,SANS ALCOOL,0,27.0,245.0,15.0,4.0,H0373
Mercure Paris Montmartre Sacré-Cœur,2025,11,F_B,SANS ALCOOL,1,14.0,130.0,9.0,4.0,H0373
Mercure Paris Montmartre Sacré-Cœur,2025,11,F_B,SANS ALCOOL,2,3.0,25.0,2.0,2.0,H0373
Mercure Paris Montmartre Sacré-Cœur,2025,11,F_B,SANS ALCOOL,3,5.0,85.0,2.0,2.0,H0373
Mercure Paris Montmartre Sacré-Cœur,2025,11,F_B,SANS ALCOOL,5,2.0,20.0,1.0,1.0,H0373
Mercure Paris Montmartre Sacré-Cœur,2025,11,F_B,SANS ALCOOL,6,1.0,5.0,1.0,1.0,H0373
Mercure Paris Montmartre Sacré-Cœur,2025,11,F_B,SANS ALCOOL,7,6.0,40.0,5.0,2.0,H0373
Mercure Paris Montmartre Sacré-Cœur,2025,11,F_B,SANS ALCOOL,8,5.0,45.0,3.0,2.0,H0373
Mercure Paris Montmartre Sacré-Cœur,2025,11,F_B,SANS ALCOOL,10,3.0,15.0,3.0,2.0,H0373
Mercure Paris Montmartre Sacré-Cœur,2025,11,F_B,SANS ALCOOL,11,5.0,35.0,4.0,2.0,H0373
Mercure Paris Montmartre Sacré-Cœur,2025,11,F_B,SANS ALCOOL,13,3.0,15.0,3.0,2.0,H0373
Mercure Paris Montmartre Sacré-Cœur,2025,11,F_B,SANS ALCOOL,14,4.0,30.0,3.0,3.0,H0373
Mercure Paris Montmartre Sacré-Cœur,2025,11,F_B,SANS ALCOOL,15,1.0,5.0,1.0,1.0,H0373
Mercure Paris Montmartre Sacré-Cœur,2025,11,F_B,SANS ALCOOL,16,6.0,40.0,5.0,3.0,H0373
Mercure Paris Montmartre Sacré-Cœur,2025,11,F_B,SANS ALCOOL,17,7.0,45.0,6.0,3.0,H0373
Mercure Paris Montmartre Sacré-Cœur,2025,11,F_B,SANS ALCOOL,18,8.0,50.0,6.0,4.0,H0373
Mercure Paris Montmartre Sacré-Cœur,2025,11,F_B,SANS ALCOOL,19,3.0,15.0,3.0,3.0,H0373
Mercure Paris Montmartre Sacré-Cœur,2025,11,F_B,SANS ALCOOL,20,6.0,40.0,5.0,3.0,H0373
Mercure Paris Montmartre Sacré-Cœur,2025,11,F_B,SANS ALCOOL,21,25.0,185.0,20.0,4.0,H0373
Mercure Paris Montmartre Sacré-Cœur,2025,11,F_B,SANS ALCOOL,22,21.0,125.0,18.0,4.0,H0373
Mercure Paris Montmartre Sacré-Cœur,2025,11,F_B,SANS ALCOOL,23,33.0,235.0,27.0,4.0,H0373
Mercure Paris Montmartre Sacré-Cœur,2025,11,N_F_B,COSMETIQUE,0,2.0,23.8,2.0,2.0,H0373
Mercure Paris Montmartre Sacré-Cœur,2025,11,N_F_B,COSMETIQUE,8,1.0,12.0,1.0,1.0,H0373
Mercure Paris Montmartre Sacré-Cœur,2025,11,N_F_B,COSMETIQUE,22,1.0,7.9,1.0,1.0,H0373
Mercure Paris Montmartre Sacré-Cœur,2025,11,N_F_B,COSMETIQUE,23,1.0,12.0,1.0,1.0,H0373
Mercure Paris Montmartre Sacré-Cœur,2025,11,N_F_B,SOS,10,1.0,15.0,1.0,1.0,H0373
Mercure Paris Montmartre Sacré-Cœur,2025,11,N_F_B,SOS,16,1.0,15.0,1.0,1.0,H0373
Mercure Paris Montmartre Sacré-Cœur,2025,11,N_F_B,SOS,22,2.0,27.8,2.0,2.0,H0373
Mercure Paris Montmartre Sacré-Cœur,2025,12,F_B,ALCOOL,0,4.0,50.0,2.0,2.0,H0373
Mercure Paris Montmartre Sacré-Cœur,2025,12,F_B,ALCOOL,1,3.0,130.0,3.0,2.0,H0373
Mercure Paris Montmartre Sacré-Cœur,2025,12,F_B,ALCOOL,3,1.0,80.0,1.0,1.0,H0373
Mercure Paris Montmartre Sacré-Cœur,2025,12,F_B,ALCOOL,4,1.0,5.0,1.0,1.0,H0373
Mercure Paris Montmartre Sacré-Cœur,2025,12,F_B,ALCOOL,7,3.0,57.0,2.0,2.0,H0373
Mercure Paris Montmartre Sacré-Cœur,2025,12,F_B,ALCOOL,13,1.0,5.0,1.0,1.0,H0373
Mercure Paris Montmartre Sacré-Cœur,2025,12,F_B,ALCOOL,15,2.0,30.0,2.0,2.0,H0373
Mercure Paris Montmartre Sacré-Cœur,2025,12,F_B,ALCOOL,16,1.0,5.0,1.0,1.0,H0373
Mercure Paris Montmartre Sacré-Cœur,2025,12,F_B,ALCOOL,17,5.0,95.0,4.0,2.0,H0373
Mercure Paris Montmartre Sacré-Cœur,2025,12,F_B,ALCOOL,18,9.0,165.0,7.0,3.0,H0373
Mercure Paris Montmartre Sacré-Cœur,2025,12,F_B,ALCOOL,19,6.0,105.0,5.0,3.0,H0373
Mercure Paris Montmartre Sacré-Cœur,2025,12,F_B,ALCOOL,20,2.0,35.0,2.0,2.0,H0373
Mercure Paris Montmartre Sacré-Cœur,2025,12,F_B,ALCOOL,21,4.0,70.0,3.0,2.0,H0373
Mercure Paris Montmartre Sacré-Cœur,2025,12,F_B,ALCOOL,22,7.0,100.0,5.0,3.0,H0373
Mercure Paris Montmartre Sacré-Cœur,2025,12,F_B,ALCOOL,23,8.0,140.0,5.0,4.0,H0373
Mercure Paris Montmartre Sacré-Cœur,2025,12,F_B,FOOD SALEE,0,3.0,25.0,2.0,1.0,H0373
Mercure Paris Montmartre Sacré-Cœur,2025,12,F_B,FOOD SALEE,1,1.0,5.0,1.0,1.0,H0373
Mercure Paris Montmartre Sacré-Cœur,2025,12,F_B,FOOD SALEE,3,2.0,10.0,2.0,2.0,H0373
Mercure Paris Montmartre Sacré-Cœur,2025,12,F_B,FOOD SALEE,4,1.0,3.0,1.0,1.0,H0373
Mercure Paris Montmartre Sacré-Cœur,2025,12,F_B,FOOD SALEE,14,1.0,3.0,1.0,1.0,H0373
Mercure Paris Montmartre Sacré-Cœur,2025,12,F_B,FOOD SALEE,15,1.0,5.0,1.0,1.0,H0373
Mercure Paris Montmartre Sacré-Cœur,2025,12,F_B,FOOD SALEE,16,6.0,28.0,4.0,2.0,H0373
Mercure Paris Montmartre Sacré-Cœur,2025,12,F_B,FOOD SALEE,17,5.0,25.0,4.0,3.0,H0373
Mercure Paris Montmartre Sacré-Cœur,2025,12,F_B,FOOD SALEE,18,9.0,41.0,7.0,3.0,H0373
Mercure Paris Montmartre Sacré-Cœur,2025,12,F_B,FOOD SALEE,19,2.0,8.0,2.0,2.0,H0373
Mercure Paris Montmartre Sacré-Cœur,2025,12,F_B,FOOD SALEE,20,2.0,8.0,2.0,2.0,H0373
Mercure Paris Montmartre Sacré-Cœur,2025,12,F_B,FOOD SALEE,21,8.0,38.0,8.0,3.0,H0373
Mercure Paris Montmartre Sacré-Cœur,2025,12,F_B,FOOD SALEE,22,11.0,63.0,7.0,3.0,H0373
Mercure Paris Montmartre Sacré-Cœur,2025,12,F_B,FOOD SALEE,23,3.0,15.0,3.0,1.0,H0373
Mercure Paris Montmartre Sacré-Cœur,2025,12,F_B,FOOD SUCREE,0,5.0,34.0,2.0,1.0,H0373
Mercure Paris Montmartre Sacré-Cœur,2025,12,F_B,FOOD SUCREE,2,1.0,2.0,1.0,1.0,H0373
Mercure Paris Montmartre Sacré-Cœur,2025,12,F_B,FOOD SUCREE,3,3.0,11.0,2.0,2.0,H0373
Mercure Paris Montmartre Sacré-Cœur,2025,12,F_B,FOOD SUCREE,5,6.0,72.0,1.0,1.0,H0373
Mercure Paris Montmartre Sacré-Cœur,2025,12,F_B,FOOD SUCREE,8,1.0,2.0,1.0,1.0,H0373
Mercure Paris Montmartre Sacré-Cœur,2025,12,F_B,FOOD SUCREE,9,2.0,8.0,1.0,1.0,H0373
Mercure Paris Montmartre Sacré-Cœur,2025,12,F_B,FOOD SUCREE,12,1.0,2.0,1.0,1.0,H0373
Mercure Paris Montmartre Sacré-Cœur,2025,12,F_B,FOOD SUCREE,14,1.0,3.0,1.0,1.0,H0373
Mercure Paris Montmartre Sacré-Cœur,2025,12,F_B,FOOD SUCREE,15,7.0,19.0,6.0,2.0,H0373
Mercure Paris Montmartre Sacré-Cœur,2025,12,F_B,FOOD SUCREE,16,12.0,140.0,4.0,1.0,H0373
Mercure Paris Montmartre Sacré-Cœur,2025,12,F_B,FOOD SUCREE,17,4.0,13.0,3.0,2.0,H0373
Mercure Paris Montmartre Sacré-Cœur,2025,12,F_B,FOOD SUCREE,18,5.0,14.0,4.0,1.0,H0373
Mercure Paris Montmartre Sacré-Cœur,2025,12,F_B,FOOD SUCREE,21,5.0,11.0,5.0,2.0,H0373
Mercure Paris Montmartre Sacré-Cœur,2025,12,F_B,FOOD SUCREE,22,10.0,32.0,8.0,1.0,H0373
Mercure Paris Montmartre Sacré-Cœur,2025,12,F_B,FOOD SUCREE,23,6.0,14.0,6.0,2.0,H0373
Mercure Paris Montmartre Sacré-Cœur,2025,12,F_B,SANS ALCOOL,0,14.0,80.0,12.0,4.0,H0373
Mercure Paris Montmartre Sacré-Cœur,2025,12,F_B,SANS ALCOOL,1,9.0,85.0,6.0,2.0,H0373
Mercure Paris Montmartre Sacré-Cœur,2025,12,F_B,SANS ALCOOL,3,2.0,10.0,2.0,2.0,H0373
Mercure Paris Montmartre Sacré-Cœur,2025,12,F_B,SANS ALCOOL,4,1.0,5.0,1.0,1.0,H0373
Mercure Paris Montmartre Sacré-Cœur,2025,12,F_B,SANS ALCOOL,5,3.0,15.0,3.0,2.0,H0373
Mercure Paris Montmartre Sacré-Cœur,2025,12,F_B,SANS ALCOOL,6,3.0,25.0,2.0,2.0,H0373
Mercure Paris Montmartre Sacré-Cœur,2025,12,F_B,SANS ALCOOL,7,2.0,10.0,2.0,2.0,H0373
Mercure Paris Montmartre Sacré-Cœur,2025,12,F_B,SANS ALCOOL,8,4.0,20.0,4.0,3.0,H0373
Mercure Paris Montmartre Sacré-Cœur,2025,12,F_B,SANS ALCOOL,9,1.0,5.0,1.0,1.0,H0373
Mercure Paris Montmartre Sacré-Cœur,2025,12,F_B,SANS ALCOOL,10,7.0,55.0,5.0,4.0,H0373
Mercure Paris Montmartre Sacré-Cœur,2025,12,F_B,SANS ALCOOL,11,11.0,75.0,8.0,4.0,H0373
Mercure Paris Montmartre Sacré-Cœur,2025,12,F_B,SANS ALCOOL,12,4.0,20.0,4.0,3.0,H0373
Mercure Paris Montmartre Sacré-Cœur,2025,12,F_B,SANS ALCOOL,14,8.0,70.0,6.0,4.0,H0373
Mercure Paris Montmartre Sacré-Cœur,2025,12,F_B,SANS ALCOOL,15,3.0,25.0,2.0,2.0,H0373
Mercure Paris Montmartre Sacré-Cœur,2025,12,F_B,SANS ALCOOL,16,10.0,80.0,6.0,4.0,H0373
Mercure Paris Montmartre Sacré-Cœur,2025,12,F_B,SANS ALCOOL,17,16.0,120.0,10.0,4.0,H0373
Mercure Paris Montmartre Sacré-Cœur,2025,12,F_B,SANS ALCOOL,18,12.0,80.0,10.0,4.0,H0373
Mercure Paris Montmartre Sacré-Cœur,2025,12,F_B,SANS ALCOOL,19,3.0,25.0,2.0,2.0,H0373
Mercure Paris Montmartre Sacré-Cœur,2025,12,F_B,SANS ALCOOL,20,20.0,160.0,12.0,4.0,H0373
Mercure Paris Montmartre Sacré-Cœur,2025,12,F_B,SANS ALCOOL,21,20.0,130.0,16.0,4.0,H0373
Mercure Paris Montmartre Sacré-Cœur,2025,12,F_B,SANS ALCOOL,22,33.0,245.0,24.0,4.0,H0373
Mercure Paris Montmartre Sacré-Cœur,2025,12,F_B,SANS ALCOOL,23,49.0,365.0,37.0,4.0,H0373
Mercure Paris Montmartre Sacré-Cœur,2025,12,N_F_B,COSMETIQUE,0,1.0,12.0,1.0,1.0,H0373
Mercure Paris Montmartre Sacré-Cœur,2025,12,N_F_B,COSMETIQUE,5,1.0,12.0,1.0,1.0,H0373
Mercure Paris Montmartre Sacré-Cœur,2025,12,N_F_B,COSMETIQUE,6,1.0,12.0,1.0,1.0,H0373
Mercure Paris Montmartre Sacré-Cœur,2025,12,N_F_B,COSMETIQUE,8,1.0,12.0,1.0,1.0,H0373
Mercure Paris Montmartre Sacré-Cœur,2025,12,N_F_B,COSMETIQUE,10,1.0,8.9,1.0,1.0,H0373
Mercure Paris Montmartre Sacré-Cœur,2025,12,N_F_B,COSMETIQUE,18,1.0,7.9,1.0,1.0,H0373
Mercure Paris Montmartre Sacré-Cœur,2025,12,N_F_B,COSMETIQUE,20,1.0,22.9,1.0,1.0,H0373
Mercure Paris Montmartre Sacré-Cœur,2025,12,N_F_B,COSMETIQUE,21,1.0,12.0,1.0,1.0,H0373
Mercure Paris Montmartre Sacré-Cœur,2025,12,N_F_B,COSMETIQUE,22,1.0,7.9,1.0,1.0,H0373
Mercure Paris Montmartre Sacré-Cœur,2025,12,N_F_B,COSMETIQUE,23,4.0,40.8,4.0,3.0,H0373
Mercure Paris Montmartre Sacré-Cœur,2025,12,N_F_B,SOS,1,2.0,28.0,1.0,1.0,H0373
Mercure Paris Montmartre Sacré-Cœur,2025,12,N_F_B,SOS,3,1.0,3.0,1.0,1.0,H0373
Mercure Paris Montmartre Sacré-Cœur,2025,12,N_F_B,SOS,17,1.0,15.0,1.0,1.0,H0373
Mercure Paris Montmartre Sacré-Cœur,2025,12,N_F_B,SOS,22,1.0,13.9,1.0,1.0,H0373
Mercure Paris Montmartre Sacré-Cœur,2025,12,N_F_B,SOS,23,1.0,3.0,1.0,1.0,H0373
Mercure Paris Montmartre Sacré-Cœur,2025,12,N_F_B,SOUVENIRS,0,1.0,22.0,1.0,1.0,H0373
Novotel Megève Mont-Blanc,2024,3,F_B,FOOD SALEE,1,12.0,72.0,2.0,5.0,HB5I0
Novotel Megève Mont-Blanc,2024,3,F_B,FOOD SALEE,19,1.0,7.0,1.0,1.0,HB5I0
Novotel Megève Mont-Blanc,2024,3,F_B,FOOD SALEE,23,2.0,13.0,1.0,2.0,HB5I0
Novotel Megève Mont-Blanc,2024,3,F_B,FOOD SUCREE,2,1.0,8.0,1.0,1.0,HB5I0
Novotel Megève Mont-Blanc,2024,3,F_B,FOOD SUCREE,3,3.0,21.0,2.0,3.0,HB5I0
Novotel Megève Mont-Blanc,2024,3,F_B,FOOD SUCREE,11,1.0,6.0,1.0,1.0,HB5I0
Novotel Megève Mont-Blanc,2024,3,F_B,FOOD SUCREE,13,1.0,6.0,1.0,1.0,HB5I0
Novotel Megève Mont-Blanc,2024,3,F_B,FOOD SUCREE,14,2.0,14.0,2.0,2.0,HB5I0
Novotel Megève Mont-Blanc,2024,3,F_B,FOOD SUCREE,20,1.0,5.0,1.0,1.0,HB5I0
Novotel Megève Mont-Blanc,2024,3,F_B,FOOD SUCREE,22,1.0,8.0,1.0,1.0,HB5I0
Novotel Megève Mont-Blanc,2024,3,N_F_B,ACCESSOIRES,11,1.0,35.0,1.0,1.0,HB5I0
Novotel Megève Mont-Blanc,2024,3,N_F_B,ACCESSOIRES,14,1.0,12.0,1.0,1.0,HB5I0
Novotel Megève Mont-Blanc,2024,3,N_F_B,ACCESSOIRES,18,1.0,12.0,1.0,1.0,HB5I0
Novotel Megève Mont-Blanc,2024,3,N_F_B,COSMETIQUE,10,1.0,8.0,1.0,1.0,HB5I0
Novotel Megève Mont-Blanc,2024,3,N_F_B,COSMETIQUE,12,1.0,6.0,1.0,1.0,HB5I0
Novotel Megève Mont-Blanc,2024,3,N_F_B,COSMETIQUE,18,2.0,18.0,1.0,1.0,HB5I0
Novotel Megève Mont-Blanc,2024,3,N_F_B,COSMETIQUE,19,1.0,60.0,1.0,1.0,HB5I0
Novotel Megève Mont-Blanc,2024,3,N_F_B,COSMETIQUE,20,2.0,14.0,1.0,2.0,HB5I0
Novotel Megève Mont-Blanc,2024,3,N_F_B,COSMETIQUE,21,2.0,12.0,2.0,1.0,HB5I0
Novotel Megève Mont-Blanc,2024,3,N_F_B,JEUX / ENFANTS,1,-3.0,33.0,1.0,3.0,HB5I0
Novotel Megève Mont-Blanc,2024,3,N_F_B,JEUX / ENFANTS,4,1.0,22.0,1.0,1.0,HB5I0
Novotel Megève Mont-Blanc,2024,3,N_F_B,JEUX / ENFANTS,9,1.0,8.0,1.0,1.0,HB5I0
Novotel Megève Mont-Blanc,2024,3,N_F_B,JEUX / ENFANTS,10,1.0,14.0,1.0,0.0,HB5I0
Novotel Megève Mont-Blanc,2024,3,N_F_B,JEUX / ENFANTS,12,4.0,30.0,4.0,4.0,HB5I0
Novotel Megève Mont-Blanc,2024,3,N_F_B,JEUX / ENFANTS,17,2.0,12.0,1.0,2.0,HB5I0
Novotel Megève Mont-Blanc,2024,3,N_F_B,JEUX / ENFANTS,18,2.0,33.0,2.0,2.0,HB5I0
Novotel Megève Mont-Blanc,2024,3,N_F_B,JEUX / ENFANTS,20,1.0,26.0,1.0,1.0,HB5I0
Novotel Megève Mont-Blanc,2024,3,N_F_B,JEUX / ENFANTS,22,4.0,48.0,2.0,4.0,HB5I0
Novotel Megève Mont-Blanc,2024,3,N_F_B,PAP,4,1.0,30.0,1.0,1.0,HB5I0
Novotel Megève Mont-Blanc,2024,3,N_F_B,PAP,15,1.0,30.0,1.0,1.0,HB5I0
Novotel Megève Mont-Blanc,2024,3,N_F_B,PAP,17,1.0,45.0,1.0,1.0,HB5I0
Novotel Megève Mont-Blanc,2024,3,N_F_B,SOUVENIRS,8,1.0,18.0,1.0,0.0,HB5I0
Novotel Megève Mont-Blanc,2024,4,F_B,FOOD SALEE,5,2.0,12.0,1.0,2.0,HB5I0
Novotel Megève Mont-Blanc,2024,4,F_B,FOOD SALEE,7,3.0,17.0,3.0,3.0,HB5I0
Novotel Megève Mont-Blanc,2024,4,F_B,FOOD SALEE,19,1.0,5.0,1.0,1.0,HB5I0
Novotel Megève Mont-Blanc,2024,4,F_B,FOOD SALEE,22,1.0,5.0,1.0,1.0,HB5I0
Novotel Megève Mont-Blanc,2024,4,F_B,FOOD SUCREE,0,1.0,8.0,1.0,1.0,HB5I0
Novotel Megève Mont-Blanc,2024,4,F_B,FOOD SUCREE,5,1.0,7.0,1.0,1.0,HB5I0
Novotel Megève Mont-Blanc,2024,4,F_B,FOOD SUCREE,7,2.0,13.0,2.0,2.0,HB5I0
Novotel Megève Mont-Blanc,2024,4,F_B,FOOD SUCREE,9,2.0,15.0,1.0,1.0,HB5I0
Novotel Megève Mont-Blanc,2024,4,F_B,FOOD SUCREE,12,7.0,46.0,2.0,5.0,HB5I0
Novotel Megève Mont-Blanc,2024,4,F_B,FOOD SUCREE,13,2.0,15.0,1.0,1.0,HB5I0
Novotel Megève Mont-Blanc,2024,4,F_B,FOOD SUCREE,14,2.0,11.0,1.0,2.0,HB5I0
Novotel Megève Mont-Blanc,2024,4,F_B,FOOD SUCREE,16,2.0,22.5,2.0,2.0,HB5I0
Novotel Megève Mont-Blanc,2024,4,F_B,FOOD SUCREE,19,4.0,30.0,1.0,4.0,HB5I0
Novotel Megève Mont-Blanc,2024,4,F_B,SANS ALCOOL,1,2.0,4.0,1.0,1.0,HB5I0
Novotel Megève Mont-Blanc,2024,4,F_B,SANS ALCOOL,7,1.0,2.0,1.0,1.0,HB5I0
Novotel Megève Mont-Blanc,2024,4,F_B,SANS ALCOOL,9,1.0,2.0,1.0,1.0,HB5I0
Novotel Megève Mont-Blanc,2024,4,F_B,SANS ALCOOL,11,2.0,4.5,2.0,1.0,HB5I0
Novotel Megève Mont-Blanc,2024,4,F_B,SANS ALCOOL,12,1.0,3.0,1.0,1.0,HB5I0
Novotel Megève Mont-Blanc,2024,4,F_B,SANS ALCOOL,20,1.0,3.0,1.0,1.0,HB5I0
Novotel Megève Mont-Blanc,2024,4,N_F_B,ACCESSOIRES,10,1.0,35.0,1.0,1.0,HB5I0
Novotel Megève Mont-Blanc,2024,4,N_F_B,ACCESSOIRES,12,1.0,11.0,1.0,1.0,HB5I0
Novotel Megève Mont-Blanc,2024,4,N_F_B,ACCESSOIRES,15,1.0,5.0,1.0,1.0,HB5I0
Novotel Megève Mont-Blanc,2024,4,N_F_B,ACCESSOIRES,22,2.0,22.0,2.0,1.0,HB5I0
Novotel Megève Mont-Blanc,2024,4,N_F_B,COSMETIQUE,10,3.0,33.0,2.0,2.0,HB5I0
Novotel Megève Mont-Blanc,2024,4,N_F_B,COSMETIQUE,13,2.0,22.0,2.0,2.0,HB5I0
Novotel Megève Mont-Blanc,2024,4,N_F_B,COSMETIQUE,15,1.0,25.9,1.0,1.0,HB5I0
Novotel Megève Mont-Blanc,2024,4,N_F_B,COSMETIQUE,18,1.0,6.0,1.0,1.0,HB5I0
Novotel Megève Mont-Blanc,2024,4,N_F_B,COSMETIQUE,20,6.0,151.6,3.0,2.0,HB5I0
Novotel Megève Mont-Blanc,2024,4,N_F_B,COSMETIQUE,21,1.0,10.0,1.0,1.0,HB5I0
Novotel Megève Mont-Blanc,2024,4,N_F_B,JEUX / ENFANTS,12,4.0,62.0,2.0,3.0,HB5I0
Novotel Megève Mont-Blanc,2024,4,N_F_B,JEUX / ENFANTS,15,3.0,48.0,2.0,3.0,HB5I0
Novotel Megève Mont-Blanc,2024,4,N_F_B,JEUX / ENFANTS,16,1.0,5.0,1.0,1.0,HB5I0
Novotel Megève Mont-Blanc,2024,4,N_F_B,JEUX / ENFANTS,17,1.0,8.0,1.0,1.0,HB5I0
Novotel Megève Mont-Blanc,2024,4,N_F_B,JEUX / ENFANTS,22,2.0,10.0,1.0,2.0,HB5I0
Novotel Megève Mont-Blanc,2024,4,N_F_B,SOS,9,1.0,20.0,1.0,0.0,HB5I0
Novotel Megève Mont-Blanc,2024,4,N_F_B,SOS,12,2.0,50.0,2.0,0.0,HB5I0
Novotel Megève Mont-Blanc,2024,4,N_F_B,SOS,16,1.0,20.0,1.0,0.0,HB5I0
Novotel Megève Mont-Blanc,2024,4,N_F_B,SOUVENIRS,11,4.0,64.0,1.0,4.0,HB5I0
Novotel Megève Mont-Blanc,2024,4,N_F_B,SOUVENIRS,12,2.0,32.0,1.0,1.0,HB5I0
Novotel Megève Mont-Blanc,2024,4,N_F_B,SOUVENIRS,14,1.0,18.0,1.0,0.0,HB5I0
Novotel Megève Mont-Blanc,2024,4,N_F_B,SOUVENIRS,23,1.0,16.0,1.0,1.0,HB5I0
Novotel Megève Mont-Blanc,2024,5,F_B,ALCOOL,1,2.0,16.0,1.0,1.0,HB5I0
Novotel Megève Mont-Blanc,2024,5,F_B,ALCOOL,9,1.0,12.0,1.0,1.0,HB5I0
Novotel Megève Mont-Blanc,2024,5,F_B,ALCOOL,11,2.0,24.0,1.0,1.0,HB5I0
Novotel Megève Mont-Blanc,2024,5,F_B,ALCOOL,23,1.0,8.0,1.0,1.0,HB5I0
Novotel Megève Mont-Blanc,2024,5,F_B,FOOD SALEE,0,2.0,11.0,2.0,2.0,HB5I0
Novotel Megève Mont-Blanc,2024,5,F_B,FOOD SALEE,11,1.0,8.0,1.0,1.0,HB5I0
Novotel Megève Mont-Blanc,2024,5,F_B,FOOD SALEE,13,1.0,8.0,1.0,1.0,HB5I0
Novotel Megève Mont-Blanc,2024,5,F_B,FOOD SUCREE,0,3.0,27.0,2.0,2.0,HB5I0
Novotel Megève Mont-Blanc,2024,5,F_B,FOOD SUCREE,1,4.0,25.5,2.0,2.0,HB5I0
Novotel Megève Mont-Blanc,2024,5,F_B,FOOD SUCREE,4,1.0,4.0,1.0,1.0,HB5I0
Novotel Megève Mont-Blanc,2024,5,F_B,FOOD SUCREE,12,7.0,52.5,4.0,2.0,HB5I0
Novotel Megève Mont-Blanc,2024,5,F_B,FOOD SUCREE,14,1.0,7.5,1.0,1.0,HB5I0
Novotel Megève Mont-Blanc,2024,5,F_B,FOOD SUCREE,16,2.0,16.0,1.0,2.0,HB5I0
Novotel Megève Mont-Blanc,2024,5,F_B,FOOD SUCREE,17,1.0,4.0,1.0,1.0,HB5I0
Novotel Megève Mont-Blanc,2024,5,F_B,FOOD SUCREE,19,1.0,4.0,1.0,1.0,HB5I0
Novotel Megève Mont-Blanc,2024,5,F_B,FOOD SUCREE,22,1.0,7.0,1.0,1.0,HB5I0
Novotel Megève Mont-Blanc,2024,5,F_B,FOOD SUCREE,23,1.0,5.0,1.0,1.0,HB5I0
Novotel Megève Mont-Blanc,2024,5,F_B,SANS ALCOOL,0,4.0,10.0,2.0,2.0,HB5I0
Novotel Megève Mont-Blanc,2024,5,F_B,SANS ALCOOL,1,5.0,13.5,2.0,4.0,HB5I0
Novotel Megève Mont-Blanc,2024,5,F_B,SANS ALCOOL,2,2.0,5.0,1.0,1.0,HB5I0
Novotel Megève Mont-Blanc,2024,5,F_B,SANS ALCOOL,3,1.0,2.5,1.0,1.0,HB5I0
Novotel Megève Mont-Blanc,2024,5,F_B,SANS ALCOOL,8,2.0,5.5,1.0,2.0,HB5I0
Novotel Megève Mont-Blanc,2024,5,F_B,SANS ALCOOL,10,2.0,5.0,1.0,1.0,HB5I0
Novotel Megève Mont-Blanc,2024,5,F_B,SANS ALCOOL,11,1.0,2.5,1.0,1.0,HB5I0
Novotel Megève Mont-Blanc,2024,5,F_B,SANS ALCOOL,12,4.0,10.0,2.0,3.0,HB5I0
Novotel Megève Mont-Blanc,2024,5,F_B,SANS ALCOOL,13,1.0,2.5,1.0,1.0,HB5I0
Novotel Megève Mont-Blanc,2024,5,F_B,SANS ALCOOL,15,1.0,2.5,1.0,1.0,HB5I0
Novotel Megève Mont-Blanc,2024,5,F_B,SANS ALCOOL,16,2.0,5.0,2.0,2.0,HB5I0
Novotel Megève Mont-Blanc,2024,5,F_B,SANS ALCOOL,18,1.0,2.5,1.0,1.0,HB5I0
Novotel Megève Mont-Blanc,2024,5,F_B,SANS ALCOOL,20,4.0,11.0,3.0,2.0,HB5I0
Novotel Megève Mont-Blanc,2024,5,F_B,SANS ALCOOL,22,1.0,3.0,1.0,1.0,HB5I0
Novotel Megève Mont-Blanc,2024,5,F_B,SANS ALCOOL,23,3.0,7.5,2.0,2.0,HB5I0
Novotel Megève Mont-Blanc,2024,5,F_B,SOUVENIRS,11,2.0,14.0,1.0,2.0,HB5I0
Novotel Megève Mont-Blanc,2024,5,N_F_B,ACCESSOIRES,10,4.0,48.0,3.0,1.0,HB5I0
Novotel Megève Mont-Blanc,2024,5,N_F_B,ACCESSOIRES,12,1.0,110.0,1.0,1.0,HB5I0
Novotel Megève Mont-Blanc,2024,5,N_F_B,ACCESSOIRES,13,1.0,80.0,1.0,1.0,HB5I0
Novotel Megève Mont-Blanc,2024,5,N_F_B,ACCESSOIRES,15,1.0,35.0,1.0,1.0,HB5I0
Novotel Megève Mont-Blanc,2024,5,N_F_B,ACCESSOIRES,19,2.0,92.0,2.0,2.0,HB5I0
Novotel Megève Mont-Blanc,2024,5,N_F_B,COSMETIQUE,8,3.0,37.0,1.0,3.0,HB5I0
Novotel Megève Mont-Blanc,2024,5,N_F_B,COSMETIQUE,9,1.0,60.0,1.0,1.0,HB5I0
Novotel Megève Mont-Blanc,2024,5,N_F_B,COSMETIQUE,10,2.0,75.0,2.0,2.0,HB5I0
Novotel Megève Mont-Blanc,2024,5,N_F_B,COSMETIQUE,12,3.0,60.8,2.0,2.0,HB5I0
Novotel Megève Mont-Blanc,2024,5,N_F_B,COSMETIQUE,13,3.0,64.4,3.0,2.0,HB5I0
Novotel Megève Mont-Blanc,2024,5,N_F_B,COSMETIQUE,16,1.0,20.9,1.0,0.0,HB5I0
Novotel Megève Mont-Blanc,2024,5,N_F_B,COSMETIQUE,18,2.0,16.0,1.0,1.0,HB5I0
Novotel Megève Mont-Blanc,2024,5,N_F_B,COSMETIQUE,21,1.0,20.9,1.0,0.0,HB5I0
Novotel Megève Mont-Blanc,2024,5,N_F_B,COSMETIQUE,23,1.0,25.9,1.0,1.0,HB5I0
Novotel Megève Mont-Blanc,2024,5,N_F_B,JEUX / ENFANTS,11,1.0,12.0,1.0,1.0,HB5I0
Novotel Megève Mont-Blanc,2024,5,N_F_B,JEUX / ENFANTS,12,2.0,41.0,1.0,2.0,HB5I0
Novotel Megève Mont-Blanc,2024,5,N_F_B,JEUX / ENFANTS,18,1.0,12.0,1.0,1.0,HB5I0
Novotel Megève Mont-Blanc,2024,5,N_F_B,JEUX / ENFANTS,19,1.0,6.0,1.0,1.0,HB5I0
Novotel Megève Mont-Blanc,2024,5,N_F_B,JEUX / ENFANTS,21,1.0,18.0,1.0,1.0,HB5I0
Novotel Megève Mont-Blanc,2024,5,N_F_B,PAP,17,2.0,60.0,1.0,2.0,HB5I0
Novotel Megève Mont-Blanc,2024,5,N_F_B,SOS,9,2.0,38.0,1.0,1.0,HB5I0
Novotel Megève Mont-Blanc,2024,5,N_F_B,SOS,11,2.0,44.0,1.0,2.0,HB5I0
Novotel Megève Mont-Blanc,2024,5,N_F_B,SOS,12,1.0,15.0,1.0,1.0,HB5I0
Novotel Megève Mont-Blanc,2024,5,N_F_B,SOS,13,1.0,15.0,1.0,1.0,HB5I0
Novotel Megève Mont-Blanc,2024,5,N_F_B,SOUVENIRS,17,2.0,32.0,1.0,2.0,HB5I0
Novotel Megève Mont-Blanc,2024,6,F_B,ALCOOL,2,1.0,8.0,1.0,1.0,HB5I0
Novotel Megève Mont-Blanc,2024,6,F_B,ALCOOL,4,2.0,16.0,1.0,1.0,HB5I0
Novotel Megève Mont-Blanc,2024,6,F_B,ALCOOL,5,3.0,24.0,1.0,1.0,HB5I0
Novotel Megève Mont-Blanc,2024,6,F_B,ALCOOL,11,2.0,24.0,1.0,1.0,HB5I0
Novotel Megève Mont-Blanc,2024,6,F_B,ALCOOL,13,2.0,16.0,1.0,1.0,HB5I0
Novotel Megève Mont-Blanc,2024,6,F_B,ALCOOL,17,1.0,12.0,1.0,1.0,HB5I0
Novotel Megève Mont-Blanc,2024,6,F_B,ALCOOL,19,1.0,12.0,1.0,1.0,HB5I0
Novotel Megève Mont-Blanc,2024,6,F_B,FOOD SALEE,0,2.0,10.0,1.0,2.0,HB5I0
Novotel Megève Mont-Blanc,2024,6,F_B,FOOD SALEE,2,2.0,10.0,1.0,1.0,HB5I0
Novotel Megève Mont-Blanc,2024,6,F_B,FOOD SALEE,5,1.0,5.0,1.0,1.0,HB5I0
Novotel Megève Mont-Blanc,2024,6,F_B,FOOD SALEE,14,1.0,7.0,1.0,1.0,HB5I0
Novotel Megève Mont-Blanc,2024,6,F_B,FOOD SALEE,15,1.0,5.0,1.0,1.0,HB5I0
Novotel Megève Mont-Blanc,2024,6,F_B,FOOD SALEE,19,3.0,17.0,1.0,3.0,HB5I0
Novotel Megève Mont-Blanc,2024,6,F_B,FOOD SALEE,20,2.0,12.0,1.0,2.0,HB5I0
Novotel Megève Mont-Blanc,2024,6,F_B,FOOD SUCREE,0,1.0,4.0,1.0,1.0,HB5I0
Novotel Megève Mont-Blanc,2024,6,F_B,FOOD SUCREE,9,1.0,6.0,1.0,1.0,HB5I0
Novotel Megève Mont-Blanc,2024,6,F_B,FOOD SUCREE,11,1.0,4.0,1.0,1.0,HB5I0
Novotel Megève Mont-Blanc,2024,6,F_B,FOOD SUCREE,13,2.0,15.0,1.0,2.0,HB5I0
Novotel Megève Mont-Blanc,2024,6,F_B,FOOD SUCREE,14,2.0,15.0,1.0,2.0,HB5I0
Novotel Megève Mont-Blanc,2024,6,F_B,FOOD SUCREE,15,4.0,30.5,2.0,3.0,HB5I0
Novotel Megève Mont-Blanc,2024,6,F_B,FOOD SUCREE,16,2.0,8.0,1.0,1.0,HB5I0
Novotel Megève Mont-Blanc,2024,6,F_B,FOOD SUCREE,18,2.0,15.0,1.0,2.0,HB5I0
Novotel Megève Mont-Blanc,2024,6,F_B,FOOD SUCREE,19,1.0,7.0,1.0,1.0,HB5I0
Novotel Megève Mont-Blanc,2024,6,F_B,FOOD SUCREE,23,1.0,12.0,1.0,1.0,HB5I0
Novotel Megève Mont-Blanc,2024,6,F_B,SANS ALCOOL,0,4.0,10.0,2.0,2.0,HB5I0
Novotel Megève Mont-Blanc,2024,6,F_B,SANS ALCOOL,11,1.0,2.5,1.0,1.0,HB5I0
Novotel Megève Mont-Blanc,2024,6,F_B,SANS ALCOOL,12,2.0,5.0,2.0,2.0,HB5I0
Novotel Megève Mont-Blanc,2024,6,F_B,SANS ALCOOL,13,1.0,2.5,1.0,1.0,HB5I0
Novotel Megève Mont-Blanc,2024,6,F_B,SANS ALCOOL,14,5.0,13.5,3.0,5.0,HB5I0
Novotel Megève Mont-Blanc,2024,6,F_B,SANS ALCOOL,15,2.0,5.5,1.0,2.0,HB5I0
Novotel Megève Mont-Blanc,2024,6,F_B,SANS ALCOOL,16,3.0,7.5,3.0,1.0,HB5I0
Novotel Megève Mont-Blanc,2024,6,F_B,SANS ALCOOL,17,1.0,2.5,1.0,1.0,HB5I0
Novotel Megève Mont-Blanc,2024,6,F_B,SANS ALCOOL,18,3.0,7.5,2.0,2.0,HB5I0
Novotel Megève Mont-Blanc,2024,6,F_B,SANS ALCOOL,19,1.0,3.0,1.0,1.0,HB5I0
Novotel Megève Mont-Blanc,2024,6,F_B,SANS ALCOOL,20,3.0,7.5,2.0,1.0,HB5I0
Novotel Megève Mont-Blanc,2024,6,F_B,SANS ALCOOL,21,1.0,2.5,1.0,1.0,HB5I0
Novotel Megève Mont-Blanc,2024,6,F_B,SANS ALCOOL,22,4.0,10.0,3.0,2.0,HB5I0
Novotel Megève Mont-Blanc,2024,6,F_B,SANS ALCOOL,23,1.0,3.0,1.0,1.0,HB5I0
Novotel Megève Mont-Blanc,2024,6,F_B,SOUVENIRS,21,1.0,7.0,1.0,1.0,HB5I0
Novotel Megève Mont-Blanc,2024,6,N_F_B,ACCESSOIRES,0,1.0,12.0,1.0,1.0,HB5I0
Novotel Megève Mont-Blanc,2024,6,N_F_B,ACCESSOIRES,9,1.0,12.0,1.0,1.0,HB5I0
Novotel Megève Mont-Blanc,2024,6,N_F_B,ACCESSOIRES,10,2.0,27.0,2.0,2.0,HB5I0
Novotel Megève Mont-Blanc,2024,6,N_F_B,ACCESSOIRES,11,1.0,12.0,1.0,1.0,HB5I0
Novotel Megève Mont-Blanc,2024,6,N_F_B,ACCESSOIRES,19,1.0,12.0,1.0,1.0,HB5I0
Novotel Megève Mont-Blanc,2024,6,N_F_B,COSMETIQUE,11,1.0,60.0,1.0,1.0,HB5I0
Novotel Megève Mont-Blanc,2024,6,N_F_B,COSMETIQUE,12,1.0,10.0,1.0,1.0,HB5I0
Novotel Megève Mont-Blanc,2024,6,N_F_B,COSMETIQUE,13,1.0,15.0,1.0,1.0,HB5I0
Novotel Megève Mont-Blanc,2024,6,N_F_B,COSMETIQUE,17,1.0,15.0,1.0,1.0,HB5I0
Novotel Megève Mont-Blanc,2024,6,N_F_B,COSMETIQUE,18,1.0,20.9,1.0,0.0,HB5I0
Novotel Megève Mont-Blanc,2024,6,N_F_B,COSMETIQUE,19,1.0,9.0,1.0,1.0,HB5I0
Novotel Megève Mont-Blanc,2024,6,N_F_B,COSMETIQUE,21,1.0,20.9,1.0,0.0,HB5I0
Novotel Megève Mont-Blanc,2024,6,N_F_B,COSMETIQUE,22,1.0,15.0,1.0,1.0,HB5I0
Novotel Megève Mont-Blanc,2024,6,N_F_B,JEUX / ENFANTS,1,2.0,36.0,1.0,1.0,HB5I0
Novotel Megève Mont-Blanc,2024,6,N_F_B,JEUX / ENFANTS,11,2.0,26.0,2.0,2.0,HB5I0
Novotel Megève Mont-Blanc,2024,6,N_F_B,JEUX / ENFANTS,13,1.0,7.0,1.0,0.0,HB5I0
Novotel Megève Mont-Blanc,2024,6,N_F_B,JEUX / ENFANTS,14,1.0,18.0,1.0,1.0,HB5I0
Novotel Megève Mont-Blanc,2024,6,N_F_B,JEUX / ENFANTS,15,6.0,56.0,1.0,3.0,HB5I0
Novotel Megève Mont-Blanc,2024,6,N_F_B,JEUX / ENFANTS,20,1.0,18.0,1.0,1.0,HB5I0
Novotel Megève Mont-Blanc,2024,6,N_F_B,JEUX / ENFANTS,21,1.0,26.0,1.0,1.0,HB5I0
Novotel Megève Mont-Blanc,2024,6,N_F_B,PAP,10,1.0,45.0,1.0,1.0,HB5I0
Novotel Megève Mont-Blanc,2024,6,N_F_B,SOS,9,1.0,25.0,1.0,0.0,HB5I0
Novotel Megève Mont-Blanc,2024,6,N_F_B,SOS,10,1.0,19.0,1.0,1.0,HB5I0
Novotel Megève Mont-Blanc,2024,6,N_F_B,SOS,11,1.0,19.0,1.0,1.0,HB5I0
Novotel Megève Mont-Blanc,2024,6,N_F_B,SOS,12,1.0,19.0,1.0,1.0,HB5I0
Novotel Megève Mont-Blanc,2024,6,N_F_B,SOS,21,1.0,15.0,1.0,1.0,HB5I0
Novotel Megève Mont-Blanc,2024,6,N_F_B,SOS,22,1.0,20.0,1.0,0.0,HB5I0
Novotel Megève Mont-Blanc,2024,7,F_B,ALCOOL,1,3.0,24.0,1.0,1.0,HB5I0
Novotel Megève Mont-Blanc,2024,7,F_B,ALCOOL,5,1.0,12.0,1.0,1.0,HB5I0
Novotel Megève Mont-Blanc,2024,7,F_B,ALCOOL,23,1.0,8.0,1.0,1.0,HB5I0
Novotel Megève Mont-Blanc,2024,7,F_B,FOOD SALEE,0,4.0,22.0,3.0,2.0,HB5I0
Novotel Megève Mont-Blanc,2024,7,F_B,FOOD SALEE,1,2.0,12.0,1.0,2.0,HB5I0
Novotel Megève Mont-Blanc,2024,7,F_B,FOOD SALEE,19,2.0,10.0,2.0,2.0,HB5I0
Novotel Megève Mont-Blanc,2024,7,F_B,FOOD SALEE,21,1.0,5.0,1.0,1.0,HB5I0
Novotel Megève Mont-Blanc,2024,7,F_B,FOOD SALEE,22,1.0,5.0,1.0,1.0,HB5I0
Novotel Megève Mont-Blanc,2024,7,F_B,FOOD SALEE,23,2.0,10.0,1.0,1.0,HB5I0
Novotel Megève Mont-Blanc,2024,7,F_B,FOOD SUCREE,1,1.0,8.0,1.0,1.0,HB5I0
Novotel Megève Mont-Blanc,2024,7,F_B,FOOD SUCREE,2,3.0,20.0,2.0,2.0,HB5I0
Novotel Megève Mont-Blanc,2024,7,F_B,FOOD SUCREE,5,1.0,4.0,1.0,1.0,HB5I0
Novotel Megève Mont-Blanc,2024,7,F_B,FOOD SUCREE,11,6.0,45.0,1.0,2.0,HB5I0
Novotel Megève Mont-Blanc,2024,7,F_B,FOOD SUCREE,12,2.0,11.0,2.0,2.0,HB5I0
Novotel Megève Mont-Blanc,2024,7,F_B,FOOD SUCREE,13,1.0,7.5,1.0,1.0,HB5I0
Novotel Megève Mont-Blanc,2024,7,F_B,FOOD SUCREE,15,1.0,7.5,1.0,1.0,HB5I0
Novotel Megève Mont-Blanc,2024,7,F_B,FOOD SUCREE,19,1.0,7.0,1.0,1.0,HB5I0
Novotel Megève Mont-Blanc,2024,7,F_B,FOOD SUCREE,21,1.0,8.0,1.0,1.0,HB5I0
Novotel Megève Mont-Blanc,2024,7,F_B,FOOD SUCREE,22,3.0,18.0,3.0,3.0,HB5I0
Novotel Megève Mont-Blanc,2024,7,F_B,FOOD SUCREE,23,3.0,18.0,3.0,2.0,HB5I0
Novotel Megève Mont-Blanc,2024,7,F_B,SANS ALCOOL,0,9.0,23.0,5.0,4.0,HB5I0
Novotel Megève Mont-Blanc,2024,7,F_B,SANS ALCOOL,1,2.0,5.0,1.0,1.0,HB5I0
Novotel Megève Mont-Blanc,2024,7,F_B,SANS ALCOOL,3,2.0,5.0,1.0,2.0,HB5I0
Novotel Megève Mont-Blanc,2024,7,F_B,SANS ALCOOL,5,2.0,5.5,1.0,2.0,HB5I0
Novotel Megève Mont-Blanc,2024,7,F_B,SANS ALCOOL,9,3.0,7.5,1.0,1.0,HB5I0
Novotel Megève Mont-Blanc,2024,7,F_B,SANS ALCOOL,11,2.0,5.0,2.0,2.0,HB5I0
Novotel Megève Mont-Blanc,2024,7,F_B,SANS ALCOOL,12,2.0,5.5,2.0,2.0,HB5I0
Novotel Megève Mont-Blanc,2024,7,F_B,SANS ALCOOL,13,6.0,17.0,5.0,4.0,HB5I0
Novotel Megève Mont-Blanc,2024,7,F_B,SANS ALCOOL,14,1.0,2.5,1.0,1.0,HB5I0
Novotel Megève Mont-Blanc,2024,7,F_B,SANS ALCOOL,15,4.0,10.5,2.0,3.0,HB5I0
Novotel Megève Mont-Blanc,2024,7,F_B,SANS ALCOOL,16,2.0,6.0,2.0,1.0,HB5I0
Novotel Megève Mont-Blanc,2024,7,F_B,SANS ALCOOL,17,2.0,6.0,2.0,1.0,HB5I0
Novotel Megève Mont-Blanc,2024,7,F_B,SANS ALCOOL,18,3.0,7.5,3.0,2.0,HB5I0
Novotel Megève Mont-Blanc,2024,7,F_B,SANS ALCOOL,20,1.0,3.0,1.0,1.0,HB5I0
Novotel Megève Mont-Blanc,2024,7,F_B,SANS ALCOOL,21,2.0,5.5,2.0,2.0,HB5I0
Novotel Megève Mont-Blanc,2024,7,F_B,SANS ALCOOL,22,3.0,7.5,2.0,2.0,HB5I0
Novotel Megève Mont-Blanc,2024,7,F_B,SANS ALCOOL,23,12.0,30.5,6.0,6.0,HB5I0
Novotel Megève Mont-Blanc,2024,7,F_B,SOUVENIRS,12,1.0,6.0,1.0,1.0,HB5I0
Novotel Megève Mont-Blanc,2024,7,N_F_B,ACCESSOIRES,1,2.0,30.0,1.0,1.0,HB5I0
Novotel Megève Mont-Blanc,2024,7,N_F_B,ACCESSOIRES,11,2.0,47.0,2.0,2.0,HB5I0
Novotel Megève Mont-Blanc,2024,7,N_F_B,ACCESSOIRES,12,1.0,35.0,1.0,1.0,HB5I0
Novotel Megève Mont-Blanc,2024,7,N_F_B,ACCESSOIRES,13,1.0,15.0,1.0,1.0,HB5I0
Novotel Megève Mont-Blanc,2024,7,N_F_B,ACCESSOIRES,23,1.0,70.0,1.0,1.0,HB5I0
Novotel Megève Mont-Blanc,2024,7,N_F_B,COSMETIQUE,11,1.0,10.0,1.0,1.0,HB5I0
Novotel Megève Mont-Blanc,2024,7,N_F_B,COSMETIQUE,12,1.0,6.0,1.0,1.0,HB5I0
Novotel Megève Mont-Blanc,2024,7,N_F_B,COSMETIQUE,13,3.0,35.5,2.0,3.0,HB5I0
Novotel Megève Mont-Blanc,2024,7,N_F_B,COSMETIQUE,14,1.0,6.0,1.0,1.0,HB5I0
Novotel Megève Mont-Blanc,2024,7,N_F_B,COSMETIQUE,15,1.0,20.9,1.0,0.0,HB5I0
Novotel Megève Mont-Blanc,2024,7,N_F_B,COSMETIQUE,17,2.0,27.0,2.0,2.0,HB5I0
Novotel Megève Mont-Blanc,2024,7,N_F_B,COSMETIQUE,18,1.0,9.0,1.0,1.0,HB5I0
Novotel Megève Mont-Blanc,2024,7,N_F_B,COSMETIQUE,19,1.0,18.5,1.0,1.0,HB5I0
Novotel Megève Mont-Blanc,2024,7,N_F_B,COSMETIQUE,20,2.0,22.0,1.0,2.0,HB5I0
Novotel Megève Mont-Blanc,2024,7,N_F_B,JEUX / ENFANTS,1,1.0,26.0,1.0,1.0,HB5I0
Novotel Megève Mont-Blanc,2024,7,N_F_B,JEUX / ENFANTS,12,1.0,18.0,1.0,1.0,HB5I0
Novotel Megève Mont-Blanc,2024,7,N_F_B,JEUX / ENFANTS,18,1.0,8.0,1.0,1.0,HB5I0
Novotel Megève Mont-Blanc,2024,7,N_F_B,JEUX / ENFANTS,21,2.0,36.0,2.0,2.0,HB5I0
Novotel Megève Mont-Blanc,2024,7,N_F_B,JEUX / ENFANTS,23,1.0,17.0,1.0,0.0,HB5I0
Novotel Megève Mont-Blanc,2024,7,N_F_B,PAP,13,1.0,30.0,1.0,1.0,HB5I0
Novotel Megève Mont-Blanc,2024,7,N_F_B,PAP,16,1.0,30.0,1.0,1.0,HB5I0
Novotel Megève Mont-Blanc,2024,7,N_F_B,PAP,22,3.0,39.0,2.0,2.0,HB5I0
Novotel Megève Mont-Blanc,2024,7,N_F_B,SOS,0,1.0,30.0,1.0,1.0,HB5I0
Novotel Megève Mont-Blanc,2024,7,N_F_B,SOS,2,1.0,30.0,1.0,1.0,HB5I0
Novotel Megève Mont-Blanc,2024,7,N_F_B,SOS,10,1.0,12.0,1.0,1.0,HB5I0
Novotel Megève Mont-Blanc,2024,7,N_F_B,SOS,11,1.0,12.0,1.0,1.0,HB5I0
Novotel Megève Mont-Blanc,2024,7,N_F_B,SOS,18,2.0,32.0,2.0,1.0,HB5I0
Novotel Megève Mont-Blanc,2024,7,N_F_B,SOS,19,2.0,27.0,2.0,2.0,HB5I0
Novotel Megève Mont-Blanc,2024,7,N_F_B,SOS,20,1.0,15.0,1.0,1.0,HB5I0
Novotel Megève Mont-Blanc,2024,7,N_F_B,SOS,21,1.0,25.0,1.0,0.0,HB5I0
Novotel Megève Mont-Blanc,2024,7,N_F_B,SOS,23,1.0,30.0,1.0,1.0,HB5I0
Novotel Megève Mont-Blanc,2024,7,N_F_B,SOUVENIRS,1,3.0,48.0,1.0,1.0,HB5I0
Novotel Megève Mont-Blanc,2024,7,N_F_B,SOUVENIRS,12,4.0,64.0,2.0,4.0,HB5I0
Novotel Megève Mont-Blanc,2024,8,F_B,ALCOOL,1,2.0,16.0,1.0,1.0,HB5I0
Novotel Megève Mont-Blanc,2024,8,F_B,ALCOOL,14,1.0,8.0,1.0,1.0,HB5I0
Novotel Megève Mont-Blanc,2024,8,F_B,ALCOOL,23,1.0,8.0,1.0,1.0,HB5I0
Novotel Megève Mont-Blanc,2024,8,F_B,FOOD SALEE,0,3.0,18.0,3.0,3.0,HB5I0
Novotel Megève Mont-Blanc,2024,8,F_B,FOOD SALEE,1,2.0,14.0,2.0,1.0,HB5I0
Novotel Megève Mont-Blanc,2024,8,F_B,FOOD SALEE,2,1.0,7.0,1.0,1.0,HB5I0
Novotel Megève Mont-Blanc,2024,8,F_B,FOOD SALEE,3,1.0,7.0,1.0,1.0,HB5I0
Novotel Megève Mont-Blanc,2024,8,F_B,FOOD SALEE,11,1.0,7.0,1.0,1.0,HB5I0
Novotel Megève Mont-Blanc,2024,8,F_B,FOOD SALEE,13,4.0,23.5,2.0,3.0,HB5I0
Novotel Megève Mont-Blanc,2024,8,F_B,FOOD SALEE,14,1.0,7.0,1.0,1.0,HB5I0
Novotel Megève Mont-Blanc,2024,8,F_B,FOOD SALEE,15,1.0,7.0,1.0,1.0,HB5I0
Novotel Megève Mont-Blanc,2024,8,F_B,FOOD SALEE,18,1.0,8.2,1.0,0.0,HB5I0
Novotel Megève Mont-Blanc,2024,8,F_B,FOOD SALEE,20,1.0,7.0,1.0,1.0,HB5I0
Novotel Megève Mont-Blanc,2024,8,F_B,FOOD SALEE,21,1.0,7.0,1.0,1.0,HB5I0
Novotel Megève Mont-Blanc,2024,8,F_B,FOOD SALEE,23,1.0,7.0,1.0,1.0,HB5I0
Novotel Megève Mont-Blanc,2024,8,F_B,FOOD SUCREE,0,6.0,38.4,4.0,3.0,HB5I0
Novotel Megève Mont-Blanc,2024,8,F_B,FOOD SUCREE,1,4.0,26.0,3.0,3.0,HB5I0
Novotel Megève Mont-Blanc,2024,8,F_B,FOOD SUCREE,2,2.0,11.8,2.0,1.0,HB5I0
Novotel Megève Mont-Blanc,2024,8,F_B,FOOD SUCREE,9,1.0,6.0,1.0,1.0,HB5I0
Novotel Megève Mont-Blanc,2024,8,F_B,FOOD SUCREE,12,2.0,15.0,1.0,2.0,HB5I0
Novotel Megève Mont-Blanc,2024,8,F_B,FOOD SUCREE,15,2.0,16.5,2.0,1.0,HB5I0
Novotel Megève Mont-Blanc,2024,8,F_B,FOOD SUCREE,16,3.0,33.5,2.0,2.0,HB5I0
Novotel Megève Mont-Blanc,2024,8,F_B,FOOD SUCREE,17,2.0,10.1,2.0,2.0,HB5I0
Novotel Megève Mont-Blanc,2024,8,F_B,FOOD SUCREE,18,1.0,4.3,1.0,1.0,HB5I0
Novotel Megève Mont-Blanc,2024,8,F_B,FOOD SUCREE,19,3.0,18.3,2.0,3.0,HB5I0
Novotel Megève Mont-Blanc,2024,8,F_B,FOOD SUCREE,20,2.0,11.8,2.0,2.0,HB5I0
Novotel Megève Mont-Blanc,2024,8,F_B,FOOD SUCREE,21,1.0,6.0,1.0,1.0,HB5I0
Novotel Megève Mont-Blanc,2024,8,F_B,FOOD SUCREE,22,3.0,18.0,3.0,3.0,HB5I0
Novotel Megève Mont-Blanc,2024,8,F_B,FOOD SUCREE,23,7.0,36.4,5.0,5.0,HB5I0
Novotel Megève Mont-Blanc,2024,8,F_B,SANS ALCOOL,0,9.0,24.0,4.0,5.0,HB5I0
Novotel Megève Mont-Blanc,2024,8,F_B,SANS ALCOOL,1,5.0,12.5,3.0,2.0,HB5I0
Novotel Megève Mont-Blanc,2024,8,F_B,SANS ALCOOL,2,7.0,21.0,4.0,4.0,HB5I0
Novotel Megève Mont-Blanc,2024,8,F_B,SANS ALCOOL,3,1.0,2.5,1.0,1.0,HB5I0
Novotel Megève Mont-Blanc,2024,8,F_B,SANS ALCOOL,4,2.0,5.0,2.0,2.0,HB5I0
Novotel Megève Mont-Blanc,2024,8,F_B,SANS ALCOOL,5,1.0,2.5,1.0,1.0,HB5I0
Novotel Megève Mont-Blanc,2024,8,F_B,SANS ALCOOL,11,1.0,2.5,1.0,1.0,HB5I0
Novotel Megève Mont-Blanc,2024,8,F_B,SANS ALCOOL,12,1.0,3.0,1.0,1.0,HB5I0
Novotel Megève Mont-Blanc,2024,8,F_B,SANS ALCOOL,14,5.0,12.5,3.0,2.0,HB5I0
Novotel Megève Mont-Blanc,2024,8,F_B,SANS ALCOOL,15,3.0,8.0,3.0,3.0,HB5I0
Novotel Megève Mont-Blanc,2024,8,F_B,SANS ALCOOL,16,2.0,5.5,2.0,2.0,HB5I0
Novotel Megève Mont-Blanc,2024,8,F_B,SANS ALCOOL,18,6.0,15.5,3.0,4.0,HB5I0
Novotel Megève Mont-Blanc,2024,8,F_B,SANS ALCOOL,19,1.0,2.5,1.0,1.0,HB5I0
Novotel Megève Mont-Blanc,2024,8,F_B,SANS ALCOOL,20,2.0,5.0,1.0,1.0,HB5I0
Novotel Megève Mont-Blanc,2024,8,F_B,SANS ALCOOL,21,2.0,5.5,2.0,2.0,HB5I0
Novotel Megève Mont-Blanc,2024,8,F_B,SANS ALCOOL,22,2.0,5.0,2.0,1.0,HB5I0
Novotel Megève Mont-Blanc,2024,8,F_B,SANS ALCOOL,23,13.0,36.0,6.0,7.0,HB5I0
Novotel Megève Mont-Blanc,2024,8,F_B,SOUVENIRS,2,1.0,16.5,1.0,0.0,HB5I0
Novotel Megève Mont-Blanc,2024,8,F_B,SOUVENIRS,18,1.0,7.0,1.0,1.0,HB5I0
Novotel Megève Mont-Blanc,2024,8,F_B,SOUVENIRS,20,1.0,13.2,1.0,1.0,HB5I0
Novotel Megève Mont-Blanc,2024,8,N_F_B,ACCESSOIRES,0,1.0,18.0,1.0,1.0,HB5I0
Novotel Megève Mont-Blanc,2024,8,N_F_B,ACCESSOIRES,11,1.0,15.0,1.0,1.0,HB5I0
Novotel Megève Mont-Blanc,2024,8,N_F_B,ACCESSOIRES,12,2.0,125.0,2.0,2.0,HB5I0
Novotel Megève Mont-Blanc,2024,8,N_F_B,ACCESSOIRES,13,1.0,80.0,1.0,1.0,HB5I0
Novotel Megève Mont-Blanc,2024,8,N_F_B,ACCESSOIRES,15,1.0,30.0,1.0,1.0,HB5I0
Novotel Megève Mont-Blanc,2024,8,N_F_B,ACCESSOIRES,18,5.0,40.0,2.0,2.0,HB5I0
Novotel Megève Mont-Blanc,2024,8,N_F_B,ACCESSOIRES,21,1.0,15.0,1.0,1.0,HB5I0
Novotel Megève Mont-Blanc,2024,8,N_F_B,COSMETIQUE,11,2.0,24.5,2.0,2.0,HB5I0
Novotel Megève Mont-Blanc,2024,8,N_F_B,COSMETIQUE,12,2.0,29.9,2.0,1.0,HB5I0
Novotel Megève Mont-Blanc,2024,8,N_F_B,COSMETIQUE,14,1.0,10.0,1.0,1.0,HB5I0
Novotel Megève Mont-Blanc,2024,8,N_F_B,COSMETIQUE,17,1.0,15.0,1.0,1.0,HB5I0
Novotel Megève Mont-Blanc,2024,8,N_F_B,COSMETIQUE,18,2.0,24.0,2.0,2.0,HB5I0
Novotel Megève Mont-Blanc,2024,8,N_F_B,COSMETIQUE,19,1.0,15.0,1.0,1.0,HB5I0
Novotel Megève Mont-Blanc,2024,8,N_F_B,JEUX / ENFANTS,1,1.0,4.0,1.0,1.0,HB5I0
Novotel Megève Mont-Blanc,2024,8,N_F_B,JEUX / ENFANTS,9,1.0,18.0,1.0,1.0,HB5I0
Novotel Megève Mont-Blanc,2024,8,N_F_B,JEUX / ENFANTS,11,1.0,17.0,1.0,0.0,HB5I0
Novotel Megève Mont-Blanc,2024,8,N_F_B,JEUX / ENFANTS,13,8.0,92.0,6.0,6.0,HB5I0
Novotel Megève Mont-Blanc,2024,8,N_F_B,JEUX / ENFANTS,15,3.0,37.0,2.0,3.0,HB5I0
Novotel Megève Mont-Blanc,2024,8,N_F_B,JEUX / ENFANTS,16,2.0,33.0,1.0,1.0,HB5I0
Novotel Megève Mont-Blanc,2024,8,N_F_B,JEUX / ENFANTS,22,1.0,8.0,1.0,1.0,HB5I0
Novotel Megève Mont-Blanc,2024,8,N_F_B,JEUX / ENFANTS,23,2.0,32.0,2.0,1.0,HB5I0
Novotel Megève Mont-Blanc,2024,8,N_F_B,PAP,10,1.0,12.0,1.0,1.0,HB5I0
Novotel Megève Mont-Blanc,2024,8,N_F_B,PAP,12,1.0,30.0,1.0,1.0,HB5I0
Novotel Megève Mont-Blanc,2024,8,N_F_B,PAP,13,1.0,15.0,1.0,1.0,HB5I0
Novotel Megève Mont-Blanc,2024,8,N_F_B,PAP,14,1.0,30.0,1.0,1.0,HB5I0
Novotel Megève Mont-Blanc,2024,8,N_F_B,PAP,15,2.0,40.0,1.0,2.0,HB5I0
Novotel Megève Mont-Blanc,2024,8,N_F_B,PAP,16,1.0,30.0,1.0,1.0,HB5I0
Novotel Megève Mont-Blanc,2024,8,N_F_B,PAP,18,1.0,30.0,1.0,1.0,HB5I0
Novotel Megève Mont-Blanc,2024,8,N_F_B,PAP,22,1.0,45.0,1.0,1.0,HB5I0
Novotel Megève Mont-Blanc,2024,8,N_F_B,PAP,23,1.0,45.0,1.0,1.0,HB5I0
Novotel Megève Mont-Blanc,2024,8,N_F_B,SOS,0,1.0,22.0,1.0,1.0,HB5I0
Novotel Megève Mont-Blanc,2024,8,N_F_B,SOS,2,1.0,12.0,1.0,1.0,HB5I0
Novotel Megève Mont-Blanc,2024,8,N_F_B,SOS,11,2.0,45.0,2.0,1.0,HB5I0
Novotel Megève Mont-Blanc,2024,8,N_F_B,SOS,16,1.0,12.0,1.0,1.0,HB5I0
Novotel Megève Mont-Blanc,2024,8,N_F_B,SOS,19,1.0,25.0,1.0,1.0,HB5I0
Novotel Megève Mont-Blanc,2024,8,N_F_B,SOS,21,1.0,20.0,1.0,0.0,HB5I0
Novotel Megève Mont-Blanc,2024,8,N_F_B,SOUVENIRS,16,1.0,18.0,1.0,0.0,HB5I0
Novotel Megève Mont-Blanc,2024,8,N_F_B,SOUVENIRS,18,3.0,48.0,1.0,1.0,HB5I0
Novotel Megève Mont-Blanc,2024,9,F_B,ALCOOL,2,1.0,8.0,1.0,1.0,HB5I0
Novotel Megève Mont-Blanc,2024,9,F_B,ALCOOL,8,1.0,8.0,1.0,1.0,HB5I0
Novotel Megève Mont-Blanc,2024,9,F_B,ALCOOL,17,1.0,12.0,1.0,1.0,HB5I0
Novotel Megève Mont-Blanc,2024,9,F_B,ALCOOL,21,2.0,24.0,1.0,1.0,HB5I0
Novotel Megève Mont-Blanc,2024,9,F_B,FOOD SALEE,21,1.0,8.5,1.0,1.0,HB5I0
Novotel Megève Mont-Blanc,2024,9,F_B,FOOD SUCREE,0,2.0,10.5,2.0,1.0,HB5I0
Novotel Megève Mont-Blanc,2024,9,F_B,FOOD SUCREE,2,1.0,6.0,1.0,1.0,HB5I0
Novotel Megève Mont-Blanc,2024,9,F_B,FOOD SUCREE,8,1.0,4.3,1.0,1.0,HB5I0
Novotel Megève Mont-Blanc,2024,9,F_B,FOOD SUCREE,10,4.0,24.9,1.0,2.0,HB5I0
Novotel Megève Mont-Blanc,2024,9,F_B,FOOD SUCREE,11,1.0,7.5,1.0,1.0,HB5I0
Novotel Megève Mont-Blanc,2024,9,F_B,FOOD SUCREE,16,1.0,6.0,1.0,1.0,HB5I0
Novotel Megève Mont-Blanc,2024,9,F_B,FOOD SUCREE,20,2.0,14.0,1.0,2.0,HB5I0
Novotel Megève Mont-Blanc,2024,9,F_B,FOOD SUCREE,21,2.0,15.3,1.0,2.0,HB5I0
Novotel Megève Mont-Blanc,2024,9,F_B,FOOD SUCREE,22,2.0,10.3,2.0,2.0,HB5I0
Novotel Megève Mont-Blanc,2024,9,F_B,FOOD SUCREE,23,3.0,19.5,3.0,2.0,HB5I0
Novotel Megève Mont-Blanc,2024,9,F_B,SANS ALCOOL,0,2.0,5.0,1.0,1.0,HB5I0
Novotel Megève Mont-Blanc,2024,9,F_B,SANS ALCOOL,1,1.0,3.0,1.0,1.0,HB5I0
Novotel Megève Mont-Blanc,2024,9,F_B,SANS ALCOOL,2,1.0,2.5,1.0,1.0,HB5I0
Novotel Megève Mont-Blanc,2024,9,F_B,SANS ALCOOL,4,1.0,3.0,1.0,1.0,HB5I0
Novotel Megève Mont-Blanc,2024,9,F_B,SANS ALCOOL,9,2.0,6.0,2.0,1.0,HB5I0
Novotel Megève Mont-Blanc,2024,9,F_B,SANS ALCOOL,12,1.0,2.5,1.0,1.0,HB5I0
Novotel Megève Mont-Blanc,2024,9,F_B,SANS ALCOOL,13,5.0,12.5,3.0,2.0,HB5I0
Novotel Megève Mont-Blanc,2024,9,F_B,SANS ALCOOL,15,1.0,2.5,1.0,1.0,HB5I0
Novotel Megève Mont-Blanc,2024,9,F_B,SANS ALCOOL,17,2.0,5.5,2.0,2.0,HB5I0
Novotel Megève Mont-Blanc,2024,9,F_B,SANS ALCOOL,18,2.0,5.0,2.0,1.0,HB5I0
Novotel Megève Mont-Blanc,2024,9,F_B,SANS ALCOOL,19,1.0,3.0,1.0,1.0,HB5I0
Novotel Megève Mont-Blanc,2024,9,F_B,SANS ALCOOL,20,3.0,7.5,2.0,2.0,HB5I0
Novotel Megève Mont-Blanc,2024,9,F_B,SANS ALCOOL,21,1.0,2.5,1.0,1.0,HB5I0
Novotel Megève Mont-Blanc,2024,9,F_B,SANS ALCOOL,22,3.0,7.5,3.0,2.0,HB5I0
Novotel Megève Mont-Blanc,2024,9,F_B,SANS ALCOOL,23,2.0,5.0,2.0,2.0,HB5I0
Novotel Megève Mont-Blanc,2024,9,F_B,SOUVENIRS,2,1.0,16.5,1.0,0.0,HB5I0
Novotel Megève Mont-Blanc,2024,9,F_B,SOUVENIRS,19,1.0,16.5,1.0,0.0,HB5I0
Novotel Megève Mont-Blanc,2024,9,N_F_B,ACCESSOIRES,10,1.0,35.0,1.0,1.0,HB5I0
Novotel Megève Mont-Blanc,2024,9,N_F_B,ACCESSOIRES,11,4.0,280.0,3.0,2.0,HB5I0
Novotel Megève Mont-Blanc,2024,9,N_F_B,ACCESSOIRES,13,1.0,45.0,1.0,1.0,HB5I0
Novotel Megève Mont-Blanc,2024,9,N_F_B,ACCESSOIRES,14,3.0,168.0,3.0,3.0,HB5I0
Novotel Megève Mont-Blanc,2024,9,N_F_B,ACCESSOIRES,15,1.0,110.0,1.0,1.0,HB5I0
Novotel Megève Mont-Blanc,2024,9,N_F_B,ACCESSOIRES,23,1.0,80.0,1.0,1.0,HB5I0
Novotel Megève Mont-Blanc,2024,9,N_F_B,COSMETIQUE,8,3.0,26.0,2.0,2.0,HB5I0
Novotel Megève Mont-Blanc,2024,9,N_F_B,COSMETIQUE,11,2.0,20.0,1.0,1.0,HB5I0
Novotel Megève Mont-Blanc,2024,9,N_F_B,COSMETIQUE,12,1.0,8.0,1.0,1.0,HB5I0
Novotel Megève Mont-Blanc,2024,9,N_F_B,COSMETIQUE,13,2.0,28.9,2.0,1.0,HB5I0
Novotel Megève Mont-Blanc,2024,9,N_F_B,COSMETIQUE,16,2.0,20.0,1.0,1.0,HB5I0
Novotel Megève Mont-Blanc,2024,9,N_F_B,COSMETIQUE,19,1.0,6.0,1.0,1.0,HB5I0
Novotel Megève Mont-Blanc,2024,9,N_F_B,COSMETIQUE,22,5.0,78.69999999999999,2.0,2.0,HB5I0
Novotel Megève Mont-Blanc,2024,9,N_F_B,JEUX / ENFANTS,8,1.0,7.0,1.0,0.0,HB5I0
Novotel Megève Mont-Blanc,2024,9,N_F_B,JEUX / ENFANTS,12,1.0,17.0,1.0,0.0,HB5I0
Novotel Megève Mont-Blanc,2024,9,N_F_B,JEUX / ENFANTS,14,1.0,26.0,1.0,1.0,HB5I0
Novotel Megève Mont-Blanc,2024,9,N_F_B,JEUX / ENFANTS,18,1.0,15.0,1.0,1.0,HB5I0
Novotel Megève Mont-Blanc,2024,9,N_F_B,JEUX / ENFANTS,21,1.0,15.0,1.0,1.0,HB5I0
Novotel Megève Mont-Blanc,2024,9,N_F_B,PAP,0,2.0,40.0,1.0,2.0,HB5I0
Novotel Megève Mont-Blanc,2024,9,N_F_B,PAP,13,2.0,40.0,2.0,2.0,HB5I0
Novotel Megève Mont-Blanc,2024,9,N_F_B,PAP,18,2.0,42.0,1.0,2.0,HB5I0
Novotel Megève Mont-Blanc,2024,9,N_F_B,SOS,11,1.0,25.0,1.0,0.0,HB5I0
Novotel Megève Mont-Blanc,2024,9,N_F_B,SOS,22,1.0,12.0,1.0,1.0,HB5I0
Novotel Megève Mont-Blanc,2024,9,N_F_B,SOS,23,2.0,44.0,2.0,1.0,HB5I0
Novotel Megève Mont-Blanc,2024,9,N_F_B,SOUVENIRS,11,4.0,66.0,2.0,3.0,HB5I0
Novotel Megève Mont-Blanc,2024,9,N_F_B,SOUVENIRS,12,1.0,16.0,1.0,1.0,HB5I0
Novotel Megève Mont-Blanc,2024,10,F_B,ALCOOL,1,5.0,40.0,5.0,3.0,HB5I0
Novotel Megève Mont-Blanc,2024,10,F_B,ALCOOL,2,6.0,48.0,2.0,2.0,HB5I0
Novotel Megève Mont-Blanc,2024,10,F_B,ALCOOL,12,2.0,16.0,1.0,1.0,HB5I0
Novotel Megève Mont-Blanc,2024,10,F_B,ALCOOL,13,1.0,12.0,1.0,1.0,HB5I0
Novotel Megève Mont-Blanc,2024,10,F_B,ALCOOL,19,1.0,8.0,1.0,1.0,HB5I0
Novotel Megève Mont-Blanc,2024,10,F_B,ALCOOL,22,2.0,16.0,1.0,2.0,HB5I0
Novotel Megève Mont-Blanc,2024,10,F_B,FOOD SALEE,0,1.0,8.0,1.0,1.0,HB5I0
Novotel Megève Mont-Blanc,2024,10,F_B,FOOD SALEE,1,2.0,16.2,1.0,2.0,HB5I0
Novotel Megève Mont-Blanc,2024,10,F_B,FOOD SALEE,5,1.0,8.3,1.0,1.0,HB5I0
Novotel Megève Mont-Blanc,2024,10,F_B,FOOD SALEE,11,1.0,8.0,1.0,1.0,HB5I0
Novotel Megève Mont-Blanc,2024,10,F_B,FOOD SUCREE,0,1.0,8.0,1.0,1.0,HB5I0
Novotel Megève Mont-Blanc,2024,10,F_B,FOOD SUCREE,5,2.0,13.3,2.0,2.0,HB5I0
Novotel Megève Mont-Blanc,2024,10,F_B,FOOD SUCREE,13,2.0,15.0,1.0,2.0,HB5I0
Novotel Megève Mont-Blanc,2024,10,F_B,FOOD SUCREE,16,1.0,7.5,1.0,1.0,HB5I0
Novotel Megève Mont-Blanc,2024,10,F_B,FOOD SUCREE,19,3.0,28.5,1.0,2.0,HB5I0
Novotel Megève Mont-Blanc,2024,10,F_B,FOOD SUCREE,22,1.0,6.0,1.0,1.0,HB5I0
Novotel Megève Mont-Blanc,2024,10,F_B,FOOD SUCREE,23,2.0,12.0,2.0,1.0,HB5I0
Novotel Megève Mont-Blanc,2024,10,F_B,SANS ALCOOL,0,2.0,6.0,1.0,1.0,HB5I0
Novotel Megève Mont-Blanc,2024,10,F_B,SANS ALCOOL,1,1.0,2.5,1.0,1.0,HB5I0
Novotel Megève Mont-Blanc,2024,10,F_B,SANS ALCOOL,12,2.0,5.5,2.0,2.0,HB5I0
Novotel Megève Mont-Blanc,2024,10,F_B,SANS ALCOOL,15,1.0,3.0,1.0,1.0,HB5I0
Novotel Megève Mont-Blanc,2024,10,F_B,SANS ALCOOL,17,1.0,2.5,1.0,1.0,HB5I0
Novotel Megève Mont-Blanc,2024,10,F_B,SANS ALCOOL,18,6.0,17.0,3.0,5.0,HB5I0
Novotel Megève Mont-Blanc,2024,10,F_B,SANS ALCOOL,22,4.0,11.0,2.0,3.0,HB5I0
Novotel Megève Mont-Blanc,2024,10,F_B,SANS ALCOOL,23,1.0,2.5,1.0,1.0,HB5I0
Novotel Megève Mont-Blanc,2024,10,N_F_B,ACCESSOIRES,11,1.0,15.0,1.0,1.0,HB5I0
Novotel Megève Mont-Blanc,2024,10,N_F_B,ACCESSOIRES,12,1.0,80.0,1.0,1.0,HB5I0
Novotel Megève Mont-Blanc,2024,10,N_F_B,ACCESSOIRES,19,1.0,110.0,1.0,1.0,HB5I0
Novotel Megève Mont-Blanc,2024,10,N_F_B,ACCESSOIRES,21,2.0,20.0,1.0,1.0,HB5I0
Novotel Megève Mont-Blanc,2024,10,N_F_B,ACCESSOIRES,23,1.0,15.0,1.0,1.0,HB5I0
Novotel Megève Mont-Blanc,2024,10,N_F_B,COSMETIQUE,0,1.0,9.0,1.0,1.0,HB5I0
Novotel Megève Mont-Blanc,2024,10,N_F_B,COSMETIQUE,10,1.0,6.0,1.0,1.0,HB5I0
Novotel Megève Mont-Blanc,2024,10,N_F_B,COSMETIQUE,17,1.0,8.0,1.0,1.0,HB5I0
Novotel Megève Mont-Blanc,2024,10,N_F_B,COSMETIQUE,19,1.0,20.9,1.0,0.0,HB5I0
Novotel Megève Mont-Blanc,2024,10,N_F_B,JEUX / ENFANTS,20,1.0,6.0,1.0,1.0,HB5I0
Novotel Megève Mont-Blanc,2024,10,N_F_B,JEUX / ENFANTS,21,1.0,8.0,1.0,1.0,HB5I0
Novotel Megève Mont-Blanc,2024,10,N_F_B,PAP,12,1.0,20.0,1.0,1.0,HB5I0
Novotel Megève Mont-Blanc,2024,10,N_F_B,PAP,21,1.0,30.0,1.0,1.0,HB5I0
Novotel Megève Mont-Blanc,2024,10,N_F_B,SOS,11,1.0,12.0,1.0,1.0,HB5I0
Novotel Megève Mont-Blanc,2024,10,N_F_B,SOS,21,1.0,25.0,1.0,1.0,HB5I0
Novotel Megève Mont-Blanc,2024,10,N_F_B,SOUVENIRS,9,1.0,18.0,1.0,0.0,HB5I0
Novotel Megève Mont-Blanc,2024,10,N_F_B,SOUVENIRS,11,4.0,66.0,2.0,3.0,HB5I0
Novotel Megève Mont-Blanc,2024,11,F_B,ALCOOL,0,1.0,8.0,1.0,1.0,HB5I0
Novotel Megève Mont-Blanc,2024,11,F_B,ALCOOL,22,1.0,8.0,1.0,1.0,HB5I0
Novotel Megève Mont-Blanc,2024,11,F_B,FOOD SALEE,1,1.0,8.0,1.0,1.0,HB5I0
Novotel Megève Mont-Blanc,2024,11,F_B,FOOD SALEE,19,2.0,16.3,2.0,2.0,HB5I0
Novotel Megève Mont-Blanc,2024,11,F_B,FOOD SUCREE,2,2.0,13.3,1.0,2.0,HB5I0
Novotel Megève Mont-Blanc,2024,11,F_B,FOOD SUCREE,9,4.0,17.2,1.0,1.0,HB5I0
Novotel Megève Mont-Blanc,2024,11,F_B,FOOD SUCREE,12,1.0,7.5,1.0,1.0,HB5I0
Novotel Megève Mont-Blanc,2024,11,F_B,FOOD SUCREE,13,2.0,15.0,1.0,2.0,HB5I0
Novotel Megève Mont-Blanc,2024,11,F_B,FOOD SUCREE,14,1.0,4.3,1.0,1.0,HB5I0
Novotel Megève Mont-Blanc,2024,11,F_B,FOOD SUCREE,15,2.0,8.6,1.0,1.0,HB5I0
Novotel Megève Mont-Blanc,2024,11,F_B,FOOD SUCREE,19,7.0,33.3,3.0,5.0,HB5I0
Novotel Megève Mont-Blanc,2024,11,F_B,FOOD SUCREE,21,1.0,7.3,1.0,1.0,HB5I0
Novotel Megève Mont-Blanc,2024,11,F_B,FOOD SUCREE,22,5.0,43.4,3.0,3.0,HB5I0
Novotel Megève Mont-Blanc,2024,11,F_B,FOOD SUCREE,23,1.0,12.7,1.0,0.0,HB5I0
Novotel Megève Mont-Blanc,2024,11,F_B,SANS ALCOOL,0,2.0,5.0,1.0,1.0,HB5I0
Novotel Megève Mont-Blanc,2024,11,F_B,SANS ALCOOL,11,2.0,5.5,1.0,2.0,HB5I0
Novotel Megève Mont-Blanc,2024,11,F_B,SANS ALCOOL,13,1.0,2.5,1.0,1.0,HB5I0
Novotel Megève Mont-Blanc,2024,11,F_B,SANS ALCOOL,15,1.0,2.5,1.0,1.0,HB5I0
Novotel Megève Mont-Blanc,2024,11,F_B,SANS ALCOOL,19,2.0,5.5,1.0,2.0,HB5I0
Novotel Megève Mont-Blanc,2024,11,F_B,SANS ALCOOL,20,1.0,3.0,1.0,1.0,HB5I0
Novotel Megève Mont-Blanc,2024,11,F_B,SANS ALCOOL,21,2.0,5.0,1.0,2.0,HB5I0
Novotel Megève Mont-Blanc,2024,11,F_B,SANS ALCOOL,23,1.0,2.5,1.0,1.0,HB5I0
Novotel Megève Mont-Blanc,2024,11,N_F_B,ACCESSOIRES,9,1.0,18.0,1.0,1.0,HB5I0
Novotel Megève Mont-Blanc,2024,11,N_F_B,ACCESSOIRES,10,1.0,70.0,1.0,1.0,HB5I0
Novotel Megève Mont-Blanc,2024,11,N_F_B,ACCESSOIRES,11,1.0,80.0,1.0,1.0,HB5I0
Novotel Megève Mont-Blanc,2024,11,N_F_B,ACCESSOIRES,12,1.0,35.0,1.0,1.0,HB5I0
Novotel Megève Mont-Blanc,2024,11,N_F_B,ACCESSOIRES,13,1.0,70.0,1.0,1.0,HB5I0
Novotel Megève Mont-Blanc,2024,11,N_F_B,ACCESSOIRES,14,1.0,5.0,1.0,1.0,HB5I0
Novotel Megève Mont-Blanc,2024,11,N_F_B,ACCESSOIRES,17,2.0,160.0,2.0,1.0,HB5I0
Novotel Megève Mont-Blanc,2024,11,N_F_B,ACCESSOIRES,20,2.0,150.0,2.0,2.0,HB5I0
Novotel Megève Mont-Blanc,2024,11,N_F_B,ACCESSOIRES,22,2.0,105.0,2.0,2.0,HB5I0
Novotel Megève Mont-Blanc,2024,11,N_F_B,COSMETIQUE,10,1.0,20.0,1.0,0.0,HB5I0
Novotel Megève Mont-Blanc,2024,11,N_F_B,COSMETIQUE,11,4.0,148.5,3.0,3.0,HB5I0
Novotel Megève Mont-Blanc,2024,11,N_F_B,COSMETIQUE,14,1.0,20.9,1.0,0.0,HB5I0
Novotel Megève Mont-Blanc,2024,11,N_F_B,COSMETIQUE,17,1.0,6.0,1.0,1.0,HB5I0
Novotel Megève Mont-Blanc,2024,11,N_F_B,COSMETIQUE,21,1.0,10.0,1.0,1.0,HB5I0
Novotel Megève Mont-Blanc,2024,11,N_F_B,JEUX / ENFANTS,17,1.0,18.0,1.0,1.0,HB5I0
Novotel Megève Mont-Blanc,2024,11,N_F_B,JEUX / ENFANTS,19,1.0,6.0,1.0,1.0,HB5I0
Novotel Megève Mont-Blanc,2024,11,N_F_B,PAP,16,1.0,20.0,1.0,1.0,HB5I0
Novotel Megève Mont-Blanc,2024,11,N_F_B,PAP,17,1.0,45.0,1.0,1.0,HB5I0
Novotel Megève Mont-Blanc,2024,11,N_F_B,SOS,9,1.0,20.0,1.0,0.0,HB5I0
Novotel Megève Mont-Blanc,2024,11,N_F_B,SOS,11,1.0,12.0,1.0,1.0,HB5I0
Novotel Megève Mont-Blanc,2024,11,N_F_B,SOS,12,1.0,20.0,1.0,0.0,HB5I0
Novotel Megève Mont-Blanc,2024,11,N_F_B,SOS,21,1.0,12.0,1.0,1.0,HB5I0
Novotel Megève Mont-Blanc,2024,11,N_F_B,SOUVENIRS,9,1.0,16.0,1.0,1.0,HB5I0
Novotel Megève Mont-Blanc,2024,12,F_B,ALCOOL,0,1.0,8.0,1.0,1.0,HB5I0
Novotel Megève Mont-Blanc,2024,12,F_B,FOOD SALEE,0,1.0,8.6,1.0,1.0,HB5I0
Novotel Megève Mont-Blanc,2024,12,F_B,FOOD SALEE,2,4.0,32.8,4.0,4.0,HB5I0
Novotel Megève Mont-Blanc,2024,12,F_B,FOOD SALEE,4,1.0,8.0,1.0,1.0,HB5I0
Novotel Megève Mont-Blanc,2024,12,F_B,FOOD SALEE,14,1.0,6.0,1.0,1.0,HB5I0
Novotel Megève Mont-Blanc,2024,12,F_B,FOOD SALEE,23,1.0,8.6,1.0,1.0,HB5I0
Novotel Megève Mont-Blanc,2024,12,F_B,FOOD SUCREE,0,6.0,18.0,2.0,3.0,HB5I0
Novotel Megève Mont-Blanc,2024,12,F_B,FOOD SUCREE,1,2.0,10.8,1.0,2.0,HB5I0
Novotel Megève Mont-Blanc,2024,12,F_B,FOOD SUCREE,2,4.0,17.0,2.0,4.0,HB5I0
Novotel Megève Mont-Blanc,2024,12,F_B,FOOD SUCREE,3,4.0,12.0,1.0,3.0,HB5I0
Novotel Megève Mont-Blanc,2024,12,F_B,FOOD SUCREE,11,3.0,10.5,1.0,1.0,HB5I0
Novotel Megève Mont-Blanc,2024,12,F_B,FOOD SUCREE,12,9.0,30.9,4.0,3.0,HB5I0
Novotel Megève Mont-Blanc,2024,12,F_B,FOOD SUCREE,13,2.0,6.0,1.0,2.0,HB5I0
Novotel Megève Mont-Blanc,2024,12,F_B,FOOD SUCREE,14,1.0,3.0,1.0,1.0,HB5I0
Novotel Megève Mont-Blanc,2024,12,F_B,FOOD SUCREE,15,3.0,29.8,2.0,2.0,HB5I0
Novotel Megève Mont-Blanc,2024,12,F_B,FOOD SUCREE,16,6.0,24.8,5.0,6.0,HB5I0
Novotel Megève Mont-Blanc,2024,12,F_B,FOOD SUCREE,17,7.0,41.9,5.0,5.0,HB5I0
Novotel Megève Mont-Blanc,2024,12,F_B,FOOD SUCREE,18,10.0,39.1,7.0,6.0,HB5I0
Novotel Megève Mont-Blanc,2024,12,F_B,FOOD SUCREE,19,4.0,14.0,3.0,3.0,HB5I0
Novotel Megève Mont-Blanc,2024,12,F_B,FOOD SUCREE,21,17.0,105.0,4.0,10.0,HB5I0
Novotel Megève Mont-Blanc,2024,12,F_B,FOOD SUCREE,22,12.0,53.0,8.0,8.0,HB5I0
Novotel Megève Mont-Blanc,2024,12,F_B,FOOD SUCREE,23,5.0,18.0,3.0,4.0,HB5I0
Novotel Megève Mont-Blanc,2024,12,F_B,SANS ALCOOL,1,1.0,3.0,1.0,1.0,HB5I0
Novotel Megève Mont-Blanc,2024,12,F_B,SANS ALCOOL,2,1.0,2.5,1.0,1.0,HB5I0
Novotel Megève Mont-Blanc,2024,12,F_B,SANS ALCOOL,4,1.0,3.0,1.0,1.0,HB5I0
Novotel Megève Mont-Blanc,2024,12,F_B,SANS ALCOOL,6,1.0,2.5,1.0,1.0,HB5I0
Novotel Megève Mont-Blanc,2024,12,F_B,SANS ALCOOL,8,2.0,5.0,1.0,1.0,HB5I0
Novotel Megève Mont-Blanc,2024,12,F_B,SANS ALCOOL,10,2.0,5.0,2.0,2.0,HB5I0
Novotel Megève Mont-Blanc,2024,12,F_B,SANS ALCOOL,11,2.0,5.0,2.0,1.0,HB5I0
Novotel Megève Mont-Blanc,2024,12,F_B,SANS ALCOOL,12,3.0,7.5,3.0,1.0,HB5I0
Novotel Megève Mont-Blanc,2024,12,F_B,SANS ALCOOL,13,5.0,14.0,5.0,4.0,HB5I0
Novotel Megève Mont-Blanc,2024,12,F_B,SANS ALCOOL,15,1.0,2.5,1.0,1.0,HB5I0
Novotel Megève Mont-Blanc,2024,12,F_B,SANS ALCOOL,16,2.0,5.0,2.0,1.0,HB5I0
Novotel Megève Mont-Blanc,2024,12,F_B,SANS ALCOOL,17,5.0,12.5,4.0,2.0,HB5I0
Novotel Megève Mont-Blanc,2024,12,F_B,SANS ALCOOL,18,8.0,21.5,6.0,6.0,HB5I0
Novotel Megève Mont-Blanc,2024,12,F_B,SANS ALCOOL,19,4.0,10.5,4.0,3.0,HB5I0
Novotel Megève Mont-Blanc,2024,12,F_B,SANS ALCOOL,20,1.0,2.5,1.0,1.0,HB5I0
Novotel Megève Mont-Blanc,2024,12,F_B,SANS ALCOOL,21,5.0,13.0,5.0,4.0,HB5I0
Novotel Megève Mont-Blanc,2024,12,F_B,SANS ALCOOL,22,4.0,10.0,3.0,3.0,HB5I0
Novotel Megève Mont-Blanc,2024,12,F_B,SOUVENIRS,17,2.0,33.0,1.0,0.0,HB5I0
Novotel Megève Mont-Blanc,2024,12,N_F_B,#REF!,15,1.0,15.0,1.0,0.0,HB5I0
Novotel Megève Mont-Blanc,2024,12,N_F_B,#REF!,17,1.0,15.0,1.0,0.0,HB5I0
Novotel Megève Mont-Blanc,2024,12,N_F_B,#REF!,21,1.0,15.0,1.0,0.0,HB5I0
Novotel Megève Mont-Blanc,2024,12,N_F_B,#REF!,23,1.0,15.0,1.0,0.0,HB5I0
Novotel Megève Mont-Blanc,2024,12,N_F_B,ACCESSOIRES,10,2.0,150.0,2.0,2.0,HB5I0
Novotel Megève Mont-Blanc,2024,12,N_F_B,ACCESSOIRES,11,2.0,81.0,2.0,2.0,HB5I0
Novotel Megève Mont-Blanc,2024,12,N_F_B,ACCESSOIRES,12,1.0,15.0,1.0,1.0,HB5I0
Novotel Megève Mont-Blanc,2024,12,N_F_B,ACCESSOIRES,14,1.0,18.0,1.0,0.0,HB5I0
Novotel Megève Mont-Blanc,2024,12,N_F_B,ACCESSOIRES,15,1.0,18.0,1.0,0.0,HB5I0
Novotel Megève Mont-Blanc,2024,12,N_F_B,ACCESSOIRES,17,1.0,18.0,1.0,0.0,HB5I0
Novotel Megève Mont-Blanc,2024,12,N_F_B,ACCESSOIRES,18,1.0,11.0,1.0,1.0,HB5I0
Novotel Megève Mont-Blanc,2024,12,N_F_B,ACCESSOIRES,21,1.0,18.0,1.0,0.0,HB5I0
Novotel Megève Mont-Blanc,2024,12,N_F_B,COSMETIQUE,0,1.0,8.0,1.0,1.0,HB5I0
Novotel Megève Mont-Blanc,2024,12,N_F_B,COSMETIQUE,10,2.0,35.0,2.0,1.0,HB5I0
Novotel Megève Mont-Blanc,2024,12,N_F_B,COSMETIQUE,16,1.0,20.9,1.0,0.0,HB5I0
Novotel Megève Mont-Blanc,2024,12,N_F_B,COSMETIQUE,23,1.0,8.0,1.0,1.0,HB5I0
Novotel Megève Mont-Blanc,2024,12,N_F_B,JEUX / ENFANTS,10,1.0,4.95,1.0,1.0,HB5I0
Novotel Megève Mont-Blanc,2024,12,N_F_B,JEUX / ENFANTS,12,2.0,9.95,2.0,2.0,HB5I0
Novotel Megève Mont-Blanc,2024,12,N_F_B,JEUX / ENFANTS,14,1.0,3.95,1.0,1.0,HB5I0
Novotel Megève Mont-Blanc,2024,12,N_F_B,JEUX / ENFANTS,16,1.0,10.95,1.0,1.0,HB5I0
Novotel Megève Mont-Blanc,2024,12,N_F_B,JEUX / ENFANTS,17,2.0,20.0,2.0,1.0,HB5I0
Novotel Megève Mont-Blanc,2024,12,N_F_B,JEUX / ENFANTS,18,4.0,33.75,2.0,4.0,HB5I0
Novotel Megève Mont-Blanc,2024,12,N_F_B,JEUX / ENFANTS,19,2.0,15.95,2.0,2.0,HB5I0
Novotel Megève Mont-Blanc,2024,12,N_F_B,JEUX / ENFANTS,20,5.0,86.0,3.0,3.0,HB5I0
Novotel Megève Mont-Blanc,2024,12,N_F_B,JEUX / ENFANTS,21,4.0,46.8,1.0,4.0,HB5I0
Novotel Megève Mont-Blanc,2024,12,N_F_B,PAP,12,1.0,25.0,1.0,0.0,HB5I0
Novotel Megève Mont-Blanc,2024,12,N_F_B,PAP,13,2.0,30.0,1.0,0.0,HB5I0
Novotel Megève Mont-Blanc,2024,12,N_F_B,PAP,14,1.0,15.0,1.0,0.0,HB5I0
Novotel Megève Mont-Blanc,2024,12,N_F_B,PAP,16,2.0,40.0,1.0,2.0,HB5I0
Novotel Megève Mont-Blanc,2024,12,N_F_B,PAP,20,5.0,125.0,3.0,1.0,HB5I0
Novotel Megève Mont-Blanc,2024,12,N_F_B,PAP,21,1.0,25.0,1.0,0.0,HB5I0
Novotel Megève Mont-Blanc,2024,12,N_F_B,PAP,22,2.0,50.0,2.0,0.0,HB5I0
Novotel Megève Mont-Blanc,2024,12,N_F_B,SOS,18,1.0,24.0,1.0,1.0,HB5I0
Novotel Megève Mont-Blanc,2024,12,N_F_B,SOS,21,1.0,35.0,1.0,1.0,HB5I0
Novotel Megève Mont-Blanc,2024,12,N_F_B,SOUVENIRS,13,3.0,48.0,2.0,3.0,HB5I0
Novotel Megève Mont-Blanc,2024,12,N_F_B,SOUVENIRS,17,1.0,18.0,1.0,0.0,HB5I0
Novotel Megève Mont-Blanc,2024,12,N_F_B,SOUVENIRS,18,1.0,16.0,1.0,1.0,HB5I0
Novotel Megève Mont-Blanc,2024,12,N_F_B,SOUVENIRS,21,1.0,16.0,1.0,1.0,HB5I0
Novotel Megève Mont-Blanc,2025,1,F_B,ALCOOL,1,2.0,16.0,1.0,2.0,HB5I0
Novotel Megève Mont-Blanc,2025,1,F_B,FOOD SALEE,1,3.0,24.5,2.0,3.0,HB5I0
Novotel Megève Mont-Blanc,2025,1,F_B,FOOD SALEE,4,2.0,16.9,1.0,2.0,HB5I0
Novotel Megève Mont-Blanc,2025,1,F_B,FOOD SALEE,10,2.0,12.0,1.0,1.0,HB5I0
Novotel Megève Mont-Blanc,2025,1,F_B,FOOD SALEE,13,2.0,16.4,1.0,1.0,HB5I0
Novotel Megève Mont-Blanc,2025,1,F_B,FOOD SALEE,23,1.0,8.2,1.0,1.0,HB5I0
Novotel Megève Mont-Blanc,2025,1,F_B,FOOD SUCREE,0,9.0,32.5,5.0,6.0,HB5I0
Novotel Megève Mont-Blanc,2025,1,F_B,FOOD SUCREE,1,2.0,6.5,2.0,2.0,HB5I0
Novotel Megève Mont-Blanc,2025,1,F_B,FOOD SUCREE,2,5.0,21.0,3.0,5.0,HB5I0
Novotel Megève Mont-Blanc,2025,1,F_B,FOOD SUCREE,4,2.0,10.0,1.0,2.0,HB5I0
Novotel Megève Mont-Blanc,2025,1,F_B,FOOD SUCREE,8,1.0,7.3,1.0,1.0,HB5I0
Novotel Megève Mont-Blanc,2025,1,F_B,FOOD SUCREE,10,7.0,51.7,4.0,4.0,HB5I0
Novotel Megève Mont-Blanc,2025,1,F_B,FOOD SUCREE,11,1.0,3.0,1.0,1.0,HB5I0
Novotel Megève Mont-Blanc,2025,1,F_B,FOOD SUCREE,12,4.0,42.5,1.0,4.0,HB5I0
Novotel Megève Mont-Blanc,2025,1,F_B,FOOD SUCREE,13,8.0,52.5,3.0,7.0,HB5I0
Novotel Megève Mont-Blanc,2025,1,F_B,FOOD SUCREE,14,2.0,6.0,1.0,2.0,HB5I0
Novotel Megève Mont-Blanc,2025,1,F_B,FOOD SUCREE,15,20.0,151.8,3.0,8.0,HB5I0
Novotel Megève Mont-Blanc,2025,1,F_B,FOOD SUCREE,17,1.0,3.0,1.0,1.0,HB5I0
Novotel Megève Mont-Blanc,2025,1,F_B,FOOD SUCREE,18,8.0,69.0,4.0,5.0,HB5I0
Novotel Megève Mont-Blanc,2025,1,F_B,FOOD SUCREE,19,3.0,9.0,2.0,3.0,HB5I0
Novotel Megève Mont-Blanc,2025,1,F_B,FOOD SUCREE,21,7.0,56.1,3.0,6.0,HB5I0
Novotel Megève Mont-Blanc,2025,1,F_B,FOOD SUCREE,22,1.0,8.0,1.0,1.0,HB5I0
Novotel Megève Mont-Blanc,2025,1,F_B,FOOD SUCREE,23,5.0,15.0,5.0,3.0,HB5I0
Novotel Megève Mont-Blanc,2025,1,F_B,SANS ALCOOL,0,8.0,20.5,7.0,4.0,HB5I0
Novotel Megève Mont-Blanc,2025,1,F_B,SANS ALCOOL,1,4.0,10.0,2.0,2.0,HB5I0
Novotel Megève Mont-Blanc,2025,1,F_B,SANS ALCOOL,2,2.0,5.5,2.0,2.0,HB5I0
Novotel Megève Mont-Blanc,2025,1,F_B,SANS ALCOOL,10,3.0,7.5,2.0,1.0,HB5I0
Novotel Megève Mont-Blanc,2025,1,F_B,SANS ALCOOL,12,2.0,5.5,2.0,2.0,HB5I0
Novotel Megève Mont-Blanc,2025,1,F_B,SANS ALCOOL,13,1.0,2.5,1.0,1.0,HB5I0
Novotel Megève Mont-Blanc,2025,1,F_B,SANS ALCOOL,14,1.0,2.5,1.0,1.0,HB5I0
Novotel Megève Mont-Blanc,2025,1,F_B,SANS ALCOOL,15,2.0,6.0,1.0,1.0,HB5I0
Novotel Megève Mont-Blanc,2025,1,F_B,SANS ALCOOL,21,11.0,27.5,4.0,2.0,HB5I0
Novotel Megève Mont-Blanc,2025,1,F_B,SANS ALCOOL,23,8.0,20.5,5.0,3.0,HB5I0
Novotel Megève Mont-Blanc,2025,1,F_B,SOUVENIRS,19,1.0,16.5,1.0,0.0,HB5I0
Novotel Megève Mont-Blanc,2025,1,N_F_B,#REF!,10,1.0,15.0,1.0,0.0,HB5I0
Novotel Megève Mont-Blanc,2025,1,N_F_B,#REF!,11,2.0,30.0,1.0,0.0,HB5I0
Novotel Megève Mont-Blanc,2025,1,N_F_B,#REF!,14,1.0,15.0,1.0,0.0,HB5I0
Novotel Megève Mont-Blanc,2025,1,N_F_B,#REF!,17,2.0,30.0,1.0,0.0,HB5I0
Novotel Megève Mont-Blanc,2025,1,N_F_B,#REF!,20,1.0,15.0,1.0,0.0,HB5I0
Novotel Megève Mont-Blanc,2025,1,N_F_B,#REF!,21,1.0,15.0,1.0,0.0,HB5I0
Novotel Megève Mont-Blanc,2025,1,N_F_B,ACCESSOIRES,10,1.0,18.0,1.0,0.0,HB5I0
Novotel Megève Mont-Blanc,2025,1,N_F_B,ACCESSOIRES,11,2.0,59.0,2.0,1.0,HB5I0
Novotel Megève Mont-Blanc,2025,1,N_F_B,ACCESSOIRES,15,2.0,28.0,1.0,0.0,HB5I0
Novotel Megève Mont-Blanc,2025,1,N_F_B,ACCESSOIRES,17,2.0,28.0,1.0,0.0,HB5I0
Novotel Megève Mont-Blanc,2025,1,N_F_B,ACCESSOIRES,18,1.0,18.0,1.0,0.0,HB5I0
Novotel Megève Mont-Blanc,2025,1,N_F_B,ACCESSOIRES,21,2.0,32.0,2.0,0.0,HB5I0
Novotel Megève Mont-Blanc,2025,1,N_F_B,JEUX / ENFANTS,8,3.0,21.85,1.0,3.0,HB5I0
Novotel Megève Mont-Blanc,2025,1,N_F_B,JEUX / ENFANTS,11,2.0,21.9,1.0,2.0,HB5I0
Novotel Megève Mont-Blanc,2025,1,N_F_B,JEUX / ENFANTS,12,5.0,54.7,2.0,5.0,HB5I0
Novotel Megève Mont-Blanc,2025,1,N_F_B,JEUX / ENFANTS,13,1.0,18.0,1.0,1.0,HB5I0
Novotel Megève Mont-Blanc,2025,1,N_F_B,JEUX / ENFANTS,14,2.0,20.0,1.0,2.0,HB5I0
Novotel Megève Mont-Blanc,2025,1,N_F_B,JEUX / ENFANTS,18,2.0,20.0,1.0,1.0,HB5I0
Novotel Megève Mont-Blanc,2025,1,N_F_B,JEUX / ENFANTS,19,1.0,8.0,1.0,1.0,HB5I0
Novotel Megève Mont-Blanc,2025,1,N_F_B,JEUX / ENFANTS,20,4.0,50.75,2.0,4.0,HB5I0
Novotel Megève Mont-Blanc,2025,1,N_F_B,JEUX / ENFANTS,23,3.0,32.849999999999994,2.0,3.0,HB5I0
Novotel Megève Mont-Blanc,2025,1,N_F_B,PAP,1,1.0,25.0,1.0,0.0,HB5I0
Novotel Megève Mont-Blanc,2025,1,N_F_B,PAP,11,3.0,45.0,2.0,0.0,HB5I0
Novotel Megève Mont-Blanc,2025,1,N_F_B,PAP,12,3.0,39.0,2.0,1.0,HB5I0
Novotel Megève Mont-Blanc,2025,1,N_F_B,PAP,13,1.0,15.0,1.0,0.0,HB5I0
Novotel Megève Mont-Blanc,2025,1,N_F_B,PAP,14,1.0,15.0,1.0,0.0,HB5I0
Novotel Megève Mont-Blanc,2025,1,N_F_B,PAP,15,1.0,15.0,1.0,0.0,HB5I0
Novotel Megève Mont-Blanc,2025,1,N_F_B,PAP,17,5.0,105.0,3.0,0.0,HB5I0
Novotel Megève Mont-Blanc,2025,1,N_F_B,PAP,18,2.0,50.0,1.0,0.0,HB5I0
Novotel Megève Mont-Blanc,2025,1,N_F_B,PAP,19,3.0,65.0,1.0,0.0,HB5I0
Novotel Megève Mont-Blanc,2025,1,N_F_B,PAP,20,1.0,25.0,1.0,0.0,HB5I0
Novotel Megève Mont-Blanc,2025,1,N_F_B,PAP,21,5.0,105.0,4.0,0.0,HB5I0
Novotel Megève Mont-Blanc,2025,1,N_F_B,PAP,22,1.0,12.0,1.0,1.0,HB5I0
Novotel Megève Mont-Blanc,2025,1,N_F_B,PAP,23,5.0,75.0,3.0,0.0,HB5I0
Novotel Megève Mont-Blanc,2025,1,N_F_B,SOS,20,7.0,112.0,6.0,1.0,HB5I0
Novotel Megève Mont-Blanc,2025,1,N_F_B,SOUVENIRS,17,2.0,1.0,1.0,1.0,HB5I0
Novotel Megève Mont-Blanc,2025,1,N_F_B,SOUVENIRS,18,1.0,0.5,1.0,1.0,HB5I0
Novotel Megève Mont-Blanc,2025,2,F_B,ALCOOL,0,2.0,16.0,1.0,1.0,HB5I0
Novotel Megève Mont-Blanc,2025,2,F_B,ALCOOL,23,3.0,24.0,1.0,1.0,HB5I0
Novotel Megève Mont-Blanc,2025,2,F_B,FOOD SALEE,0,6.0,23.0,2.0,3.0,HB5I0
Novotel Megève Mont-Blanc,2025,2,F_B,FOOD SALEE,1,3.0,24.7,1.0,2.0,HB5I0
Novotel Megève Mont-Blanc,2025,2,F_B,FOOD SALEE,2,1.0,3.0,1.0,1.0,HB5I0
Novotel Megève Mont-Blanc,2025,2,F_B,FOOD SALEE,11,1.0,8.0,1.0,1.0,HB5I0
Novotel Megève Mont-Blanc,2025,2,F_B,FOOD SALEE,18,5.0,15.0,3.0,2.0,HB5I0
Novotel Megève Mont-Blanc,2025,2,F_B,FOOD SALEE,19,2.0,6.0,2.0,1.0,HB5I0
Novotel Megève Mont-Blanc,2025,2,F_B,FOOD SUCREE,0,15.0,45.0,8.0,11.0,HB5I0
Novotel Megève Mont-Blanc,2025,2,F_B,FOOD SUCREE,1,3.0,9.0,1.0,2.0,HB5I0
Novotel Megève Mont-Blanc,2025,2,F_B,FOOD SUCREE,2,3.0,9.0,3.0,3.0,HB5I0
Novotel Megève Mont-Blanc,2025,2,F_B,FOOD SUCREE,4,2.0,11.0,1.0,2.0,HB5I0
Novotel Megève Mont-Blanc,2025,2,F_B,FOOD SUCREE,5,4.0,39.0,3.0,3.0,HB5I0
Novotel Megève Mont-Blanc,2025,2,F_B,FOOD SUCREE,9,1.0,3.0,1.0,1.0,HB5I0
Novotel Megève Mont-Blanc,2025,2,F_B,FOOD SUCREE,10,1.0,3.0,1.0,1.0,HB5I0
Novotel Megève Mont-Blanc,2025,2,F_B,FOOD SUCREE,11,2.0,11.5,2.0,2.0,HB5I0
Novotel Megève Mont-Blanc,2025,2,F_B,FOOD SUCREE,12,2.0,7.0,2.0,2.0,HB5I0
Novotel Megève Mont-Blanc,2025,2,F_B,FOOD SUCREE,14,9.0,58.0,2.0,5.0,HB5I0
Novotel Megève Mont-Blanc,2025,2,F_B,FOOD SUCREE,15,2.0,13.0,2.0,2.0,HB5I0
Novotel Megève Mont-Blanc,2025,2,F_B,FOOD SUCREE,18,12.0,37.5,7.0,6.0,HB5I0
Novotel Megève Mont-Blanc,2025,2,F_B,FOOD SUCREE,19,6.0,18.0,5.0,4.0,HB5I0
Novotel Megève Mont-Blanc,2025,2,F_B,FOOD SUCREE,20,6.0,18.0,4.0,5.0,HB5I0
Novotel Megève Mont-Blanc,2025,2,F_B,FOOD SUCREE,21,8.0,24.0,6.0,4.0,HB5I0
Novotel Megève Mont-Blanc,2025,2,F_B,FOOD SUCREE,22,11.0,33.0,8.0,7.0,HB5I0
Novotel Megève Mont-Blanc,2025,2,F_B,FOOD SUCREE,23,15.0,46.8,9.0,8.0,HB5I0
Novotel Megève Mont-Blanc,2025,2,F_B,SANS ALCOOL,0,8.0,20.5,5.0,3.0,HB5I0
Novotel Megève Mont-Blanc,2025,2,F_B,SANS ALCOOL,1,4.0,10.0,2.0,2.0,HB5I0
Novotel Megève Mont-Blanc,2025,2,F_B,SANS ALCOOL,2,1.0,2.5,1.0,1.0,HB5I0
Novotel Megève Mont-Blanc,2025,2,F_B,SANS ALCOOL,3,1.0,2.5,1.0,1.0,HB5I0
Novotel Megève Mont-Blanc,2025,2,F_B,SANS ALCOOL,9,3.0,7.5,3.0,2.0,HB5I0
Novotel Megève Mont-Blanc,2025,2,F_B,SANS ALCOOL,10,2.0,6.0,1.0,1.0,HB5I0
Novotel Megève Mont-Blanc,2025,2,F_B,SANS ALCOOL,11,3.0,7.5,2.0,1.0,HB5I0
Novotel Megève Mont-Blanc,2025,2,F_B,SANS ALCOOL,12,8.0,20.5,6.0,4.0,HB5I0
Novotel Megève Mont-Blanc,2025,2,F_B,SANS ALCOOL,13,2.0,5.0,1.0,1.0,HB5I0
Novotel Megève Mont-Blanc,2025,2,F_B,SANS ALCOOL,14,3.0,8.5,2.0,2.0,HB5I0
Novotel Megève Mont-Blanc,2025,2,F_B,SANS ALCOOL,15,1.0,2.5,1.0,1.0,HB5I0
Novotel Megève Mont-Blanc,2025,2,F_B,SANS ALCOOL,17,2.0,5.0,1.0,1.0,HB5I0
Novotel Megève Mont-Blanc,2025,2,F_B,SANS ALCOOL,18,4.0,10.0,2.0,2.0,HB5I0
Novotel Megève Mont-Blanc,2025,2,F_B,SANS ALCOOL,19,1.0,3.0,1.0,1.0,HB5I0
Novotel Megève Mont-Blanc,2025,2,F_B,SANS ALCOOL,20,1.0,2.5,1.0,1.0,HB5I0
Novotel Megève Mont-Blanc,2025,2,F_B,SANS ALCOOL,21,7.0,17.5,2.0,2.0,HB5I0
Novotel Megève Mont-Blanc,2025,2,F_B,SANS ALCOOL,22,12.0,30.0,6.0,4.0,HB5I0
Novotel Megève Mont-Blanc,2025,2,F_B,SANS ALCOOL,23,17.0,43.0,7.0,5.0,HB5I0
Novotel Megève Mont-Blanc,2025,2,N_F_B,#REF!,0,1.0,9.0,1.0,1.0,HB5I0
Novotel Megève Mont-Blanc,2025,2,N_F_B,#REF!,19,1.0,15.0,1.0,0.0,HB5I0
Novotel Megève Mont-Blanc,2025,2,N_F_B,#REF!,21,1.0,9.0,1.0,1.0,HB5I0
Novotel Megève Mont-Blanc,2025,2,N_F_B,ACCESSOIRES,5,1.0,5.0,1.0,1.0,HB5I0
Novotel Megève Mont-Blanc,2025,2,N_F_B,ACCESSOIRES,11,2.0,32.0,1.0,0.0,HB5I0
Novotel Megève Mont-Blanc,2025,2,N_F_B,ACCESSOIRES,12,2.0,94.0,2.0,1.0,HB5I0
Novotel Megève Mont-Blanc,2025,2,N_F_B,ACCESSOIRES,15,1.0,14.0,1.0,0.0,HB5I0
Novotel Megève Mont-Blanc,2025,2,N_F_B,ACCESSOIRES,18,4.0,104.0,3.0,2.0,HB5I0
Novotel Megève Mont-Blanc,2025,2,N_F_B,ACCESSOIRES,19,2.0,32.0,1.0,0.0,HB5I0
Novotel Megève Mont-Blanc,2025,2,N_F_B,ACCESSOIRES,20,1.0,14.0,1.0,0.0,HB5I0
Novotel Megève Mont-Blanc,2025,2,N_F_B,ACCESSOIRES,22,5.0,63.0,5.0,2.0,HB5I0
Novotel Megève Mont-Blanc,2025,2,N_F_B,ACCESSOIRES,23,1.0,14.0,1.0,0.0,HB5I0
Novotel Megève Mont-Blanc,2025,2,N_F_B,COSMETIQUE,0,1.0,10.0,1.0,1.0,HB5I0
Novotel Megève Mont-Blanc,2025,2,N_F_B,COSMETIQUE,10,1.0,4.0,1.0,1.0,HB5I0
Novotel Megève Mont-Blanc,2025,2,N_F_B,COSMETIQUE,11,1.0,4.0,1.0,1.0,HB5I0
Novotel Megève Mont-Blanc,2025,2,N_F_B,COSMETIQUE,13,1.0,20.9,1.0,0.0,HB5I0
Novotel Megève Mont-Blanc,2025,2,N_F_B,COSMETIQUE,14,1.0,4.0,1.0,1.0,HB5I0
Novotel Megève Mont-Blanc,2025,2,N_F_B,COSMETIQUE,21,1.0,9.0,1.0,1.0,HB5I0
Novotel Megève Mont-Blanc,2025,2,N_F_B,JEUX / ENFANTS,0,2.0,21.9,1.0,2.0,HB5I0
Novotel Megève Mont-Blanc,2025,2,N_F_B,JEUX / ENFANTS,10,1.0,8.0,1.0,1.0,HB5I0
Novotel Megève Mont-Blanc,2025,2,N_F_B,JEUX / ENFANTS,11,2.0,18.0,2.0,2.0,HB5I0
Novotel Megève Mont-Blanc,2025,2,N_F_B,JEUX / ENFANTS,12,1.0,5.5,1.0,1.0,HB5I0
Novotel Megève Mont-Blanc,2025,2,N_F_B,JEUX / ENFANTS,13,1.0,6.0,1.0,1.0,HB5I0
Novotel Megève Mont-Blanc,2025,2,N_F_B,JEUX / ENFANTS,16,2.0,22.9,2.0,2.0,HB5I0
Novotel Megève Mont-Blanc,2025,2,N_F_B,JEUX / ENFANTS,18,5.0,61.0,4.0,4.0,HB5I0
Novotel Megève Mont-Blanc,2025,2,N_F_B,JEUX / ENFANTS,19,10.0,94.2,4.0,7.0,HB5I0
Novotel Megève Mont-Blanc,2025,2,N_F_B,JEUX / ENFANTS,20,4.0,41.4,4.0,3.0,HB5I0
Novotel Megève Mont-Blanc,2025,2,N_F_B,JEUX / ENFANTS,22,4.0,36.45,3.0,4.0,HB5I0
Novotel Megève Mont-Blanc,2025,2,N_F_B,JEUX / ENFANTS,23,3.0,33.9,2.0,3.0,HB5I0
Novotel Megève Mont-Blanc,2025,2,N_F_B,PAP,6,1.0,35.0,1.0,0.0,HB5I0
Novotel Megève Mont-Blanc,2025,2,N_F_B,PAP,10,1.0,20.0,1.0,0.0,HB5I0
Novotel Megève Mont-Blanc,2025,2,N_F_B,PAP,11,1.0,35.0,1.0,0.0,HB5I0
Novotel Megève Mont-Blanc,2025,2,N_F_B,PAP,13,2.0,70.0,2.0,0.0,HB5I0
Novotel Megève Mont-Blanc,2025,2,N_F_B,PAP,17,1.0,35.0,1.0,0.0,HB5I0
Novotel Megève Mont-Blanc,2025,2,N_F_B,PAP,18,1.0,20.0,1.0,1.0,HB5I0
Novotel Megève Mont-Blanc,2025,2,N_F_B,PAP,19,1.0,35.0,1.0,0.0,HB5I0
Novotel Megève Mont-Blanc,2025,2,N_F_B,PAP,20,1.0,35.0,1.0,0.0,HB5I0
Novotel Megève Mont-Blanc,2025,2,N_F_B,PAP,22,1.0,35.0,1.0,0.0,HB5I0
Novotel Megève Mont-Blanc,2025,2,N_F_B,PAP,23,1.0,20.0,1.0,0.0,HB5I0
Novotel Megève Mont-Blanc,2025,2,N_F_B,SOS,0,3.0,36.0,2.0,1.0,HB5I0
Novotel Megève Mont-Blanc,2025,2,N_F_B,SOS,1,2.0,24.0,2.0,1.0,HB5I0
Novotel Megève Mont-Blanc,2025,2,N_F_B,SOS,10,1.0,12.0,1.0,1.0,HB5I0
Novotel Megève Mont-Blanc,2025,2,N_F_B,SOS,11,4.0,54.0,2.0,1.0,HB5I0
Novotel Megève Mont-Blanc,2025,2,N_F_B,SOS,12,2.0,13.5,2.0,2.0,HB5I0
Novotel Megève Mont-Blanc,2025,2,N_F_B,SOS,14,1.0,15.0,1.0,0.0,HB5I0
Novotel Megève Mont-Blanc,2025,2,N_F_B,SOS,15,2.0,48.0,1.0,1.0,HB5I0
Novotel Megève Mont-Blanc,2025,2,N_F_B,SOS,17,5.0,72.0,3.0,2.0,HB5I0
Novotel Megève Mont-Blanc,2025,2,N_F_B,SOS,19,6.0,72.0,3.0,1.0,HB5I0
Novotel Megève Mont-Blanc,2025,2,N_F_B,SOS,20,8.0,111.0,4.0,1.0,HB5I0
Novotel Megève Mont-Blanc,2025,2,N_F_B,SOS,21,2.0,24.0,2.0,1.0,HB5I0
Novotel Megève Mont-Blanc,2025,2,N_F_B,SOS,22,3.0,28.0,2.0,2.0,HB5I0
Novotel Megève Mont-Blanc,2025,2,N_F_B,SOS,23,3.0,36.0,2.0,1.0,HB5I0
Novotel Megève Mont-Blanc,2025,2,N_F_B,SOUVENIRS,6,6.0,3.0,1.0,1.0,HB5I0
Novotel Megève Mont-Blanc,2025,2,N_F_B,SOUVENIRS,12,2.0,1.0,1.0,1.0,HB5I0
Novotel Megève Mont-Blanc,2025,2,N_F_B,SOUVENIRS,17,6.0,3.0,3.0,1.0,HB5I0
Novotel Megève Mont-Blanc,2025,2,N_F_B,SOUVENIRS,19,1.0,0.5,1.0,1.0,HB5I0
Novotel Megève Mont-Blanc,2025,3,F_B,FOOD SALEE,0,1.0,3.0,1.0,1.0,HB5I0
Novotel Megève Mont-Blanc,2025,3,F_B,FOOD SALEE,3,2.0,6.0,1.0,2.0,HB5I0
Novotel Megève Mont-Blanc,2025,3,F_B,FOOD SALEE,4,5.0,15.0,3.0,3.0,HB5I0
Novotel Megève Mont-Blanc,2025,3,F_B,FOOD SALEE,6,1.0,3.0,1.0,1.0,HB5I0
Novotel Megève Mont-Blanc,2025,3,F_B,FOOD SALEE,10,2.0,12.0,1.0,1.0,HB5I0
Novotel Megève Mont-Blanc,2025,3,F_B,FOOD SALEE,14,2.0,6.0,1.0,2.0,HB5I0
Novotel Megève Mont-Blanc,2025,3,F_B,FOOD SALEE,17,1.0,3.0,1.0,1.0,HB5I0
Novotel Megève Mont-Blanc,2025,3,F_B,FOOD SALEE,18,3.0,9.0,1.0,2.0,HB5I0
Novotel Megève Mont-Blanc,2025,3,F_B,FOOD SALEE,19,1.0,3.0,1.0,1.0,HB5I0
Novotel Megève Mont-Blanc,2025,3,F_B,FOOD SUCREE,0,4.0,12.0,3.0,3.0,HB5I0
Novotel Megève Mont-Blanc,2025,3,F_B,FOOD SUCREE,1,7.0,21.0,3.0,3.0,HB5I0
Novotel Megève Mont-Blanc,2025,3,F_B,FOOD SUCREE,2,2.0,6.0,1.0,2.0,HB5I0
Novotel Megève Mont-Blanc,2025,3,F_B,FOOD SUCREE,3,1.0,3.0,1.0,1.0,HB5I0
Novotel Megève Mont-Blanc,2025,3,F_B,FOOD SUCREE,4,3.0,9.0,2.0,3.0,HB5I0
Novotel Megève Mont-Blanc,2025,3,F_B,FOOD SUCREE,6,2.0,6.0,1.0,1.0,HB5I0
Novotel Megève Mont-Blanc,2025,3,F_B,FOOD SUCREE,7,1.0,7.5,1.0,1.0,HB5I0
Novotel Megève Mont-Blanc,2025,3,F_B,FOOD SUCREE,10,1.0,3.0,1.0,1.0,HB5I0
Novotel Megève Mont-Blanc,2025,3,F_B,FOOD SUCREE,12,1.0,3.0,1.0,1.0,HB5I0
Novotel Megève Mont-Blanc,2025,3,F_B,FOOD SUCREE,13,3.0,9.0,2.0,3.0,HB5I0
Novotel Megève Mont-Blanc,2025,3,F_B,FOOD SUCREE,14,2.0,6.0,1.0,2.0,HB5I0
Novotel Megève Mont-Blanc,2025,3,F_B,FOOD SUCREE,15,7.0,37.0,3.0,4.0,HB5I0
Novotel Megève Mont-Blanc,2025,3,F_B,FOOD SUCREE,16,1.0,3.0,1.0,1.0,HB5I0
Novotel Megève Mont-Blanc,2025,3,F_B,FOOD SUCREE,17,5.0,15.0,4.0,3.0,HB5I0
Novotel Megève Mont-Blanc,2025,3,F_B,FOOD SUCREE,18,6.0,18.0,3.0,5.0,HB5I0
Novotel Megève Mont-Blanc,2025,3,F_B,FOOD SUCREE,19,3.0,9.0,3.0,3.0,HB5I0
Novotel Megève Mont-Blanc,2025,3,F_B,FOOD SUCREE,21,1.0,3.0,1.0,1.0,HB5I0
Novotel Megève Mont-Blanc,2025,3,F_B,FOOD SUCREE,22,4.0,12.0,3.0,4.0,HB5I0
Novotel Megève Mont-Blanc,2025,3,F_B,FOOD SUCREE,23,13.0,39.0,7.0,6.0,HB5I0
Novotel Megève Mont-Blanc,2025,3,F_B,SANS ALCOOL,0,4.0,10.5,3.0,3.0,HB5I0
Novotel Megève Mont-Blanc,2025,3,F_B,SANS ALCOOL,1,3.0,9.0,1.0,2.0,HB5I0
Novotel Megève Mont-Blanc,2025,3,F_B,SANS ALCOOL,4,1.0,2.5,1.0,1.0,HB5I0
Novotel Megève Mont-Blanc,2025,3,F_B,SANS ALCOOL,11,2.0,5.0,1.0,1.0,HB5I0
Novotel Megève Mont-Blanc,2025,3,F_B,SANS ALCOOL,12,1.0,2.5,1.0,1.0,HB5I0
Novotel Megève Mont-Blanc,2025,3,F_B,SANS ALCOOL,13,3.0,8.0,3.0,3.0,HB5I0
Novotel Megève Mont-Blanc,2025,3,F_B,SANS ALCOOL,14,3.0,8.0,2.0,2.0,HB5I0
Novotel Megève Mont-Blanc,2025,3,F_B,SANS ALCOOL,15,1.0,2.5,1.0,1.0,HB5I0
Novotel Megève Mont-Blanc,2025,3,F_B,SANS ALCOOL,16,1.0,2.5,1.0,1.0,HB5I0
Novotel Megève Mont-Blanc,2025,3,F_B,SANS ALCOOL,19,5.0,13.0,3.0,4.0,HB5I0
Novotel Megève Mont-Blanc,2025,3,F_B,SANS ALCOOL,21,3.0,7.5,1.0,2.0,HB5I0
Novotel Megève Mont-Blanc,2025,3,F_B,SANS ALCOOL,22,7.0,17.5,3.0,2.0,HB5I0
Novotel Megève Mont-Blanc,2025,3,F_B,SANS ALCOOL,23,2.0,6.0,1.0,1.0,HB5I0
Novotel Megève Mont-Blanc,2025,3,N_F_B,#REF!,4,1.0,9.0,1.0,1.0,HB5I0
Novotel Megève Mont-Blanc,2025,3,N_F_B,#REF!,10,2.0,18.0,1.0,1.0,HB5I0
Novotel Megève Mont-Blanc,2025,3,N_F_B,#REF!,20,1.0,9.0,1.0,1.0,HB5I0
Novotel Megève Mont-Blanc,2025,3,N_F_B,#REF!,22,2.0,24.0,2.0,1.0,HB5I0
Novotel Megève Mont-Blanc,2025,3,N_F_B,ACCESSOIRES,6,1.0,80.0,1.0,1.0,HB5I0
Novotel Megève Mont-Blanc,2025,3,N_F_B,ACCESSOIRES,15,2.0,28.0,2.0,0.0,HB5I0
Novotel Megève Mont-Blanc,2025,3,N_F_B,ACCESSOIRES,21,1.0,9.0,1.0,1.0,HB5I0
Novotel Megève Mont-Blanc,2025,3,N_F_B,ACCESSOIRES,22,1.0,9.0,1.0,1.0,HB5I0
Novotel Megève Mont-Blanc,2025,3,N_F_B,ACCESSOIRES,23,2.0,28.0,1.0,0.0,HB5I0
Novotel Megève Mont-Blanc,2025,3,N_F_B,COSMETIQUE,12,1.0,9.0,1.0,1.0,HB5I0
Novotel Megève Mont-Blanc,2025,3,N_F_B,COSMETIQUE,19,1.0,10.0,1.0,1.0,HB5I0
Novotel Megève Mont-Blanc,2025,3,N_F_B,JEUX / ENFANTS,0,2.0,20.0,1.0,2.0,HB5I0
Novotel Megève Mont-Blanc,2025,3,N_F_B,JEUX / ENFANTS,10,2.0,11.0,2.0,1.0,HB5I0
Novotel Megève Mont-Blanc,2025,3,N_F_B,JEUX / ENFANTS,11,6.0,53.9,5.0,4.0,HB5I0
Novotel Megève Mont-Blanc,2025,3,N_F_B,JEUX / ENFANTS,12,6.0,63.85,5.0,5.0,HB5I0
Novotel Megève Mont-Blanc,2025,3,N_F_B,JEUX / ENFANTS,14,3.0,32.9,2.0,2.0,HB5I0
Novotel Megève Mont-Blanc,2025,3,N_F_B,JEUX / ENFANTS,15,3.0,23.95,2.0,3.0,HB5I0
Novotel Megève Mont-Blanc,2025,3,N_F_B,JEUX / ENFANTS,17,3.0,27.4,2.0,3.0,HB5I0
Novotel Megève Mont-Blanc,2025,3,N_F_B,JEUX / ENFANTS,19,1.0,12.9,1.0,1.0,HB5I0
Novotel Megève Mont-Blanc,2025,3,N_F_B,JEUX / ENFANTS,20,1.0,12.9,1.0,1.0,HB5I0
Novotel Megève Mont-Blanc,2025,3,N_F_B,JEUX / ENFANTS,21,4.0,22.0,1.0,2.0,HB5I0
Novotel Megève Mont-Blanc,2025,3,N_F_B,JEUX / ENFANTS,22,1.0,12.95,1.0,1.0,HB5I0
Novotel Megève Mont-Blanc,2025,3,N_F_B,PAP,10,3.0,90.0,2.0,0.0,HB5I0
Novotel Megève Mont-Blanc,2025,3,N_F_B,PAP,12,3.0,80.0,2.0,2.0,HB5I0
Novotel Megève Mont-Blanc,2025,3,N_F_B,PAP,13,2.0,65.0,2.0,1.0,HB5I0
Novotel Megève Mont-Blanc,2025,3,N_F_B,PAP,14,1.0,35.0,1.0,0.0,HB5I0
Novotel Megève Mont-Blanc,2025,3,N_F_B,PAP,18,1.0,35.0,1.0,0.0,HB5I0
Novotel Megève Mont-Blanc,2025,3,N_F_B,PAP,22,1.0,35.0,1.0,0.0,HB5I0
Novotel Megève Mont-Blanc,2025,3,N_F_B,PAP,23,1.0,35.0,1.0,0.0,HB5I0
Novotel Megève Mont-Blanc,2025,3,N_F_B,SOS,1,1.0,4.0,1.0,1.0,HB5I0
Novotel Megève Mont-Blanc,2025,3,N_F_B,SOS,9,1.0,24.0,1.0,1.0,HB5I0
Novotel Megève Mont-Blanc,2025,3,N_F_B,SOS,10,1.0,4.0,1.0,1.0,HB5I0
Novotel Megève Mont-Blanc,2025,3,N_F_B,SOS,11,1.0,4.0,1.0,1.0,HB5I0
Novotel Megève Mont-Blanc,2025,3,N_F_B,SOS,17,1.0,12.0,1.0,1.0,HB5I0
Novotel Megève Mont-Blanc,2025,3,N_F_B,SOS,21,1.0,4.0,1.0,1.0,HB5I0
Novotel Megève Mont-Blanc,2025,3,N_F_B,SOS,22,5.0,37.0,4.0,3.0,HB5I0
Novotel Megève Mont-Blanc,2025,3,N_F_B,SOUVENIRS,10,2.0,1.0,2.0,1.0,HB5I0
Novotel Megève Mont-Blanc,2025,3,N_F_B,SOUVENIRS,11,2.0,1.0,1.0,1.0,HB5I0
Novotel Megève Mont-Blanc,2025,3,N_F_B,SOUVENIRS,17,1.0,0.5,1.0,1.0,HB5I0
Novotel Megève Mont-Blanc,2025,3,N_F_B,SOUVENIRS,23,5.0,2.5,1.0,1.0,HB5I0
Novotel Megève Mont-Blanc,2025,4,F_B,FOOD SALEE,1,1.0,3.0,1.0,1.0,HB5I0
Novotel Megève Mont-Blanc,2025,4,F_B,FOOD SALEE,14,2.0,12.0,1.0,1.0,HB5I0
Novotel Megève Mont-Blanc,2025,4,F_B,FOOD SALEE,16,1.0,3.0,1.0,1.0,HB5I0
Novotel Megève Mont-Blanc,2025,4,F_B,FOOD SALEE,21,1.0,3.0,1.0,1.0,HB5I0
Novotel Megève Mont-Blanc,2025,4,F_B,FOOD SALEE,23,1.0,3.0,1.0,1.0,HB5I0
Novotel Megève Mont-Blanc,2025,4,F_B,FOOD SUCREE,0,1.0,3.0,1.0,1.0,HB5I0
Novotel Megève Mont-Blanc,2025,4,F_B,FOOD SUCREE,1,5.0,15.0,2.0,3.0,HB5I0
Novotel Megève Mont-Blanc,2025,4,F_B,FOOD SUCREE,2,4.0,12.0,1.0,2.0,HB5I0
Novotel Megève Mont-Blanc,2025,4,F_B,FOOD SUCREE,12,3.0,11.5,2.0,3.0,HB5I0
Novotel Megève Mont-Blanc,2025,4,F_B,FOOD SUCREE,13,3.0,33.0,2.0,2.0,HB5I0
Novotel Megève Mont-Blanc,2025,4,F_B,FOOD SUCREE,18,1.0,3.0,1.0,1.0,HB5I0
Novotel Megève Mont-Blanc,2025,4,F_B,FOOD SUCREE,19,2.0,6.0,1.0,1.0,HB5I0
Novotel Megève Mont-Blanc,2025,4,F_B,FOOD SUCREE,20,1.0,3.0,1.0,1.0,HB5I0
Novotel Megève Mont-Blanc,2025,4,F_B,FOOD SUCREE,21,3.0,10.0,1.0,3.0,HB5I0
Novotel Megève Mont-Blanc,2025,4,F_B,FOOD SUCREE,22,1.0,5.0,1.0,1.0,HB5I0
Novotel Megève Mont-Blanc,2025,4,F_B,FOOD SUCREE,23,7.0,21.0,5.0,4.0,HB5I0
Novotel Megève Mont-Blanc,2025,4,F_B,SANS ALCOOL,1,1.0,2.5,1.0,1.0,HB5I0
Novotel Megève Mont-Blanc,2025,4,F_B,SANS ALCOOL,8,1.0,2.5,1.0,1.0,HB5I0
Novotel Megève Mont-Blanc,2025,4,F_B,SANS ALCOOL,9,1.0,2.5,1.0,1.0,HB5I0
Novotel Megève Mont-Blanc,2025,4,F_B,SANS ALCOOL,10,1.0,2.5,1.0,1.0,HB5I0
Novotel Megève Mont-Blanc,2025,4,F_B,SANS ALCOOL,12,6.0,16.0,4.0,2.0,HB5I0
Novotel Megève Mont-Blanc,2025,4,F_B,SANS ALCOOL,18,1.0,2.5,1.0,1.0,HB5I0
Novotel Megève Mont-Blanc,2025,4,F_B,SANS ALCOOL,21,4.0,10.0,1.0,1.0,HB5I0
Novotel Megève Mont-Blanc,2025,4,F_B,SANS ALCOOL,22,1.0,2.5,1.0,1.0,HB5I0
Novotel Megève Mont-Blanc,2025,4,F_B,SANS ALCOOL,23,1.0,2.5,1.0,1.0,HB5I0
Novotel Megève Mont-Blanc,2025,4,N_F_B,#REF!,16,2.0,24.0,2.0,1.0,HB5I0
Novotel Megève Mont-Blanc,2025,4,N_F_B,#REF!,21,1.0,9.0,1.0,1.0,HB5I0
Novotel Megève Mont-Blanc,2025,4,N_F_B,ACCESSOIRES,0,1.0,70.0,1.0,1.0,HB5I0
Novotel Megève Mont-Blanc,2025,4,N_F_B,ACCESSOIRES,10,2.0,84.0,2.0,1.0,HB5I0
Novotel Megève Mont-Blanc,2025,4,N_F_B,ACCESSOIRES,12,2.0,32.0,1.0,0.0,HB5I0
Novotel Megève Mont-Blanc,2025,4,N_F_B,ACCESSOIRES,22,1.0,11.0,1.0,1.0,HB5I0
Novotel Megève Mont-Blanc,2025,4,N_F_B,ACCESSOIRES,23,3.0,32.0,2.0,1.0,HB5I0
Novotel Megève Mont-Blanc,2025,4,N_F_B,COSMETIQUE,22,3.0,16.0,2.0,2.0,HB5I0
Novotel Megève Mont-Blanc,2025,4,N_F_B,COSMETIQUE,23,1.0,15.0,1.0,1.0,HB5I0
Novotel Megève Mont-Blanc,2025,4,N_F_B,JEUX / ENFANTS,11,3.0,16.5,3.0,3.0,HB5I0
Novotel Megève Mont-Blanc,2025,4,N_F_B,JEUX / ENFANTS,12,1.0,5.5,1.0,1.0,HB5I0
Novotel Megève Mont-Blanc,2025,4,N_F_B,JEUX / ENFANTS,13,2.0,22.9,1.0,2.0,HB5I0
Novotel Megève Mont-Blanc,2025,4,N_F_B,JEUX / ENFANTS,17,1.0,12.9,1.0,1.0,HB5I0
Novotel Megève Mont-Blanc,2025,4,N_F_B,JEUX / ENFANTS,19,1.0,5.5,1.0,1.0,HB5I0
Novotel Megève Mont-Blanc,2025,4,N_F_B,JEUX / ENFANTS,20,3.0,30.0,2.0,2.0,HB5I0
Novotel Megève Mont-Blanc,2025,4,N_F_B,JEUX / ENFANTS,21,1.0,12.9,1.0,1.0,HB5I0
Novotel Megève Mont-Blanc,2025,4,N_F_B,JEUX / ENFANTS,22,1.0,10.95,1.0,1.0,HB5I0
Novotel Megève Mont-Blanc,2025,4,N_F_B,PAP,0,2.0,40.0,1.0,0.0,HB5I0
Novotel Megève Mont-Blanc,2025,4,N_F_B,PAP,13,1.0,45.0,1.0,1.0,HB5I0
Novotel Megève Mont-Blanc,2025,4,N_F_B,PAP,15,1.0,20.0,1.0,0.0,HB5I0
Novotel Megève Mont-Blanc,2025,4,N_F_B,SOS,4,1.0,4.0,1.0,1.0,HB5I0
Novotel Megève Mont-Blanc,2025,4,N_F_B,SOS,12,1.0,12.0,1.0,1.0,HB5I0
Novotel Megève Mont-Blanc,2025,4,N_F_B,SOS,17,2.0,17.0,1.0,2.0,HB5I0
Novotel Megève Mont-Blanc,2025,5,F_B,FOOD SALEE,3,2.0,6.0,1.0,2.0,HB5I0
Novotel Megève Mont-Blanc,2025,5,F_B,FOOD SALEE,12,1.0,8.0,1.0,1.0,HB5I0
Novotel Megève Mont-Blanc,2025,5,F_B,FOOD SALEE,17,2.0,16.0,1.0,2.0,HB5I0
Novotel Megève Mont-Blanc,2025,5,F_B,FOOD SALEE,19,1.0,3.0,1.0,1.0,HB5I0
Novotel Megève Mont-Blanc,2025,5,F_B,FOOD SALEE,20,1.0,3.0,1.0,1.0,HB5I0
Novotel Megève Mont-Blanc,2025,5,F_B,FOOD SALEE,21,2.0,6.0,1.0,1.0,HB5I0
Novotel Megève Mont-Blanc,2025,5,F_B,FOOD SALEE,22,2.0,6.0,1.0,2.0,HB5I0
Novotel Megève Mont-Blanc,2025,5,F_B,FOOD SUCREE,0,2.0,6.0,1.0,1.0,HB5I0
Novotel Megève Mont-Blanc,2025,5,F_B,FOOD SUCREE,3,3.0,9.0,3.0,2.0,HB5I0
Novotel Megève Mont-Blanc,2025,5,F_B,FOOD SUCREE,12,1.0,3.0,1.0,1.0,HB5I0
Novotel Megève Mont-Blanc,2025,5,F_B,FOOD SUCREE,14,4.0,24.9,2.0,4.0,HB5I0
Novotel Megève Mont-Blanc,2025,5,F_B,FOOD SUCREE,19,1.0,3.0,1.0,1.0,HB5I0
Novotel Megève Mont-Blanc,2025,5,F_B,FOOD SUCREE,21,3.0,9.0,1.0,2.0,HB5I0
Novotel Megève Mont-Blanc,2025,5,F_B,FOOD SUCREE,22,1.0,3.0,1.0,1.0,HB5I0
Novotel Megève Mont-Blanc,2025,5,F_B,SANS ALCOOL,0,2.0,5.5,2.0,2.0,HB5I0
Novotel Megève Mont-Blanc,2025,5,F_B,SANS ALCOOL,3,2.0,5.0,2.0,2.0,HB5I0
Novotel Megève Mont-Blanc,2025,5,F_B,SANS ALCOOL,10,1.0,2.5,1.0,1.0,HB5I0
Novotel Megève Mont-Blanc,2025,5,F_B,SANS ALCOOL,12,1.0,3.0,1.0,1.0,HB5I0
Novotel Megève Mont-Blanc,2025,5,F_B,SANS ALCOOL,15,1.0,2.5,1.0,1.0,HB5I0
Novotel Megève Mont-Blanc,2025,5,F_B,SANS ALCOOL,17,1.0,2.5,1.0,1.0,HB5I0
Novotel Megève Mont-Blanc,2025,5,F_B,SANS ALCOOL,18,2.0,5.0,2.0,1.0,HB5I0
Novotel Megève Mont-Blanc,2025,5,N_F_B,#REF!,9,1.0,15.0,1.0,0.0,HB5I0
Novotel Megève Mont-Blanc,2025,5,N_F_B,#REF!,10,3.0,45.0,3.0,1.0,HB5I0
Novotel Megève Mont-Blanc,2025,5,N_F_B,ACCESSOIRES,10,1.0,14.0,1.0,0.0,HB5I0
Novotel Megève Mont-Blanc,2025,5,N_F_B,ACCESSOIRES,12,1.0,18.0,1.0,1.0,HB5I0
Novotel Megève Mont-Blanc,2025,5,N_F_B,ACCESSOIRES,19,2.0,18.0,1.0,1.0,HB5I0
Novotel Megève Mont-Blanc,2025,5,N_F_B,COSMETIQUE,1,1.0,20.9,1.0,0.0,HB5I0
Novotel Megève Mont-Blanc,2025,5,N_F_B,COSMETIQUE,13,1.0,60.0,1.0,1.0,HB5I0
Novotel Megève Mont-Blanc,2025,5,N_F_B,COSMETIQUE,23,1.0,15.0,1.0,1.0,HB5I0
Novotel Megève Mont-Blanc,2025,5,N_F_B,JEUX / ENFANTS,12,1.0,10.95,1.0,1.0,HB5I0
Novotel Megève Mont-Blanc,2025,5,N_F_B,JEUX / ENFANTS,13,5.0,57.15,3.0,4.0,HB5I0
Novotel Megève Mont-Blanc,2025,5,N_F_B,JEUX / ENFANTS,15,1.0,10.0,1.0,1.0,HB5I0
Novotel Megève Mont-Blanc,2025,5,N_F_B,JEUX / ENFANTS,21,1.0,12.9,1.0,1.0,HB5I0
Novotel Megève Mont-Blanc,2025,5,N_F_B,JEUX / ENFANTS,23,2.0,18.4,2.0,2.0,HB5I0
Novotel Megève Mont-Blanc,2025,5,N_F_B,PAP,1,2.0,70.0,1.0,0.0,HB5I0
Novotel Megève Mont-Blanc,2025,5,N_F_B,PAP,12,2.0,40.0,2.0,0.0,HB5I0
Novotel Megève Mont-Blanc,2025,5,N_F_B,PAP,14,1.0,35.0,1.0,0.0,HB5I0
Novotel Megève Mont-Blanc,2025,5,N_F_B,SOS,1,1.0,4.0,1.0,1.0,HB5I0
Novotel Megève Mont-Blanc,2025,6,F_B,FOOD SALEE,1,5.0,15.0,2.0,3.0,HB5I0
Novotel Megève Mont-Blanc,2025,6,F_B,FOOD SALEE,2,3.0,9.0,1.0,3.0,HB5I0
Novotel Megève Mont-Blanc,2025,6,F_B,FOOD SALEE,11,1.0,3.0,1.0,1.0,HB5I0
Novotel Megève Mont-Blanc,2025,6,F_B,FOOD SALEE,20,3.0,9.0,3.0,1.0,HB5I0
Novotel Megève Mont-Blanc,2025,6,F_B,FOOD SALEE,21,1.0,3.0,1.0,1.0,HB5I0
Novotel Megève Mont-Blanc,2025,6,F_B,FOOD SALEE,22,2.0,6.0,1.0,2.0,HB5I0
Novotel Megève Mont-Blanc,2025,6,F_B,FOOD SALEE,23,1.0,3.0,1.0,1.0,HB5I0
Novotel Megève Mont-Blanc,2025,6,F_B,FOOD SUCREE,0,2.0,6.0,2.0,2.0,HB5I0
Novotel Megève Mont-Blanc,2025,6,F_B,FOOD SUCREE,1,2.0,6.0,1.0,2.0,HB5I0
Novotel Megève Mont-Blanc,2025,6,F_B,FOOD SUCREE,2,4.0,12.5,3.0,3.0,HB5I0
Novotel Megève Mont-Blanc,2025,6,F_B,FOOD SUCREE,6,2.0,6.0,1.0,1.0,HB5I0
Novotel Megève Mont-Blanc,2025,6,F_B,FOOD SUCREE,13,2.0,6.0,1.0,1.0,HB5I0
Novotel Megève Mont-Blanc,2025,6,F_B,FOOD SUCREE,14,2.0,15.0,1.0,1.0,HB5I0
Novotel Megève Mont-Blanc,2025,6,F_B,FOOD SUCREE,15,9.0,40.5,1.0,2.0,HB5I0
Novotel Megève Mont-Blanc,2025,6,F_B,FOOD SUCREE,17,2.0,6.0,1.0,2.0,HB5I0
Novotel Megève Mont-Blanc,2025,6,F_B,FOOD SUCREE,18,1.0,3.0,1.0,1.0,HB5I0
Novotel Megève Mont-Blanc,2025,6,F_B,FOOD SUCREE,20,4.0,23.0,2.0,3.0,HB5I0
Novotel Megève Mont-Blanc,2025,6,F_B,FOOD SUCREE,21,3.0,13.0,2.0,2.0,HB5I0
Novotel Megève Mont-Blanc,2025,6,F_B,FOOD SUCREE,22,6.0,41.0,3.0,5.0,HB5I0
Novotel Megève Mont-Blanc,2025,6,F_B,FOOD SUCREE,23,6.0,18.0,3.0,3.0,HB5I0
Novotel Megève Mont-Blanc,2025,6,F_B,SANS ALCOOL,0,7.0,17.5,3.0,3.0,HB5I0
Novotel Megève Mont-Blanc,2025,6,F_B,SANS ALCOOL,2,1.0,2.5,1.0,1.0,HB5I0
Novotel Megève Mont-Blanc,2025,6,F_B,SANS ALCOOL,11,1.0,2.5,1.0,1.0,HB5I0
Novotel Megève Mont-Blanc,2025,6,F_B,SANS ALCOOL,14,1.0,2.5,1.0,1.0,HB5I0
Novotel Megève Mont-Blanc,2025,6,F_B,SANS ALCOOL,18,1.0,2.5,1.0,1.0,HB5I0
Novotel Megève Mont-Blanc,2025,6,F_B,SANS ALCOOL,22,1.0,2.5,1.0,1.0,HB5I0
Novotel Megève Mont-Blanc,2025,6,F_B,SANS ALCOOL,23,3.0,7.5,1.0,1.0,HB5I0
Novotel Megève Mont-Blanc,2025,6,N_F_B,#REF!,10,2.0,32.0,2.0,1.0,HB5I0
Novotel Megève Mont-Blanc,2025,6,N_F_B,#REF!,11,1.0,25.0,1.0,1.0,HB5I0
Novotel Megève Mont-Blanc,2025,6,N_F_B,#REF!,12,1.0,9.0,1.0,1.0,HB5I0
Novotel Megève Mont-Blanc,2025,6,N_F_B,#REF!,13,1.0,20.0,1.0,1.0,HB5I0
Novotel Megève Mont-Blanc,2025,6,N_F_B,#REF!,15,1.0,15.0,1.0,0.0,HB5I0
Novotel Megève Mont-Blanc,2025,6,N_F_B,#REF!,16,1.0,15.0,1.0,0.0,HB5I0
Novotel Megève Mont-Blanc,2025,6,N_F_B,#REF!,21,1.0,12.0,1.0,0.0,HB5I0
Novotel Megève Mont-Blanc,2025,6,N_F_B,#REF!,22,2.0,30.0,2.0,2.0,HB5I0
Novotel Megève Mont-Blanc,2025,6,N_F_B,#REF!,23,5.0,38.5,3.0,2.0,HB5I0
Novotel Megève Mont-Blanc,2025,6,N_F_B,ACCESSOIRES,8,1.0,35.0,1.0,1.0,HB5I0
Novotel Megève Mont-Blanc,2025,6,N_F_B,ACCESSOIRES,9,1.0,45.0,1.0,1.0,HB5I0
Novotel Megève Mont-Blanc,2025,6,N_F_B,ACCESSOIRES,11,3.0,164.0,2.0,2.0,HB5I0
Novotel Megève Mont-Blanc,2025,6,N_F_B,ACCESSOIRES,13,1.0,5.0,1.0,1.0,HB5I0
Novotel Megève Mont-Blanc,2025,6,N_F_B,ACCESSOIRES,18,1.0,70.0,1.0,1.0,HB5I0
Novotel Megève Mont-Blanc,2025,6,N_F_B,ACCESSOIRES,20,1.0,18.0,1.0,1.0,HB5I0
Novotel Megève Mont-Blanc,2025,6,N_F_B,ACCESSOIRES,22,1.0,9.0,1.0,1.0,HB5I0
Novotel Megève Mont-Blanc,2025,6,N_F_B,COSMETIQUE,12,1.0,15.0,1.0,1.0,HB5I0
Novotel Megève Mont-Blanc,2025,6,N_F_B,COSMETIQUE,15,1.0,9.0,1.0,1.0,HB5I0
Novotel Megève Mont-Blanc,2025,6,N_F_B,COSMETIQUE,17,3.0,12.0,1.0,1.0,HB5I0
Novotel Megève Mont-Blanc,2025,6,N_F_B,COSMETIQUE,20,1.0,8.0,1.0,1.0,HB5I0
Novotel Megève Mont-Blanc,2025,6,N_F_B,COSMETIQUE,21,1.0,60.0,1.0,1.0,HB5I0
Novotel Megève Mont-Blanc,2025,6,N_F_B,JEUX / ENFANTS,0,1.0,10.95,1.0,1.0,HB5I0
Novotel Megève Mont-Blanc,2025,6,N_F_B,JEUX / ENFANTS,11,2.0,18.4,1.0,2.0,HB5I0
Novotel Megève Mont-Blanc,2025,6,N_F_B,JEUX / ENFANTS,12,1.0,10.0,1.0,1.0,HB5I0
Novotel Megève Mont-Blanc,2025,6,N_F_B,JEUX / ENFANTS,13,2.0,11.0,1.0,2.0,HB5I0
Novotel Megève Mont-Blanc,2025,6,N_F_B,JEUX / ENFANTS,14,1.0,5.5,1.0,1.0,HB5I0
Novotel Megève Mont-Blanc,2025,6,N_F_B,JEUX / ENFANTS,15,2.0,15.5,2.0,2.0,HB5I0
Novotel Megève Mont-Blanc,2025,6,N_F_B,JEUX / ENFANTS,18,1.0,12.9,1.0,1.0,HB5I0
Novotel Megève Mont-Blanc,2025,6,N_F_B,JEUX / ENFANTS,21,1.0,12.9,1.0,1.0,HB5I0
Novotel Megève Mont-Blanc,2025,6,N_F_B,JEUX / ENFANTS,22,1.0,12.9,1.0,1.0,HB5I0
Novotel Megève Mont-Blanc,2025,6,N_F_B,JEUX / ENFANTS,23,3.0,21.0,2.0,3.0,HB5I0
Novotel Megève Mont-Blanc,2025,6,N_F_B,PAP,14,1.0,35.0,1.0,0.0,HB5I0
Novotel Megève Mont-Blanc,2025,6,N_F_B,PAP,15,1.0,20.0,1.0,0.0,HB5I0
Novotel Megève Mont-Blanc,2025,6,N_F_B,SOS,0,1.0,12.0,1.0,1.0,HB5I0
Novotel Megève Mont-Blanc,2025,6,N_F_B,SOS,17,1.0,12.0,1.0,1.0,HB5I0
Novotel Megève Mont-Blanc,2025,6,N_F_B,SOS,18,1.0,12.0,1.0,1.0,HB5I0
Novotel Megève Mont-Blanc,2025,6,N_F_B,SOS,21,1.0,12.0,1.0,1.0,HB5I0
Novotel Megève Mont-Blanc,2025,6,N_F_B,SOS,23,3.0,15.0,2.0,1.0,HB5I0
Novotel Megève Mont-Blanc,2025,6,N_F_B,SOUVENIRS,0,1.0,0.5,1.0,1.0,HB5I0
Novotel Megève Mont-Blanc,2025,6,N_F_B,SOUVENIRS,10,10.0,5.0,1.0,1.0,HB5I0
Novotel Megève Mont-Blanc,2025,6,N_F_B,SOUVENIRS,11,2.0,1.0,1.0,1.0,HB5I0
Novotel Megève Mont-Blanc,2025,7,F_B,ALCOOL,4,1.0,8.0,1.0,1.0,HB5I0
Novotel Megève Mont-Blanc,2025,7,F_B,FOOD SALEE,0,6.0,17.5,2.0,3.0,HB5I0
Novotel Megève Mont-Blanc,2025,7,F_B,FOOD SALEE,1,3.0,7.5,3.0,1.0,HB5I0
Novotel Megève Mont-Blanc,2025,7,F_B,FOOD SALEE,3,1.0,2.5,1.0,1.0,HB5I0
Novotel Megève Mont-Blanc,2025,7,F_B,FOOD SALEE,4,3.0,14.0,1.0,3.0,HB5I0
Novotel Megève Mont-Blanc,2025,7,F_B,FOOD SALEE,13,2.0,5.0,2.0,1.0,HB5I0
Novotel Megève Mont-Blanc,2025,7,F_B,FOOD SALEE,14,2.0,5.0,1.0,1.0,HB5I0
Novotel Megève Mont-Blanc,2025,7,F_B,FOOD SALEE,15,1.0,2.5,1.0,1.0,HB5I0
Novotel Megève Mont-Blanc,2025,7,F_B,FOOD SALEE,16,2.0,5.0,2.0,1.0,HB5I0
Novotel Megève Mont-Blanc,2025,7,F_B,FOOD SALEE,17,3.0,7.5,1.0,1.0,HB5I0
Novotel Megève Mont-Blanc,2025,7,F_B,FOOD SALEE,18,8.0,20.5,3.0,2.0,HB5I0
Novotel Megève Mont-Blanc,2025,7,F_B,FOOD SALEE,19,4.0,11.5,2.0,2.0,HB5I0
Novotel Megève Mont-Blanc,2025,7,F_B,FOOD SALEE,20,3.0,8.0,3.0,2.0,HB5I0
Novotel Megève Mont-Blanc,2025,7,F_B,FOOD SALEE,21,2.0,5.5,2.0,2.0,HB5I0
Novotel Megève Mont-Blanc,2025,7,F_B,FOOD SALEE,22,5.0,14.0,3.0,3.0,HB5I0
Novotel Megève Mont-Blanc,2025,7,F_B,FOOD SALEE,23,1.0,2.5,1.0,1.0,HB5I0
Novotel Megève Mont-Blanc,2025,7,F_B,FOOD SUCREE,0,11.0,57.0,6.0,7.0,HB5I0
Novotel Megève Mont-Blanc,2025,7,F_B,FOOD SUCREE,1,4.0,12.0,2.0,4.0,HB5I0
Novotel Megève Mont-Blanc,2025,7,F_B,FOOD SUCREE,3,3.0,9.0,2.0,1.0,HB5I0
Novotel Megève Mont-Blanc,2025,7,F_B,FOOD SUCREE,4,1.0,3.0,1.0,1.0,HB5I0
Novotel Megève Mont-Blanc,2025,7,F_B,FOOD SUCREE,6,1.0,3.0,1.0,1.0,HB5I0
Novotel Megève Mont-Blanc,2025,7,F_B,FOOD SUCREE,11,2.0,8.0,2.0,2.0,HB5I0
Novotel Megève Mont-Blanc,2025,7,F_B,FOOD SUCREE,12,2.0,6.0,1.0,1.0,HB5I0
Novotel Megève Mont-Blanc,2025,7,F_B,FOOD SUCREE,13,9.0,27.0,6.0,5.0,HB5I0
Novotel Megève Mont-Blanc,2025,7,F_B,FOOD SUCREE,14,1.0,3.0,1.0,1.0,HB5I0
Novotel Megève Mont-Blanc,2025,7,F_B,FOOD SUCREE,15,1.0,3.0,1.0,1.0,HB5I0
Novotel Megève Mont-Blanc,2025,7,F_B,FOOD SUCREE,16,12.0,36.0,6.0,6.0,HB5I0
Novotel Megève Mont-Blanc,2025,7,F_B,FOOD SUCREE,17,7.0,21.0,4.0,4.0,HB5I0
Novotel Megève Mont-Blanc,2025,7,F_B,FOOD SUCREE,18,5.0,15.0,2.0,2.0,HB5I0
Novotel Megève Mont-Blanc,2025,7,F_B,FOOD SUCREE,19,10.0,43.5,7.0,8.0,HB5I0
Novotel Megève Mont-Blanc,2025,7,F_B,FOOD SUCREE,20,7.0,43.0,4.0,6.0,HB5I0
Novotel Megève Mont-Blanc,2025,7,F_B,FOOD SUCREE,21,5.0,15.0,5.0,3.0,HB5I0
Novotel Megève Mont-Blanc,2025,7,F_B,FOOD SUCREE,22,9.0,39.5,5.0,7.0,HB5I0
Novotel Megève Mont-Blanc,2025,7,F_B,FOOD SUCREE,23,5.0,15.0,3.0,3.0,HB5I0
Novotel Megève Mont-Blanc,2025,7,F_B,SANS ALCOOL,0,5.0,12.5,3.0,2.0,HB5I0
Novotel Megève Mont-Blanc,2025,7,F_B,SANS ALCOOL,1,6.0,15.0,5.0,4.0,HB5I0
Novotel Megève Mont-Blanc,2025,7,F_B,SANS ALCOOL,2,2.0,5.0,1.0,1.0,HB5I0
Novotel Megève Mont-Blanc,2025,7,F_B,SANS ALCOOL,3,4.0,10.0,2.0,2.0,HB5I0
Novotel Megève Mont-Blanc,2025,7,F_B,SANS ALCOOL,4,1.0,2.5,1.0,1.0,HB5I0
Novotel Megève Mont-Blanc,2025,7,F_B,SANS ALCOOL,11,2.0,5.0,1.0,1.0,HB5I0
Novotel Megève Mont-Blanc,2025,7,F_B,SANS ALCOOL,13,1.0,2.5,1.0,1.0,HB5I0
Novotel Megève Mont-Blanc,2025,7,F_B,SANS ALCOOL,14,4.0,10.0,3.0,1.0,HB5I0
Novotel Megève Mont-Blanc,2025,7,F_B,SANS ALCOOL,15,2.0,5.0,1.0,1.0,HB5I0
Novotel Megève Mont-Blanc,2025,7,F_B,SANS ALCOOL,16,1.0,2.5,1.0,1.0,HB5I0
Novotel Megève Mont-Blanc,2025,7,F_B,SANS ALCOOL,18,5.0,12.5,2.0,3.0,HB5I0
Novotel Megève Mont-Blanc,2025,7,F_B,SANS ALCOOL,20,4.0,10.0,3.0,3.0,HB5I0
Novotel Megève Mont-Blanc,2025,7,F_B,SANS ALCOOL,22,2.0,5.0,2.0,2.0,HB5I0
Novotel Megève Mont-Blanc,2025,7,N_F_B,#REF!,0,2.0,29.0,2.0,2.0,HB5I0
Novotel Megève Mont-Blanc,2025,7,N_F_B,#REF!,11,3.0,42.0,2.0,1.0,HB5I0
Novotel Megève Mont-Blanc,2025,7,N_F_B,#REF!,12,2.0,30.0,2.0,1.0,HB5I0
Novotel Megève Mont-Blanc,2025,7,N_F_B,#REF!,13,2.0,46.0,2.0,2.0,HB5I0
Novotel Megève Mont-Blanc,2025,7,N_F_B,#REF!,14,2.0,40.0,2.0,2.0,HB5I0
Novotel Megève Mont-Blanc,2025,7,N_F_B,#REF!,15,3.0,12.0,1.0,1.0,HB5I0
Novotel Megève Mont-Blanc,2025,7,N_F_B,#REF!,16,1.0,9.0,1.0,1.0,HB5I0
Novotel Megève Mont-Blanc,2025,7,N_F_B,#REF!,17,1.0,15.0,1.0,0.0,HB5I0
Novotel Megève Mont-Blanc,2025,7,N_F_B,#REF!,19,1.0,9.0,1.0,1.0,HB5I0
Novotel Megève Mont-Blanc,2025,7,N_F_B,#REF!,20,3.0,23.5,3.0,2.0,HB5I0
Novotel Megève Mont-Blanc,2025,7,N_F_B,#REF!,21,2.0,35.0,2.0,1.0,HB5I0
Novotel Megève Mont-Blanc,2025,7,N_F_B,#REF!,22,1.0,15.0,1.0,1.0,HB5I0
Novotel Megève Mont-Blanc,2025,7,N_F_B,#REF!,23,2.0,49.0,2.0,2.0,HB5I0
Novotel Megève Mont-Blanc,2025,7,N_F_B,ACCESSOIRES,0,1.0,9.0,1.0,1.0,HB5I0
Novotel Megève Mont-Blanc,2025,7,N_F_B,ACCESSOIRES,2,1.0,70.0,1.0,1.0,HB5I0
Novotel Megève Mont-Blanc,2025,7,N_F_B,ACCESSOIRES,9,1.0,9.0,1.0,1.0,HB5I0
Novotel Megève Mont-Blanc,2025,7,N_F_B,ACCESSOIRES,11,1.0,70.0,1.0,1.0,HB5I0
Novotel Megève Mont-Blanc,2025,7,N_F_B,ACCESSOIRES,14,1.0,9.0,1.0,1.0,HB5I0
Novotel Megève Mont-Blanc,2025,7,N_F_B,ACCESSOIRES,16,1.0,9.0,1.0,1.0,HB5I0
Novotel Megève Mont-Blanc,2025,7,N_F_B,ACCESSOIRES,21,1.0,14.0,1.0,0.0,HB5I0
Novotel Megève Mont-Blanc,2025,7,N_F_B,COSMETIQUE,0,5.0,26.0,2.0,2.0,HB5I0
Novotel Megève Mont-Blanc,2025,7,N_F_B,COSMETIQUE,14,1.0,9.0,1.0,1.0,HB5I0
Novotel Megève Mont-Blanc,2025,7,N_F_B,COSMETIQUE,15,1.0,4.0,1.0,1.0,HB5I0
Novotel Megève Mont-Blanc,2025,7,N_F_B,COSMETIQUE,21,1.0,10.0,1.0,1.0,HB5I0
Novotel Megève Mont-Blanc,2025,7,N_F_B,COSMETIQUE,23,1.0,60.0,1.0,1.0,HB5I0
Novotel Megève Mont-Blanc,2025,7,N_F_B,JEUX / ENFANTS,0,4.0,22.0,3.0,2.0,HB5I0
Novotel Megève Mont-Blanc,2025,7,N_F_B,JEUX / ENFANTS,11,3.0,29.35,1.0,3.0,HB5I0
Novotel Megève Mont-Blanc,2025,7,N_F_B,JEUX / ENFANTS,12,3.0,33.9,2.0,3.0,HB5I0
Novotel Megève Mont-Blanc,2025,7,N_F_B,JEUX / ENFANTS,13,4.0,36.8,2.0,3.0,HB5I0
Novotel Megève Mont-Blanc,2025,7,N_F_B,JEUX / ENFANTS,18,1.0,10.0,1.0,1.0,HB5I0
Novotel Megève Mont-Blanc,2025,7,N_F_B,JEUX / ENFANTS,19,3.0,35.8,1.0,2.0,HB5I0
Novotel Megève Mont-Blanc,2025,7,N_F_B,JEUX / ENFANTS,20,2.0,11.0,1.0,2.0,HB5I0
Novotel Megève Mont-Blanc,2025,7,N_F_B,JEUX / ENFANTS,22,2.0,25.85,2.0,2.0,HB5I0
Novotel Megève Mont-Blanc,2025,7,N_F_B,JEUX / ENFANTS,23,2.0,11.0,1.0,1.0,HB5I0
Novotel Megève Mont-Blanc,2025,7,N_F_B,PAP,4,1.0,35.0,1.0,0.0,HB5I0
Novotel Megève Mont-Blanc,2025,7,N_F_B,PAP,16,3.0,105.0,2.0,0.0,HB5I0
Novotel Megève Mont-Blanc,2025,7,N_F_B,PAP,21,1.0,35.0,1.0,0.0,HB5I0
Novotel Megève Mont-Blanc,2025,7,N_F_B,PAP,22,1.0,35.0,1.0,0.0,HB5I0
Novotel Megève Mont-Blanc,2025,7,N_F_B,SOS,3,2.0,16.0,2.0,2.0,HB5I0
Novotel Megève Mont-Blanc,2025,7,N_F_B,SOS,10,1.0,5.0,1.0,1.0,HB5I0
Novotel Megève Mont-Blanc,2025,7,N_F_B,SOS,12,1.0,12.0,1.0,1.0,HB5I0
Novotel Megève Mont-Blanc,2025,7,N_F_B,SOS,14,1.0,4.0,1.0,1.0,HB5I0
Novotel Megève Mont-Blanc,2025,7,N_F_B,SOS,17,1.0,10.0,1.0,1.0,HB5I0
Novotel Megève Mont-Blanc,2025,7,N_F_B,SOS,18,1.0,10.0,1.0,1.0,HB5I0
Novotel Megève Mont-Blanc,2025,7,N_F_B,SOS,19,1.0,12.0,1.0,1.0,HB5I0
Novotel Megève Mont-Blanc,2025,7,N_F_B,SOS,20,1.0,10.0,1.0,1.0,HB5I0
Novotel Megève Mont-Blanc,2025,7,N_F_B,SOS,22,3.0,36.0,2.0,1.0,HB5I0
Novotel Megève Mont-Blanc,2025,7,N_F_B,SOS,23,4.0,48.0,3.0,1.0,HB5I0
Novotel Megève Mont-Blanc,2025,8,F_B,FOOD SALEE,0,4.0,10.5,2.0,2.0,HB5I0
Novotel Megève Mont-Blanc,2025,8,F_B,FOOD SALEE,1,5.0,13.0,3.0,2.0,HB5I0
Novotel Megève Mont-Blanc,2025,8,F_B,FOOD SALEE,2,1.0,3.0,1.0,1.0,HB5I0
Novotel Megève Mont-Blanc,2025,8,F_B,FOOD SALEE,3,2.0,5.5,1.0,2.0,HB5I0
Novotel Megève Mont-Blanc,2025,8,F_B,FOOD SALEE,4,2.0,6.0,1.0,1.0,HB5I0
Novotel Megève Mont-Blanc,2025,8,F_B,FOOD SALEE,12,3.0,18.5,2.0,3.0,HB5I0
Novotel Megève Mont-Blanc,2025,8,F_B,FOOD SALEE,13,3.0,7.5,1.0,1.0,HB5I0
Novotel Megève Mont-Blanc,2025,8,F_B,FOOD SALEE,15,2.0,5.0,2.0,1.0,HB5I0
Novotel Megève Mont-Blanc,2025,8,F_B,FOOD SALEE,16,2.0,5.0,1.0,1.0,HB5I0
Novotel Megève Mont-Blanc,2025,8,F_B,FOOD SALEE,17,2.0,5.0,2.0,1.0,HB5I0
Novotel Megève Mont-Blanc,2025,8,F_B,FOOD SALEE,18,3.0,7.5,2.0,1.0,HB5I0
Novotel Megève Mont-Blanc,2025,8,F_B,FOOD SALEE,20,4.0,10.0,2.0,1.0,HB5I0
Novotel Megève Mont-Blanc,2025,8,F_B,FOOD SALEE,22,2.0,10.5,2.0,2.0,HB5I0
Novotel Megève Mont-Blanc,2025,8,F_B,FOOD SALEE,23,1.0,3.0,1.0,1.0,HB5I0
Novotel Megève Mont-Blanc,2025,8,F_B,FOOD SUCREE,0,1.0,10.0,1.0,1.0,HB5I0
Novotel Megève Mont-Blanc,2025,8,F_B,FOOD SUCREE,1,20.0,82.0,6.0,7.0,HB5I0
Novotel Megève Mont-Blanc,2025,8,F_B,FOOD SUCREE,2,3.0,9.0,1.0,2.0,HB5I0
Novotel Megève Mont-Blanc,2025,8,F_B,FOOD SUCREE,3,3.0,9.0,2.0,3.0,HB5I0
Novotel Megève Mont-Blanc,2025,8,F_B,FOOD SUCREE,4,1.0,3.0,1.0,1.0,HB5I0
Novotel Megève Mont-Blanc,2025,8,F_B,FOOD SUCREE,10,1.0,3.0,1.0,1.0,HB5I0
Novotel Megève Mont-Blanc,2025,8,F_B,FOOD SUCREE,12,11.0,52.0,4.0,4.0,HB5I0
Novotel Megève Mont-Blanc,2025,8,F_B,FOOD SUCREE,13,4.0,16.5,3.0,3.0,HB5I0
Novotel Megève Mont-Blanc,2025,8,F_B,FOOD SUCREE,15,10.0,30.0,6.0,4.0,HB5I0
Novotel Megève Mont-Blanc,2025,8,F_B,FOOD SUCREE,16,2.0,6.0,2.0,2.0,HB5I0
Novotel Megève Mont-Blanc,2025,8,F_B,FOOD SUCREE,17,2.0,18.0,2.0,2.0,HB5I0
Novotel Megève Mont-Blanc,2025,8,F_B,FOOD SUCREE,18,9.0,27.0,5.0,5.0,HB5I0
Novotel Megève Mont-Blanc,2025,8,F_B,FOOD SUCREE,19,7.0,21.0,3.0,4.0,HB5I0
Novotel Megève Mont-Blanc,2025,8,F_B,FOOD SUCREE,20,3.0,9.0,2.0,1.0,HB5I0
Novotel Megève Mont-Blanc,2025,8,F_B,FOOD SUCREE,21,2.0,6.0,1.0,2.0,HB5I0
Novotel Megève Mont-Blanc,2025,8,F_B,FOOD SUCREE,22,6.0,18.0,5.0,4.0,HB5I0
Novotel Megève Mont-Blanc,2025,8,F_B,FOOD SUCREE,23,8.0,24.0,4.0,3.0,HB5I0
Novotel Megève Mont-Blanc,2025,8,F_B,SANS ALCOOL,0,3.0,7.5,2.0,2.0,HB5I0
Novotel Megève Mont-Blanc,2025,8,F_B,SANS ALCOOL,1,15.0,37.5,8.0,3.0,HB5I0
Novotel Megève Mont-Blanc,2025,8,F_B,SANS ALCOOL,2,5.0,12.5,5.0,4.0,HB5I0
Novotel Megève Mont-Blanc,2025,8,F_B,SANS ALCOOL,3,3.0,7.5,2.0,2.0,HB5I0
Novotel Megève Mont-Blanc,2025,8,F_B,SANS ALCOOL,4,1.0,2.5,1.0,1.0,HB5I0
Novotel Megève Mont-Blanc,2025,8,F_B,SANS ALCOOL,7,3.0,7.5,1.0,1.0,HB5I0
Novotel Megève Mont-Blanc,2025,8,F_B,SANS ALCOOL,9,2.0,5.0,1.0,1.0,HB5I0
Novotel Megève Mont-Blanc,2025,8,F_B,SANS ALCOOL,10,2.0,5.0,1.0,1.0,HB5I0
Novotel Megève Mont-Blanc,2025,8,F_B,SANS ALCOOL,11,3.0,7.5,3.0,2.0,HB5I0
Novotel Megève Mont-Blanc,2025,8,F_B,SANS ALCOOL,12,1.0,2.5,1.0,1.0,HB5I0
Novotel Megève Mont-Blanc,2025,8,F_B,SANS ALCOOL,14,1.0,2.5,1.0,1.0,HB5I0
Novotel Megève Mont-Blanc,2025,8,F_B,SANS ALCOOL,15,1.0,2.5,1.0,1.0,HB5I0
Novotel Megève Mont-Blanc,2025,8,F_B,SANS ALCOOL,18,3.0,7.5,2.0,2.0,HB5I0
Novotel Megève Mont-Blanc,2025,8,F_B,SANS ALCOOL,20,6.0,15.0,3.0,2.0,HB5I0
Novotel Megève Mont-Blanc,2025,8,F_B,SANS ALCOOL,21,3.0,7.5,2.0,3.0,HB5I0
Novotel Megève Mont-Blanc,2025,8,F_B,SANS ALCOOL,22,5.0,12.5,3.0,4.0,HB5I0
Novotel Megève Mont-Blanc,2025,8,F_B,SANS ALCOOL,23,11.0,27.5,7.0,5.0,HB5I0
Novotel Megève Mont-Blanc,2025,8,N_F_B,#REF!,0,5.0,53.0,5.0,2.0,HB5I0
Novotel Megève Mont-Blanc,2025,8,N_F_B,#REF!,1,2.0,78.0,2.0,2.0,HB5I0
Novotel Megève Mont-Blanc,2025,8,N_F_B,#REF!,9,2.0,49.0,2.0,2.0,HB5I0
Novotel Megève Mont-Blanc,2025,8,N_F_B,#REF!,10,2.0,14.0,1.0,1.0,HB5I0
Novotel Megève Mont-Blanc,2025,8,N_F_B,#REF!,11,6.0,69.0,6.0,3.0,HB5I0
Novotel Megève Mont-Blanc,2025,8,N_F_B,#REF!,12,7.0,177.0,7.0,6.0,HB5I0
Novotel Megève Mont-Blanc,2025,8,N_F_B,#REF!,13,2.0,68.0,2.0,2.0,HB5I0
Novotel Megève Mont-Blanc,2025,8,N_F_B,#REF!,14,4.0,89.0,4.0,4.0,HB5I0
Novotel Megève Mont-Blanc,2025,8,N_F_B,#REF!,16,2.0,17.0,2.0,2.0,HB5I0
Novotel Megève Mont-Blanc,2025,8,N_F_B,#REF!,17,1.0,15.0,1.0,0.0,HB5I0
Novotel Megève Mont-Blanc,2025,8,N_F_B,#REF!,18,3.0,34.0,3.0,3.0,HB5I0
Novotel Megève Mont-Blanc,2025,8,N_F_B,#REF!,19,2.0,16.5,2.0,0.0,HB5I0
Novotel Megève Mont-Blanc,2025,8,N_F_B,#REF!,20,7.0,67.0,4.0,4.0,HB5I0
Novotel Megève Mont-Blanc,2025,8,N_F_B,#REF!,21,3.0,55.5,3.0,1.0,HB5I0
Novotel Megève Mont-Blanc,2025,8,N_F_B,#REF!,22,2.0,36.0,2.0,2.0,HB5I0
Novotel Megève Mont-Blanc,2025,8,N_F_B,#REF!,23,6.0,79.95,4.0,4.0,HB5I0
Novotel Megève Mont-Blanc,2025,8,N_F_B,ACCESSOIRES,10,1.0,5.0,1.0,1.0,HB5I0
Novotel Megève Mont-Blanc,2025,8,N_F_B,ACCESSOIRES,12,4.0,56.0,2.0,0.0,HB5I0
Novotel Megève Mont-Blanc,2025,8,N_F_B,ACCESSOIRES,14,1.0,70.0,1.0,1.0,HB5I0
Novotel Megève Mont-Blanc,2025,8,N_F_B,ACCESSOIRES,16,1.0,9.0,1.0,1.0,HB5I0
Novotel Megève Mont-Blanc,2025,8,N_F_B,ACCESSOIRES,17,1.0,14.0,1.0,0.0,HB5I0
Novotel Megève Mont-Blanc,2025,8,N_F_B,ACCESSOIRES,22,1.0,9.0,1.0,1.0,HB5I0
Novotel Megève Mont-Blanc,2025,8,N_F_B,ACCESSOIRES,23,2.0,28.0,1.0,0.0,HB5I0
Novotel Megève Mont-Blanc,2025,8,N_F_B,COSMETIQUE,18,1.0,4.0,1.0,1.0,HB5I0
Novotel Megève Mont-Blanc,2025,8,N_F_B,JEUX / ENFANTS,0,2.0,20.0,1.0,1.0,HB5I0
Novotel Megève Mont-Blanc,2025,8,N_F_B,JEUX / ENFANTS,9,2.0,22.9,1.0,2.0,HB5I0
Novotel Megève Mont-Blanc,2025,8,N_F_B,JEUX / ENFANTS,10,2.0,20.0,1.0,1.0,HB5I0
Novotel Megève Mont-Blanc,2025,8,N_F_B,JEUX / ENFANTS,11,1.0,10.0,1.0,1.0,HB5I0
Novotel Megève Mont-Blanc,2025,8,N_F_B,JEUX / ENFANTS,12,7.0,57.85,4.0,6.0,HB5I0
Novotel Megève Mont-Blanc,2025,8,N_F_B,JEUX / ENFANTS,13,4.0,45.85,3.0,3.0,HB5I0
Novotel Megève Mont-Blanc,2025,8,N_F_B,JEUX / ENFANTS,14,1.0,12.95,1.0,1.0,HB5I0
Novotel Megève Mont-Blanc,2025,8,N_F_B,JEUX / ENFANTS,15,5.0,55.75,3.0,5.0,HB5I0
Novotel Megève Mont-Blanc,2025,8,N_F_B,JEUX / ENFANTS,16,2.0,20.0,1.0,1.0,HB5I0
Novotel Megève Mont-Blanc,2025,8,N_F_B,JEUX / ENFANTS,17,1.0,12.95,1.0,1.0,HB5I0
Novotel Megève Mont-Blanc,2025,8,N_F_B,JEUX / ENFANTS,18,4.0,42.85,3.0,3.0,HB5I0
Novotel Megève Mont-Blanc,2025,8,N_F_B,JEUX / ENFANTS,19,2.0,11.0,2.0,2.0,HB5I0
Novotel Megève Mont-Blanc,2025,8,N_F_B,JEUX / ENFANTS,21,3.0,25.5,3.0,2.0,HB5I0
Novotel Megève Mont-Blanc,2025,8,N_F_B,JEUX / ENFANTS,22,3.0,16.5,2.0,2.0,HB5I0
Novotel Megève Mont-Blanc,2025,8,N_F_B,PAP,0,2.0,55.0,2.0,0.0,HB5I0
Novotel Megève Mont-Blanc,2025,8,N_F_B,PAP,1,1.0,35.0,1.0,0.0,HB5I0
Novotel Megève Mont-Blanc,2025,8,N_F_B,PAP,9,1.0,35.0,1.0,0.0,HB5I0
Novotel Megève Mont-Blanc,2025,8,N_F_B,PAP,13,2.0,70.0,2.0,0.0,HB5I0
Novotel Megève Mont-Blanc,2025,8,N_F_B,PAP,15,2.0,55.0,1.0,0.0,HB5I0
Novotel Megève Mont-Blanc,2025,8,N_F_B,PAP,19,2.0,55.0,2.0,0.0,HB5I0
Novotel Megève Mont-Blanc,2025,8,N_F_B,PAP,22,1.0,35.0,1.0,0.0,HB5I0
Novotel Megève Mont-Blanc,2025,8,N_F_B,PAP,23,1.0,20.0,1.0,0.0,HB5I0
Novotel Megève Mont-Blanc,2025,8,N_F_B,SOS,0,4.0,41.0,4.0,3.0,HB5I0
Novotel Megève Mont-Blanc,2025,8,N_F_B,SOS,1,2.0,24.0,2.0,1.0,HB5I0
Novotel Megève Mont-Blanc,2025,8,N_F_B,SOS,10,1.0,10.0,1.0,1.0,HB5I0
Novotel Megève Mont-Blanc,2025,8,N_F_B,SOS,11,2.0,14.0,2.0,2.0,HB5I0
Novotel Megève Mont-Blanc,2025,8,N_F_B,SOS,13,1.0,15.0,1.0,0.0,HB5I0
Novotel Megève Mont-Blanc,2025,8,N_F_B,SOS,14,2.0,17.0,2.0,2.0,HB5I0
Novotel Megève Mont-Blanc,2025,8,N_F_B,SOS,16,1.0,10.0,1.0,1.0,HB5I0
Novotel Megève Mont-Blanc,2025,8,N_F_B,SOS,17,1.0,12.0,1.0,1.0,HB5I0
Novotel Megève Mont-Blanc,2025,8,N_F_B,SOS,18,1.0,10.0,1.0,1.0,HB5I0
Novotel Megève Mont-Blanc,2025,8,N_F_B,SOS,19,4.0,47.0,4.0,2.0,HB5I0
Novotel Megève Mont-Blanc,2025,8,N_F_B,SOS,20,3.0,35.0,2.0,1.0,HB5I0
Novotel Megève Mont-Blanc,2025,8,N_F_B,SOS,21,3.0,29.0,3.0,2.0,HB5I0
Novotel Megève Mont-Blanc,2025,8,N_F_B,SOS,22,6.0,81.0,3.0,1.0,HB5I0
Novotel Megève Mont-Blanc,2025,8,N_F_B,SOS,23,5.0,54.0,5.0,2.0,HB5I0
Novotel Megève Mont-Blanc,2025,8,N_F_B,SOUVENIRS,11,2.0,2.0,1.0,1.0,HB5I0
Novotel Megève Mont-Blanc,2025,8,N_F_B,SOUVENIRS,12,2.0,2.0,1.0,1.0,HB5I0
Novotel Megève Mont-Blanc,2025,9,F_B,FOOD SALEE,0,3.0,8.0,2.0,2.0,HB5I0
Novotel Megève Mont-Blanc,2025,9,F_B,FOOD SALEE,1,2.0,5.0,1.0,1.0,HB5I0
Novotel Megève Mont-Blanc,2025,9,F_B,FOOD SALEE,13,5.0,15.0,1.0,4.0,HB5I0
Novotel Megève Mont-Blanc,2025,9,F_B,FOOD SALEE,14,1.0,3.0,1.0,1.0,HB5I0
Novotel Megève Mont-Blanc,2025,9,F_B,FOOD SALEE,20,2.0,5.5,2.0,2.0,HB5I0
Novotel Megève Mont-Blanc,2025,9,F_B,FOOD SALEE,21,1.0,3.0,1.0,1.0,HB5I0
Novotel Megève Mont-Blanc,2025,9,F_B,FOOD SALEE,22,4.0,10.5,2.0,2.0,HB5I0
Novotel Megève Mont-Blanc,2025,9,F_B,FOOD SALEE,23,1.0,2.5,1.0,1.0,HB5I0
Novotel Megève Mont-Blanc,2025,9,F_B,FOOD SUCREE,0,4.0,12.0,3.0,3.0,HB5I0
Novotel Megève Mont-Blanc,2025,9,F_B,FOOD SUCREE,1,2.0,6.0,1.0,1.0,HB5I0
Novotel Megève Mont-Blanc,2025,9,F_B,FOOD SUCREE,17,2.0,6.0,1.0,2.0,HB5I0
Novotel Megève Mont-Blanc,2025,9,F_B,FOOD SUCREE,18,1.0,3.0,1.0,1.0,HB5I0
Novotel Megève Mont-Blanc,2025,9,F_B,FOOD SUCREE,19,1.0,13.0,1.0,1.0,HB5I0
Novotel Megève Mont-Blanc,2025,9,F_B,FOOD SUCREE,21,2.0,6.0,2.0,2.0,HB5I0
Novotel Megève Mont-Blanc,2025,9,F_B,FOOD SUCREE,22,1.0,3.0,1.0,1.0,HB5I0
Novotel Megève Mont-Blanc,2025,9,F_B,FOOD SUCREE,23,12.0,46.0,9.0,4.0,HB5I0
Novotel Megève Mont-Blanc,2025,9,F_B,SANS ALCOOL,0,1.0,2.5,1.0,1.0,HB5I0
Novotel Megève Mont-Blanc,2025,9,F_B,SANS ALCOOL,1,10.0,25.0,3.0,1.0,HB5I0
Novotel Megève Mont-Blanc,2025,9,F_B,SANS ALCOOL,9,3.0,7.5,1.0,2.0,HB5I0
Novotel Megève Mont-Blanc,2025,9,F_B,SANS ALCOOL,10,2.0,5.0,1.0,1.0,HB5I0
Novotel Megève Mont-Blanc,2025,9,F_B,SANS ALCOOL,12,1.0,2.5,1.0,1.0,HB5I0
Novotel Megève Mont-Blanc,2025,9,F_B,SANS ALCOOL,14,1.0,2.5,1.0,1.0,HB5I0
Novotel Megève Mont-Blanc,2025,9,F_B,SANS ALCOOL,15,1.0,2.5,1.0,1.0,HB5I0
Novotel Megève Mont-Blanc,2025,9,F_B,SANS ALCOOL,17,1.0,2.5,1.0,1.0,HB5I0
Novotel Megève Mont-Blanc,2025,9,F_B,SANS ALCOOL,18,2.0,5.0,1.0,1.0,HB5I0
Novotel Megève Mont-Blanc,2025,9,F_B,SANS ALCOOL,22,11.0,27.5,4.0,5.0,HB5I0
Novotel Megève Mont-Blanc,2025,9,F_B,SANS ALCOOL,23,3.0,7.5,2.0,2.0,HB5I0
Novotel Megève Mont-Blanc,2025,9,N_F_B,#REF!,0,2.0,19.0,2.0,1.0,HB5I0
Novotel Megève Mont-Blanc,2025,9,N_F_B,#REF!,1,1.0,40.0,1.0,1.0,HB5I0
Novotel Megève Mont-Blanc,2025,9,N_F_B,#REF!,11,3.0,31.0,3.0,1.0,HB5I0
Novotel Megève Mont-Blanc,2025,9,N_F_B,#REF!,12,4.0,47.0,3.0,2.0,HB5I0
Novotel Megève Mont-Blanc,2025,9,N_F_B,#REF!,13,2.0,19.0,2.0,1.0,HB5I0
Novotel Megève Mont-Blanc,2025,9,N_F_B,#REF!,14,1.0,13.0,1.0,1.0,HB5I0
Novotel Megève Mont-Blanc,2025,9,N_F_B,#REF!,15,3.0,55.0,2.0,2.0,HB5I0
Novotel Megève Mont-Blanc,2025,9,N_F_B,#REF!,17,3.0,29.0,3.0,1.0,HB5I0
Novotel Megève Mont-Blanc,2025,9,N_F_B,#REF!,18,3.0,55.0,3.0,3.0,HB5I0
Novotel Megève Mont-Blanc,2025,9,N_F_B,#REF!,20,2.0,16.0,2.0,2.0,HB5I0
Novotel Megève Mont-Blanc,2025,9,N_F_B,#REF!,21,2.0,40.5,2.0,1.0,HB5I0
Novotel Megève Mont-Blanc,2025,9,N_F_B,#REF!,22,2.0,25.0,1.0,1.0,HB5I0
Novotel Megève Mont-Blanc,2025,9,N_F_B,ACCESSOIRES,0,1.0,14.0,1.0,0.0,HB5I0
Novotel Megève Mont-Blanc,2025,9,N_F_B,ACCESSOIRES,12,1.0,14.0,1.0,0.0,HB5I0
Novotel Megève Mont-Blanc,2025,9,N_F_B,ACCESSOIRES,20,1.0,14.0,1.0,0.0,HB5I0
Novotel Megève Mont-Blanc,2025,9,N_F_B,ACCESSOIRES,22,2.0,19.0,2.0,1.0,HB5I0
Novotel Megève Mont-Blanc,2025,9,N_F_B,ACCESSOIRES,23,1.0,9.0,1.0,1.0,HB5I0
Novotel Megève Mont-Blanc,2025,9,N_F_B,COSMETIQUE,13,2.0,18.0,1.0,1.0,HB5I0
Novotel Megève Mont-Blanc,2025,9,N_F_B,COSMETIQUE,20,2.0,8.0,2.0,1.0,HB5I0
Novotel Megève Mont-Blanc,2025,9,N_F_B,COSMETIQUE,21,1.0,4.0,1.0,1.0,HB5I0
Novotel Megève Mont-Blanc,2025,9,N_F_B,COSMETIQUE,22,1.0,4.0,1.0,1.0,HB5I0
Novotel Megève Mont-Blanc,2025,9,N_F_B,JEUX / ENFANTS,1,2.0,11.0,2.0,1.0,HB5I0
Novotel Megève Mont-Blanc,2025,9,N_F_B,JEUX / ENFANTS,12,3.0,25.5,2.0,2.0,HB5I0
Novotel Megève Mont-Blanc,2025,9,N_F_B,JEUX / ENFANTS,13,3.0,30.0,2.0,2.0,HB5I0
Novotel Megève Mont-Blanc,2025,9,N_F_B,JEUX / ENFANTS,14,4.0,31.0,2.0,3.0,HB5I0
Novotel Megève Mont-Blanc,2025,9,N_F_B,JEUX / ENFANTS,15,1.0,5.5,1.0,1.0,HB5I0
Novotel Megève Mont-Blanc,2025,9,N_F_B,JEUX / ENFANTS,18,1.0,12.9,1.0,1.0,HB5I0
Novotel Megève Mont-Blanc,2025,9,N_F_B,JEUX / ENFANTS,21,2.0,11.0,1.0,2.0,HB5I0
Novotel Megève Mont-Blanc,2025,9,N_F_B,JEUX / ENFANTS,22,3.0,23.9,2.0,3.0,HB5I0
Novotel Megève Mont-Blanc,2025,9,N_F_B,PAP,13,2.0,40.0,1.0,0.0,HB5I0
Novotel Megève Mont-Blanc,2025,9,N_F_B,PAP,21,2.0,70.0,1.0,0.0,HB5I0
Novotel Megève Mont-Blanc,2025,9,N_F_B,PAP,22,2.0,70.0,2.0,0.0,HB5I0
Novotel Megève Mont-Blanc,2025,9,N_F_B,SOS,0,2.0,20.0,2.0,1.0,HB5I0
Novotel Megève Mont-Blanc,2025,9,N_F_B,SOS,11,1.0,10.0,1.0,1.0,HB5I0
Novotel Megève Mont-Blanc,2025,9,N_F_B,SOS,12,1.0,15.0,1.0,0.0,HB5I0
Novotel Megève Mont-Blanc,2025,9,N_F_B,SOS,13,1.0,15.0,1.0,0.0,HB5I0
Novotel Megève Mont-Blanc,2025,9,N_F_B,SOS,15,1.0,5.0,1.0,1.0,HB5I0
Novotel Megève Mont-Blanc,2025,9,N_F_B,SOS,17,2.0,20.0,2.0,1.0,HB5I0
Novotel Megève Mont-Blanc,2025,9,N_F_B,SOS,20,4.0,40.0,4.0,1.0,HB5I0
Novotel Megève Mont-Blanc,2025,9,N_F_B,SOS,22,2.0,20.0,1.0,1.0,HB5I0
Novotel Megève Mont-Blanc,2025,9,N_F_B,SOS,23,1.0,10.0,1.0,1.0,HB5I0
Novotel Megève Mont-Blanc,2025,9,N_F_B,SOUVENIRS,12,2.0,2.0,1.0,1.0,HB5I0
Novotel Megève Mont-Blanc,2025,9,N_F_B,SOUVENIRS,13,1.0,1.0,1.0,1.0,HB5I0
Novotel Megève Mont-Blanc,2025,9,N_F_B,SOUVENIRS,15,1.0,1.0,1.0,1.0,HB5I0
Novotel Megève Mont-Blanc,2025,10,F_B,FOOD SALEE,2,2.0,5.0,1.0,1.0,HB5I0
Novotel Megève Mont-Blanc,2025,10,F_B,FOOD SALEE,4,1.0,8.0,1.0,1.0,HB5I0
Novotel Megève Mont-Blanc,2025,10,F_B,FOOD SALEE,11,2.0,16.0,1.0,2.0,HB5I0
Novotel Megève Mont-Blanc,2025,10,F_B,FOOD SALEE,19,3.0,8.5,1.0,2.0,HB5I0
Novotel Megève Mont-Blanc,2025,10,F_B,FOOD SUCREE,0,1.0,3.0,1.0,1.0,HB5I0
Novotel Megève Mont-Blanc,2025,10,F_B,FOOD SUCREE,1,1.0,10.0,1.0,1.0,HB5I0
Novotel Megève Mont-Blanc,2025,10,F_B,FOOD SUCREE,2,1.0,3.0,1.0,1.0,HB5I0
Novotel Megève Mont-Blanc,2025,10,F_B,FOOD SUCREE,15,2.0,23.0,1.0,2.0,HB5I0
Novotel Megève Mont-Blanc,2025,10,F_B,FOOD SUCREE,18,1.0,7.5,1.0,1.0,HB5I0
Novotel Megève Mont-Blanc,2025,10,F_B,FOOD SUCREE,22,4.0,12.0,2.0,2.0,HB5I0
Novotel Megève Mont-Blanc,2025,10,F_B,SANS ALCOOL,0,3.0,7.5,2.0,2.0,HB5I0
Novotel Megève Mont-Blanc,2025,10,F_B,SANS ALCOOL,2,2.0,5.0,1.0,2.0,HB5I0
Novotel Megève Mont-Blanc,2025,10,F_B,SANS ALCOOL,10,1.0,2.5,1.0,1.0,HB5I0
Novotel Megève Mont-Blanc,2025,10,F_B,SANS ALCOOL,11,1.0,2.5,1.0,1.0,HB5I0
Novotel Megève Mont-Blanc,2025,10,F_B,SANS ALCOOL,13,1.0,2.5,1.0,1.0,HB5I0
Novotel Megève Mont-Blanc,2025,10,F_B,SANS ALCOOL,14,2.0,5.0,2.0,2.0,HB5I0
Novotel Megève Mont-Blanc,2025,10,N_F_B,#REF!,5,1.0,7.0,1.0,1.0,HB5I0
Novotel Megève Mont-Blanc,2025,10,N_F_B,#REF!,12,1.0,9.95,1.0,1.0,HB5I0
Novotel Megève Mont-Blanc,2025,10,N_F_B,#REF!,15,2.0,46.0,2.0,2.0,HB5I0
Novotel Megève Mont-Blanc,2025,10,N_F_B,#REF!,17,1.0,9.0,1.0,1.0,HB5I0
Novotel Megève Mont-Blanc,2025,10,N_F_B,COSMETIQUE,11,1.0,4.0,1.0,1.0,HB5I0
Novotel Megève Mont-Blanc,2025,10,N_F_B,COSMETIQUE,12,6.0,73.0,2.0,2.0,HB5I0
Novotel Megève Mont-Blanc,2025,10,N_F_B,COSMETIQUE,16,1.0,18.5,1.0,1.0,HB5I0
Novotel Megève Mont-Blanc,2025,10,N_F_B,COSMETIQUE,19,2.0,24.0,1.0,2.0,HB5I0
Novotel Megève Mont-Blanc,2025,10,N_F_B,JEUX / ENFANTS,8,3.0,16.5,1.0,3.0,HB5I0
Novotel Megève Mont-Blanc,2025,10,N_F_B,JEUX / ENFANTS,12,3.0,35.8,2.0,3.0,HB5I0
Novotel Megève Mont-Blanc,2025,10,N_F_B,JEUX / ENFANTS,14,1.0,10.0,1.0,1.0,HB5I0
Novotel Megève Mont-Blanc,2025,10,N_F_B,JEUX / ENFANTS,19,1.0,5.5,1.0,1.0,HB5I0
Novotel Megève Mont-Blanc,2025,10,N_F_B,JEUX / ENFANTS,23,3.0,28.4,1.0,3.0,HB5I0
Novotel Megève Mont-Blanc,2025,10,N_F_B,PAP,23,1.0,20.0,1.0,0.0,HB5I0
Novotel Megève Mont-Blanc,2025,10,N_F_B,SOS,0,2.0,8.0,1.0,1.0,HB5I0
Novotel Megève Mont-Blanc,2025,10,N_F_B,SOS,13,1.0,10.0,1.0,1.0,HB5I0
Novotel Megève Mont-Blanc,2025,10,N_F_B,SOUVENIRS,12,1.0,1.0,1.0,1.0,HB5I0
Novotel Megève Mont-Blanc,2025,10,N_F_B,SOUVENIRS,15,10.0,10.0,1.0,1.0,HB5I0
Novotel Megève Mont-Blanc,2025,10,N_F_B,SOUVENIRS,18,1.0,1.0,1.0,1.0,HB5I0
Novotel Megève Mont-Blanc,2025,11,F_B,FOOD SALEE,0,2.0,5.0,1.0,1.0,HB5I0
Novotel Megève Mont-Blanc,2025,11,F_B,FOOD SALEE,3,4.0,10.0,1.0,1.0,HB5I0
Novotel Megève Mont-Blanc,2025,11,F_B,FOOD SALEE,12,4.0,10.0,2.0,1.0,HB5I0
Novotel Megève Mont-Blanc,2025,11,F_B,FOOD SALEE,13,10.0,25.0,5.0,1.0,HB5I0
Novotel Megève Mont-Blanc,2025,11,F_B,FOOD SALEE,15,1.0,2.5,1.0,1.0,HB5I0
Novotel Megève Mont-Blanc,2025,11,F_B,FOOD SALEE,17,2.0,5.0,1.0,1.0,HB5I0
Novotel Megève Mont-Blanc,2025,11,F_B,FOOD SALEE,18,4.0,10.0,3.0,1.0,HB5I0
Novotel Megève Mont-Blanc,2025,11,F_B,FOOD SALEE,19,1.0,2.5,1.0,1.0,HB5I0
Novotel Megève Mont-Blanc,2025,11,F_B,FOOD SALEE,21,6.0,15.5,2.0,2.0,HB5I0
Novotel Megève Mont-Blanc,2025,11,F_B,FOOD SALEE,23,3.0,7.5,2.0,1.0,HB5I0
Novotel Megève Mont-Blanc,2025,11,F_B,FOOD SUCREE,0,2.0,16.0,1.0,2.0,HB5I0
Novotel Megève Mont-Blanc,2025,11,F_B,FOOD SUCREE,19,4.0,12.0,2.0,1.0,HB5I0
Novotel Megève Mont-Blanc,2025,11,F_B,FOOD SUCREE,21,1.0,7.5,1.0,1.0,HB5I0
Novotel Megève Mont-Blanc,2025,11,F_B,FOOD SUCREE,23,1.0,7.5,1.0,1.0,HB5I0
Novotel Megève Mont-Blanc,2025,11,F_B,SANS ALCOOL,0,2.0,5.0,1.0,1.0,HB5I0
Novotel Megève Mont-Blanc,2025,11,F_B,SANS ALCOOL,9,1.0,2.5,1.0,1.0,HB5I0
Novotel Megève Mont-Blanc,2025,11,F_B,SANS ALCOOL,11,4.0,10.0,2.0,1.0,HB5I0
Novotel Megève Mont-Blanc,2025,11,F_B,SANS ALCOOL,12,6.0,15.0,2.0,1.0,HB5I0
Novotel Megève Mont-Blanc,2025,11,F_B,SANS ALCOOL,14,1.0,2.5,1.0,1.0,HB5I0
Novotel Megève Mont-Blanc,2025,11,F_B,SANS ALCOOL,15,1.0,2.5,1.0,1.0,HB5I0
Novotel Megève Mont-Blanc,2025,11,F_B,SANS ALCOOL,18,2.0,5.0,2.0,1.0,HB5I0
Novotel Megève Mont-Blanc,2025,11,F_B,SANS ALCOOL,19,1.0,2.5,1.0,1.0,HB5I0
Novotel Megève Mont-Blanc,2025,11,F_B,SANS ALCOOL,21,3.0,7.5,2.0,1.0,HB5I0
Novotel Megève Mont-Blanc,2025,11,F_B,SANS ALCOOL,22,2.0,5.0,1.0,1.0,HB5I0
Novotel Megève Mont-Blanc,2025,11,F_B,SANS ALCOOL,23,4.0,10.0,2.0,1.0,HB5I0
Novotel Megève Mont-Blanc,2025,11,NAN,nan,8,2.0,29.0,1.0,2.0,HB5I0
Novotel Megève Mont-Blanc,2025,11,NAN,nan,9,1.0,9.0,1.0,1.0,HB5I0
Novotel Megève Mont-Blanc,2025,11,NAN,nan,12,4.0,58.0,3.0,3.0,HB5I0
Novotel Megève Mont-Blanc,2025,11,NAN,nan,13,2.0,29.0,1.0,2.0,HB5I0
Novotel Megève Mont-Blanc,2025,11,NAN,nan,15,1.0,9.0,1.0,1.0,HB5I0
Novotel Megève Mont-Blanc,2025,11,NAN,nan,17,2.0,18.0,1.0,1.0,HB5I0
Novotel Megève Mont-Blanc,2025,11,N_F_B,#REF!,8,1.0,7.0,1.0,1.0,HB5I0
Novotel Megève Mont-Blanc,2025,11,N_F_B,#REF!,9,3.0,10.0,2.0,1.0,HB5I0
Novotel Megève Mont-Blanc,2025,11,N_F_B,#REF!,12,1.0,7.0,1.0,1.0,HB5I0
Novotel Megève Mont-Blanc,2025,11,N_F_B,#REF!,13,1.0,12.0,1.0,0.0,HB5I0
Novotel Megève Mont-Blanc,2025,11,N_F_B,#REF!,14,1.0,9.0,1.0,1.0,HB5I0
Novotel Megève Mont-Blanc,2025,11,N_F_B,#REF!,17,3.0,30.0,2.0,1.0,HB5I0
Novotel Megève Mont-Blanc,2025,11,N_F_B,#REF!,19,1.0,7.0,1.0,1.0,HB5I0
Novotel Megève Mont-Blanc,2025,11,N_F_B,#REF!,20,3.0,21.0,2.0,1.0,HB5I0
Novotel Megève Mont-Blanc,2025,11,N_F_B,#REF!,21,1.0,29.0,1.0,1.0,HB5I0
Novotel Megève Mont-Blanc,2025,11,N_F_B,#REF!,23,1.0,7.0,1.0,1.0,HB5I0
Novotel Megève Mont-Blanc,2025,11,N_F_B,ACCESSOIRES,10,1.0,5.0,1.0,1.0,HB5I0
Novotel Megève Mont-Blanc,2025,11,N_F_B,ACCESSOIRES,12,3.0,42.0,1.0,0.0,HB5I0
Novotel Megève Mont-Blanc,2025,11,N_F_B,ACCESSOIRES,15,1.0,39.0,1.0,1.0,HB5I0
Novotel Megève Mont-Blanc,2025,11,N_F_B,ACCESSOIRES,23,1.0,18.0,1.0,0.0,HB5I0
Novotel Megève Mont-Blanc,2025,11,N_F_B,COSMETIQUE,1,1.0,4.0,1.0,1.0,HB5I0
Novotel Megève Mont-Blanc,2025,11,N_F_B,COSMETIQUE,12,3.0,55.5,1.0,1.0,HB5I0
Novotel Megève Mont-Blanc,2025,11,N_F_B,COSMETIQUE,17,1.0,8.0,1.0,1.0,HB5I0
Novotel Megève Mont-Blanc,2025,11,N_F_B,COSMETIQUE,20,1.0,4.0,1.0,1.0,HB5I0
Novotel Megève Mont-Blanc,2025,11,N_F_B,JEUX / ENFANTS,8,2.0,11.0,1.0,2.0,HB5I0
Novotel Megève Mont-Blanc,2025,11,N_F_B,JEUX / ENFANTS,9,3.0,25.5,2.0,2.0,HB5I0
Novotel Megève Mont-Blanc,2025,11,N_F_B,JEUX / ENFANTS,12,1.0,10.0,1.0,1.0,HB5I0
Novotel Megève Mont-Blanc,2025,11,N_F_B,JEUX / ENFANTS,14,2.0,20.0,1.0,1.0,HB5I0
Novotel Megève Mont-Blanc,2025,11,N_F_B,JEUX / ENFANTS,18,1.0,10.95,1.0,1.0,HB5I0
Novotel Megève Mont-Blanc,2025,11,N_F_B,JEUX / ENFANTS,19,2.0,18.4,1.0,2.0,HB5I0
Novotel Megève Mont-Blanc,2025,11,N_F_B,PAP,12,2.0,70.0,2.0,0.0,HB5I0
Novotel Megève Mont-Blanc,2025,11,N_F_B,PAP,15,1.0,20.0,1.0,0.0,HB5I0
Novotel Megève Mont-Blanc,2025,11,N_F_B,PAP,23,2.0,70.0,1.0,0.0,HB5I0
Novotel Megève Mont-Blanc,2025,11,N_F_B,SOS,0,2.0,14.0,2.0,2.0,HB5I0
Novotel Megève Mont-Blanc,2025,11,N_F_B,SOS,8,1.0,10.0,1.0,1.0,HB5I0
Novotel Megève Mont-Blanc,2025,11,N_F_B,SOS,9,1.0,12.0,1.0,1.0,HB5I0
Novotel Megève Mont-Blanc,2025,11,N_F_B,SOS,14,1.0,12.0,1.0,1.0,HB5I0
Novotel Megève Mont-Blanc,2025,11,N_F_B,SOS,15,2.0,27.0,2.0,1.0,HB5I0
Novotel Megève Mont-Blanc,2025,11,N_F_B,SOS,17,1.0,10.0,1.0,1.0,HB5I0
Novotel Megève Mont-Blanc,2025,11,N_F_B,SOS,18,2.0,24.0,2.0,1.0,HB5I0
Novotel Megève Mont-Blanc,2025,11,N_F_B,SOS,19,8.0,92.0,7.0,2.0,HB5I0
Novotel Megève Mont-Blanc,2025,11,N_F_B,SOS,21,5.0,56.0,5.0,2.0,HB5I0
Novotel Megève Mont-Blanc,2025,11,N_F_B,SOS,22,2.0,14.0,2.0,2.0,HB5I0
Novotel Megève Mont-Blanc,2025,11,N_F_B,SOUVENIRS,11,2.0,2.0,1.0,1.0,HB5I0
Novotel Megève Mont-Blanc,2025,11,N_F_B,SOUVENIRS,12,1.0,1.0,1.0,1.0,HB5I0
Novotel Megève Mont-Blanc,2025,11,N_F_B,SOUVENIRS,13,1.0,1.0,1.0,1.0,HB5I0
Novotel Megève Mont-Blanc,2025,11,N_F_B,SOUVENIRS,23,1.0,1.0,1.0,1.0,HB5I0
Novotel Megève Mont-Blanc,2025,12,F_B,FOOD SALEE,0,2.0,5.0,1.0,1.0,HB5I0
Novotel Megève Mont-Blanc,2025,12,F_B,FOOD SALEE,1,4.0,10.0,2.0,1.0,HB5I0
Novotel Megève Mont-Blanc,2025,12,F_B,FOOD SALEE,2,2.0,5.5,1.0,2.0,HB5I0
Novotel Megève Mont-Blanc,2025,12,F_B,FOOD SALEE,4,2.0,5.0,2.0,1.0,HB5I0
Novotel Megève Mont-Blanc,2025,12,F_B,FOOD SALEE,10,1.0,2.5,1.0,1.0,HB5I0
Novotel Megève Mont-Blanc,2025,12,F_B,FOOD SALEE,11,1.0,2.5,1.0,1.0,HB5I0
Novotel Megève Mont-Blanc,2025,12,F_B,FOOD SALEE,12,1.0,2.5,1.0,1.0,HB5I0
Novotel Megève Mont-Blanc,2025,12,F_B,FOOD SALEE,16,2.0,5.0,1.0,1.0,HB5I0
Novotel Megève Mont-Blanc,2025,12,F_B,FOOD SALEE,17,1.0,2.5,1.0,1.0,HB5I0
Novotel Megève Mont-Blanc,2025,12,F_B,FOOD SALEE,18,2.0,5.0,2.0,1.0,HB5I0
Novotel Megève Mont-Blanc,2025,12,F_B,FOOD SALEE,19,2.0,5.0,2.0,1.0,HB5I0
Novotel Megève Mont-Blanc,2025,12,F_B,FOOD SALEE,21,9.0,22.5,5.0,1.0,HB5I0
Novotel Megève Mont-Blanc,2025,12,F_B,FOOD SALEE,22,3.0,7.5,1.0,1.0,HB5I0
Novotel Megève Mont-Blanc,2025,12,F_B,FOOD SALEE,23,7.0,17.5,4.0,1.0,HB5I0
Novotel Megève Mont-Blanc,2025,12,F_B,FOOD SUCREE,0,3.0,9.0,2.0,2.0,HB5I0
Novotel Megève Mont-Blanc,2025,12,F_B,FOOD SUCREE,1,8.0,24.0,3.0,4.0,HB5I0
Novotel Megève Mont-Blanc,2025,12,F_B,FOOD SUCREE,2,6.0,18.0,3.0,4.0,HB5I0
Novotel Megève Mont-Blanc,2025,12,F_B,FOOD SUCREE,3,4.0,12.0,1.0,1.0,HB5I0
Novotel Megève Mont-Blanc,2025,12,F_B,FOOD SUCREE,4,1.0,3.0,1.0,1.0,HB5I0
Novotel Megève Mont-Blanc,2025,12,F_B,FOOD SUCREE,10,3.0,13.5,2.0,3.0,HB5I0
Novotel Megève Mont-Blanc,2025,12,F_B,FOOD SUCREE,11,5.0,19.5,3.0,2.0,HB5I0
Novotel Megève Mont-Blanc,2025,12,F_B,FOOD SUCREE,12,7.0,21.0,6.0,2.0,HB5I0
Novotel Megève Mont-Blanc,2025,12,F_B,FOOD SUCREE,13,1.0,3.0,1.0,1.0,HB5I0
Novotel Megève Mont-Blanc,2025,12,F_B,FOOD SUCREE,14,3.0,13.5,2.0,3.0,HB5I0
Novotel Megève Mont-Blanc,2025,12,F_B,FOOD SUCREE,15,6.0,18.0,4.0,2.0,HB5I0
Novotel Megève Mont-Blanc,2025,12,F_B,FOOD SUCREE,16,10.0,30.0,5.0,5.0,HB5I0
Novotel Megève Mont-Blanc,2025,12,F_B,FOOD SUCREE,17,6.0,18.0,5.0,4.0,HB5I0
Novotel Megève Mont-Blanc,2025,12,F_B,FOOD SUCREE,18,12.0,36.0,10.0,3.0,HB5I0
Novotel Megève Mont-Blanc,2025,12,F_B,FOOD SUCREE,19,11.0,33.0,5.0,4.0,HB5I0
Novotel Megève Mont-Blanc,2025,12,F_B,FOOD SUCREE,20,1.0,3.0,1.0,1.0,HB5I0
Novotel Megève Mont-Blanc,2025,12,F_B,FOOD SUCREE,21,7.0,21.0,6.0,3.0,HB5I0
Novotel Megève Mont-Blanc,2025,12,F_B,FOOD SUCREE,22,8.0,24.0,7.0,4.0,HB5I0
Novotel Megève Mont-Blanc,2025,12,F_B,FOOD SUCREE,23,13.0,39.0,9.0,5.0,HB5I0
Novotel Megève Mont-Blanc,2025,12,F_B,SANS ALCOOL,0,7.0,17.5,3.0,2.0,HB5I0
Novotel Megève Mont-Blanc,2025,12,F_B,SANS ALCOOL,1,6.0,15.0,1.0,2.0,HB5I0
Novotel Megève Mont-Blanc,2025,12,F_B,SANS ALCOOL,2,7.0,17.5,3.0,2.0,HB5I0
Novotel Megève Mont-Blanc,2025,12,F_B,SANS ALCOOL,3,3.0,7.5,2.0,2.0,HB5I0
Novotel Megève Mont-Blanc,2025,12,F_B,SANS ALCOOL,4,1.0,2.5,1.0,1.0,HB5I0
Novotel Megève Mont-Blanc,2025,12,F_B,SANS ALCOOL,8,1.0,2.5,1.0,1.0,HB5I0
Novotel Megève Mont-Blanc,2025,12,F_B,SANS ALCOOL,9,1.0,2.5,1.0,1.0,HB5I0
Novotel Megève Mont-Blanc,2025,12,F_B,SANS ALCOOL,11,1.0,2.5,1.0,1.0,HB5I0
Novotel Megève Mont-Blanc,2025,12,F_B,SANS ALCOOL,12,5.0,12.5,4.0,3.0,HB5I0
Novotel Megève Mont-Blanc,2025,12,F_B,SANS ALCOOL,13,1.0,2.5,1.0,1.0,HB5I0
Novotel Megève Mont-Blanc,2025,12,F_B,SANS ALCOOL,14,2.0,5.0,1.0,1.0,HB5I0
Novotel Megève Mont-Blanc,2025,12,F_B,SANS ALCOOL,15,3.0,7.5,2.0,1.0,HB5I0
Novotel Megève Mont-Blanc,2025,12,F_B,SANS ALCOOL,16,3.0,7.5,2.0,2.0,HB5I0
Novotel Megève Mont-Blanc,2025,12,F_B,SANS ALCOOL,17,4.0,10.0,2.0,2.0,HB5I0
Novotel Megève Mont-Blanc,2025,12,F_B,SANS ALCOOL,18,1.0,2.5,1.0,1.0,HB5I0
Novotel Megève Mont-Blanc,2025,12,F_B,SANS ALCOOL,19,3.0,7.5,2.0,1.0,HB5I0
Novotel Megève Mont-Blanc,2025,12,F_B,SANS ALCOOL,20,1.0,2.5,1.0,1.0,HB5I0
Novotel Megève Mont-Blanc,2025,12,F_B,SANS ALCOOL,21,8.0,20.0,7.0,2.0,HB5I0
Novotel Megève Mont-Blanc,2025,12,F_B,SANS ALCOOL,22,6.0,15.0,4.0,3.0,HB5I0
Novotel Megève Mont-Blanc,2025,12,F_B,SANS ALCOOL,23,11.0,27.5,5.0,1.0,HB5I0
Novotel Megève Mont-Blanc,2025,12,F_B,SOUVENIRS,9,1.0,20.0,1.0,1.0,HB5I0
Novotel Megève Mont-Blanc,2025,12,F_B,SOUVENIRS,13,1.0,20.0,1.0,1.0,HB5I0
Novotel Megève Mont-Blanc,2025,12,F_B,SOUVENIRS,15,1.0,20.0,1.0,1.0,HB5I0
Novotel Megève Mont-Blanc,2025,12,F_B,SOUVENIRS,20,1.0,20.0,1.0,1.0,HB5I0
Novotel Megève Mont-Blanc,2025,12,F_B,SOUVENIRS,23,1.0,20.0,1.0,1.0,HB5I0
Novotel Megève Mont-Blanc,2025,12,NAN,nan,0,2.0,23.5,2.0,2.0,HB5I0
Novotel Megève Mont-Blanc,2025,12,NAN,nan,1,2.0,22.9,1.0,2.0,HB5I0
Novotel Megève Mont-Blanc,2025,12,NAN,nan,2,2.0,11.0,1.0,1.0,HB5I0
Novotel Megève Mont-Blanc,2025,12,NAN,nan,9,1.0,4.95,1.0,1.0,HB5I0
Novotel Megève Mont-Blanc,2025,12,NAN,nan,10,6.0,63.5,4.0,5.0,HB5I0
Novotel Megève Mont-Blanc,2025,12,NAN,nan,11,13.0,178.2,8.0,6.0,HB5I0
Novotel Megève Mont-Blanc,2025,12,NAN,nan,12,1.0,5.5,1.0,1.0,HB5I0
Novotel Megève Mont-Blanc,2025,12,NAN,nan,13,10.0,131.6,6.0,8.0,HB5I0
Novotel Megève Mont-Blanc,2025,12,NAN,nan,14,6.0,77.69999999999999,5.0,6.0,HB5I0
Novotel Megève Mont-Blanc,2025,12,NAN,nan,15,5.0,42.0,3.0,2.0,HB5I0
Novotel Megève Mont-Blanc,2025,12,NAN,nan,16,6.0,63.25,4.0,6.0,HB5I0
Novotel Megève Mont-Blanc,2025,12,NAN,nan,17,7.0,78.85,5.0,6.0,HB5I0
Novotel Megève Mont-Blanc,2025,12,NAN,nan,18,10.0,86.7,10.0,7.0,HB5I0
Novotel Megève Mont-Blanc,2025,12,NAN,nan,19,11.0,119.75,8.0,10.0,HB5I0
Novotel Megève Mont-Blanc,2025,12,NAN,nan,20,13.0,142.8,7.0,10.0,HB5I0
Novotel Megève Mont-Blanc,2025,12,NAN,nan,21,5.0,50.9,4.0,5.0,HB5I0
Novotel Megève Mont-Blanc,2025,12,NAN,nan,22,4.0,51.3,3.0,4.0,HB5I0
Novotel Megève Mont-Blanc,2025,12,NAN,nan,23,9.0,116.0,7.0,7.0,HB5I0
Novotel Megève Mont-Blanc,2025,12,N_F_B,#REF!,0,1.0,7.0,1.0,1.0,HB5I0
Novotel Megève Mont-Blanc,2025,12,N_F_B,#REF!,2,1.0,7.0,1.0,1.0,HB5I0
Novotel Megève Mont-Blanc,2025,12,N_F_B,#REF!,9,1.0,7.0,1.0,1.0,HB5I0
Novotel Megève Mont-Blanc,2025,12,N_F_B,#REF!,13,1.0,15.0,1.0,0.0,HB5I0
Novotel Megève Mont-Blanc,2025,12,N_F_B,#REF!,14,1.0,9.0,1.0,1.0,HB5I0
Novotel Megève Mont-Blanc,2025,12,N_F_B,#REF!,17,1.0,15.0,1.0,0.0,HB5I0
Novotel Megève Mont-Blanc,2025,12,N_F_B,#REF!,20,2.0,14.0,2.0,1.0,HB5I0
Novotel Megève Mont-Blanc,2025,12,N_F_B,#REF!,21,6.0,47.0,5.0,1.0,HB5I0
Novotel Megève Mont-Blanc,2025,12,N_F_B,#REF!,22,1.0,7.0,1.0,1.0,HB5I0
Novotel Megève Mont-Blanc,2025,12,N_F_B,#REF!,23,1.0,7.0,1.0,1.0,HB5I0
Novotel Megève Mont-Blanc,2025,12,N_F_B,ACCESSOIRES,10,2.0,84.0,2.0,1.0,HB5I0
Novotel Megève Mont-Blanc,2025,12,N_F_B,ACCESSOIRES,16,1.0,5.0,1.0,1.0,HB5I0
Novotel Megève Mont-Blanc,2025,12,N_F_B,ACCESSOIRES,18,2.0,89.0,2.0,2.0,HB5I0
Novotel Megève Mont-Blanc,2025,12,N_F_B,ACCESSOIRES,20,2.0,28.0,2.0,0.0,HB5I0
Novotel Megève Mont-Blanc,2025,12,N_F_B,COSMETIQUE,11,2.0,8.0,1.0,1.0,HB5I0
Novotel Megève Mont-Blanc,2025,12,N_F_B,COSMETIQUE,13,1.0,4.0,1.0,1.0,HB5I0
Novotel Megève Mont-Blanc,2025,12,N_F_B,COSMETIQUE,18,2.0,22.5,2.0,2.0,HB5I0
Novotel Megève Mont-Blanc,2025,12,N_F_B,COSMETIQUE,19,1.0,4.0,1.0,1.0,HB5I0
Novotel Megève Mont-Blanc,2025,12,N_F_B,COSMETIQUE,21,1.0,15.0,1.0,1.0,HB5I0
Novotel Megève Mont-Blanc,2025,12,N_F_B,COSMETIQUE,23,1.0,4.0,1.0,1.0,HB5I0
Novotel Megève Mont-Blanc,2025,12,N_F_B,JEUX / ENFANTS,9,3.0,23.9,1.0,2.0,HB5I0
Novotel Megève Mont-Blanc,2025,12,N_F_B,JEUX / ENFANTS,10,1.0,5.5,1.0,1.0,HB5I0
Novotel Megève Mont-Blanc,2025,12,N_F_B,JEUX / ENFANTS,11,5.0,57.95,3.0,4.0,HB5I0
Novotel Megève Mont-Blanc,2025,12,N_F_B,JEUX / ENFANTS,14,1.0,10.0,1.0,1.0,HB5I0
Novotel Megève Mont-Blanc,2025,12,N_F_B,JEUX / ENFANTS,16,1.0,12.9,1.0,1.0,HB5I0
Novotel Megève Mont-Blanc,2025,12,N_F_B,JEUX / ENFANTS,18,1.0,12.9,1.0,1.0,HB5I0
Novotel Megève Mont-Blanc,2025,12,N_F_B,JEUX / ENFANTS,19,2.0,11.0,2.0,2.0,HB5I0
Novotel Megève Mont-Blanc,2025,12,N_F_B,JEUX / ENFANTS,20,2.0,14.95,2.0,2.0,HB5I0
Novotel Megève Mont-Blanc,2025,12,N_F_B,JEUX / ENFANTS,23,2.0,22.5,1.0,2.0,HB5I0
Novotel Megève Mont-Blanc,2025,12,N_F_B,PAP,9,1.0,20.0,1.0,0.0,HB5I0
Novotel Megève Mont-Blanc,2025,12,N_F_B,PAP,11,1.0,20.0,1.0,0.0,HB5I0
Novotel Megève Mont-Blanc,2025,12,N_F_B,PAP,12,2.0,70.0,2.0,0.0,HB5I0
Novotel Megève Mont-Blanc,2025,12,N_F_B,PAP,13,2.0,40.0,1.0,0.0,HB5I0
Novotel Megève Mont-Blanc,2025,12,N_F_B,PAP,15,2.0,70.0,2.0,0.0,HB5I0
Novotel Megève Mont-Blanc,2025,12,N_F_B,PAP,17,2.0,55.0,2.0,0.0,HB5I0
Novotel Megève Mont-Blanc,2025,12,N_F_B,PAP,20,3.0,75.0,2.0,0.0,HB5I0
Novotel Megève Mont-Blanc,2025,12,N_F_B,SOS,0,1.0,12.0,1.0,1.0,HB5I0
Novotel Megève Mont-Blanc,2025,12,N_F_B,SOS,2,1.0,10.0,1.0,1.0,HB5I0
Novotel Megève Mont-Blanc,2025,12,N_F_B,SOS,9,1.0,10.0,1.0,1.0,HB5I0
Novotel Megève Mont-Blanc,2025,12,N_F_B,SOS,10,1.0,12.0,1.0,1.0,HB5I0
Novotel Megève Mont-Blanc,2025,12,N_F_B,SOS,12,1.0,10.0,1.0,1.0,HB5I0
Novotel Megève Mont-Blanc,2025,12,N_F_B,SOS,14,1.0,15.0,1.0,0.0,HB5I0
Novotel Megève Mont-Blanc,2025,12,N_F_B,SOS,16,2.0,24.0,2.0,1.0,HB5I0
Novotel Megève Mont-Blanc,2025,12,N_F_B,SOS,17,6.0,48.0,3.0,2.0,HB5I0
Novotel Megève Mont-Blanc,2025,12,N_F_B,SOS,18,2.0,24.0,1.0,1.0,HB5I0
Novotel Megève Mont-Blanc,2025,12,N_F_B,SOS,19,4.0,48.0,3.0,1.0,HB5I0
Novotel Megève Mont-Blanc,2025,12,N_F_B,SOS,20,2.0,22.0,2.0,2.0,HB5I0
Novotel Megève Mont-Blanc,2025,12,N_F_B,SOS,21,9.0,106.0,7.0,2.0,HB5I0
Novotel Megève Mont-Blanc,2025,12,N_F_B,SOS,22,2.0,22.0,2.0,2.0,HB5I0
Novotel Megève Mont-Blanc,2025,12,N_F_B,SOS,23,3.0,34.0,3.0,2.0,HB5I0
Novotel Megève Mont-Blanc,2025,12,N_F_B,SOUVENIRS,12,1.0,1.0,1.0,1.0,HB5I0
Novotel Megève Mont-Blanc,2025,12,N_F_B,SOUVENIRS,18,2.0,2.0,1.0,1.0,HB5I0
Novotel Paris Tour Eiffel,2024,5,N_F_B,SOS,16,1.0,3.0,1.0,0.0,H3546
Novotel Paris Tour Eiffel,2024,6,F_B,FOOD SALEE,0,8.0,59.5,7.0,0.0,H3546
Novotel Paris Tour Eiffel,2024,6,F_B,FOOD SALEE,1,2.0,19.0,1.0,0.0,H3546
Novotel Paris Tour Eiffel,2024,6,F_B,FOOD SALEE,7,2.0,16.0,1.0,0.0,H3546
Novotel Paris Tour Eiffel,2024,6,F_B,FOOD SALEE,9,3.0,18.5,3.0,0.0,H3546
Novotel Paris Tour Eiffel,2024,6,F_B,FOOD SALEE,12,2.0,12.0,2.0,0.0,H3546
Novotel Paris Tour Eiffel,2024,6,F_B,FOOD SALEE,13,1.0,8.0,1.0,0.0,H3546
Novotel Paris Tour Eiffel,2024,6,F_B,FOOD SALEE,14,1.0,8.0,1.0,0.0,H3546
Novotel Paris Tour Eiffel,2024,6,F_B,FOOD SALEE,15,2.0,6.0,1.0,0.0,H3546
Novotel Paris Tour Eiffel,2024,6,F_B,FOOD SALEE,16,2.0,16.0,2.0,0.0,H3546
Novotel Paris Tour Eiffel,2024,6,F_B,FOOD SALEE,19,9.0,82.5,6.0,0.0,H3546
Novotel Paris Tour Eiffel,2024,6,F_B,FOOD SALEE,21,3.0,21.5,3.0,0.0,H3546
Novotel Paris Tour Eiffel,2024,6,F_B,FOOD SALEE,23,7.0,43.0,6.0,0.0,H3546
Novotel Paris Tour Eiffel,2024,6,F_B,FOOD SUCREE,0,8.0,35.0,5.0,0.0,H3546
Novotel Paris Tour Eiffel,2024,6,F_B,FOOD SUCREE,6,3.0,7.5,2.0,0.0,H3546
Novotel Paris Tour Eiffel,2024,6,F_B,FOOD SUCREE,9,5.0,46.5,2.0,0.0,H3546
Novotel Paris Tour Eiffel,2024,6,F_B,FOOD SUCREE,10,3.0,7.5,3.0,0.0,H3546
Novotel Paris Tour Eiffel,2024,6,F_B,FOOD SUCREE,12,2.0,4.5,2.0,0.0,H3546
Novotel Paris Tour Eiffel,2024,6,F_B,FOOD SUCREE,13,1.0,2.0,1.0,0.0,H3546
Novotel Paris Tour Eiffel,2024,6,F_B,FOOD SUCREE,14,1.0,2.5,1.0,0.0,H3546
Novotel Paris Tour Eiffel,2024,6,F_B,FOOD SUCREE,15,2.0,5.0,1.0,0.0,H3546
Novotel Paris Tour Eiffel,2024,6,F_B,FOOD SUCREE,16,2.0,5.0,1.0,0.0,H3546
Novotel Paris Tour Eiffel,2024,6,F_B,FOOD SUCREE,17,1.0,2.5,1.0,0.0,H3546
Novotel Paris Tour Eiffel,2024,6,F_B,FOOD SUCREE,19,10.0,55.0,5.0,0.0,H3546
Novotel Paris Tour Eiffel,2024,6,F_B,FOOD SUCREE,20,11.0,193.5,5.0,0.0,H3546
Novotel Paris Tour Eiffel,2024,6,F_B,FOOD SUCREE,21,3.0,7.5,2.0,0.0,H3546
Novotel Paris Tour Eiffel,2024,6,F_B,FOOD SUCREE,22,2.0,4.5,2.0,0.0,H3546
Novotel Paris Tour Eiffel,2024,6,F_B,FOOD SUCREE,23,5.0,13.0,4.0,0.0,H3546
Novotel Paris Tour Eiffel,2024,6,F_B,SANS ALCOOL,0,43.0,625.0,22.0,0.0,H3546
Novotel Paris Tour Eiffel,2024,6,F_B,SANS ALCOOL,1,9.0,153.0,4.0,0.0,H3546
Novotel Paris Tour Eiffel,2024,6,F_B,SANS ALCOOL,2,2.0,5.0,2.0,0.0,H3546
Novotel Paris Tour Eiffel,2024,6,F_B,SANS ALCOOL,3,3.0,22.5,1.0,0.0,H3546
Novotel Paris Tour Eiffel,2024,6,F_B,SANS ALCOOL,6,1.0,4.0,1.0,0.0,H3546
Novotel Paris Tour Eiffel,2024,6,F_B,SANS ALCOOL,7,3.0,9.0,2.0,0.0,H3546
Novotel Paris Tour Eiffel,2024,6,F_B,SANS ALCOOL,9,1.0,2.5,1.0,0.0,H3546
Novotel Paris Tour Eiffel,2024,6,F_B,SANS ALCOOL,10,2.0,36.0,1.0,0.0,H3546
Novotel Paris Tour Eiffel,2024,6,F_B,SANS ALCOOL,11,1.0,4.0,1.0,0.0,H3546
Novotel Paris Tour Eiffel,2024,6,F_B,SANS ALCOOL,12,4.0,15.0,4.0,0.0,H3546
Novotel Paris Tour Eiffel,2024,6,F_B,SANS ALCOOL,13,2.0,5.0,1.0,0.0,H3546
Novotel Paris Tour Eiffel,2024,6,F_B,SANS ALCOOL,14,4.0,27.0,3.0,0.0,H3546
Novotel Paris Tour Eiffel,2024,6,F_B,SANS ALCOOL,15,3.0,7.5,3.0,0.0,H3546
Novotel Paris Tour Eiffel,2024,6,F_B,SANS ALCOOL,16,16.0,193.0,7.0,0.0,H3546
Novotel Paris Tour Eiffel,2024,6,F_B,SANS ALCOOL,17,8.0,199.0,4.0,0.0,H3546
Novotel Paris Tour Eiffel,2024,6,F_B,SANS ALCOOL,18,6.0,34.5,3.0,0.0,H3546
Novotel Paris Tour Eiffel,2024,6,F_B,SANS ALCOOL,19,15.0,333.5,5.0,0.0,H3546
Novotel Paris Tour Eiffel,2024,6,F_B,SANS ALCOOL,20,9.0,153.0,6.0,0.0,H3546
Novotel Paris Tour Eiffel,2024,6,F_B,SANS ALCOOL,21,12.0,94.0,7.0,0.0,H3546
Novotel Paris Tour Eiffel,2024,6,F_B,SANS ALCOOL,22,19.0,290.5,9.0,0.0,H3546
Novotel Paris Tour Eiffel,2024,6,F_B,SANS ALCOOL,23,22.0,163.0,12.0,0.0,H3546
Novotel Paris Tour Eiffel,2024,6,N_F_B,SOS,1,2.0,20.0,2.0,0.0,H3546
Novotel Paris Tour Eiffel,2024,6,N_F_B,SOS,5,1.0,3.0,1.0,0.0,H3546
Novotel Paris Tour Eiffel,2024,6,N_F_B,SOS,7,3.0,30.0,2.0,0.0,H3546
Novotel Paris Tour Eiffel,2024,6,N_F_B,SOS,8,1.0,3.0,1.0,0.0,H3546
Novotel Paris Tour Eiffel,2024,6,N_F_B,SOS,9,2.0,24.0,1.0,0.0,H3546
Novotel Paris Tour Eiffel,2024,6,N_F_B,SOS,12,1.0,14.0,1.0,0.0,H3546
Novotel Paris Tour Eiffel,2024,6,N_F_B,SOS,13,1.0,3.0,1.0,0.0,H3546
Novotel Paris Tour Eiffel,2024,6,N_F_B,SOS,15,2.0,32.0,1.0,0.0,H3546
Novotel Paris Tour Eiffel,2024,6,N_F_B,SOS,16,2.0,28.0,2.0,0.0,H3546
Novotel Paris Tour Eiffel,2024,6,N_F_B,SOS,17,4.0,65.0,3.0,0.0,H3546
Novotel Paris Tour Eiffel,2024,6,N_F_B,SOS,18,5.0,39.0,5.0,0.0,H3546
Novotel Paris Tour Eiffel,2024,6,N_F_B,SOS,19,7.0,146.0,4.0,0.0,H3546
Novotel Paris Tour Eiffel,2024,6,N_F_B,SOS,21,8.0,46.0,8.0,0.0,H3546
Novotel Paris Tour Eiffel,2024,6,N_F_B,SOS,22,9.0,146.0,5.0,0.0,H3546
Novotel Paris Tour Eiffel,2024,6,N_F_B,SOS,23,1.0,6.0,1.0,0.0,H3546
Novotel Paris Tour Eiffel,2024,7,F_B,FOOD SALEE,0,8.0,74.9,5.0,0.0,H3546
Novotel Paris Tour Eiffel,2024,7,F_B,FOOD SALEE,1,3.0,9.8,3.0,0.0,H3546
Novotel Paris Tour Eiffel,2024,7,F_B,FOOD SALEE,2,1.0,4.0,1.0,0.0,H3546
Novotel Paris Tour Eiffel,2024,7,F_B,FOOD SALEE,9,2.0,16.0,2.0,0.0,H3546
Novotel Paris Tour Eiffel,2024,7,F_B,FOOD SALEE,15,1.0,15.0,1.0,0.0,H3546
Novotel Paris Tour Eiffel,2024,7,F_B,FOOD SALEE,18,2.0,8.0,2.0,0.0,H3546
Novotel Paris Tour Eiffel,2024,7,F_B,FOOD SALEE,19,6.0,34.9,5.0,0.0,H3546
Novotel Paris Tour Eiffel,2024,7,F_B,FOOD SALEE,20,5.0,30.1,4.0,0.0,H3546
Novotel Paris Tour Eiffel,2024,7,F_B,FOOD SALEE,21,3.0,18.9,3.0,0.0,H3546
Novotel Paris Tour Eiffel,2024,7,F_B,FOOD SALEE,22,14.0,181.5,8.0,0.0,H3546
Novotel Paris Tour Eiffel,2024,7,F_B,FOOD SALEE,23,10.0,108.9,7.0,0.0,H3546
Novotel Paris Tour Eiffel,2024,7,F_B,FOOD SUCREE,0,14.0,48.4,9.0,0.0,H3546
Novotel Paris Tour Eiffel,2024,7,F_B,FOOD SUCREE,1,2.0,5.8,2.0,0.0,H3546
Novotel Paris Tour Eiffel,2024,7,F_B,FOOD SUCREE,2,4.0,11.6,3.0,0.0,H3546
Novotel Paris Tour Eiffel,2024,7,F_B,FOOD SUCREE,7,2.0,6.1,1.0,0.0,H3546
Novotel Paris Tour Eiffel,2024,7,F_B,FOOD SUCREE,8,4.0,11.6,2.0,0.0,H3546
Novotel Paris Tour Eiffel,2024,7,F_B,FOOD SUCREE,13,5.0,37.699999999999996,1.0,0.0,H3546
Novotel Paris Tour Eiffel,2024,7,F_B,FOOD SUCREE,16,4.0,28.999999999999996,1.0,0.0,H3546
Novotel Paris Tour Eiffel,2024,7,F_B,FOOD SUCREE,18,5.0,26.099999999999998,3.0,0.0,H3546
Novotel Paris Tour Eiffel,2024,7,F_B,FOOD SUCREE,19,2.0,5.8,2.0,0.0,H3546
Novotel Paris Tour Eiffel,2024,7,F_B,FOOD SUCREE,20,9.0,31.9,5.0,0.0,H3546
Novotel Paris Tour Eiffel,2024,7,F_B,FOOD SUCREE,21,3.0,9.7,3.0,0.0,H3546
Novotel Paris Tour Eiffel,2024,7,F_B,FOOD SUCREE,22,37.0,316.29999999999995,11.0,0.0,H3546
Novotel Paris Tour Eiffel,2024,7,F_B,FOOD SUCREE,23,6.0,16.7,5.0,0.0,H3546
Novotel Paris Tour Eiffel,2024,7,F_B,SANS ALCOOL,0,10.0,34.2,6.0,0.0,H3546
Novotel Paris Tour Eiffel,2024,7,F_B,SANS ALCOOL,1,7.0,49.4,3.0,0.0,H3546
Novotel Paris Tour Eiffel,2024,7,F_B,SANS ALCOOL,2,8.0,47.1,3.0,0.0,H3546
Novotel Paris Tour Eiffel,2024,7,F_B,SANS ALCOOL,5,2.0,7.1,1.0,0.0,H3546
Novotel Paris Tour Eiffel,2024,7,F_B,SANS ALCOOL,9,4.0,12.9,4.0,0.0,H3546
Novotel Paris Tour Eiffel,2024,7,F_B,SANS ALCOOL,10,1.0,2.9,1.0,0.0,H3546
Novotel Paris Tour Eiffel,2024,7,F_B,SANS ALCOOL,11,1.0,2.9,1.0,0.0,H3546
Novotel Paris Tour Eiffel,2024,7,F_B,SANS ALCOOL,12,4.0,23.9,3.0,0.0,H3546
Novotel Paris Tour Eiffel,2024,7,F_B,SANS ALCOOL,13,4.0,14.9,3.0,0.0,H3546
Novotel Paris Tour Eiffel,2024,7,F_B,SANS ALCOOL,14,4.0,11.6,3.0,0.0,H3546
Novotel Paris Tour Eiffel,2024,7,F_B,SANS ALCOOL,15,7.0,31.9,4.0,0.0,H3546
Novotel Paris Tour Eiffel,2024,7,F_B,SANS ALCOOL,16,8.0,82.5,3.0,0.0,H3546
Novotel Paris Tour Eiffel,2024,7,F_B,SANS ALCOOL,17,7.0,37.900000000000006,4.0,0.0,H3546
Novotel Paris Tour Eiffel,2024,7,F_B,SANS ALCOOL,18,8.0,33.0,5.0,0.0,H3546
Novotel Paris Tour Eiffel,2024,7,F_B,SANS ALCOOL,19,14.0,77.5,4.0,0.0,H3546
Novotel Paris Tour Eiffel,2024,7,F_B,SANS ALCOOL,20,18.0,65.9,13.0,0.0,H3546
Novotel Paris Tour Eiffel,2024,7,F_B,SANS ALCOOL,21,6.0,78.8,2.0,0.0,H3546
Novotel Paris Tour Eiffel,2024,7,F_B,SANS ALCOOL,22,32.0,320.27,16.0,0.0,H3546
Novotel Paris Tour Eiffel,2024,7,F_B,SANS ALCOOL,23,39.0,416.8,12.0,0.0,H3546
Novotel Paris Tour Eiffel,2024,7,N_F_B,SOS,0,9.0,96.0,7.0,0.0,H3546
Novotel Paris Tour Eiffel,2024,7,N_F_B,SOS,1,3.0,27.0,2.0,0.0,H3546
Novotel Paris Tour Eiffel,2024,7,N_F_B,SOS,2,4.0,44.0,3.0,0.0,H3546
Novotel Paris Tour Eiffel,2024,7,N_F_B,SOS,7,2.0,10.0,2.0,0.0,H3546
Novotel Paris Tour Eiffel,2024,7,N_F_B,SOS,8,3.0,24.0,3.0,0.0,H3546
Novotel Paris Tour Eiffel,2024,7,N_F_B,SOS,10,2.0,16.0,1.0,0.0,H3546
Novotel Paris Tour Eiffel,2024,7,N_F_B,SOS,12,3.0,18.0,3.0,0.0,H3546
Novotel Paris Tour Eiffel,2024,7,N_F_B,SOS,14,1.0,14.0,1.0,0.0,H3546
Novotel Paris Tour Eiffel,2024,7,N_F_B,SOS,15,1.0,4.0,1.0,0.0,H3546
Novotel Paris Tour Eiffel,2024,7,N_F_B,SOS,16,1.0,8.0,1.0,0.0,H3546
Novotel Paris Tour Eiffel,2024,7,N_F_B,SOS,17,2.0,16.0,2.0,0.0,H3546
Novotel Paris Tour Eiffel,2024,7,N_F_B,SOS,18,2.0,16.0,2.0,0.0,H3546
Novotel Paris Tour Eiffel,2024,7,N_F_B,SOS,19,1.0,8.0,1.0,0.0,H3546
Novotel Paris Tour Eiffel,2024,7,N_F_B,SOS,20,2.0,26.0,2.0,0.0,H3546
Novotel Paris Tour Eiffel,2024,7,N_F_B,SOS,21,2.0,10.0,1.0,0.0,H3546
Novotel Paris Tour Eiffel,2024,7,N_F_B,SOS,22,5.0,52.0,5.0,0.0,H3546
Novotel Paris Tour Eiffel,2024,7,N_F_B,SOS,23,2.0,8.0,2.0,0.0,H3546
Novotel Paris Tour Eiffel,2024,7,N_F_B,SOUVENIRS,1,1.0,18.5,1.0,0.0,H3546
Novotel Paris Tour Eiffel,2024,9,F_B,FOOD SALEE,0,12.0,63.2,7.0,0.0,H3546
Novotel Paris Tour Eiffel,2024,9,F_B,FOOD SALEE,1,7.0,52.7,5.0,0.0,H3546
Novotel Paris Tour Eiffel,2024,9,F_B,FOOD SALEE,2,3.0,9.8,3.0,0.0,H3546
Novotel Paris Tour Eiffel,2024,9,F_B,FOOD SALEE,3,3.0,21.0,3.0,0.0,H3546
Novotel Paris Tour Eiffel,2024,9,F_B,FOOD SALEE,11,2.0,10.0,1.0,0.0,H3546
Novotel Paris Tour Eiffel,2024,9,F_B,FOOD SALEE,13,1.0,4.0,1.0,0.0,H3546
Novotel Paris Tour Eiffel,2024,9,F_B,FOOD SALEE,14,1.0,2.9,1.0,0.0,H3546
Novotel Paris Tour Eiffel,2024,9,F_B,FOOD SALEE,16,4.0,19.9,3.0,0.0,H3546
Novotel Paris Tour Eiffel,2024,9,F_B,FOOD SALEE,19,5.0,20.9,3.0,0.0,H3546
Novotel Paris Tour Eiffel,2024,9,F_B,FOOD SALEE,20,5.0,36.5,3.0,0.0,H3546
Novotel Paris Tour Eiffel,2024,9,F_B,FOOD SALEE,21,1.0,11.0,1.0,0.0,H3546
Novotel Paris Tour Eiffel,2024,9,F_B,FOOD SALEE,22,5.0,39.9,4.0,0.0,H3546
Novotel Paris Tour Eiffel,2024,9,F_B,FOOD SALEE,23,5.0,22.8,4.0,0.0,H3546
Novotel Paris Tour Eiffel,2024,9,F_B,FOOD SUCREE,0,22.0,64.6,12.0,0.0,H3546
Novotel Paris Tour Eiffel,2024,9,F_B,FOOD SUCREE,1,9.0,27.7,2.0,0.0,H3546
Novotel Paris Tour Eiffel,2024,9,F_B,FOOD SUCREE,2,8.0,23.8,5.0,0.0,H3546
Novotel Paris Tour Eiffel,2024,9,F_B,FOOD SUCREE,8,2.0,5.8,1.0,0.0,H3546
Novotel Paris Tour Eiffel,2024,9,F_B,FOOD SUCREE,11,6.0,16.3,2.0,0.0,H3546
Novotel Paris Tour Eiffel,2024,9,F_B,FOOD SUCREE,14,3.0,8.7,2.0,0.0,H3546
Novotel Paris Tour Eiffel,2024,9,F_B,FOOD SUCREE,15,4.0,13.2,2.0,0.0,H3546
Novotel Paris Tour Eiffel,2024,9,F_B,FOOD SUCREE,16,5.0,18.3,3.0,0.0,H3546
Novotel Paris Tour Eiffel,2024,9,F_B,FOOD SUCREE,19,3.0,8.7,1.0,0.0,H3546
Novotel Paris Tour Eiffel,2024,9,F_B,FOOD SUCREE,20,5.0,16.8,5.0,0.0,H3546
Novotel Paris Tour Eiffel,2024,9,F_B,FOOD SUCREE,21,4.0,15.4,3.0,0.0,H3546
Novotel Paris Tour Eiffel,2024,9,F_B,FOOD SUCREE,22,4.0,11.6,2.0,0.0,H3546
Novotel Paris Tour Eiffel,2024,9,F_B,FOOD SUCREE,23,12.0,38.5,8.0,0.0,H3546
Novotel Paris Tour Eiffel,2024,9,F_B,SANS ALCOOL,0,8.0,26.2,3.0,0.0,H3546
Novotel Paris Tour Eiffel,2024,9,F_B,SANS ALCOOL,1,14.0,57.0,4.0,0.0,H3546
Novotel Paris Tour Eiffel,2024,9,F_B,SANS ALCOOL,2,5.0,14.5,3.0,0.0,H3546
Novotel Paris Tour Eiffel,2024,9,F_B,SANS ALCOOL,7,1.0,4.9,1.0,0.0,H3546
Novotel Paris Tour Eiffel,2024,9,F_B,SANS ALCOOL,11,4.0,13.7,2.0,0.0,H3546
Novotel Paris Tour Eiffel,2024,9,F_B,SANS ALCOOL,13,4.0,13.8,1.0,0.0,H3546
Novotel Paris Tour Eiffel,2024,9,F_B,SANS ALCOOL,14,5.0,19.5,3.0,0.0,H3546
Novotel Paris Tour Eiffel,2024,9,F_B,SANS ALCOOL,15,3.0,11.7,2.0,0.0,H3546
Novotel Paris Tour Eiffel,2024,9,F_B,SANS ALCOOL,16,10.0,34.0,5.0,0.0,H3546
Novotel Paris Tour Eiffel,2024,9,F_B,SANS ALCOOL,17,5.0,14.5,3.0,0.0,H3546
Novotel Paris Tour Eiffel,2024,9,F_B,SANS ALCOOL,18,7.0,25.3,3.0,0.0,H3546
Novotel Paris Tour Eiffel,2024,9,F_B,SANS ALCOOL,19,16.0,60.5,5.0,0.0,H3546
Novotel Paris Tour Eiffel,2024,9,F_B,SANS ALCOOL,20,9.0,34.3,6.0,0.0,H3546
Novotel Paris Tour Eiffel,2024,9,F_B,SANS ALCOOL,21,11.0,37.9,6.0,0.0,H3546
Novotel Paris Tour Eiffel,2024,9,F_B,SANS ALCOOL,22,11.0,35.9,8.0,0.0,H3546
Novotel Paris Tour Eiffel,2024,9,F_B,SANS ALCOOL,23,25.0,91.8,14.0,0.0,H3546
Novotel Paris Tour Eiffel,2024,9,N_F_B,COSMETIQUE,22,1.0,8.0,1.0,0.0,H3546
Novotel Paris Tour Eiffel,2024,9,N_F_B,SOS,0,14.0,96.0,11.0,0.0,H3546
Novotel Paris Tour Eiffel,2024,9,N_F_B,SOS,1,2.0,12.0,2.0,0.0,H3546
Novotel Paris Tour Eiffel,2024,9,N_F_B,SOS,2,1.0,8.0,1.0,0.0,H3546
Novotel Paris Tour Eiffel,2024,9,N_F_B,SOS,3,1.0,8.0,1.0,0.0,H3546
Novotel Paris Tour Eiffel,2024,9,N_F_B,SOS,4,2.0,16.0,1.0,0.0,H3546
Novotel Paris Tour Eiffel,2024,9,N_F_B,SOS,7,2.0,28.0,2.0,0.0,H3546
Novotel Paris Tour Eiffel,2024,9,N_F_B,SOS,8,5.0,36.0,5.0,0.0,H3546
Novotel Paris Tour Eiffel,2024,9,N_F_B,SOS,10,4.0,30.0,3.0,0.0,H3546
Novotel Paris Tour Eiffel,2024,9,N_F_B,SOS,11,1.0,8.0,1.0,0.0,H3546
Novotel Paris Tour Eiffel,2024,9,N_F_B,SOS,14,6.0,32.0,3.0,0.0,H3546
Novotel Paris Tour Eiffel,2024,9,N_F_B,SOS,15,1.0,6.0,1.0,0.0,H3546
Novotel Paris Tour Eiffel,2024,9,N_F_B,SOS,17,2.0,12.0,2.0,0.0,H3546
Novotel Paris Tour Eiffel,2024,9,N_F_B,SOS,18,5.0,51.0,5.0,0.0,H3546
Novotel Paris Tour Eiffel,2024,9,N_F_B,SOS,19,3.0,36.0,3.0,0.0,H3546
Novotel Paris Tour Eiffel,2024,9,N_F_B,SOS,20,6.0,48.0,5.0,0.0,H3546
Novotel Paris Tour Eiffel,2024,9,N_F_B,SOS,21,12.0,78.0,9.0,0.0,H3546
Novotel Paris Tour Eiffel,2024,9,N_F_B,SOS,22,8.0,40.0,5.0,0.0,H3546
Novotel Paris Tour Eiffel,2024,9,N_F_B,SOS,23,10.0,86.0,7.0,0.0,H3546
Novotel Paris Tour Eiffel,2024,10,F_B,FOOD SALEE,0,53.0,312.0,41.0,0.0,H3546
Novotel Paris Tour Eiffel,2024,10,F_B,FOOD SALEE,1,15.0,79.8,15.0,0.0,H3546
Novotel Paris Tour Eiffel,2024,10,F_B,FOOD SALEE,2,19.0,147.6,16.0,0.0,H3546
Novotel Paris Tour Eiffel,2024,10,F_B,FOOD SALEE,3,7.0,37.0,5.0,0.0,H3546
Novotel Paris Tour Eiffel,2024,10,F_B,FOOD SALEE,4,6.0,49.5,5.0,0.0,H3546
Novotel Paris Tour Eiffel,2024,10,F_B,FOOD SALEE,5,3.0,27.0,3.0,0.0,H3546
Novotel Paris Tour Eiffel,2024,10,F_B,FOOD SALEE,6,1.0,5.0,1.0,0.0,H3546
Novotel Paris Tour Eiffel,2024,10,F_B,FOOD SALEE,7,1.0,5.0,1.0,0.0,H3546
Novotel Paris Tour Eiffel,2024,10,F_B,FOOD SALEE,8,2.0,7.9,2.0,0.0,H3546
Novotel Paris Tour Eiffel,2024,10,F_B,FOOD SALEE,9,1.0,4.0,1.0,0.0,H3546
Novotel Paris Tour Eiffel,2024,10,F_B,FOOD SALEE,10,3.0,18.0,1.0,0.0,H3546
Novotel Paris Tour Eiffel,2024,10,F_B,FOOD SALEE,11,10.0,51.2,8.0,0.0,H3546
Novotel Paris Tour Eiffel,2024,10,F_B,FOOD SALEE,12,11.0,83.5,8.0,0.0,H3546
Novotel Paris Tour Eiffel,2024,10,F_B,FOOD SALEE,13,7.0,44.4,7.0,0.0,H3546
Novotel Paris Tour Eiffel,2024,10,F_B,FOOD SALEE,14,9.0,75.5,7.0,0.0,H3546
Novotel Paris Tour Eiffel,2024,10,F_B,FOOD SALEE,15,16.0,114.7,14.0,0.0,H3546
Novotel Paris Tour Eiffel,2024,10,F_B,FOOD SALEE,16,20.0,92.4,14.0,0.0,H3546
Novotel Paris Tour Eiffel,2024,10,F_B,FOOD SALEE,17,23.0,98.0,17.0,0.0,H3546
Novotel Paris Tour Eiffel,2024,10,F_B,FOOD SALEE,18,21.0,74.5,17.0,0.0,H3546
Novotel Paris Tour Eiffel,2024,10,F_B,FOOD SALEE,19,26.0,166.0,18.0,0.0,H3546
Novotel Paris Tour Eiffel,2024,10,F_B,FOOD SALEE,20,38.0,213.2,31.0,0.0,H3546
Novotel Paris Tour Eiffel,2024,10,F_B,FOOD SALEE,21,58.0,281.3,41.0,0.0,H3546
Novotel Paris Tour Eiffel,2024,10,F_B,FOOD SALEE,22,32.0,183.0,22.0,0.0,H3546
Novotel Paris Tour Eiffel,2024,10,F_B,FOOD SALEE,23,61.0,375.2,44.0,0.0,H3546
Novotel Paris Tour Eiffel,2024,10,F_B,FOOD SUCREE,0,68.0,211.1,38.0,0.0,H3546
Novotel Paris Tour Eiffel,2024,10,F_B,FOOD SUCREE,1,25.0,74.8,15.0,0.0,H3546
Novotel Paris Tour Eiffel,2024,10,F_B,FOOD SUCREE,2,23.0,71.5,11.0,0.0,H3546
Novotel Paris Tour Eiffel,2024,10,F_B,FOOD SUCREE,3,7.0,21.8,5.0,0.0,H3546
Novotel Paris Tour Eiffel,2024,10,F_B,FOOD SUCREE,4,2.0,9.0,1.0,0.0,H3546
Novotel Paris Tour Eiffel,2024,10,F_B,FOOD SUCREE,5,3.0,9.6,2.0,0.0,H3546
Novotel Paris Tour Eiffel,2024,10,F_B,FOOD SUCREE,6,2.0,5.1,2.0,0.0,H3546
Novotel Paris Tour Eiffel,2024,10,F_B,FOOD SUCREE,7,4.0,10.9,4.0,0.0,H3546
Novotel Paris Tour Eiffel,2024,10,F_B,FOOD SUCREE,8,4.0,10.9,3.0,0.0,H3546
Novotel Paris Tour Eiffel,2024,10,F_B,FOOD SUCREE,9,1.0,2.9,1.0,0.0,H3546
Novotel Paris Tour Eiffel,2024,10,F_B,FOOD SUCREE,10,13.0,38.3,7.0,0.0,H3546
Novotel Paris Tour Eiffel,2024,10,F_B,FOOD SUCREE,11,9.0,28.3,5.0,0.0,H3546
Novotel Paris Tour Eiffel,2024,10,F_B,FOOD SUCREE,12,6.0,19.3,5.0,0.0,H3546
Novotel Paris Tour Eiffel,2024,10,F_B,FOOD SUCREE,13,2.0,5.1,2.0,0.0,H3546
Novotel Paris Tour Eiffel,2024,10,F_B,FOOD SUCREE,14,6.0,21.0,3.0,0.0,H3546
Novotel Paris Tour Eiffel,2024,10,F_B,FOOD SUCREE,15,23.0,71.7,19.0,0.0,H3546
Novotel Paris Tour Eiffel,2024,10,F_B,FOOD SUCREE,16,32.0,99.1,19.0,0.0,H3546
Novotel Paris Tour Eiffel,2024,10,F_B,FOOD SUCREE,17,17.0,51.4,11.0,0.0,H3546
Novotel Paris Tour Eiffel,2024,10,F_B,FOOD SUCREE,18,19.0,59.5,13.0,0.0,H3546
Novotel Paris Tour Eiffel,2024,10,F_B,FOOD SUCREE,19,20.0,62.3,13.0,0.0,H3546
Novotel Paris Tour Eiffel,2024,10,F_B,FOOD SUCREE,20,85.0,270.1,45.0,0.0,H3546
Novotel Paris Tour Eiffel,2024,10,F_B,FOOD SUCREE,21,98.0,315.8,52.0,0.0,H3546
Novotel Paris Tour Eiffel,2024,10,F_B,FOOD SUCREE,22,76.0,233.4,43.0,0.0,H3546
Novotel Paris Tour Eiffel,2024,10,F_B,FOOD SUCREE,23,69.0,215.5,37.0,0.0,H3546
Novotel Paris Tour Eiffel,2024,10,F_B,SANS ALCOOL,0,133.0,471.0,75.0,0.0,H3546
Novotel Paris Tour Eiffel,2024,10,F_B,SANS ALCOOL,1,39.0,145.79999999999998,19.0,0.0,H3546
Novotel Paris Tour Eiffel,2024,10,F_B,SANS ALCOOL,2,37.0,120.3,24.0,0.0,H3546
Novotel Paris Tour Eiffel,2024,10,F_B,SANS ALCOOL,3,14.0,46.8,7.0,0.0,H3546
Novotel Paris Tour Eiffel,2024,10,F_B,SANS ALCOOL,4,8.0,27.3,4.0,0.0,H3546
Novotel Paris Tour Eiffel,2024,10,F_B,SANS ALCOOL,5,15.0,48.6,12.0,0.0,H3546
Novotel Paris Tour Eiffel,2024,10,F_B,SANS ALCOOL,6,7.0,27.7,4.0,0.0,H3546
Novotel Paris Tour Eiffel,2024,10,F_B,SANS ALCOOL,7,15.0,65.2,6.0,0.0,H3546
Novotel Paris Tour Eiffel,2024,10,F_B,SANS ALCOOL,8,25.0,90.1,15.0,0.0,H3546
Novotel Paris Tour Eiffel,2024,10,F_B,SANS ALCOOL,9,26.0,84.6,16.0,0.0,H3546
Novotel Paris Tour Eiffel,2024,10,F_B,SANS ALCOOL,10,30.0,104.3,21.0,0.0,H3546
Novotel Paris Tour Eiffel,2024,10,F_B,SANS ALCOOL,11,16.0,57.0,9.0,0.0,H3546
Novotel Paris Tour Eiffel,2024,10,F_B,SANS ALCOOL,12,14.0,47.6,9.0,0.0,H3546
Novotel Paris Tour Eiffel,2024,10,F_B,SANS ALCOOL,13,17.0,54.3,12.0,0.0,H3546
Novotel Paris Tour Eiffel,2024,10,F_B,SANS ALCOOL,14,11.0,35.9,8.0,0.0,H3546
Novotel Paris Tour Eiffel,2024,10,F_B,SANS ALCOOL,15,59.0,189.5,31.0,0.0,H3546
Novotel Paris Tour Eiffel,2024,10,F_B,SANS ALCOOL,16,65.0,216.79999999999998,29.0,0.0,H3546
Novotel Paris Tour Eiffel,2024,10,F_B,SANS ALCOOL,17,43.0,139.29999999999998,24.0,0.0,H3546
Novotel Paris Tour Eiffel,2024,10,F_B,SANS ALCOOL,18,50.0,164.0,31.0,0.0,H3546
Novotel Paris Tour Eiffel,2024,10,F_B,SANS ALCOOL,19,51.0,184.6,27.0,0.0,H3546
Novotel Paris Tour Eiffel,2024,10,F_B,SANS ALCOOL,20,111.0,390.6,58.0,0.0,H3546
Novotel Paris Tour Eiffel,2024,10,F_B,SANS ALCOOL,21,158.0,545.3,75.0,0.0,H3546
Novotel Paris Tour Eiffel,2024,10,F_B,SANS ALCOOL,22,150.0,510.4,82.0,0.0,H3546
Novotel Paris Tour Eiffel,2024,10,F_B,SANS ALCOOL,23,228.0,764.9,122.0,0.0,H3546
Novotel Paris Tour Eiffel,2024,10,N_F_B,COSMETIQUE,6,1.0,8.0,1.0,0.0,H3546
Novotel Paris Tour Eiffel,2024,10,N_F_B,COSMETIQUE,18,1.0,8.0,1.0,0.0,H3546
Novotel Paris Tour Eiffel,2024,10,N_F_B,COSMETIQUE,21,1.0,8.0,1.0,0.0,H3546
Novotel Paris Tour Eiffel,2024,10,N_F_B,COSMETIQUE,23,3.0,24.0,1.0,0.0,H3546
Novotel Paris Tour Eiffel,2024,10,N_F_B,SOS,0,45.0,348.0,36.0,0.0,H3546
Novotel Paris Tour Eiffel,2024,10,N_F_B,SOS,1,25.0,160.0,13.0,0.0,H3546
Novotel Paris Tour Eiffel,2024,10,N_F_B,SOS,2,5.0,58.0,4.0,0.0,H3546
Novotel Paris Tour Eiffel,2024,10,N_F_B,SOS,3,1.0,4.0,1.0,0.0,H3546
Novotel Paris Tour Eiffel,2024,10,N_F_B,SOS,4,2.0,16.0,2.0,0.0,H3546
Novotel Paris Tour Eiffel,2024,10,N_F_B,SOS,5,4.0,36.0,3.0,0.0,H3546
Novotel Paris Tour Eiffel,2024,10,N_F_B,SOS,6,9.0,56.0,6.0,0.0,H3546
Novotel Paris Tour Eiffel,2024,10,N_F_B,SOS,7,21.0,156.0,17.0,0.0,H3546
Novotel Paris Tour Eiffel,2024,10,N_F_B,SOS,8,30.0,155.0,24.0,0.0,H3546
Novotel Paris Tour Eiffel,2024,10,N_F_B,SOS,9,24.0,196.0,21.0,0.0,H3546
Novotel Paris Tour Eiffel,2024,10,N_F_B,SOS,10,27.0,187.0,21.0,0.0,H3546
Novotel Paris Tour Eiffel,2024,10,N_F_B,SOS,11,10.0,75.0,7.0,0.0,H3546
Novotel Paris Tour Eiffel,2024,10,N_F_B,SOS,12,10.0,106.0,7.0,0.0,H3546
Novotel Paris Tour Eiffel,2024,10,N_F_B,SOS,13,4.0,26.0,3.0,0.0,H3546
Novotel Paris Tour Eiffel,2024,10,N_F_B,SOS,14,15.0,146.0,13.0,0.0,H3546
Novotel Paris Tour Eiffel,2024,10,N_F_B,SOS,15,10.0,82.0,10.0,0.0,H3546
Novotel Paris Tour Eiffel,2024,10,N_F_B,SOS,16,28.0,210.0,23.0,0.0,H3546
Novotel Paris Tour Eiffel,2024,10,N_F_B,SOS,17,13.0,124.0,12.0,0.0,H3546
Novotel Paris Tour Eiffel,2024,10,N_F_B,SOS,18,26.0,225.0,17.0,0.0,H3546
Novotel Paris Tour Eiffel,2024,10,N_F_B,SOS,19,28.0,290.0,24.0,0.0,H3546
Novotel Paris Tour Eiffel,2024,10,N_F_B,SOS,20,30.0,220.0,23.0,0.0,H3546
Novotel Paris Tour Eiffel,2024,10,N_F_B,SOS,21,58.0,492.0,48.0,0.0,H3546
Novotel Paris Tour Eiffel,2024,10,N_F_B,SOS,22,52.0,410.0,40.0,0.0,H3546
Novotel Paris Tour Eiffel,2024,10,N_F_B,SOS,23,65.0,468.0,48.0,0.0,H3546
Novotel Paris Tour Eiffel,2024,11,F_B,FOOD SALEE,0,32.0,184.5,24.0,0.0,H3546
Novotel Paris Tour Eiffel,2024,11,F_B,FOOD SALEE,1,34.0,230.2,20.0,0.0,H3546
Novotel Paris Tour Eiffel,2024,11,F_B,FOOD SALEE,2,17.0,105.8,10.0,0.0,H3546
Novotel Paris Tour Eiffel,2024,11,F_B,FOOD SALEE,3,5.0,39.0,5.0,0.0,H3546
Novotel Paris Tour Eiffel,2024,11,F_B,FOOD SALEE,4,4.0,16.9,3.0,0.0,H3546
Novotel Paris Tour Eiffel,2024,11,F_B,FOOD SALEE,5,4.0,28.5,4.0,0.0,H3546
Novotel Paris Tour Eiffel,2024,11,F_B,FOOD SALEE,6,3.0,26.0,3.0,0.0,H3546
Novotel Paris Tour Eiffel,2024,11,F_B,FOOD SALEE,7,2.0,13.0,2.0,0.0,H3546
Novotel Paris Tour Eiffel,2024,11,F_B,FOOD SALEE,8,2.0,6.9,1.0,0.0,H3546
Novotel Paris Tour Eiffel,2024,11,F_B,FOOD SALEE,9,6.0,43.8,4.0,0.0,H3546
Novotel Paris Tour Eiffel,2024,11,F_B,FOOD SALEE,10,3.0,21.0,3.0,0.0,H3546
Novotel Paris Tour Eiffel,2024,11,F_B,FOOD SALEE,11,5.0,24.0,5.0,0.0,H3546
Novotel Paris Tour Eiffel,2024,11,F_B,FOOD SALEE,12,27.0,163.9,23.0,0.0,H3546
Novotel Paris Tour Eiffel,2024,11,F_B,FOOD SALEE,13,25.0,218.5,18.0,0.0,H3546
Novotel Paris Tour Eiffel,2024,11,F_B,FOOD SALEE,14,15.0,85.9,12.0,0.0,H3546
Novotel Paris Tour Eiffel,2024,11,F_B,FOOD SALEE,15,13.0,90.4,7.0,0.0,H3546
Novotel Paris Tour Eiffel,2024,11,F_B,FOOD SALEE,16,5.0,18.9,4.0,0.0,H3546
Novotel Paris Tour Eiffel,2024,11,F_B,FOOD SALEE,17,11.0,66.4,9.0,0.0,H3546
Novotel Paris Tour Eiffel,2024,11,F_B,FOOD SALEE,18,18.0,67.5,12.0,0.0,H3546
Novotel Paris Tour Eiffel,2024,11,F_B,FOOD SALEE,19,22.0,129.6,15.0,0.0,H3546
Novotel Paris Tour Eiffel,2024,11,F_B,FOOD SALEE,20,31.0,178.9,22.0,0.0,H3546
Novotel Paris Tour Eiffel,2024,11,F_B,FOOD SALEE,21,37.0,205.9,28.0,0.0,H3546
Novotel Paris Tour Eiffel,2024,11,F_B,FOOD SALEE,22,67.0,468.3,45.0,0.0,H3546
Novotel Paris Tour Eiffel,2024,11,F_B,FOOD SALEE,23,49.0,318.9,34.0,0.0,H3546
Novotel Paris Tour Eiffel,2024,11,F_B,FOOD SUCREE,0,47.0,155.4,31.0,0.0,H3546
Novotel Paris Tour Eiffel,2024,11,F_B,FOOD SUCREE,1,10.0,30.6,6.0,0.0,H3546
Novotel Paris Tour Eiffel,2024,11,F_B,FOOD SUCREE,2,11.0,33.9,7.0,0.0,H3546
Novotel Paris Tour Eiffel,2024,11,F_B,FOOD SUCREE,3,9.0,29.9,4.0,0.0,H3546
Novotel Paris Tour Eiffel,2024,11,F_B,FOOD SUCREE,5,3.0,9.0,2.0,0.0,H3546
Novotel Paris Tour Eiffel,2024,11,F_B,FOOD SUCREE,6,3.0,9.9,2.0,0.0,H3546
Novotel Paris Tour Eiffel,2024,11,F_B,FOOD SUCREE,8,1.0,2.9,1.0,0.0,H3546
Novotel Paris Tour Eiffel,2024,11,F_B,FOOD SUCREE,9,9.0,24.3,5.0,0.0,H3546
Novotel Paris Tour Eiffel,2024,11,F_B,FOOD SUCREE,10,13.0,39.6,6.0,0.0,H3546
Novotel Paris Tour Eiffel,2024,11,F_B,FOOD SUCREE,11,5.0,15.5,4.0,0.0,H3546
Novotel Paris Tour Eiffel,2024,11,F_B,FOOD SUCREE,12,8.0,27.6,6.0,0.0,H3546
Novotel Paris Tour Eiffel,2024,11,F_B,FOOD SUCREE,13,12.0,40.7,9.0,0.0,H3546
Novotel Paris Tour Eiffel,2024,11,F_B,FOOD SUCREE,14,14.0,46.1,10.0,0.0,H3546
Novotel Paris Tour Eiffel,2024,11,F_B,FOOD SUCREE,15,9.0,27.0,5.0,0.0,H3546
Novotel Paris Tour Eiffel,2024,11,F_B,FOOD SUCREE,16,12.0,39.2,7.0,0.0,H3546
Novotel Paris Tour Eiffel,2024,11,F_B,FOOD SUCREE,17,13.0,40.5,9.0,0.0,H3546
Novotel Paris Tour Eiffel,2024,11,F_B,FOOD SUCREE,18,29.0,86.8,12.0,0.0,H3546
Novotel Paris Tour Eiffel,2024,11,F_B,FOOD SUCREE,19,24.0,79.7,13.0,0.0,H3546
Novotel Paris Tour Eiffel,2024,11,F_B,FOOD SUCREE,20,45.0,136.5,29.0,0.0,H3546
Novotel Paris Tour Eiffel,2024,11,F_B,FOOD SUCREE,21,49.0,160.0,27.0,0.0,H3546
Novotel Paris Tour Eiffel,2024,11,F_B,FOOD SUCREE,22,74.0,229.6,45.0,0.0,H3546
Novotel Paris Tour Eiffel,2024,11,F_B,FOOD SUCREE,23,79.0,246.8,44.0,0.0,H3546
Novotel Paris Tour Eiffel,2024,11,F_B,SANS ALCOOL,0,94.0,322.4,53.0,0.0,H3546
Novotel Paris Tour Eiffel,2024,11,F_B,SANS ALCOOL,1,48.0,171.7,22.0,0.0,H3546
Novotel Paris Tour Eiffel,2024,11,F_B,SANS ALCOOL,2,33.0,135.8,18.0,0.0,H3546
Novotel Paris Tour Eiffel,2024,11,F_B,SANS ALCOOL,3,16.0,57.4,8.0,0.0,H3546
Novotel Paris Tour Eiffel,2024,11,F_B,SANS ALCOOL,4,7.0,22.3,3.0,0.0,H3546
Novotel Paris Tour Eiffel,2024,11,F_B,SANS ALCOOL,5,12.0,36.8,5.0,0.0,H3546
Novotel Paris Tour Eiffel,2024,11,F_B,SANS ALCOOL,6,10.0,34.0,8.0,0.0,H3546
Novotel Paris Tour Eiffel,2024,11,F_B,SANS ALCOOL,7,7.0,22.3,5.0,0.0,H3546
Novotel Paris Tour Eiffel,2024,11,F_B,SANS ALCOOL,8,17.0,55.8,10.0,0.0,H3546
Novotel Paris Tour Eiffel,2024,11,F_B,SANS ALCOOL,9,20.0,66.5,11.0,0.0,H3546
Novotel Paris Tour Eiffel,2024,11,F_B,SANS ALCOOL,10,11.0,39.5,6.0,0.0,H3546
Novotel Paris Tour Eiffel,2024,11,F_B,SANS ALCOOL,11,19.0,59.199999999999996,12.0,0.0,H3546
Novotel Paris Tour Eiffel,2024,11,F_B,SANS ALCOOL,12,15.0,52.7,13.0,0.0,H3546
Novotel Paris Tour Eiffel,2024,11,F_B,SANS ALCOOL,13,16.0,52.4,13.0,0.0,H3546
Novotel Paris Tour Eiffel,2024,11,F_B,SANS ALCOOL,14,22.0,77.2,11.0,0.0,H3546
Novotel Paris Tour Eiffel,2024,11,F_B,SANS ALCOOL,15,25.0,79.4,16.0,0.0,H3546
Novotel Paris Tour Eiffel,2024,11,F_B,SANS ALCOOL,16,33.0,114.8,19.0,0.0,H3546
Novotel Paris Tour Eiffel,2024,11,F_B,SANS ALCOOL,17,66.0,231.4,34.0,0.0,H3546
Novotel Paris Tour Eiffel,2024,11,F_B,SANS ALCOOL,18,65.0,220.7,34.0,0.0,H3546
Novotel Paris Tour Eiffel,2024,11,F_B,SANS ALCOOL,19,43.0,158.5,28.0,0.0,H3546
Novotel Paris Tour Eiffel,2024,11,F_B,SANS ALCOOL,20,79.0,281.3,42.0,0.0,H3546
Novotel Paris Tour Eiffel,2024,11,F_B,SANS ALCOOL,21,116.0,402.2,60.0,0.0,H3546
Novotel Paris Tour Eiffel,2024,11,F_B,SANS ALCOOL,22,166.0,567.7,92.0,0.0,H3546
Novotel Paris Tour Eiffel,2024,11,F_B,SANS ALCOOL,23,145.0,504.59999999999997,78.0,0.0,H3546
Novotel Paris Tour Eiffel,2024,11,N_F_B,COSMETIQUE,0,2.0,16.0,1.0,0.0,H3546
Novotel Paris Tour Eiffel,2024,11,N_F_B,SOS,0,30.0,222.0,25.0,0.0,H3546
Novotel Paris Tour Eiffel,2024,11,N_F_B,SOS,1,12.0,93.0,10.0,0.0,H3546
Novotel Paris Tour Eiffel,2024,11,N_F_B,SOS,2,6.0,60.0,6.0,0.0,H3546
Novotel Paris Tour Eiffel,2024,11,N_F_B,SOS,3,5.0,28.0,3.0,0.0,H3546
Novotel Paris Tour Eiffel,2024,11,N_F_B,SOS,4,2.0,28.0,1.0,0.0,H3546
Novotel Paris Tour Eiffel,2024,11,N_F_B,SOS,5,1.0,8.0,1.0,0.0,H3546
Novotel Paris Tour Eiffel,2024,11,N_F_B,SOS,6,8.0,66.0,7.0,0.0,H3546
Novotel Paris Tour Eiffel,2024,11,N_F_B,SOS,7,19.0,157.0,17.0,0.0,H3546
Novotel Paris Tour Eiffel,2024,11,N_F_B,SOS,8,35.0,274.0,25.0,0.0,H3546
Novotel Paris Tour Eiffel,2024,11,N_F_B,SOS,9,16.0,132.0,13.0,0.0,H3546
Novotel Paris Tour Eiffel,2024,11,N_F_B,SOS,10,25.0,185.0,18.0,0.0,H3546
Novotel Paris Tour Eiffel,2024,11,N_F_B,SOS,11,17.0,128.0,13.0,0.0,H3546
Novotel Paris Tour Eiffel,2024,11,N_F_B,SOS,12,10.0,90.0,9.0,0.0,H3546
Novotel Paris Tour Eiffel,2024,11,N_F_B,SOS,13,12.0,62.0,8.0,0.0,H3546
Novotel Paris Tour Eiffel,2024,11,N_F_B,SOS,14,11.0,76.0,7.0,0.0,H3546
Novotel Paris Tour Eiffel,2024,11,N_F_B,SOS,15,13.0,126.0,9.0,0.0,H3546
Novotel Paris Tour Eiffel,2024,11,N_F_B,SOS,16,16.0,146.0,14.0,0.0,H3546
Novotel Paris Tour Eiffel,2024,11,N_F_B,SOS,17,23.0,188.0,19.0,0.0,H3546
Novotel Paris Tour Eiffel,2024,11,N_F_B,SOS,18,15.0,93.0,12.0,0.0,H3546
Novotel Paris Tour Eiffel,2024,11,N_F_B,SOS,19,20.0,177.0,17.0,0.0,H3546
Novotel Paris Tour Eiffel,2024,11,N_F_B,SOS,20,30.0,256.0,25.0,0.0,H3546
Novotel Paris Tour Eiffel,2024,11,N_F_B,SOS,21,38.0,306.0,31.0,0.0,H3546
Novotel Paris Tour Eiffel,2024,11,N_F_B,SOS,22,57.0,400.0,46.0,0.0,H3546
Novotel Paris Tour Eiffel,2024,11,N_F_B,SOS,23,64.0,527.0,55.0,0.0,H3546
Novotel Paris Tour Eiffel,2024,12,F_B,FOOD SALEE,0,33.0,206.4,25.0,0.0,H3546
Novotel Paris Tour Eiffel,2024,12,F_B,FOOD SALEE,1,23.0,139.7,18.0,0.0,H3546
Novotel Paris Tour Eiffel,2024,12,F_B,FOOD SALEE,2,35.0,248.3,19.0,0.0,H3546
Novotel Paris Tour Eiffel,2024,12,F_B,FOOD SALEE,3,6.0,43.9,4.0,0.0,H3546
Novotel Paris Tour Eiffel,2024,12,F_B,FOOD SALEE,4,4.0,12.7,1.0,0.0,H3546
Novotel Paris Tour Eiffel,2024,12,F_B,FOOD SALEE,5,2.0,11.5,2.0,0.0,H3546
Novotel Paris Tour Eiffel,2024,12,F_B,FOOD SALEE,6,6.0,34.0,3.0,0.0,H3546
Novotel Paris Tour Eiffel,2024,12,F_B,FOOD SALEE,7,6.0,45.0,3.0,0.0,H3546
Novotel Paris Tour Eiffel,2024,12,F_B,FOOD SALEE,8,5.0,53.0,4.0,0.0,H3546
Novotel Paris Tour Eiffel,2024,12,F_B,FOOD SALEE,9,7.0,37.4,6.0,0.0,H3546
Novotel Paris Tour Eiffel,2024,12,F_B,FOOD SALEE,10,7.0,37.9,4.0,0.0,H3546
Novotel Paris Tour Eiffel,2024,12,F_B,FOOD SALEE,11,6.0,29.8,5.0,0.0,H3546
Novotel Paris Tour Eiffel,2024,12,F_B,FOOD SALEE,12,9.0,63.5,7.0,0.0,H3546
Novotel Paris Tour Eiffel,2024,12,F_B,FOOD SALEE,13,17.0,120.2,12.0,0.0,H3546
Novotel Paris Tour Eiffel,2024,12,F_B,FOOD SALEE,14,8.0,59.8,4.0,0.0,H3546
Novotel Paris Tour Eiffel,2024,12,F_B,FOOD SALEE,15,20.0,139.9,12.0,0.0,H3546
Novotel Paris Tour Eiffel,2024,12,F_B,FOOD SALEE,16,13.0,57.7,11.0,0.0,H3546
Novotel Paris Tour Eiffel,2024,12,F_B,FOOD SALEE,17,14.0,82.7,8.0,0.0,H3546
Novotel Paris Tour Eiffel,2024,12,F_B,FOOD SALEE,18,34.0,180.0,25.0,0.0,H3546
Novotel Paris Tour Eiffel,2024,12,F_B,FOOD SALEE,19,33.0,182.7,24.0,0.0,H3546
Novotel Paris Tour Eiffel,2024,12,F_B,FOOD SALEE,20,38.0,190.8,27.0,0.0,H3546
Novotel Paris Tour Eiffel,2024,12,F_B,FOOD SALEE,21,29.0,172.4,25.0,0.0,H3546
Novotel Paris Tour Eiffel,2024,12,F_B,FOOD SALEE,22,46.0,316.5,31.0,0.0,H3546
Novotel Paris Tour Eiffel,2024,12,F_B,FOOD SALEE,23,81.0,558.0,48.0,0.0,H3546
Novotel Paris Tour Eiffel,2024,12,F_B,FOOD SUCREE,0,58.0,185.0,34.0,0.0,H3546
Novotel Paris Tour Eiffel,2024,12,F_B,FOOD SUCREE,1,40.0,135.4,23.0,0.0,H3546
Novotel Paris Tour Eiffel,2024,12,F_B,FOOD SUCREE,2,26.0,83.5,12.0,0.0,H3546
Novotel Paris Tour Eiffel,2024,12,F_B,FOOD SUCREE,3,1.0,2.9,1.0,0.0,H3546
Novotel Paris Tour Eiffel,2024,12,F_B,FOOD SUCREE,4,10.0,32.8,4.0,0.0,H3546
Novotel Paris Tour Eiffel,2024,12,F_B,FOOD SUCREE,5,3.0,6.6000000000000005,2.0,0.0,H3546
Novotel Paris Tour Eiffel,2024,12,F_B,FOOD SUCREE,6,5.0,15.1,4.0,0.0,H3546
Novotel Paris Tour Eiffel,2024,12,F_B,FOOD SUCREE,7,3.0,8.7,2.0,0.0,H3546
Novotel Paris Tour Eiffel,2024,12,F_B,FOOD SUCREE,8,9.0,37.6,5.0,0.0,H3546
Novotel Paris Tour Eiffel,2024,12,F_B,FOOD SUCREE,9,12.0,41.5,9.0,0.0,H3546
Novotel Paris Tour Eiffel,2024,12,F_B,FOOD SUCREE,10,4.0,10.8,3.0,0.0,H3546
Novotel Paris Tour Eiffel,2024,12,F_B,FOOD SUCREE,11,22.0,66.9,12.0,0.0,H3546
Novotel Paris Tour Eiffel,2024,12,F_B,FOOD SUCREE,12,3.0,9.6,3.0,0.0,H3546
Novotel Paris Tour Eiffel,2024,12,F_B,FOOD SUCREE,13,12.0,37.2,8.0,0.0,H3546
Novotel Paris Tour Eiffel,2024,12,F_B,FOOD SUCREE,14,8.0,24.7,8.0,0.0,H3546
Novotel Paris Tour Eiffel,2024,12,F_B,FOOD SUCREE,15,22.0,64.1,12.0,0.0,H3546
Novotel Paris Tour Eiffel,2024,12,F_B,FOOD SUCREE,16,35.0,117.1,18.0,0.0,H3546
Novotel Paris Tour Eiffel,2024,12,F_B,FOOD SUCREE,17,32.0,99.7,14.0,0.0,H3546
Novotel Paris Tour Eiffel,2024,12,F_B,FOOD SUCREE,18,49.0,151.3,25.0,0.0,H3546
Novotel Paris Tour Eiffel,2024,12,F_B,FOOD SUCREE,19,39.0,120.3,23.0,0.0,H3546
Novotel Paris Tour Eiffel,2024,12,F_B,FOOD SUCREE,20,78.0,241.29999999999998,46.0,0.0,H3546
Novotel Paris Tour Eiffel,2024,12,F_B,FOOD SUCREE,21,69.0,222.3,36.0,0.0,H3546
Novotel Paris Tour Eiffel,2024,12,F_B,FOOD SUCREE,22,65.0,207.6,39.0,0.0,H3546
Novotel Paris Tour Eiffel,2024,12,F_B,FOOD SUCREE,23,79.0,274.5,47.0,0.0,H3546
Novotel Paris Tour Eiffel,2024,12,F_B,SANS ALCOOL,0,129.0,433.8,69.0,0.0,H3546
Novotel Paris Tour Eiffel,2024,12,F_B,SANS ALCOOL,1,83.0,294.2,39.0,0.0,H3546
Novotel Paris Tour Eiffel,2024,12,F_B,SANS ALCOOL,2,38.0,125.0,20.0,0.0,H3546
Novotel Paris Tour Eiffel,2024,12,F_B,SANS ALCOOL,3,15.0,56.6,7.0,0.0,H3546
Novotel Paris Tour Eiffel,2024,12,F_B,SANS ALCOOL,4,11.0,38.5,5.0,0.0,H3546
Novotel Paris Tour Eiffel,2024,12,F_B,SANS ALCOOL,5,6.0,22.6,4.0,0.0,H3546
Novotel Paris Tour Eiffel,2024,12,F_B,SANS ALCOOL,6,12.0,39.0,7.0,0.0,H3546
Novotel Paris Tour Eiffel,2024,12,F_B,SANS ALCOOL,7,25.0,88.3,10.0,0.0,H3546
Novotel Paris Tour Eiffel,2024,12,F_B,SANS ALCOOL,8,31.0,112.10000000000001,16.0,0.0,H3546
Novotel Paris Tour Eiffel,2024,12,F_B,SANS ALCOOL,9,42.0,145.3,27.0,0.0,H3546
Novotel Paris Tour Eiffel,2024,12,F_B,SANS ALCOOL,10,28.0,101.8,13.0,0.0,H3546
Novotel Paris Tour Eiffel,2024,12,F_B,SANS ALCOOL,11,42.0,153.7,22.0,0.0,H3546
Novotel Paris Tour Eiffel,2024,12,F_B,SANS ALCOOL,12,17.0,63.9,9.0,0.0,H3546
Novotel Paris Tour Eiffel,2024,12,F_B,SANS ALCOOL,13,38.0,125.0,21.0,0.0,H3546
Novotel Paris Tour Eiffel,2024,12,F_B,SANS ALCOOL,14,22.0,75.5,12.0,0.0,H3546
Novotel Paris Tour Eiffel,2024,12,F_B,SANS ALCOOL,15,15.0,51.7,9.0,0.0,H3546
Novotel Paris Tour Eiffel,2024,12,F_B,SANS ALCOOL,16,38.0,134.0,19.0,0.0,H3546
Novotel Paris Tour Eiffel,2024,12,F_B,SANS ALCOOL,17,56.0,188.5,34.0,0.0,H3546
Novotel Paris Tour Eiffel,2024,12,F_B,SANS ALCOOL,18,86.0,290.1,42.0,0.0,H3546
Novotel Paris Tour Eiffel,2024,12,F_B,SANS ALCOOL,19,93.0,311.4,43.0,0.0,H3546
Novotel Paris Tour Eiffel,2024,12,F_B,SANS ALCOOL,20,149.0,521.8,68.0,0.0,H3546
Novotel Paris Tour Eiffel,2024,12,F_B,SANS ALCOOL,21,159.0,515.8,82.0,0.0,H3546
Novotel Paris Tour Eiffel,2024,12,F_B,SANS ALCOOL,22,171.0,605.9,90.0,0.0,H3546
Novotel Paris Tour Eiffel,2024,12,F_B,SANS ALCOOL,23,140.0,511.2,75.0,0.0,H3546
Novotel Paris Tour Eiffel,2024,12,N_F_B,COSMETIQUE,11,3.0,24.0,2.0,0.0,H3546
Novotel Paris Tour Eiffel,2024,12,N_F_B,COSMETIQUE,13,1.0,8.0,1.0,0.0,H3546
Novotel Paris Tour Eiffel,2024,12,N_F_B,COSMETIQUE,17,1.0,8.0,1.0,0.0,H3546
Novotel Paris Tour Eiffel,2024,12,N_F_B,COSMETIQUE,22,1.0,8.0,1.0,0.0,H3546
Novotel Paris Tour Eiffel,2024,12,N_F_B,COSMETIQUE,23,1.0,8.0,1.0,0.0,H3546
Novotel Paris Tour Eiffel,2024,12,N_F_B,SOS,0,60.0,410.0,36.0,0.0,H3546
Novotel Paris Tour Eiffel,2024,12,N_F_B,SOS,1,16.0,123.0,12.0,0.0,H3546
Novotel Paris Tour Eiffel,2024,12,N_F_B,SOS,2,2.0,14.0,2.0,0.0,H3546
Novotel Paris Tour Eiffel,2024,12,N_F_B,SOS,3,4.0,24.0,3.0,0.0,H3546
Novotel Paris Tour Eiffel,2024,12,N_F_B,SOS,4,3.0,20.0,3.0,0.0,H3546
Novotel Paris Tour Eiffel,2024,12,N_F_B,SOS,5,4.0,36.0,3.0,0.0,H3546
Novotel Paris Tour Eiffel,2024,12,N_F_B,SOS,6,7.0,36.0,5.0,0.0,H3546
Novotel Paris Tour Eiffel,2024,12,N_F_B,SOS,7,14.0,86.0,14.0,0.0,H3546
Novotel Paris Tour Eiffel,2024,12,N_F_B,SOS,8,26.0,195.0,22.0,0.0,H3546
Novotel Paris Tour Eiffel,2024,12,N_F_B,SOS,9,33.0,253.0,24.0,0.0,H3546
Novotel Paris Tour Eiffel,2024,12,N_F_B,SOS,10,13.0,98.0,11.0,0.0,H3546
Novotel Paris Tour Eiffel,2024,12,N_F_B,SOS,11,6.0,60.0,5.0,0.0,H3546
Novotel Paris Tour Eiffel,2024,12,N_F_B,SOS,12,8.0,60.0,8.0,0.0,H3546
Novotel Paris Tour Eiffel,2024,12,N_F_B,SOS,13,5.0,43.0,5.0,0.0,H3546
Novotel Paris Tour Eiffel,2024,12,N_F_B,SOS,14,7.0,67.0,7.0,0.0,H3546
Novotel Paris Tour Eiffel,2024,12,N_F_B,SOS,15,12.0,86.0,10.0,0.0,H3546
Novotel Paris Tour Eiffel,2024,12,N_F_B,SOS,16,16.0,145.0,14.0,0.0,H3546
Novotel Paris Tour Eiffel,2024,12,N_F_B,SOS,17,23.0,178.0,19.0,0.0,H3546
Novotel Paris Tour Eiffel,2024,12,N_F_B,SOS,18,34.0,257.0,25.0,0.0,H3546
Novotel Paris Tour Eiffel,2024,12,N_F_B,SOS,19,34.0,275.0,23.0,0.0,H3546
Novotel Paris Tour Eiffel,2024,12,N_F_B,SOS,20,31.0,259.0,26.0,0.0,H3546
Novotel Paris Tour Eiffel,2024,12,N_F_B,SOS,21,43.0,306.0,35.0,0.0,H3546
Novotel Paris Tour Eiffel,2024,12,N_F_B,SOS,22,67.0,476.0,53.0,0.0,H3546
Novotel Paris Tour Eiffel,2024,12,N_F_B,SOS,23,47.0,324.0,37.0,0.0,H3546
Novotel Paris Tour Eiffel,2025,1,F_B,FOOD SALEE,0,42.0,271.1,29.0,0.0,H3546
Novotel Paris Tour Eiffel,2025,1,F_B,FOOD SALEE,1,23.0,145.5,15.0,0.0,H3546
Novotel Paris Tour Eiffel,2025,1,F_B,FOOD SALEE,2,18.0,95.4,15.0,0.0,H3546
Novotel Paris Tour Eiffel,2025,1,F_B,FOOD SALEE,3,10.0,71.0,9.0,0.0,H3546
Novotel Paris Tour Eiffel,2025,1,F_B,FOOD SALEE,4,8.0,37.7,6.0,0.0,H3546
Novotel Paris Tour Eiffel,2025,1,F_B,FOOD SALEE,5,6.0,49.5,3.0,0.0,H3546
Novotel Paris Tour Eiffel,2025,1,F_B,FOOD SALEE,7,4.0,21.5,3.0,0.0,H3546
Novotel Paris Tour Eiffel,2025,1,F_B,FOOD SALEE,8,5.0,21.9,5.0,0.0,H3546
Novotel Paris Tour Eiffel,2025,1,F_B,FOOD SALEE,9,10.0,48.4,7.0,0.0,H3546
Novotel Paris Tour Eiffel,2025,1,F_B,FOOD SALEE,10,7.0,56.0,5.0,0.0,H3546
Novotel Paris Tour Eiffel,2025,1,F_B,FOOD SALEE,11,3.0,10.8,3.0,0.0,H3546
Novotel Paris Tour Eiffel,2025,1,F_B,FOOD SALEE,12,10.0,48.8,8.0,0.0,H3546
Novotel Paris Tour Eiffel,2025,1,F_B,FOOD SALEE,13,11.0,74.3,9.0,0.0,H3546
Novotel Paris Tour Eiffel,2025,1,F_B,FOOD SALEE,14,8.0,65.0,7.0,0.0,H3546
Novotel Paris Tour Eiffel,2025,1,F_B,FOOD SALEE,15,12.0,47.7,8.0,0.0,H3546
Novotel Paris Tour Eiffel,2025,1,F_B,FOOD SALEE,16,20.0,90.1,14.0,0.0,H3546
Novotel Paris Tour Eiffel,2025,1,F_B,FOOD SALEE,17,12.0,67.5,9.0,0.0,H3546
Novotel Paris Tour Eiffel,2025,1,F_B,FOOD SALEE,18,18.0,125.3,12.0,0.0,H3546
Novotel Paris Tour Eiffel,2025,1,F_B,FOOD SALEE,19,45.0,327.0,30.0,0.0,H3546
Novotel Paris Tour Eiffel,2025,1,F_B,FOOD SALEE,20,39.0,302.2,28.0,0.0,H3546
Novotel Paris Tour Eiffel,2025,1,F_B,FOOD SALEE,21,41.0,255.7,27.0,0.0,H3546
Novotel Paris Tour Eiffel,2025,1,F_B,FOOD SALEE,22,54.0,376.6,31.0,0.0,H3546
Novotel Paris Tour Eiffel,2025,1,F_B,FOOD SALEE,23,41.0,233.6,30.0,0.0,H3546
Novotel Paris Tour Eiffel,2025,1,F_B,FOOD SUCREE,0,65.0,266.4,36.0,0.0,H3546
Novotel Paris Tour Eiffel,2025,1,F_B,FOOD SUCREE,1,27.0,89.6,12.0,0.0,H3546
Novotel Paris Tour Eiffel,2025,1,F_B,FOOD SUCREE,2,20.0,63.0,12.0,0.0,H3546
Novotel Paris Tour Eiffel,2025,1,F_B,FOOD SUCREE,3,6.0,18.6,2.0,0.0,H3546
Novotel Paris Tour Eiffel,2025,1,F_B,FOOD SUCREE,4,10.0,32.8,4.0,0.0,H3546
Novotel Paris Tour Eiffel,2025,1,F_B,FOOD SUCREE,5,1.0,4.5,1.0,0.0,H3546
Novotel Paris Tour Eiffel,2025,1,F_B,FOOD SUCREE,7,5.0,23.6,4.0,0.0,H3546
Novotel Paris Tour Eiffel,2025,1,F_B,FOOD SUCREE,8,6.0,19.0,4.0,0.0,H3546
Novotel Paris Tour Eiffel,2025,1,F_B,FOOD SUCREE,9,9.0,26.6,5.0,0.0,H3546
Novotel Paris Tour Eiffel,2025,1,F_B,FOOD SUCREE,10,9.0,29.2,8.0,0.0,H3546
Novotel Paris Tour Eiffel,2025,1,F_B,FOOD SUCREE,11,5.0,16.1,3.0,0.0,H3546
Novotel Paris Tour Eiffel,2025,1,F_B,FOOD SUCREE,12,2.0,7.4,2.0,0.0,H3546
Novotel Paris Tour Eiffel,2025,1,F_B,FOOD SUCREE,14,10.0,36.4,4.0,0.0,H3546
Novotel Paris Tour Eiffel,2025,1,F_B,FOOD SUCREE,15,16.0,58.0,10.0,0.0,H3546
Novotel Paris Tour Eiffel,2025,1,F_B,FOOD SUCREE,16,21.0,71.5,12.0,0.0,H3546
Novotel Paris Tour Eiffel,2025,1,F_B,FOOD SUCREE,17,27.0,98.9,15.0,0.0,H3546
Novotel Paris Tour Eiffel,2025,1,F_B,FOOD SUCREE,18,20.0,67.2,12.0,0.0,H3546
Novotel Paris Tour Eiffel,2025,1,F_B,FOOD SUCREE,19,29.0,100.5,19.0,0.0,H3546
Novotel Paris Tour Eiffel,2025,1,F_B,FOOD SUCREE,20,45.0,146.8,27.0,0.0,H3546
Novotel Paris Tour Eiffel,2025,1,F_B,FOOD SUCREE,21,60.0,217.9,32.0,0.0,H3546
Novotel Paris Tour Eiffel,2025,1,F_B,FOOD SUCREE,22,57.0,184.2,30.0,0.0,H3546
Novotel Paris Tour Eiffel,2025,1,F_B,FOOD SUCREE,23,58.0,185.3,36.0,0.0,H3546
Novotel Paris Tour Eiffel,2025,1,F_B,SANS ALCOOL,0,153.0,523.4,73.0,0.0,H3546
Novotel Paris Tour Eiffel,2025,1,F_B,SANS ALCOOL,1,52.0,193.5,25.0,0.0,H3546
Novotel Paris Tour Eiffel,2025,1,F_B,SANS ALCOOL,2,40.0,148.8,23.0,0.0,H3546
Novotel Paris Tour Eiffel,2025,1,F_B,SANS ALCOOL,3,25.0,94.4,13.0,0.0,H3546
Novotel Paris Tour Eiffel,2025,1,F_B,SANS ALCOOL,4,13.0,55.3,7.0,0.0,H3546
Novotel Paris Tour Eiffel,2025,1,F_B,SANS ALCOOL,5,13.0,45.1,7.0,0.0,H3546
Novotel Paris Tour Eiffel,2025,1,F_B,SANS ALCOOL,6,7.0,22.6,5.0,0.0,H3546
Novotel Paris Tour Eiffel,2025,1,F_B,SANS ALCOOL,7,17.0,65.6,10.0,0.0,H3546
Novotel Paris Tour Eiffel,2025,1,F_B,SANS ALCOOL,8,15.0,53.4,10.0,0.0,H3546
Novotel Paris Tour Eiffel,2025,1,F_B,SANS ALCOOL,9,27.0,94.6,20.0,0.0,H3546
Novotel Paris Tour Eiffel,2025,1,F_B,SANS ALCOOL,10,13.0,43.9,10.0,0.0,H3546
Novotel Paris Tour Eiffel,2025,1,F_B,SANS ALCOOL,11,14.0,43.2,8.0,0.0,H3546
Novotel Paris Tour Eiffel,2025,1,F_B,SANS ALCOOL,12,12.0,38.2,10.0,0.0,H3546
Novotel Paris Tour Eiffel,2025,1,F_B,SANS ALCOOL,13,12.0,41.9,7.0,0.0,H3546
Novotel Paris Tour Eiffel,2025,1,F_B,SANS ALCOOL,14,17.0,58.9,9.0,0.0,H3546
Novotel Paris Tour Eiffel,2025,1,F_B,SANS ALCOOL,15,21.0,76.0,14.0,0.0,H3546
Novotel Paris Tour Eiffel,2025,1,F_B,SANS ALCOOL,16,24.0,78.8,13.0,0.0,H3546
Novotel Paris Tour Eiffel,2025,1,F_B,SANS ALCOOL,17,35.0,122.1,20.0,0.0,H3546
Novotel Paris Tour Eiffel,2025,1,F_B,SANS ALCOOL,18,54.0,198.3,31.0,0.0,H3546
Novotel Paris Tour Eiffel,2025,1,F_B,SANS ALCOOL,19,59.0,196.7,32.0,0.0,H3546
Novotel Paris Tour Eiffel,2025,1,F_B,SANS ALCOOL,20,97.0,341.4,54.0,0.0,H3546
Novotel Paris Tour Eiffel,2025,1,F_B,SANS ALCOOL,21,125.0,440.9,67.0,0.0,H3546
Novotel Paris Tour Eiffel,2025,1,F_B,SANS ALCOOL,22,143.0,496.4,80.0,0.0,H3546
Novotel Paris Tour Eiffel,2025,1,F_B,SANS ALCOOL,23,109.0,391.1,60.0,0.0,H3546
Novotel Paris Tour Eiffel,2025,1,N_F_B,SOS,0,30.0,221.0,17.0,0.0,H3546
Novotel Paris Tour Eiffel,2025,1,N_F_B,SOS,1,7.0,50.0,6.0,0.0,H3546
Novotel Paris Tour Eiffel,2025,1,N_F_B,SOS,2,9.0,62.0,5.0,0.0,H3546
Novotel Paris Tour Eiffel,2025,1,N_F_B,SOS,3,5.0,34.0,5.0,0.0,H3546
Novotel Paris Tour Eiffel,2025,1,N_F_B,SOS,4,1.0,8.0,1.0,0.0,H3546
Novotel Paris Tour Eiffel,2025,1,N_F_B,SOS,5,1.0,14.0,1.0,0.0,H3546
Novotel Paris Tour Eiffel,2025,1,N_F_B,SOS,6,11.0,81.0,9.0,0.0,H3546
Novotel Paris Tour Eiffel,2025,1,N_F_B,SOS,7,12.0,147.0,11.0,0.0,H3546
Novotel Paris Tour Eiffel,2025,1,N_F_B,SOS,8,14.0,108.0,13.0,0.0,H3546
Novotel Paris Tour Eiffel,2025,1,N_F_B,SOS,9,13.0,144.0,10.0,0.0,H3546
Novotel Paris Tour Eiffel,2025,1,N_F_B,SOS,10,9.0,61.0,7.0,0.0,H3546
Novotel Paris Tour Eiffel,2025,1,N_F_B,SOS,11,10.0,72.0,7.0,0.0,H3546
Novotel Paris Tour Eiffel,2025,1,N_F_B,SOS,12,5.0,30.0,4.0,0.0,H3546
Novotel Paris Tour Eiffel,2025,1,N_F_B,SOS,13,5.0,57.0,4.0,0.0,H3546
Novotel Paris Tour Eiffel,2025,1,N_F_B,SOS,14,3.0,12.0,2.0,0.0,H3546
Novotel Paris Tour Eiffel,2025,1,N_F_B,SOS,15,3.0,31.0,3.0,0.0,H3546
Novotel Paris Tour Eiffel,2025,1,N_F_B,SOS,16,5.0,70.0,5.0,0.0,H3546
Novotel Paris Tour Eiffel,2025,1,N_F_B,SOS,17,8.0,66.0,8.0,0.0,H3546
Novotel Paris Tour Eiffel,2025,1,N_F_B,SOS,18,23.0,205.0,19.0,0.0,H3546
Novotel Paris Tour Eiffel,2025,1,N_F_B,SOS,19,18.0,124.0,15.0,0.0,H3546
Novotel Paris Tour Eiffel,2025,1,N_F_B,SOS,20,29.0,213.0,18.0,0.0,H3546
Novotel Paris Tour Eiffel,2025,1,N_F_B,SOS,21,25.0,166.0,20.0,0.0,H3546
Novotel Paris Tour Eiffel,2025,1,N_F_B,SOS,22,28.0,203.0,26.0,0.0,H3546
Novotel Paris Tour Eiffel,2025,1,N_F_B,SOS,23,31.0,240.0,22.0,0.0,H3546
Novotel Paris Tour Eiffel,2025,2,F_B,FOOD SALEE,0,35.0,245.4,26.0,0.0,H3546
Novotel Paris Tour Eiffel,2025,2,F_B,FOOD SALEE,1,21.0,146.0,17.0,0.0,H3546
Novotel Paris Tour Eiffel,2025,2,F_B,FOOD SALEE,2,23.0,153.1,13.0,0.0,H3546
Novotel Paris Tour Eiffel,2025,2,F_B,FOOD SALEE,3,14.0,83.4,10.0,0.0,H3546
Novotel Paris Tour Eiffel,2025,2,F_B,FOOD SALEE,4,5.0,28.4,3.0,0.0,H3546
Novotel Paris Tour Eiffel,2025,2,F_B,FOOD SALEE,5,8.0,70.0,4.0,0.0,H3546
Novotel Paris Tour Eiffel,2025,2,F_B,FOOD SALEE,6,1.0,6.5,1.0,0.0,H3546
Novotel Paris Tour Eiffel,2025,2,F_B,FOOD SALEE,7,8.0,58.0,5.0,0.0,H3546
Novotel Paris Tour Eiffel,2025,2,F_B,FOOD SALEE,8,6.0,39.5,5.0,0.0,H3546
Novotel Paris Tour Eiffel,2025,2,F_B,FOOD SALEE,9,3.0,16.5,3.0,0.0,H3546
Novotel Paris Tour Eiffel,2025,2,F_B,FOOD SALEE,10,3.0,20.0,2.0,0.0,H3546
Novotel Paris Tour Eiffel,2025,2,F_B,FOOD SALEE,11,5.0,32.5,3.0,0.0,H3546
Novotel Paris Tour Eiffel,2025,2,F_B,FOOD SALEE,12,9.0,59.0,8.0,0.0,H3546
Novotel Paris Tour Eiffel,2025,2,F_B,FOOD SALEE,13,3.0,10.8,3.0,0.0,H3546
Novotel Paris Tour Eiffel,2025,2,F_B,FOOD SALEE,14,10.0,53.3,9.0,0.0,H3546
Novotel Paris Tour Eiffel,2025,2,F_B,FOOD SALEE,15,10.0,95.5,7.0,0.0,H3546
Novotel Paris Tour Eiffel,2025,2,F_B,FOOD SALEE,16,19.0,137.3,14.0,0.0,H3546
Novotel Paris Tour Eiffel,2025,2,F_B,FOOD SALEE,17,14.0,97.0,11.0,0.0,H3546
Novotel Paris Tour Eiffel,2025,2,F_B,FOOD SALEE,18,10.0,75.0,6.0,0.0,H3546
Novotel Paris Tour Eiffel,2025,2,F_B,FOOD SALEE,19,24.0,175.8,19.0,0.0,H3546
Novotel Paris Tour Eiffel,2025,2,F_B,FOOD SALEE,20,31.0,194.3,26.0,0.0,H3546
Novotel Paris Tour Eiffel,2025,2,F_B,FOOD SALEE,21,54.0,352.9,31.0,0.0,H3546
Novotel Paris Tour Eiffel,2025,2,F_B,FOOD SALEE,22,47.0,296.8,35.0,0.0,H3546
Novotel Paris Tour Eiffel,2025,2,F_B,FOOD SALEE,23,66.0,445.1,49.0,0.0,H3546
Novotel Paris Tour Eiffel,2025,2,F_B,FOOD SUCREE,0,53.0,204.1,29.0,0.0,H3546
Novotel Paris Tour Eiffel,2025,2,F_B,FOOD SUCREE,1,30.0,104.0,18.0,0.0,H3546
Novotel Paris Tour Eiffel,2025,2,F_B,FOOD SUCREE,2,19.0,67.1,9.0,0.0,H3546
Novotel Paris Tour Eiffel,2025,2,F_B,FOOD SUCREE,3,12.0,60.7,7.0,0.0,H3546
Novotel Paris Tour Eiffel,2025,2,F_B,FOOD SUCREE,4,4.0,15.8,3.0,0.0,H3546
Novotel Paris Tour Eiffel,2025,2,F_B,FOOD SUCREE,5,7.0,20.3,2.0,0.0,H3546
Novotel Paris Tour Eiffel,2025,2,F_B,FOOD SUCREE,7,3.0,10.7,3.0,0.0,H3546
Novotel Paris Tour Eiffel,2025,2,F_B,FOOD SUCREE,8,10.0,33.4,6.0,0.0,H3546
Novotel Paris Tour Eiffel,2025,2,F_B,FOOD SUCREE,9,3.0,12.9,3.0,0.0,H3546
Novotel Paris Tour Eiffel,2025,2,F_B,FOOD SUCREE,10,3.0,8.7,3.0,0.0,H3546
Novotel Paris Tour Eiffel,2025,2,F_B,FOOD SUCREE,11,4.0,10.9,3.0,0.0,H3546
Novotel Paris Tour Eiffel,2025,2,F_B,FOOD SUCREE,12,13.0,34.300000000000004,5.0,0.0,H3546
Novotel Paris Tour Eiffel,2025,2,F_B,FOOD SUCREE,13,8.0,27.3,3.0,0.0,H3546
Novotel Paris Tour Eiffel,2025,2,F_B,FOOD SUCREE,14,6.0,23.8,3.0,0.0,H3546
Novotel Paris Tour Eiffel,2025,2,F_B,FOOD SUCREE,15,12.0,40.4,8.0,0.0,H3546
Novotel Paris Tour Eiffel,2025,2,F_B,FOOD SUCREE,16,16.0,66.4,12.0,0.0,H3546
Novotel Paris Tour Eiffel,2025,2,F_B,FOOD SUCREE,17,16.0,61.8,10.0,0.0,H3546
Novotel Paris Tour Eiffel,2025,2,F_B,FOOD SUCREE,18,20.0,73.3,13.0,0.0,H3546
Novotel Paris Tour Eiffel,2025,2,F_B,FOOD SUCREE,19,10.0,30.9,8.0,0.0,H3546
Novotel Paris Tour Eiffel,2025,2,F_B,FOOD SUCREE,20,46.0,192.8,29.0,0.0,H3546
Novotel Paris Tour Eiffel,2025,2,F_B,FOOD SUCREE,21,76.0,273.7,42.0,0.0,H3546
Novotel Paris Tour Eiffel,2025,2,F_B,FOOD SUCREE,22,77.0,260.9,43.0,0.0,H3546
Novotel Paris Tour Eiffel,2025,2,F_B,FOOD SUCREE,23,66.0,219.0,37.0,0.0,H3546
Novotel Paris Tour Eiffel,2025,2,F_B,SANS ALCOOL,0,98.0,369.9,49.0,0.0,H3546
Novotel Paris Tour Eiffel,2025,2,F_B,SANS ALCOOL,1,41.0,139.4,23.0,0.0,H3546
Novotel Paris Tour Eiffel,2025,2,F_B,SANS ALCOOL,2,26.0,94.9,16.0,0.0,H3546
Novotel Paris Tour Eiffel,2025,2,F_B,SANS ALCOOL,3,10.0,34.6,5.0,0.0,H3546
Novotel Paris Tour Eiffel,2025,2,F_B,SANS ALCOOL,4,19.0,70.5,11.0,0.0,H3546
Novotel Paris Tour Eiffel,2025,2,F_B,SANS ALCOOL,5,15.0,59.900000000000006,8.0,0.0,H3546
Novotel Paris Tour Eiffel,2025,2,F_B,SANS ALCOOL,6,10.0,34.0,6.0,0.0,H3546
Novotel Paris Tour Eiffel,2025,2,F_B,SANS ALCOOL,7,15.0,56.5,10.0,0.0,H3546
Novotel Paris Tour Eiffel,2025,2,F_B,SANS ALCOOL,8,26.0,102.0,20.0,0.0,H3546
Novotel Paris Tour Eiffel,2025,2,F_B,SANS ALCOOL,9,38.0,141.0,22.0,0.0,H3546
Novotel Paris Tour Eiffel,2025,2,F_B,SANS ALCOOL,10,16.0,59.1,10.0,0.0,H3546
Novotel Paris Tour Eiffel,2025,2,F_B,SANS ALCOOL,11,19.0,70.8,16.0,0.0,H3546
Novotel Paris Tour Eiffel,2025,2,F_B,SANS ALCOOL,12,20.0,70.0,14.0,0.0,H3546
Novotel Paris Tour Eiffel,2025,2,F_B,SANS ALCOOL,13,24.0,87.5,17.0,0.0,H3546
Novotel Paris Tour Eiffel,2025,2,F_B,SANS ALCOOL,14,31.0,99.5,10.0,0.0,H3546
Novotel Paris Tour Eiffel,2025,2,F_B,SANS ALCOOL,15,43.0,150.5,25.0,0.0,H3546
Novotel Paris Tour Eiffel,2025,2,F_B,SANS ALCOOL,16,37.0,131.2,23.0,0.0,H3546
Novotel Paris Tour Eiffel,2025,2,F_B,SANS ALCOOL,17,33.0,113.9,16.0,0.0,H3546
Novotel Paris Tour Eiffel,2025,2,F_B,SANS ALCOOL,18,57.0,191.4,30.0,0.0,H3546
Novotel Paris Tour Eiffel,2025,2,F_B,SANS ALCOOL,19,37.0,134.6,17.0,0.0,H3546
Novotel Paris Tour Eiffel,2025,2,F_B,SANS ALCOOL,20,102.0,344.2,50.0,0.0,H3546
Novotel Paris Tour Eiffel,2025,2,F_B,SANS ALCOOL,21,151.0,528.2,78.0,0.0,H3546
Novotel Paris Tour Eiffel,2025,2,F_B,SANS ALCOOL,22,145.0,487.09999999999997,82.0,0.0,H3546
Novotel Paris Tour Eiffel,2025,2,F_B,SANS ALCOOL,23,173.0,630.6,91.0,0.0,H3546
Novotel Paris Tour Eiffel,2025,2,N_F_B,COSMETIQUE,1,1.0,8.0,1.0,0.0,H3546
Novotel Paris Tour Eiffel,2025,2,N_F_B,COSMETIQUE,7,1.0,8.0,1.0,0.0,H3546
Novotel Paris Tour Eiffel,2025,2,N_F_B,COSMETIQUE,8,1.0,8.0,1.0,0.0,H3546
Novotel Paris Tour Eiffel,2025,2,N_F_B,SOS,0,41.0,303.0,27.0,0.0,H3546
Novotel Paris Tour Eiffel,2025,2,N_F_B,SOS,1,18.0,104.0,11.0,0.0,H3546
Novotel Paris Tour Eiffel,2025,2,N_F_B,SOS,2,6.0,40.0,5.0,0.0,H3546
Novotel Paris Tour Eiffel,2025,2,N_F_B,SOS,3,1.0,8.0,1.0,0.0,H3546
Novotel Paris Tour Eiffel,2025,2,N_F_B,SOS,4,2.0,10.0,2.0,0.0,H3546
Novotel Paris Tour Eiffel,2025,2,N_F_B,SOS,5,4.0,28.0,2.0,0.0,H3546
Novotel Paris Tour Eiffel,2025,2,N_F_B,SOS,6,5.0,44.0,5.0,0.0,H3546
Novotel Paris Tour Eiffel,2025,2,N_F_B,SOS,7,23.0,167.0,20.0,0.0,H3546
Novotel Paris Tour Eiffel,2025,2,N_F_B,SOS,8,24.0,170.0,21.0,0.0,H3546
Novotel Paris Tour Eiffel,2025,2,N_F_B,SOS,9,17.0,131.0,14.0,0.0,H3546
Novotel Paris Tour Eiffel,2025,2,N_F_B,SOS,10,16.0,149.0,12.0,0.0,H3546
Novotel Paris Tour Eiffel,2025,2,N_F_B,SOS,11,10.0,93.0,9.0,0.0,H3546
Novotel Paris Tour Eiffel,2025,2,N_F_B,SOS,12,13.0,105.0,11.0,0.0,H3546
Novotel Paris Tour Eiffel,2025,2,N_F_B,SOS,13,8.0,50.0,6.0,0.0,H3546
Novotel Paris Tour Eiffel,2025,2,N_F_B,SOS,14,13.0,116.0,9.0,0.0,H3546
Novotel Paris Tour Eiffel,2025,2,N_F_B,SOS,15,17.0,143.0,16.0,0.0,H3546
Novotel Paris Tour Eiffel,2025,2,N_F_B,SOS,16,15.0,115.0,13.0,0.0,H3546
Novotel Paris Tour Eiffel,2025,2,N_F_B,SOS,17,8.0,80.0,8.0,0.0,H3546
Novotel Paris Tour Eiffel,2025,2,N_F_B,SOS,18,23.0,184.0,16.0,0.0,H3546
Novotel Paris Tour Eiffel,2025,2,N_F_B,SOS,19,24.0,233.0,21.0,0.0,H3546
Novotel Paris Tour Eiffel,2025,2,N_F_B,SOS,20,20.0,167.0,19.0,0.0,H3546
Novotel Paris Tour Eiffel,2025,2,N_F_B,SOS,21,41.0,303.0,30.0,0.0,H3546
Novotel Paris Tour Eiffel,2025,2,N_F_B,SOS,22,49.0,375.0,41.0,0.0,H3546
Novotel Paris Tour Eiffel,2025,2,N_F_B,SOS,23,39.0,314.0,32.0,0.0,H3546
Novotel Paris Tour Eiffel,2025,3,F_B,FOOD SALEE,0,50.0,387.6,32.0,0.0,H3546
Novotel Paris Tour Eiffel,2025,3,F_B,FOOD SALEE,1,19.0,167.5,12.0,0.0,H3546
Novotel Paris Tour Eiffel,2025,3,F_B,FOOD SALEE,2,15.0,108.7,7.0,0.0,H3546
Novotel Paris Tour Eiffel,2025,3,F_B,FOOD SALEE,3,14.0,116.4,11.0,0.0,H3546
Novotel Paris Tour Eiffel,2025,3,F_B,FOOD SALEE,4,22.0,160.0,14.0,0.0,H3546
Novotel Paris Tour Eiffel,2025,3,F_B,FOOD SALEE,5,4.0,39.5,3.0,0.0,H3546
Novotel Paris Tour Eiffel,2025,3,F_B,FOOD SALEE,6,6.0,41.3,3.0,0.0,H3546
Novotel Paris Tour Eiffel,2025,3,F_B,FOOD SALEE,7,5.0,42.0,4.0,0.0,H3546
Novotel Paris Tour Eiffel,2025,3,F_B,FOOD SALEE,8,10.0,78.0,7.0,0.0,H3546
Novotel Paris Tour Eiffel,2025,3,F_B,FOOD SALEE,9,3.0,28.5,3.0,0.0,H3546
Novotel Paris Tour Eiffel,2025,3,F_B,FOOD SALEE,10,8.0,62.4,6.0,0.0,H3546
Novotel Paris Tour Eiffel,2025,3,F_B,FOOD SALEE,11,4.0,24.4,3.0,0.0,H3546
Novotel Paris Tour Eiffel,2025,3,F_B,FOOD SALEE,12,7.0,53.9,6.0,0.0,H3546
Novotel Paris Tour Eiffel,2025,3,F_B,FOOD SALEE,13,14.0,100.7,11.0,0.0,H3546
Novotel Paris Tour Eiffel,2025,3,F_B,FOOD SALEE,14,13.0,68.7,10.0,0.0,H3546
Novotel Paris Tour Eiffel,2025,3,F_B,FOOD SALEE,15,11.0,79.7,7.0,0.0,H3546
Novotel Paris Tour Eiffel,2025,3,F_B,FOOD SALEE,16,17.0,78.8,12.0,0.0,H3546
Novotel Paris Tour Eiffel,2025,3,F_B,FOOD SALEE,17,19.0,121.5,13.0,0.0,H3546
Novotel Paris Tour Eiffel,2025,3,F_B,FOOD SALEE,18,18.0,83.7,13.0,0.0,H3546
Novotel Paris Tour Eiffel,2025,3,F_B,FOOD SALEE,19,29.0,203.5,18.0,0.0,H3546
Novotel Paris Tour Eiffel,2025,3,F_B,FOOD SALEE,20,60.0,433.6,36.0,0.0,H3546
Novotel Paris Tour Eiffel,2025,3,F_B,FOOD SALEE,21,28.0,216.7,22.0,0.0,H3546
Novotel Paris Tour Eiffel,2025,3,F_B,FOOD SALEE,22,60.0,440.8,41.0,0.0,H3546
Novotel Paris Tour Eiffel,2025,3,F_B,FOOD SALEE,23,74.0,515.1,51.0,0.0,H3546
Novotel Paris Tour Eiffel,2025,3,F_B,FOOD SUCREE,0,43.0,154.5,24.0,0.0,H3546
Novotel Paris Tour Eiffel,2025,3,F_B,FOOD SUCREE,1,22.0,74.0,10.0,0.0,H3546
Novotel Paris Tour Eiffel,2025,3,F_B,FOOD SUCREE,2,12.0,42.0,5.0,0.0,H3546
Novotel Paris Tour Eiffel,2025,3,F_B,FOOD SUCREE,3,9.0,39.4,6.0,0.0,H3546
Novotel Paris Tour Eiffel,2025,3,F_B,FOOD SUCREE,4,9.0,33.3,6.0,0.0,H3546
Novotel Paris Tour Eiffel,2025,3,F_B,FOOD SUCREE,5,2.0,5.8,1.0,0.0,H3546
Novotel Paris Tour Eiffel,2025,3,F_B,FOOD SUCREE,6,2.0,14.9,2.0,0.0,H3546
Novotel Paris Tour Eiffel,2025,3,F_B,FOOD SUCREE,7,9.0,29.0,7.0,0.0,H3546
Novotel Paris Tour Eiffel,2025,3,F_B,FOOD SUCREE,8,8.0,27.4,4.0,0.0,H3546
Novotel Paris Tour Eiffel,2025,3,F_B,FOOD SUCREE,9,1.0,3.8,1.0,0.0,H3546
Novotel Paris Tour Eiffel,2025,3,F_B,FOOD SUCREE,10,10.0,37.0,7.0,0.0,H3546
Novotel Paris Tour Eiffel,2025,3,F_B,FOOD SUCREE,11,8.0,27.4,5.0,0.0,H3546
Novotel Paris Tour Eiffel,2025,3,F_B,FOOD SUCREE,12,4.0,11.8,4.0,0.0,H3546
Novotel Paris Tour Eiffel,2025,3,F_B,FOOD SUCREE,13,14.0,51.199999999999996,6.0,0.0,H3546
Novotel Paris Tour Eiffel,2025,3,F_B,FOOD SUCREE,14,19.0,62.4,8.0,0.0,H3546
Novotel Paris Tour Eiffel,2025,3,F_B,FOOD SUCREE,15,9.0,31.9,7.0,0.0,H3546
Novotel Paris Tour Eiffel,2025,3,F_B,FOOD SUCREE,16,16.0,51.5,11.0,0.0,H3546
Novotel Paris Tour Eiffel,2025,3,F_B,FOOD SUCREE,17,14.0,50.8,10.0,0.0,H3546
Novotel Paris Tour Eiffel,2025,3,F_B,FOOD SUCREE,18,19.0,73.3,13.0,0.0,H3546
Novotel Paris Tour Eiffel,2025,3,F_B,FOOD SUCREE,19,23.0,78.7,16.0,0.0,H3546
Novotel Paris Tour Eiffel,2025,3,F_B,FOOD SUCREE,20,78.0,290.3,44.0,0.0,H3546
Novotel Paris Tour Eiffel,2025,3,F_B,FOOD SUCREE,21,61.0,230.2,46.0,0.0,H3546
Novotel Paris Tour Eiffel,2025,3,F_B,FOOD SUCREE,22,85.0,323.2,49.0,0.0,H3546
Novotel Paris Tour Eiffel,2025,3,F_B,FOOD SUCREE,23,99.0,365.4,51.0,0.0,H3546
Novotel Paris Tour Eiffel,2025,3,F_B,SANS ALCOOL,0,97.0,333.6,57.0,0.0,H3546
Novotel Paris Tour Eiffel,2025,3,F_B,SANS ALCOOL,1,50.0,182.1,20.0,0.0,H3546
Novotel Paris Tour Eiffel,2025,3,F_B,SANS ALCOOL,2,31.0,107.5,17.0,0.0,H3546
Novotel Paris Tour Eiffel,2025,3,F_B,SANS ALCOOL,3,14.0,49.5,9.0,0.0,H3546
Novotel Paris Tour Eiffel,2025,3,F_B,SANS ALCOOL,4,8.0,28.4,5.0,0.0,H3546
Novotel Paris Tour Eiffel,2025,3,F_B,SANS ALCOOL,5,8.0,24.5,3.0,0.0,H3546
Novotel Paris Tour Eiffel,2025,3,F_B,SANS ALCOOL,6,9.0,30.7,7.0,0.0,H3546
Novotel Paris Tour Eiffel,2025,3,F_B,SANS ALCOOL,7,32.0,126.2,20.0,0.0,H3546
Novotel Paris Tour Eiffel,2025,3,F_B,SANS ALCOOL,8,33.0,132.4,22.0,0.0,H3546
Novotel Paris Tour Eiffel,2025,3,F_B,SANS ALCOOL,9,22.0,75.1,15.0,0.0,H3546
Novotel Paris Tour Eiffel,2025,3,F_B,SANS ALCOOL,10,16.0,61.7,14.0,0.0,H3546
Novotel Paris Tour Eiffel,2025,3,F_B,SANS ALCOOL,11,23.0,84.10000000000001,16.0,0.0,H3546
Novotel Paris Tour Eiffel,2025,3,F_B,SANS ALCOOL,12,25.0,91.9,15.0,0.0,H3546
Novotel Paris Tour Eiffel,2025,3,F_B,SANS ALCOOL,13,20.0,74.9,10.0,0.0,H3546
Novotel Paris Tour Eiffel,2025,3,F_B,SANS ALCOOL,14,25.0,79.7,18.0,0.0,H3546
Novotel Paris Tour Eiffel,2025,3,F_B,SANS ALCOOL,15,34.0,121.5,18.0,0.0,H3546
Novotel Paris Tour Eiffel,2025,3,F_B,SANS ALCOOL,16,48.0,174.2,30.0,0.0,H3546
Novotel Paris Tour Eiffel,2025,3,F_B,SANS ALCOOL,17,63.0,222.7,31.0,0.0,H3546
Novotel Paris Tour Eiffel,2025,3,F_B,SANS ALCOOL,18,42.0,149.6,25.0,0.0,H3546
Novotel Paris Tour Eiffel,2025,3,F_B,SANS ALCOOL,19,35.0,124.1,19.0,0.0,H3546
Novotel Paris Tour Eiffel,2025,3,F_B,SANS ALCOOL,20,99.0,360.9,62.0,0.0,H3546
Novotel Paris Tour Eiffel,2025,3,F_B,SANS ALCOOL,21,144.0,524.2,84.0,0.0,H3546
Novotel Paris Tour Eiffel,2025,3,F_B,SANS ALCOOL,22,158.0,546.1,99.0,0.0,H3546
Novotel Paris Tour Eiffel,2025,3,F_B,SANS ALCOOL,23,221.0,790.2,132.0,0.0,H3546
Novotel Paris Tour Eiffel,2025,3,N_F_B,COSMETIQUE,0,1.0,8.0,1.0,0.0,H3546
Novotel Paris Tour Eiffel,2025,3,N_F_B,COSMETIQUE,7,1.0,8.0,1.0,0.0,H3546
Novotel Paris Tour Eiffel,2025,3,N_F_B,COSMETIQUE,21,3.0,24.0,2.0,0.0,H3546
Novotel Paris Tour Eiffel,2025,3,N_F_B,COSMETIQUE,23,1.0,8.0,1.0,0.0,H3546
Novotel Paris Tour Eiffel,2025,3,N_F_B,SOS,0,25.0,155.0,21.0,0.0,H3546
Novotel Paris Tour Eiffel,2025,3,N_F_B,SOS,1,5.0,28.0,4.0,0.0,H3546
Novotel Paris Tour Eiffel,2025,3,N_F_B,SOS,2,4.0,45.0,4.0,0.0,H3546
Novotel Paris Tour Eiffel,2025,3,N_F_B,SOS,3,3.0,26.0,2.0,0.0,H3546
Novotel Paris Tour Eiffel,2025,3,N_F_B,SOS,4,5.0,36.0,3.0,0.0,H3546
Novotel Paris Tour Eiffel,2025,3,N_F_B,SOS,5,5.0,26.0,3.0,0.0,H3546
Novotel Paris Tour Eiffel,2025,3,N_F_B,SOS,6,13.0,76.0,8.0,0.0,H3546
Novotel Paris Tour Eiffel,2025,3,N_F_B,SOS,7,24.0,150.0,19.0,0.0,H3546
Novotel Paris Tour Eiffel,2025,3,N_F_B,SOS,8,23.0,128.0,20.0,0.0,H3546
Novotel Paris Tour Eiffel,2025,3,N_F_B,SOS,9,17.0,145.0,15.0,0.0,H3546
Novotel Paris Tour Eiffel,2025,3,N_F_B,SOS,10,17.0,101.0,13.0,0.0,H3546
Novotel Paris Tour Eiffel,2025,3,N_F_B,SOS,11,19.0,100.0,10.0,0.0,H3546
Novotel Paris Tour Eiffel,2025,3,N_F_B,SOS,12,11.0,86.0,10.0,0.0,H3546
Novotel Paris Tour Eiffel,2025,3,N_F_B,SOS,13,5.0,28.0,4.0,0.0,H3546
Novotel Paris Tour Eiffel,2025,3,N_F_B,SOS,14,6.0,62.0,5.0,0.0,H3546
Novotel Paris Tour Eiffel,2025,3,N_F_B,SOS,15,6.0,43.0,5.0,0.0,H3546
Novotel Paris Tour Eiffel,2025,3,N_F_B,SOS,16,16.0,114.0,13.0,0.0,H3546
Novotel Paris Tour Eiffel,2025,3,N_F_B,SOS,17,16.0,127.0,11.0,0.0,H3546
Novotel Paris Tour Eiffel,2025,3,N_F_B,SOS,18,12.0,88.0,11.0,0.0,H3546
Novotel Paris Tour Eiffel,2025,3,N_F_B,SOS,19,20.0,157.0,18.0,0.0,H3546
Novotel Paris Tour Eiffel,2025,3,N_F_B,SOS,20,34.0,254.0,27.0,0.0,H3546
Novotel Paris Tour Eiffel,2025,3,N_F_B,SOS,21,47.0,332.0,39.0,0.0,H3546
Novotel Paris Tour Eiffel,2025,3,N_F_B,SOS,22,53.0,367.0,41.0,0.0,H3546
Novotel Paris Tour Eiffel,2025,3,N_F_B,SOS,23,55.0,438.0,40.0,0.0,H3546
Novotel Paris Tour Eiffel,2025,4,F_B,FOOD SALEE,0,80.0,622.6,53.0,0.0,H3546
Novotel Paris Tour Eiffel,2025,4,F_B,FOOD SALEE,1,35.0,272.6,25.0,0.0,H3546
Novotel Paris Tour Eiffel,2025,4,F_B,FOOD SALEE,2,16.0,139.4,12.0,0.0,H3546
Novotel Paris Tour Eiffel,2025,4,F_B,FOOD SALEE,3,22.0,180.8,14.0,0.0,H3546
Novotel Paris Tour Eiffel,2025,4,F_B,FOOD SALEE,4,6.0,54.5,6.0,0.0,H3546
Novotel Paris Tour Eiffel,2025,4,F_B,FOOD SALEE,5,2.0,15.0,2.0,0.0,H3546
Novotel Paris Tour Eiffel,2025,4,F_B,FOOD SALEE,6,4.0,23.5,3.0,0.0,H3546
Novotel Paris Tour Eiffel,2025,4,F_B,FOOD SALEE,8,4.0,22.5,4.0,0.0,H3546
Novotel Paris Tour Eiffel,2025,4,F_B,FOOD SALEE,9,10.0,59.4,5.0,0.0,H3546
Novotel Paris Tour Eiffel,2025,4,F_B,FOOD SALEE,10,14.0,102.5,12.0,0.0,H3546
Novotel Paris Tour Eiffel,2025,4,F_B,FOOD SALEE,11,8.0,53.5,6.0,0.0,H3546
Novotel Paris Tour Eiffel,2025,4,F_B,FOOD SALEE,12,17.0,115.3,14.0,0.0,H3546
Novotel Paris Tour Eiffel,2025,4,F_B,FOOD SALEE,13,14.0,76.8,13.0,0.0,H3546
Novotel Paris Tour Eiffel,2025,4,F_B,FOOD SALEE,14,10.0,96.5,7.0,0.0,H3546
Novotel Paris Tour Eiffel,2025,4,F_B,FOOD SALEE,15,11.0,83.8,8.0,0.0,H3546
Novotel Paris Tour Eiffel,2025,4,F_B,FOOD SALEE,16,12.0,52.2,10.0,0.0,H3546
Novotel Paris Tour Eiffel,2025,4,F_B,FOOD SALEE,17,23.0,153.1,17.0,0.0,H3546
Novotel Paris Tour Eiffel,2025,4,F_B,FOOD SALEE,18,16.0,117.3,14.0,0.0,H3546
Novotel Paris Tour Eiffel,2025,4,F_B,FOOD SALEE,19,22.0,183.2,19.0,0.0,H3546
Novotel Paris Tour Eiffel,2025,4,F_B,FOOD SALEE,20,45.0,308.3,31.0,0.0,H3546
Novotel Paris Tour Eiffel,2025,4,F_B,FOOD SALEE,21,70.0,474.8,43.0,0.0,H3546
Novotel Paris Tour Eiffel,2025,4,F_B,FOOD SALEE,22,100.0,754.1,68.0,0.0,H3546
Novotel Paris Tour Eiffel,2025,4,F_B,FOOD SALEE,23,107.0,865.7,73.0,0.0,H3546
Novotel Paris Tour Eiffel,2025,4,F_B,FOOD SUCREE,0,62.0,208.9,34.0,0.0,H3546
Novotel Paris Tour Eiffel,2025,4,F_B,FOOD SUCREE,1,28.0,106.6,17.0,0.0,H3546
Novotel Paris Tour Eiffel,2025,4,F_B,FOOD SUCREE,2,16.0,46.8,9.0,0.0,H3546
Novotel Paris Tour Eiffel,2025,4,F_B,FOOD SUCREE,3,9.0,34.3,7.0,0.0,H3546
Novotel Paris Tour Eiffel,2025,4,F_B,FOOD SUCREE,4,4.0,12.2,1.0,0.0,H3546
Novotel Paris Tour Eiffel,2025,4,F_B,FOOD SUCREE,5,2.0,4.4,2.0,0.0,H3546
Novotel Paris Tour Eiffel,2025,4,F_B,FOOD SUCREE,6,9.0,31.3,3.0,0.0,H3546
Novotel Paris Tour Eiffel,2025,4,F_B,FOOD SUCREE,7,3.0,11.3,2.0,0.0,H3546
Novotel Paris Tour Eiffel,2025,4,F_B,FOOD SUCREE,8,17.0,85.5,9.0,0.0,H3546
Novotel Paris Tour Eiffel,2025,4,F_B,FOOD SUCREE,9,8.0,29.8,7.0,0.0,H3546
Novotel Paris Tour Eiffel,2025,4,F_B,FOOD SUCREE,10,7.0,32.3,5.0,0.0,H3546
Novotel Paris Tour Eiffel,2025,4,F_B,FOOD SUCREE,11,9.0,24.2,5.0,0.0,H3546
Novotel Paris Tour Eiffel,2025,4,F_B,FOOD SUCREE,12,5.0,13.8,4.0,0.0,H3546
Novotel Paris Tour Eiffel,2025,4,F_B,FOOD SUCREE,13,15.0,55.3,12.0,0.0,H3546
Novotel Paris Tour Eiffel,2025,4,F_B,FOOD SUCREE,14,9.0,38.3,5.0,0.0,H3546
Novotel Paris Tour Eiffel,2025,4,F_B,FOOD SUCREE,15,13.0,52.5,7.0,0.0,H3546
Novotel Paris Tour Eiffel,2025,4,F_B,FOOD SUCREE,16,24.0,80.8,13.0,0.0,H3546
Novotel Paris Tour Eiffel,2025,4,F_B,FOOD SUCREE,17,16.0,56.1,8.0,0.0,H3546
Novotel Paris Tour Eiffel,2025,4,F_B,FOOD SUCREE,18,11.0,39.8,9.0,0.0,H3546
Novotel Paris Tour Eiffel,2025,4,F_B,FOOD SUCREE,19,28.0,102.5,14.0,0.0,H3546
Novotel Paris Tour Eiffel,2025,4,F_B,FOOD SUCREE,20,62.0,203.7,35.0,0.0,H3546
Novotel Paris Tour Eiffel,2025,4,F_B,FOOD SUCREE,21,73.0,280.4,47.0,0.0,H3546
Novotel Paris Tour Eiffel,2025,4,F_B,FOOD SUCREE,22,129.0,439.8,56.0,0.0,H3546
Novotel Paris Tour Eiffel,2025,4,F_B,FOOD SUCREE,23,102.0,339.7,62.0,0.0,H3546
Novotel Paris Tour Eiffel,2025,4,F_B,SANS ALCOOL,0,157.0,565.0,91.0,0.0,H3546
Novotel Paris Tour Eiffel,2025,4,F_B,SANS ALCOOL,1,78.0,280.3,43.0,0.0,H3546
Novotel Paris Tour Eiffel,2025,4,F_B,SANS ALCOOL,2,20.0,64.5,12.0,0.0,H3546
Novotel Paris Tour Eiffel,2025,4,F_B,SANS ALCOOL,3,23.0,82.3,13.0,0.0,H3546
Novotel Paris Tour Eiffel,2025,4,F_B,SANS ALCOOL,4,2.0,7.1,2.0,0.0,H3546
Novotel Paris Tour Eiffel,2025,4,F_B,SANS ALCOOL,5,7.0,22.7,3.0,0.0,H3546
Novotel Paris Tour Eiffel,2025,4,F_B,SANS ALCOOL,6,7.0,25.5,5.0,0.0,H3546
Novotel Paris Tour Eiffel,2025,4,F_B,SANS ALCOOL,7,10.0,37.3,8.0,0.0,H3546
Novotel Paris Tour Eiffel,2025,4,F_B,SANS ALCOOL,8,29.0,102.1,22.0,0.0,H3546
Novotel Paris Tour Eiffel,2025,4,F_B,SANS ALCOOL,9,31.0,110.8,21.0,0.0,H3546
Novotel Paris Tour Eiffel,2025,4,F_B,SANS ALCOOL,10,18.0,60.5,10.0,0.0,H3546
Novotel Paris Tour Eiffel,2025,4,F_B,SANS ALCOOL,11,15.0,53.5,10.0,0.0,H3546
Novotel Paris Tour Eiffel,2025,4,F_B,SANS ALCOOL,12,21.0,74.8,15.0,0.0,H3546
Novotel Paris Tour Eiffel,2025,4,F_B,SANS ALCOOL,13,10.0,34.0,10.0,0.0,H3546
Novotel Paris Tour Eiffel,2025,4,F_B,SANS ALCOOL,14,27.0,93.9,19.0,0.0,H3546
Novotel Paris Tour Eiffel,2025,4,F_B,SANS ALCOOL,15,37.0,132.5,25.0,0.0,H3546
Novotel Paris Tour Eiffel,2025,4,F_B,SANS ALCOOL,16,60.0,209.0,36.0,0.0,H3546
Novotel Paris Tour Eiffel,2025,4,F_B,SANS ALCOOL,17,54.0,195.0,32.0,0.0,H3546
Novotel Paris Tour Eiffel,2025,4,F_B,SANS ALCOOL,18,52.0,178.4,26.0,0.0,H3546
Novotel Paris Tour Eiffel,2025,4,F_B,SANS ALCOOL,19,49.0,175.1,32.0,0.0,H3546
Novotel Paris Tour Eiffel,2025,4,F_B,SANS ALCOOL,20,89.0,321.7,59.0,0.0,H3546
Novotel Paris Tour Eiffel,2025,4,F_B,SANS ALCOOL,21,200.0,713.4,125.0,0.0,H3546
Novotel Paris Tour Eiffel,2025,4,F_B,SANS ALCOOL,22,255.0,933.1,154.0,0.0,H3546
Novotel Paris Tour Eiffel,2025,4,F_B,SANS ALCOOL,23,242.0,858.8,145.0,0.0,H3546
Novotel Paris Tour Eiffel,2025,4,NAN,nan,1,2.0,8.0,1.0,0.0,H3546
Novotel Paris Tour Eiffel,2025,4,NAN,nan,10,2.0,8.0,1.0,0.0,H3546
Novotel Paris Tour Eiffel,2025,4,NAN,nan,14,1.0,4.0,1.0,0.0,H3546
Novotel Paris Tour Eiffel,2025,4,NAN,nan,20,1.0,4.0,1.0,0.0,H3546
Novotel Paris Tour Eiffel,2025,4,NAN,nan,23,1.0,4.0,1.0,0.0,H3546
Novotel Paris Tour Eiffel,2025,4,N_F_B,COSMETIQUE,1,1.0,8.0,1.0,0.0,H3546
Novotel Paris Tour Eiffel,2025,4,N_F_B,COSMETIQUE,23,1.0,8.0,1.0,0.0,H3546
Novotel Paris Tour Eiffel,2025,4,N_F_B,SOS,0,28.0,223.0,24.0,0.0,H3546
Novotel Paris Tour Eiffel,2025,4,N_F_B,SOS,1,12.0,98.0,9.0,0.0,H3546
Novotel Paris Tour Eiffel,2025,4,N_F_B,SOS,2,1.0,8.0,1.0,0.0,H3546
Novotel Paris Tour Eiffel,2025,4,N_F_B,SOS,3,2.0,29.0,2.0,0.0,H3546
Novotel Paris Tour Eiffel,2025,4,N_F_B,SOS,4,4.0,26.0,3.0,0.0,H3546
Novotel Paris Tour Eiffel,2025,4,N_F_B,SOS,5,5.0,36.0,4.0,0.0,H3546
Novotel Paris Tour Eiffel,2025,4,N_F_B,SOS,6,5.0,53.0,3.0,0.0,H3546
Novotel Paris Tour Eiffel,2025,4,N_F_B,SOS,7,9.0,54.0,5.0,0.0,H3546
Novotel Paris Tour Eiffel,2025,4,N_F_B,SOS,8,18.0,106.0,16.0,0.0,H3546
Novotel Paris Tour Eiffel,2025,4,N_F_B,SOS,9,14.0,82.0,13.0,0.0,H3546
Novotel Paris Tour Eiffel,2025,4,N_F_B,SOS,10,12.0,66.0,10.0,0.0,H3546
Novotel Paris Tour Eiffel,2025,4,N_F_B,SOS,11,9.0,61.0,6.0,0.0,H3546
Novotel Paris Tour Eiffel,2025,4,N_F_B,SOS,12,7.0,56.0,6.0,0.0,H3546
Novotel Paris Tour Eiffel,2025,4,N_F_B,SOS,13,5.0,40.0,3.0,0.0,H3546
Novotel Paris Tour Eiffel,2025,4,N_F_B,SOS,14,5.0,30.0,4.0,0.0,H3546
Novotel Paris Tour Eiffel,2025,4,N_F_B,SOS,15,4.0,50.0,4.0,0.0,H3546
Novotel Paris Tour Eiffel,2025,4,N_F_B,SOS,16,4.0,44.0,2.0,0.0,H3546
Novotel Paris Tour Eiffel,2025,4,N_F_B,SOS,17,12.0,90.0,11.0,0.0,H3546
Novotel Paris Tour Eiffel,2025,4,N_F_B,SOS,18,16.0,122.0,15.0,0.0,H3546
Novotel Paris Tour Eiffel,2025,4,N_F_B,SOS,19,6.0,50.0,5.0,0.0,H3546
Novotel Paris Tour Eiffel,2025,4,N_F_B,SOS,20,15.0,122.0,11.0,0.0,H3546
Novotel Paris Tour Eiffel,2025,4,N_F_B,SOS,21,35.0,309.0,31.0,0.0,H3546
Novotel Paris Tour Eiffel,2025,4,N_F_B,SOS,22,44.0,293.0,35.0,0.0,H3546
Novotel Paris Tour Eiffel,2025,4,N_F_B,SOS,23,35.0,274.0,33.0,0.0,H3546
Novotel Paris Tour Eiffel,2025,5,F_B,FOOD SALEE,0,96.0,710.9,67.0,0.0,H3546
Novotel Paris Tour Eiffel,2025,5,F_B,FOOD SALEE,1,43.0,315.6,32.0,0.0,H3546
Novotel Paris Tour Eiffel,2025,5,F_B,FOOD SALEE,2,18.0,137.0,14.0,0.0,H3546
Novotel Paris Tour Eiffel,2025,5,F_B,FOOD SALEE,3,6.0,49.5,4.0,0.0,H3546
Novotel Paris Tour Eiffel,2025,5,F_B,FOOD SALEE,4,11.0,86.4,7.0,0.0,H3546
Novotel Paris Tour Eiffel,2025,5,F_B,FOOD SALEE,5,11.0,83.5,9.0,0.0,H3546
Novotel Paris Tour Eiffel,2025,5,F_B,FOOD SALEE,6,7.0,53.0,5.0,0.0,H3546
Novotel Paris Tour Eiffel,2025,5,F_B,FOOD SALEE,7,4.0,26.5,3.0,0.0,H3546
Novotel Paris Tour Eiffel,2025,5,F_B,FOOD SALEE,8,6.0,39.0,5.0,0.0,H3546
Novotel Paris Tour Eiffel,2025,5,F_B,FOOD SALEE,9,3.0,21.5,3.0,0.0,H3546
Novotel Paris Tour Eiffel,2025,5,F_B,FOOD SALEE,10,5.0,36.9,4.0,0.0,H3546
Novotel Paris Tour Eiffel,2025,5,F_B,FOOD SALEE,11,1.0,11.0,1.0,0.0,H3546
Novotel Paris Tour Eiffel,2025,5,F_B,FOOD SALEE,12,10.0,81.7,6.0,0.0,H3546
Novotel Paris Tour Eiffel,2025,5,F_B,FOOD SALEE,13,10.0,58.9,10.0,0.0,H3546
Novotel Paris Tour Eiffel,2025,5,F_B,FOOD SALEE,14,22.0,190.9,14.0,0.0,H3546
Novotel Paris Tour Eiffel,2025,5,F_B,FOOD SALEE,15,13.0,81.9,10.0,0.0,H3546
Novotel Paris Tour Eiffel,2025,5,F_B,FOOD SALEE,16,19.0,92.3,15.0,0.0,H3546
Novotel Paris Tour Eiffel,2025,5,F_B,FOOD SALEE,17,21.0,93.8,14.0,0.0,H3546
Novotel Paris Tour Eiffel,2025,5,F_B,FOOD SALEE,18,32.0,168.7,22.0,0.0,H3546
Novotel Paris Tour Eiffel,2025,5,F_B,FOOD SALEE,19,40.0,236.2,29.0,0.0,H3546
Novotel Paris Tour Eiffel,2025,5,F_B,FOOD SALEE,20,36.0,220.6,25.0,0.0,H3546
Novotel Paris Tour Eiffel,2025,5,F_B,FOOD SALEE,21,39.0,254.4,29.0,0.0,H3546
Novotel Paris Tour Eiffel,2025,5,F_B,FOOD SALEE,22,92.0,682.5,70.0,0.0,H3546
Novotel Paris Tour Eiffel,2025,5,F_B,FOOD SALEE,23,130.0,925.3,89.0,0.0,H3546
Novotel Paris Tour Eiffel,2025,5,F_B,FOOD SUCREE,0,75.0,291.9,43.0,0.0,H3546
Novotel Paris Tour Eiffel,2025,5,F_B,FOOD SUCREE,1,30.0,92.4,19.0,0.0,H3546
Novotel Paris Tour Eiffel,2025,5,F_B,FOOD SUCREE,2,18.0,58.4,12.0,0.0,H3546
Novotel Paris Tour Eiffel,2025,5,F_B,FOOD SUCREE,3,1.0,2.2,1.0,0.0,H3546
Novotel Paris Tour Eiffel,2025,5,F_B,FOOD SUCREE,5,5.0,16.0,3.0,0.0,H3546
Novotel Paris Tour Eiffel,2025,5,F_B,FOOD SUCREE,6,1.0,5.5,1.0,0.0,H3546
Novotel Paris Tour Eiffel,2025,5,F_B,FOOD SUCREE,7,5.0,13.1,3.0,0.0,H3546
Novotel Paris Tour Eiffel,2025,5,F_B,FOOD SUCREE,8,6.0,18.5,6.0,0.0,H3546
Novotel Paris Tour Eiffel,2025,5,F_B,FOOD SUCREE,9,2.0,11.0,2.0,0.0,H3546
Novotel Paris Tour Eiffel,2025,5,F_B,FOOD SUCREE,10,2.0,11.0,1.0,0.0,H3546
Novotel Paris Tour Eiffel,2025,5,F_B,FOOD SUCREE,11,1.0,2.9,1.0,0.0,H3546
Novotel Paris Tour Eiffel,2025,5,F_B,FOOD SUCREE,12,12.0,36.0,6.0,0.0,H3546
Novotel Paris Tour Eiffel,2025,5,F_B,FOOD SUCREE,13,8.0,25.5,4.0,0.0,H3546
Novotel Paris Tour Eiffel,2025,5,F_B,FOOD SUCREE,14,12.0,37.8,10.0,0.0,H3546
Novotel Paris Tour Eiffel,2025,5,F_B,FOOD SUCREE,15,16.0,46.5,13.0,0.0,H3546
Novotel Paris Tour Eiffel,2025,5,F_B,FOOD SUCREE,16,43.0,139.29999999999998,15.0,0.0,H3546
Novotel Paris Tour Eiffel,2025,5,F_B,FOOD SUCREE,17,25.0,77.4,19.0,0.0,H3546
Novotel Paris Tour Eiffel,2025,5,F_B,FOOD SUCREE,18,24.0,79.0,16.0,0.0,H3546
Novotel Paris Tour Eiffel,2025,5,F_B,FOOD SUCREE,19,27.0,101.0,19.0,0.0,H3546
Novotel Paris Tour Eiffel,2025,5,F_B,FOOD SUCREE,20,45.0,162.4,25.0,0.0,H3546
Novotel Paris Tour Eiffel,2025,5,F_B,FOOD SUCREE,21,55.0,213.1,36.0,0.0,H3546
Novotel Paris Tour Eiffel,2025,5,F_B,FOOD SUCREE,22,84.0,279.9,52.0,0.0,H3546
Novotel Paris Tour Eiffel,2025,5,F_B,FOOD SUCREE,23,93.0,310.9,52.0,0.0,H3546
Novotel Paris Tour Eiffel,2025,5,F_B,SANS ALCOOL,0,240.0,882.9,131.0,0.0,H3546
Novotel Paris Tour Eiffel,2025,5,F_B,SANS ALCOOL,1,83.0,318.0,52.0,0.0,H3546
Novotel Paris Tour Eiffel,2025,5,F_B,SANS ALCOOL,2,27.0,94.7,15.0,0.0,H3546
Novotel Paris Tour Eiffel,2025,5,F_B,SANS ALCOOL,3,17.0,67.7,9.0,0.0,H3546
Novotel Paris Tour Eiffel,2025,5,F_B,SANS ALCOOL,4,19.0,71.5,11.0,0.0,H3546
Novotel Paris Tour Eiffel,2025,5,F_B,SANS ALCOOL,5,9.0,27.2,6.0,0.0,H3546
Novotel Paris Tour Eiffel,2025,5,F_B,SANS ALCOOL,6,7.0,25.6,3.0,0.0,H3546
Novotel Paris Tour Eiffel,2025,5,F_B,SANS ALCOOL,7,13.0,54.1,8.0,0.0,H3546
Novotel Paris Tour Eiffel,2025,5,F_B,SANS ALCOOL,8,23.0,86.60000000000001,20.0,0.0,H3546
Novotel Paris Tour Eiffel,2025,5,F_B,SANS ALCOOL,9,12.0,49.400000000000006,10.0,0.0,H3546
Novotel Paris Tour Eiffel,2025,5,F_B,SANS ALCOOL,10,26.0,92.4,15.0,0.0,H3546
Novotel Paris Tour Eiffel,2025,5,F_B,SANS ALCOOL,11,12.0,40.1,8.0,0.0,H3546
Novotel Paris Tour Eiffel,2025,5,F_B,SANS ALCOOL,12,15.0,49.6,13.0,0.0,H3546
Novotel Paris Tour Eiffel,2025,5,F_B,SANS ALCOOL,13,27.0,105.2,16.0,0.0,H3546
Novotel Paris Tour Eiffel,2025,5,F_B,SANS ALCOOL,14,47.0,165.6,25.0,0.0,H3546
Novotel Paris Tour Eiffel,2025,5,F_B,SANS ALCOOL,15,52.0,178.7,33.0,0.0,H3546
Novotel Paris Tour Eiffel,2025,5,F_B,SANS ALCOOL,16,83.0,287.0,50.0,0.0,H3546
Novotel Paris Tour Eiffel,2025,5,F_B,SANS ALCOOL,17,65.0,233.20000000000002,39.0,0.0,H3546
Novotel Paris Tour Eiffel,2025,5,F_B,SANS ALCOOL,18,53.0,183.9,35.0,0.0,H3546
Novotel Paris Tour Eiffel,2025,5,F_B,SANS ALCOOL,19,69.0,244.8,49.0,0.0,H3546
Novotel Paris Tour Eiffel,2025,5,F_B,SANS ALCOOL,20,71.0,245.7,42.0,0.0,H3546
Novotel Paris Tour Eiffel,2025,5,F_B,SANS ALCOOL,21,117.0,414.0,78.0,0.0,H3546
Novotel Paris Tour Eiffel,2025,5,F_B,SANS ALCOOL,22,226.0,818.9,127.0,0.0,H3546
Novotel Paris Tour Eiffel,2025,5,F_B,SANS ALCOOL,23,315.0,1160.7,177.0,0.0,H3546
Novotel Paris Tour Eiffel,2025,5,N_F_B,COSMETIQUE,0,1.0,8.0,1.0,0.0,H3546
Novotel Paris Tour Eiffel,2025,5,N_F_B,COSMETIQUE,1,1.0,8.0,1.0,0.0,H3546
Novotel Paris Tour Eiffel,2025,5,N_F_B,COSMETIQUE,10,1.0,8.0,1.0,0.0,H3546
Novotel Paris Tour Eiffel,2025,5,N_F_B,COSMETIQUE,18,1.0,8.0,1.0,0.0,H3546
Novotel Paris Tour Eiffel,2025,5,N_F_B,COSMETIQUE,20,1.0,8.0,1.0,0.0,H3546
Novotel Paris Tour Eiffel,2025,5,N_F_B,COSMETIQUE,23,1.0,8.0,1.0,0.0,H3546
Novotel Paris Tour Eiffel,2025,5,N_F_B,SOS,0,38.0,310.0,29.0,0.0,H3546
Novotel Paris Tour Eiffel,2025,5,N_F_B,SOS,1,21.0,158.0,16.0,0.0,H3546
Novotel Paris Tour Eiffel,2025,5,N_F_B,SOS,2,4.0,30.0,3.0,0.0,H3546
Novotel Paris Tour Eiffel,2025,5,N_F_B,SOS,5,1.0,14.0,1.0,0.0,H3546
Novotel Paris Tour Eiffel,2025,5,N_F_B,SOS,6,12.0,80.0,10.0,0.0,H3546
Novotel Paris Tour Eiffel,2025,5,N_F_B,SOS,7,13.0,100.0,9.0,0.0,H3546
Novotel Paris Tour Eiffel,2025,5,N_F_B,SOS,8,13.0,90.0,11.0,0.0,H3546
Novotel Paris Tour Eiffel,2025,5,N_F_B,SOS,9,9.0,57.0,9.0,0.0,H3546
Novotel Paris Tour Eiffel,2025,5,N_F_B,SOS,10,13.0,80.0,9.0,0.0,H3546
Novotel Paris Tour Eiffel,2025,5,N_F_B,SOS,11,9.0,50.0,7.0,0.0,H3546
Novotel Paris Tour Eiffel,2025,5,N_F_B,SOS,12,4.0,30.0,4.0,0.0,H3546
Novotel Paris Tour Eiffel,2025,5,N_F_B,SOS,13,12.0,80.0,7.0,0.0,H3546
Novotel Paris Tour Eiffel,2025,5,N_F_B,SOS,14,12.0,106.0,10.0,0.0,H3546
Novotel Paris Tour Eiffel,2025,5,N_F_B,SOS,15,11.0,76.0,10.0,0.0,H3546
Novotel Paris Tour Eiffel,2025,5,N_F_B,SOS,16,15.0,123.0,9.0,0.0,H3546
Novotel Paris Tour Eiffel,2025,5,N_F_B,SOS,17,10.0,95.0,8.0,0.0,H3546
Novotel Paris Tour Eiffel,2025,5,N_F_B,SOS,18,16.0,134.0,15.0,0.0,H3546
Novotel Paris Tour Eiffel,2025,5,N_F_B,SOS,19,10.0,74.0,7.0,0.0,H3546
Novotel Paris Tour Eiffel,2025,5,N_F_B,SOS,20,26.0,199.0,18.0,0.0,H3546
Novotel Paris Tour Eiffel,2025,5,N_F_B,SOS,21,23.0,146.0,18.0,0.0,H3546
Novotel Paris Tour Eiffel,2025,5,N_F_B,SOS,22,46.0,320.0,34.0,0.0,H3546
Novotel Paris Tour Eiffel,2025,5,N_F_B,SOS,23,42.0,293.0,35.0,0.0,H3546
Novotel Paris Tour Eiffel,2025,6,F_B,FOOD SALEE,0,89.0,605.4,67.0,0.0,H3546
Novotel Paris Tour Eiffel,2025,6,F_B,FOOD SALEE,1,48.0,363.5,37.0,0.0,H3546
Novotel Paris Tour Eiffel,2025,6,F_B,FOOD SALEE,2,19.0,128.9,14.0,0.0,H3546
Novotel Paris Tour Eiffel,2025,6,F_B,FOOD SALEE,3,29.0,199.0,24.0,0.0,H3546
Novotel Paris Tour Eiffel,2025,6,F_B,FOOD SALEE,4,11.0,95.5,10.0,0.0,H3546
Novotel Paris Tour Eiffel,2025,6,F_B,FOOD SALEE,5,6.0,48.4,5.0,0.0,H3546
Novotel Paris Tour Eiffel,2025,6,F_B,FOOD SALEE,6,2.0,16.5,2.0,0.0,H3546
Novotel Paris Tour Eiffel,2025,6,F_B,FOOD SALEE,7,1.0,11.0,1.0,0.0,H3546
Novotel Paris Tour Eiffel,2025,6,F_B,FOOD SALEE,8,2.0,17.5,2.0,0.0,H3546
Novotel Paris Tour Eiffel,2025,6,F_B,FOOD SALEE,9,4.0,26.0,3.0,0.0,H3546
Novotel Paris Tour Eiffel,2025,6,F_B,FOOD SALEE,10,3.0,24.5,3.0,0.0,H3546
Novotel Paris Tour Eiffel,2025,6,F_B,FOOD SALEE,11,6.0,34.5,6.0,0.0,H3546
Novotel Paris Tour Eiffel,2025,6,F_B,FOOD SALEE,12,9.0,51.8,9.0,0.0,H3546
Novotel Paris Tour Eiffel,2025,6,F_B,FOOD SALEE,13,25.0,166.8,19.0,0.0,H3546
Novotel Paris Tour Eiffel,2025,6,F_B,FOOD SALEE,14,20.0,150.3,15.0,0.0,H3546
Novotel Paris Tour Eiffel,2025,6,F_B,FOOD SALEE,15,23.0,160.2,19.0,0.0,H3546
Novotel Paris Tour Eiffel,2025,6,F_B,FOOD SALEE,16,15.0,96.9,13.0,0.0,H3546
Novotel Paris Tour Eiffel,2025,6,F_B,FOOD SALEE,17,39.0,278.0,28.0,0.0,H3546
Novotel Paris Tour Eiffel,2025,6,F_B,FOOD SALEE,18,34.0,229.8,30.0,0.0,H3546
Novotel Paris Tour Eiffel,2025,6,F_B,FOOD SALEE,19,22.0,143.5,18.0,0.0,H3546
Novotel Paris Tour Eiffel,2025,6,F_B,FOOD SALEE,20,25.0,195.3,20.0,0.0,H3546
Novotel Paris Tour Eiffel,2025,6,F_B,FOOD SALEE,21,58.0,385.5,48.0,0.0,H3546
Novotel Paris Tour Eiffel,2025,6,F_B,FOOD SALEE,22,77.0,523.0,55.0,0.0,H3546
Novotel Paris Tour Eiffel,2025,6,F_B,FOOD SALEE,23,109.0,774.0,80.0,0.0,H3546
Novotel Paris Tour Eiffel,2025,6,F_B,FOOD SUCREE,0,93.0,313.0,53.0,0.0,H3546
Novotel Paris Tour Eiffel,2025,6,F_B,FOOD SUCREE,1,26.0,84.2,16.0,0.0,H3546
Novotel Paris Tour Eiffel,2025,6,F_B,FOOD SUCREE,2,17.0,53.0,8.0,0.0,H3546
Novotel Paris Tour Eiffel,2025,6,F_B,FOOD SUCREE,3,18.0,83.7,11.0,0.0,H3546
Novotel Paris Tour Eiffel,2025,6,F_B,FOOD SUCREE,4,11.0,36.3,4.0,0.0,H3546
Novotel Paris Tour Eiffel,2025,6,F_B,FOOD SUCREE,5,4.0,10.9,4.0,0.0,H3546
Novotel Paris Tour Eiffel,2025,6,F_B,FOOD SUCREE,6,4.0,13.4,2.0,0.0,H3546
Novotel Paris Tour Eiffel,2025,6,F_B,FOOD SUCREE,7,2.0,4.4,2.0,0.0,H3546
Novotel Paris Tour Eiffel,2025,6,F_B,FOOD SUCREE,8,1.0,3.9,1.0,0.0,H3546
Novotel Paris Tour Eiffel,2025,6,F_B,FOOD SUCREE,9,7.0,20.5,6.0,0.0,H3546
Novotel Paris Tour Eiffel,2025,6,F_B,FOOD SUCREE,10,7.0,24.1,3.0,0.0,H3546
Novotel Paris Tour Eiffel,2025,6,F_B,FOOD SUCREE,11,7.0,19.6,6.0,0.0,H3546
Novotel Paris Tour Eiffel,2025,6,F_B,FOOD SUCREE,12,7.0,24.5,6.0,0.0,H3546
Novotel Paris Tour Eiffel,2025,6,F_B,FOOD SUCREE,13,11.0,32.4,6.0,0.0,H3546
Novotel Paris Tour Eiffel,2025,6,F_B,FOOD SUCREE,14,18.0,77.1,12.0,0.0,H3546
Novotel Paris Tour Eiffel,2025,6,F_B,FOOD SUCREE,15,20.0,63.8,10.0,0.0,H3546
Novotel Paris Tour Eiffel,2025,6,F_B,FOOD SUCREE,16,27.0,84.8,15.0,0.0,H3546
Novotel Paris Tour Eiffel,2025,6,F_B,FOOD SUCREE,17,33.0,107.7,15.0,0.0,H3546
Novotel Paris Tour Eiffel,2025,6,F_B,FOOD SUCREE,18,23.0,74.5,14.0,0.0,H3546
Novotel Paris Tour Eiffel,2025,6,F_B,FOOD SUCREE,19,22.0,67.8,12.0,0.0,H3546
Novotel Paris Tour Eiffel,2025,6,F_B,FOOD SUCREE,20,42.0,131.6,21.0,0.0,H3546
Novotel Paris Tour Eiffel,2025,6,F_B,FOOD SUCREE,21,54.0,217.9,34.0,0.0,H3546
Novotel Paris Tour Eiffel,2025,6,F_B,FOOD SUCREE,22,58.0,199.7,36.0,0.0,H3546
Novotel Paris Tour Eiffel,2025,6,F_B,FOOD SUCREE,23,86.0,284.59999999999997,50.0,0.0,H3546
Novotel Paris Tour Eiffel,2025,6,F_B,SANS ALCOOL,0,205.0,725.3,128.0,0.0,H3546
Novotel Paris Tour Eiffel,2025,6,F_B,SANS ALCOOL,1,92.0,330.9,45.0,0.0,H3546
Novotel Paris Tour Eiffel,2025,6,F_B,SANS ALCOOL,2,32.0,124.9,20.0,0.0,H3546
Novotel Paris Tour Eiffel,2025,6,F_B,SANS ALCOOL,3,28.0,103.4,19.0,0.0,H3546
Novotel Paris Tour Eiffel,2025,6,F_B,SANS ALCOOL,4,12.0,39.8,9.0,0.0,H3546
Novotel Paris Tour Eiffel,2025,6,F_B,SANS ALCOOL,5,7.0,26.200000000000003,6.0,0.0,H3546
Novotel Paris Tour Eiffel,2025,6,F_B,SANS ALCOOL,6,15.0,58.800000000000004,11.0,0.0,H3546
Novotel Paris Tour Eiffel,2025,6,F_B,SANS ALCOOL,7,15.0,51.1,11.0,0.0,H3546
Novotel Paris Tour Eiffel,2025,6,F_B,SANS ALCOOL,8,30.0,111.8,20.0,0.0,H3546
Novotel Paris Tour Eiffel,2025,6,F_B,SANS ALCOOL,9,23.0,85.3,16.0,0.0,H3546
Novotel Paris Tour Eiffel,2025,6,F_B,SANS ALCOOL,10,25.0,85.0,17.0,0.0,H3546
Novotel Paris Tour Eiffel,2025,6,F_B,SANS ALCOOL,11,14.0,46.9,11.0,0.0,H3546
Novotel Paris Tour Eiffel,2025,6,F_B,SANS ALCOOL,12,22.0,71.4,15.0,0.0,H3546
Novotel Paris Tour Eiffel,2025,6,F_B,SANS ALCOOL,13,37.0,128.8,24.0,0.0,H3546
Novotel Paris Tour Eiffel,2025,6,F_B,SANS ALCOOL,14,59.0,216.9,29.0,0.0,H3546
Novotel Paris Tour Eiffel,2025,6,F_B,SANS ALCOOL,15,83.0,289.0,49.0,0.0,H3546
Novotel Paris Tour Eiffel,2025,6,F_B,SANS ALCOOL,16,73.0,259.9,44.0,0.0,H3546
Novotel Paris Tour Eiffel,2025,6,F_B,SANS ALCOOL,17,106.0,380.5,60.0,0.0,H3546
Novotel Paris Tour Eiffel,2025,6,F_B,SANS ALCOOL,18,135.0,637.3,73.0,0.0,H3546
Novotel Paris Tour Eiffel,2025,6,F_B,SANS ALCOOL,19,78.0,312.3,45.0,0.0,H3546
Novotel Paris Tour Eiffel,2025,6,F_B,SANS ALCOOL,20,96.0,340.7,52.0,0.0,H3546
Novotel Paris Tour Eiffel,2025,6,F_B,SANS ALCOOL,21,170.0,711.9,95.0,0.0,H3546
Novotel Paris Tour Eiffel,2025,6,F_B,SANS ALCOOL,22,213.0,814.8,121.0,0.0,H3546
Novotel Paris Tour Eiffel,2025,6,F_B,SANS ALCOOL,23,325.0,1245.8,178.0,0.0,H3546
Novotel Paris Tour Eiffel,2025,6,N_F_B,COSMETIQUE,1,1.0,8.0,1.0,0.0,H3546
Novotel Paris Tour Eiffel,2025,6,N_F_B,COSMETIQUE,18,2.0,16.0,2.0,0.0,H3546
Novotel Paris Tour Eiffel,2025,6,N_F_B,SOS,0,52.0,344.0,34.0,0.0,H3546
Novotel Paris Tour Eiffel,2025,6,N_F_B,SOS,1,19.0,135.0,15.0,0.0,H3546
Novotel Paris Tour Eiffel,2025,6,N_F_B,SOS,2,8.0,48.0,6.0,0.0,H3546
Novotel Paris Tour Eiffel,2025,6,N_F_B,SOS,3,4.0,24.0,2.0,0.0,H3546
Novotel Paris Tour Eiffel,2025,6,N_F_B,SOS,4,3.0,22.0,2.0,0.0,H3546
Novotel Paris Tour Eiffel,2025,6,N_F_B,SOS,5,1.0,4.0,1.0,0.0,H3546
Novotel Paris Tour Eiffel,2025,6,N_F_B,SOS,6,5.0,36.0,5.0,0.0,H3546
Novotel Paris Tour Eiffel,2025,6,N_F_B,SOS,7,31.0,242.0,21.0,0.0,H3546
Novotel Paris Tour Eiffel,2025,6,N_F_B,SOS,8,25.0,150.0,21.0,0.0,H3546
Novotel Paris Tour Eiffel,2025,6,N_F_B,SOS,9,12.0,96.0,11.0,0.0,H3546
Novotel Paris Tour Eiffel,2025,6,N_F_B,SOS,10,17.0,107.0,12.0,0.0,H3546
Novotel Paris Tour Eiffel,2025,6,N_F_B,SOS,11,6.0,42.0,5.0,0.0,H3546
Novotel Paris Tour Eiffel,2025,6,N_F_B,SOS,12,11.0,79.0,5.0,0.0,H3546
Novotel Paris Tour Eiffel,2025,6,N_F_B,SOS,13,19.0,106.0,13.0,0.0,H3546
Novotel Paris Tour Eiffel,2025,6,N_F_B,SOS,14,6.0,70.0,5.0,0.0,H3546
Novotel Paris Tour Eiffel,2025,6,N_F_B,SOS,15,20.0,183.0,12.0,0.0,H3546
Novotel Paris Tour Eiffel,2025,6,N_F_B,SOS,16,9.0,116.0,6.0,0.0,H3546
Novotel Paris Tour Eiffel,2025,6,N_F_B,SOS,17,16.0,172.0,11.0,0.0,H3546
Novotel Paris Tour Eiffel,2025,6,N_F_B,SOS,18,21.0,147.0,12.0,0.0,H3546
Novotel Paris Tour Eiffel,2025,6,N_F_B,SOS,19,14.0,143.0,12.0,0.0,H3546
Novotel Paris Tour Eiffel,2025,6,N_F_B,SOS,20,12.0,77.0,9.0,0.0,H3546
Novotel Paris Tour Eiffel,2025,6,N_F_B,SOS,21,36.0,282.0,29.0,0.0,H3546
Novotel Paris Tour Eiffel,2025,6,N_F_B,SOS,22,49.0,348.0,36.0,0.0,H3546
Novotel Paris Tour Eiffel,2025,6,N_F_B,SOS,23,44.0,404.0,33.0,0.0,H3546
Novotel Paris Tour Eiffel,2025,7,F_B,FOOD SALEE,0,150.0,1217.3,103.0,0.0,H3546
Novotel Paris Tour Eiffel,2025,7,F_B,FOOD SALEE,1,65.0,537.0,43.0,0.0,H3546
Novotel Paris Tour Eiffel,2025,7,F_B,FOOD SALEE,2,46.0,268.6,34.0,0.0,H3546
Novotel Paris Tour Eiffel,2025,7,F_B,FOOD SALEE,3,7.0,43.9,5.0,0.0,H3546
Novotel Paris Tour Eiffel,2025,7,F_B,FOOD SALEE,4,1.0,5.5,1.0,0.0,H3546
Novotel Paris Tour Eiffel,2025,7,F_B,FOOD SALEE,5,9.0,50.3,7.0,0.0,H3546
Novotel Paris Tour Eiffel,2025,7,F_B,FOOD SALEE,7,2.0,17.5,2.0,0.0,H3546
Novotel Paris Tour Eiffel,2025,7,F_B,FOOD SALEE,8,6.0,43.0,4.0,0.0,H3546
Novotel Paris Tour Eiffel,2025,7,F_B,FOOD SALEE,9,1.0,6.5,1.0,0.0,H3546
Novotel Paris Tour Eiffel,2025,7,F_B,FOOD SALEE,10,7.0,56.4,4.0,0.0,H3546
Novotel Paris Tour Eiffel,2025,7,F_B,FOOD SALEE,11,14.0,115.0,11.0,0.0,H3546
Novotel Paris Tour Eiffel,2025,7,F_B,FOOD SALEE,12,27.0,180.6,22.0,0.0,H3546
Novotel Paris Tour Eiffel,2025,7,F_B,FOOD SALEE,13,24.0,200.4,20.0,0.0,H3546
Novotel Paris Tour Eiffel,2025,7,F_B,FOOD SALEE,14,19.0,93.9,14.0,0.0,H3546
Novotel Paris Tour Eiffel,2025,7,F_B,FOOD SALEE,15,24.0,206.4,17.0,0.0,H3546
Novotel Paris Tour Eiffel,2025,7,F_B,FOOD SALEE,16,13.0,62.7,11.0,0.0,H3546
Novotel Paris Tour Eiffel,2025,7,F_B,FOOD SALEE,17,24.0,149.4,19.0,0.0,H3546
Novotel Paris Tour Eiffel,2025,7,F_B,FOOD SALEE,18,38.0,231.9,29.0,0.0,H3546
Novotel Paris Tour Eiffel,2025,7,F_B,FOOD SALEE,19,41.0,279.4,28.0,0.0,H3546
Novotel Paris Tour Eiffel,2025,7,F_B,FOOD SALEE,20,40.0,262.9,32.0,0.0,H3546
Novotel Paris Tour Eiffel,2025,7,F_B,FOOD SALEE,21,58.0,407.6,47.0,0.0,H3546
Novotel Paris Tour Eiffel,2025,7,F_B,FOOD SALEE,22,92.0,739.7,66.0,0.0,H3546
Novotel Paris Tour Eiffel,2025,7,F_B,FOOD SALEE,23,158.0,1117.8,100.0,0.0,H3546
Novotel Paris Tour Eiffel,2025,7,F_B,FOOD SUCREE,0,115.0,351.9,65.0,0.0,H3546
Novotel Paris Tour Eiffel,2025,7,F_B,FOOD SUCREE,1,49.0,142.8,24.0,0.0,H3546
Novotel Paris Tour Eiffel,2025,7,F_B,FOOD SUCREE,2,27.0,98.1,17.0,0.0,H3546
Novotel Paris Tour Eiffel,2025,7,F_B,FOOD SUCREE,3,7.0,25.1,5.0,0.0,H3546
Novotel Paris Tour Eiffel,2025,7,F_B,FOOD SUCREE,4,15.0,48.3,5.0,0.0,H3546
Novotel Paris Tour Eiffel,2025,7,F_B,FOOD SUCREE,5,11.0,33.0,6.0,0.0,H3546
Novotel Paris Tour Eiffel,2025,7,F_B,FOOD SUCREE,6,1.0,2.2,1.0,0.0,H3546
Novotel Paris Tour Eiffel,2025,7,F_B,FOOD SUCREE,7,1.0,4.5,1.0,0.0,H3546
Novotel Paris Tour Eiffel,2025,7,F_B,FOOD SUCREE,8,16.0,53.1,6.0,0.0,H3546
Novotel Paris Tour Eiffel,2025,7,F_B,FOOD SUCREE,9,3.0,6.6000000000000005,3.0,0.0,H3546
Novotel Paris Tour Eiffel,2025,7,F_B,FOOD SUCREE,10,4.0,11.100000000000001,4.0,0.0,H3546
Novotel Paris Tour Eiffel,2025,7,F_B,FOOD SUCREE,11,18.0,49.4,9.0,0.0,H3546
Novotel Paris Tour Eiffel,2025,7,F_B,FOOD SUCREE,12,18.0,87.5,8.0,0.0,H3546
Novotel Paris Tour Eiffel,2025,7,F_B,FOOD SUCREE,13,19.0,66.0,13.0,0.0,H3546
Novotel Paris Tour Eiffel,2025,7,F_B,FOOD SUCREE,14,20.0,63.9,10.0,0.0,H3546
Novotel Paris Tour Eiffel,2025,7,F_B,FOOD SUCREE,15,26.0,85.39999999999999,13.0,0.0,H3546
Novotel Paris Tour Eiffel,2025,7,F_B,FOOD SUCREE,16,31.0,125.0,15.0,0.0,H3546
Novotel Paris Tour Eiffel,2025,7,F_B,FOOD SUCREE,17,43.0,155.29999999999998,19.0,0.0,H3546
Novotel Paris Tour Eiffel,2025,7,F_B,FOOD SUCREE,18,36.0,120.6,17.0,0.0,H3546
Novotel Paris Tour Eiffel,2025,7,F_B,FOOD SUCREE,19,30.0,97.6,19.0,0.0,H3546
Novotel Paris Tour Eiffel,2025,7,F_B,FOOD SUCREE,20,38.0,120.0,21.0,0.0,H3546
Novotel Paris Tour Eiffel,2025,7,F_B,FOOD SUCREE,21,57.0,179.0,30.0,0.0,H3546
Novotel Paris Tour Eiffel,2025,7,F_B,FOOD SUCREE,22,68.0,266.7,36.0,0.0,H3546
Novotel Paris Tour Eiffel,2025,7,F_B,FOOD SUCREE,23,139.0,458.5,71.0,0.0,H3546
Novotel Paris Tour Eiffel,2025,7,F_B,SANS ALCOOL,0,314.0,1159.0,182.0,0.0,H3546
Novotel Paris Tour Eiffel,2025,7,F_B,SANS ALCOOL,1,155.0,599.7,84.0,0.0,H3546
Novotel Paris Tour Eiffel,2025,7,F_B,SANS ALCOOL,2,42.0,173.0,29.0,0.0,H3546
Novotel Paris Tour Eiffel,2025,7,F_B,SANS ALCOOL,3,19.0,69.2,12.0,0.0,H3546
Novotel Paris Tour Eiffel,2025,7,F_B,SANS ALCOOL,4,14.0,48.4,6.0,0.0,H3546
Novotel Paris Tour Eiffel,2025,7,F_B,SANS ALCOOL,5,7.0,22.9,3.0,0.0,H3546
Novotel Paris Tour Eiffel,2025,7,F_B,SANS ALCOOL,6,21.0,72.1,12.0,0.0,H3546
Novotel Paris Tour Eiffel,2025,7,F_B,SANS ALCOOL,7,21.0,76.7,16.0,0.0,H3546
Novotel Paris Tour Eiffel,2025,7,F_B,SANS ALCOOL,8,29.0,120.3,20.0,0.0,H3546
Novotel Paris Tour Eiffel,2025,7,F_B,SANS ALCOOL,9,40.0,159.3,29.0,0.0,H3546
Novotel Paris Tour Eiffel,2025,7,F_B,SANS ALCOOL,10,41.0,152.9,31.0,0.0,H3546
Novotel Paris Tour Eiffel,2025,7,F_B,SANS ALCOOL,11,60.0,269.1,29.0,0.0,H3546
Novotel Paris Tour Eiffel,2025,7,F_B,SANS ALCOOL,12,51.0,189.6,31.0,0.0,H3546
Novotel Paris Tour Eiffel,2025,7,F_B,SANS ALCOOL,13,47.0,152.8,27.0,0.0,H3546
Novotel Paris Tour Eiffel,2025,7,F_B,SANS ALCOOL,14,39.0,137.2,21.0,0.0,H3546
Novotel Paris Tour Eiffel,2025,7,F_B,SANS ALCOOL,15,79.0,286.8,40.0,0.0,H3546
Novotel Paris Tour Eiffel,2025,7,F_B,SANS ALCOOL,16,74.0,266.5,44.0,0.0,H3546
Novotel Paris Tour Eiffel,2025,7,F_B,SANS ALCOOL,17,115.0,409.0,61.0,0.0,H3546
Novotel Paris Tour Eiffel,2025,7,F_B,SANS ALCOOL,18,90.0,327.2,55.0,0.0,H3546
Novotel Paris Tour Eiffel,2025,7,F_B,SANS ALCOOL,19,116.0,472.3,59.0,0.0,H3546
Novotel Paris Tour Eiffel,2025,7,F_B,SANS ALCOOL,20,123.0,457.0,68.0,0.0,H3546
Novotel Paris Tour Eiffel,2025,7,F_B,SANS ALCOOL,21,200.0,858.8,115.0,0.0,H3546
Novotel Paris Tour Eiffel,2025,7,F_B,SANS ALCOOL,22,302.0,1537.1000000000001,160.0,0.0,H3546
Novotel Paris Tour Eiffel,2025,7,F_B,SANS ALCOOL,23,417.0,2637.8,219.0,0.0,H3546
Novotel Paris Tour Eiffel,2025,7,N_F_B,COSMETIQUE,2,1.0,8.0,1.0,0.0,H3546
Novotel Paris Tour Eiffel,2025,7,N_F_B,COSMETIQUE,15,1.0,8.0,1.0,0.0,H3546
Novotel Paris Tour Eiffel,2025,7,N_F_B,COSMETIQUE,17,1.0,8.0,1.0,0.0,H3546
Novotel Paris Tour Eiffel,2025,7,N_F_B,COSMETIQUE,18,1.0,8.0,1.0,0.0,H3546
Novotel Paris Tour Eiffel,2025,7,N_F_B,COSMETIQUE,21,1.0,8.0,1.0,0.0,H3546
Novotel Paris Tour Eiffel,2025,7,N_F_B,COSMETIQUE,23,1.0,8.0,1.0,0.0,H3546
Novotel Paris Tour Eiffel,2025,7,N_F_B,SOS,0,35.0,267.0,26.0,0.0,H3546
Novotel Paris Tour Eiffel,2025,7,N_F_B,SOS,1,13.0,140.0,9.0,0.0,H3546
Novotel Paris Tour Eiffel,2025,7,N_F_B,SOS,2,3.0,16.0,2.0,0.0,H3546
Novotel Paris Tour Eiffel,2025,7,N_F_B,SOS,3,1.0,4.0,1.0,0.0,H3546
Novotel Paris Tour Eiffel,2025,7,N_F_B,SOS,5,5.0,24.0,4.0,0.0,H3546
Novotel Paris Tour Eiffel,2025,7,N_F_B,SOS,6,6.0,49.0,5.0,0.0,H3546
Novotel Paris Tour Eiffel,2025,7,N_F_B,SOS,7,24.0,204.0,15.0,0.0,H3546
Novotel Paris Tour Eiffel,2025,7,N_F_B,SOS,8,17.0,122.0,13.0,0.0,H3546
Novotel Paris Tour Eiffel,2025,7,N_F_B,SOS,9,31.0,287.0,23.0,0.0,H3546
Novotel Paris Tour Eiffel,2025,7,N_F_B,SOS,10,24.0,221.0,18.0,0.0,H3546
Novotel Paris Tour Eiffel,2025,7,N_F_B,SOS,11,19.0,163.0,11.0,0.0,H3546
Novotel Paris Tour Eiffel,2025,7,N_F_B,SOS,12,16.0,128.0,8.0,0.0,H3546
Novotel Paris Tour Eiffel,2025,7,N_F_B,SOS,13,7.0,64.0,7.0,0.0,H3546
Novotel Paris Tour Eiffel,2025,7,N_F_B,SOS,14,12.0,94.0,9.0,0.0,H3546
Novotel Paris Tour Eiffel,2025,7,N_F_B,SOS,15,17.0,138.0,9.0,0.0,H3546
Novotel Paris Tour Eiffel,2025,7,N_F_B,SOS,16,22.0,220.0,14.0,0.0,H3546
Novotel Paris Tour Eiffel,2025,7,N_F_B,SOS,17,11.0,118.0,11.0,0.0,H3546
Novotel Paris Tour Eiffel,2025,7,N_F_B,SOS,18,11.0,106.0,9.0,0.0,H3546
Novotel Paris Tour Eiffel,2025,7,N_F_B,SOS,19,15.0,193.0,13.0,0.0,H3546
Novotel Paris Tour Eiffel,2025,7,N_F_B,SOS,20,21.0,137.0,15.0,0.0,H3546
Novotel Paris Tour Eiffel,2025,7,N_F_B,SOS,21,24.0,239.0,22.0,0.0,H3546
Novotel Paris Tour Eiffel,2025,7,N_F_B,SOS,22,47.0,389.0,29.0,0.0,H3546
Novotel Paris Tour Eiffel,2025,7,N_F_B,SOS,23,54.0,415.0,40.0,0.0,H3546
Novotel Paris Tour Eiffel,2025,8,F_B,FOOD SALEE,0,71.0,521.8,47.0,0.0,H3546
Novotel Paris Tour Eiffel,2025,8,F_B,FOOD SALEE,1,51.0,368.3,34.0,0.0,H3546
Novotel Paris Tour Eiffel,2025,8,F_B,FOOD SALEE,2,28.0,210.2,21.0,0.0,H3546
Novotel Paris Tour Eiffel,2025,8,F_B,FOOD SALEE,3,19.0,144.3,13.0,0.0,H3546
Novotel Paris Tour Eiffel,2025,8,F_B,FOOD SALEE,4,16.0,122.3,13.0,0.0,H3546
Novotel Paris Tour Eiffel,2025,8,F_B,FOOD SALEE,5,2.0,16.0,2.0,0.0,H3546
Novotel Paris Tour Eiffel,2025,8,F_B,FOOD SALEE,6,2.0,15.0,2.0,0.0,H3546
Novotel Paris Tour Eiffel,2025,8,F_B,FOOD SALEE,7,5.0,40.5,4.0,0.0,H3546
Novotel Paris Tour Eiffel,2025,8,F_B,FOOD SALEE,8,8.0,61.5,7.0,0.0,H3546
Novotel Paris Tour Eiffel,2025,8,F_B,FOOD SALEE,9,8.0,52.0,7.0,0.0,H3546
Novotel Paris Tour Eiffel,2025,8,F_B,FOOD SALEE,10,8.0,49.4,6.0,0.0,H3546
Novotel Paris Tour Eiffel,2025,8,F_B,FOOD SALEE,11,4.0,26.0,1.0,0.0,H3546
Novotel Paris Tour Eiffel,2025,8,F_B,FOOD SALEE,12,14.0,69.6,9.0,0.0,H3546
Novotel Paris Tour Eiffel,2025,8,F_B,FOOD SALEE,13,12.0,79.5,7.0,0.0,H3546
Novotel Paris Tour Eiffel,2025,8,F_B,FOOD SALEE,14,12.0,69.3,8.0,0.0,H3546
Novotel Paris Tour Eiffel,2025,8,F_B,FOOD SALEE,15,25.0,120.2,17.0,0.0,H3546
Novotel Paris Tour Eiffel,2025,8,F_B,FOOD SALEE,16,31.0,159.1,22.0,0.0,H3546
Novotel Paris Tour Eiffel,2025,8,F_B,FOOD SALEE,17,21.0,124.6,15.0,0.0,H3546
Novotel Paris Tour Eiffel,2025,8,F_B,FOOD SALEE,18,25.0,138.7,22.0,0.0,H3546
Novotel Paris Tour Eiffel,2025,8,F_B,FOOD SALEE,19,30.0,212.4,17.0,0.0,H3546
Novotel Paris Tour Eiffel,2025,8,F_B,FOOD SALEE,20,46.0,250.8,27.0,0.0,H3546
Novotel Paris Tour Eiffel,2025,8,F_B,FOOD SALEE,21,64.0,414.3,47.0,0.0,H3546
Novotel Paris Tour Eiffel,2025,8,F_B,FOOD SALEE,22,94.0,592.8,68.0,0.0,H3546
Novotel Paris Tour Eiffel,2025,8,F_B,FOOD SALEE,23,108.0,783.1,71.0,0.0,H3546
Novotel Paris Tour Eiffel,2025,8,F_B,FOOD SUCREE,0,76.0,242.7,35.0,0.0,H3546
Novotel Paris Tour Eiffel,2025,8,F_B,FOOD SUCREE,1,36.0,114.0,17.0,0.0,H3546
Novotel Paris Tour Eiffel,2025,8,F_B,FOOD SUCREE,2,14.0,41.699999999999996,8.0,0.0,H3546
Novotel Paris Tour Eiffel,2025,8,F_B,FOOD SUCREE,3,4.0,10.8,3.0,0.0,H3546
Novotel Paris Tour Eiffel,2025,8,F_B,FOOD SUCREE,4,7.0,24.5,4.0,0.0,H3546
Novotel Paris Tour Eiffel,2025,8,F_B,FOOD SUCREE,5,3.0,6.6000000000000005,2.0,0.0,H3546
Novotel Paris Tour Eiffel,2025,8,F_B,FOOD SUCREE,6,5.0,20.9,2.0,0.0,H3546
Novotel Paris Tour Eiffel,2025,8,F_B,FOOD SUCREE,7,2.0,7.4,2.0,0.0,H3546
Novotel Paris Tour Eiffel,2025,8,F_B,FOOD SUCREE,8,4.0,15.7,1.0,0.0,H3546
Novotel Paris Tour Eiffel,2025,8,F_B,FOOD SUCREE,9,5.0,17.9,3.0,0.0,H3546
Novotel Paris Tour Eiffel,2025,8,F_B,FOOD SUCREE,10,10.0,33.8,7.0,0.0,H3546
Novotel Paris Tour Eiffel,2025,8,F_B,FOOD SUCREE,11,5.0,12.700000000000001,3.0,0.0,H3546
Novotel Paris Tour Eiffel,2025,8,F_B,FOOD SUCREE,12,18.0,60.199999999999996,9.0,0.0,H3546
Novotel Paris Tour Eiffel,2025,8,F_B,FOOD SUCREE,13,5.0,17.1,5.0,0.0,H3546
Novotel Paris Tour Eiffel,2025,8,F_B,FOOD SUCREE,14,12.0,37.9,5.0,0.0,H3546
Novotel Paris Tour Eiffel,2025,8,F_B,FOOD SUCREE,15,35.0,194.4,14.0,0.0,H3546
Novotel Paris Tour Eiffel,2025,8,F_B,FOOD SUCREE,16,30.0,99.7,19.0,0.0,H3546
Novotel Paris Tour Eiffel,2025,8,F_B,FOOD SUCREE,17,30.0,93.5,12.0,0.0,H3546
Novotel Paris Tour Eiffel,2025,8,F_B,FOOD SUCREE,18,30.0,93.6,15.0,0.0,H3546
Novotel Paris Tour Eiffel,2025,8,F_B,FOOD SUCREE,19,30.0,115.1,18.0,0.0,H3546
Novotel Paris Tour Eiffel,2025,8,F_B,FOOD SUCREE,20,42.0,145.2,22.0,0.0,H3546
Novotel Paris Tour Eiffel,2025,8,F_B,FOOD SUCREE,21,91.0,294.7,45.0,0.0,H3546
Novotel Paris Tour Eiffel,2025,8,F_B,FOOD SUCREE,22,64.0,218.4,40.0,0.0,H3546
Novotel Paris Tour Eiffel,2025,8,F_B,FOOD SUCREE,23,71.0,272.9,40.0,0.0,H3546
Novotel Paris Tour Eiffel,2025,8,F_B,SANS ALCOOL,0,252.0,896.7,124.0,0.0,H3546
Novotel Paris Tour Eiffel,2025,8,F_B,SANS ALCOOL,1,102.0,365.4,50.0,0.0,H3546
Novotel Paris Tour Eiffel,2025,8,F_B,SANS ALCOOL,2,40.0,151.4,18.0,0.0,H3546
Novotel Paris Tour Eiffel,2025,8,F_B,SANS ALCOOL,3,17.0,68.0,10.0,0.0,H3546
Novotel Paris Tour Eiffel,2025,8,F_B,SANS ALCOOL,4,12.0,46.5,7.0,0.0,H3546
Novotel Paris Tour Eiffel,2025,8,F_B,SANS ALCOOL,5,4.0,14.9,4.0,0.0,H3546
Novotel Paris Tour Eiffel,2025,8,F_B,SANS ALCOOL,6,12.0,43.6,8.0,0.0,H3546
Novotel Paris Tour Eiffel,2025,8,F_B,SANS ALCOOL,7,16.0,64.8,7.0,0.0,H3546
Novotel Paris Tour Eiffel,2025,8,F_B,SANS ALCOOL,8,11.0,44.4,10.0,0.0,H3546
Novotel Paris Tour Eiffel,2025,8,F_B,SANS ALCOOL,9,19.0,67.2,12.0,0.0,H3546
Novotel Paris Tour Eiffel,2025,8,F_B,SANS ALCOOL,10,37.0,139.20000000000002,21.0,0.0,H3546
Novotel Paris Tour Eiffel,2025,8,F_B,SANS ALCOOL,11,21.0,76.5,15.0,0.0,H3546
Novotel Paris Tour Eiffel,2025,8,F_B,SANS ALCOOL,12,42.0,151.8,21.0,0.0,H3546
Novotel Paris Tour Eiffel,2025,8,F_B,SANS ALCOOL,13,33.0,105.3,17.0,0.0,H3546
Novotel Paris Tour Eiffel,2025,8,F_B,SANS ALCOOL,14,35.0,113.5,21.0,0.0,H3546
Novotel Paris Tour Eiffel,2025,8,F_B,SANS ALCOOL,15,74.0,261.6,44.0,0.0,H3546
Novotel Paris Tour Eiffel,2025,8,F_B,SANS ALCOOL,16,78.0,266.6,52.0,0.0,H3546
Novotel Paris Tour Eiffel,2025,8,F_B,SANS ALCOOL,17,74.0,235.3,43.0,0.0,H3546
Novotel Paris Tour Eiffel,2025,8,F_B,SANS ALCOOL,18,93.0,354.2,44.0,0.0,H3546
Novotel Paris Tour Eiffel,2025,8,F_B,SANS ALCOOL,19,86.0,304.3,40.0,0.0,H3546
Novotel Paris Tour Eiffel,2025,8,F_B,SANS ALCOOL,20,141.0,538.4,78.0,0.0,H3546
Novotel Paris Tour Eiffel,2025,8,F_B,SANS ALCOOL,21,209.0,753.1,111.0,0.0,H3546
Novotel Paris Tour Eiffel,2025,8,F_B,SANS ALCOOL,22,296.0,1095.6,154.0,0.0,H3546
Novotel Paris Tour Eiffel,2025,8,F_B,SANS ALCOOL,23,323.0,1223.5,166.0,0.0,H3546
Novotel Paris Tour Eiffel,2025,8,N_F_B,COSMETIQUE,0,2.0,16.0,2.0,0.0,H3546
Novotel Paris Tour Eiffel,2025,8,N_F_B,COSMETIQUE,2,1.0,8.0,1.0,0.0,H3546
Novotel Paris Tour Eiffel,2025,8,N_F_B,COSMETIQUE,21,1.0,8.0,1.0,0.0,H3546
Novotel Paris Tour Eiffel,2025,8,N_F_B,COSMETIQUE,22,2.0,16.0,2.0,0.0,H3546
Novotel Paris Tour Eiffel,2025,8,N_F_B,COSMETIQUE,23,1.0,8.0,1.0,0.0,H3546
Novotel Paris Tour Eiffel,2025,8,N_F_B,SOS,0,42.0,304.0,31.0,0.0,H3546
Novotel Paris Tour Eiffel,2025,8,N_F_B,SOS,1,28.0,230.0,16.0,0.0,H3546
Novotel Paris Tour Eiffel,2025,8,N_F_B,SOS,2,9.0,59.0,5.0,0.0,H3546
Novotel Paris Tour Eiffel,2025,8,N_F_B,SOS,4,3.0,24.0,1.0,0.0,H3546
Novotel Paris Tour Eiffel,2025,8,N_F_B,SOS,5,1.0,14.0,1.0,0.0,H3546
Novotel Paris Tour Eiffel,2025,8,N_F_B,SOS,6,6.0,30.0,5.0,0.0,H3546
Novotel Paris Tour Eiffel,2025,8,N_F_B,SOS,7,5.0,28.0,3.0,0.0,H3546
Novotel Paris Tour Eiffel,2025,8,N_F_B,SOS,8,14.0,88.0,7.0,0.0,H3546
Novotel Paris Tour Eiffel,2025,8,N_F_B,SOS,9,30.0,225.0,16.0,0.0,H3546
Novotel Paris Tour Eiffel,2025,8,N_F_B,SOS,10,32.0,205.0,22.0,0.0,H3546
Novotel Paris Tour Eiffel,2025,8,N_F_B,SOS,11,11.0,58.0,11.0,0.0,H3546
Novotel Paris Tour Eiffel,2025,8,N_F_B,SOS,12,11.0,76.0,9.0,0.0,H3546
Novotel Paris Tour Eiffel,2025,8,N_F_B,SOS,13,8.0,90.0,6.0,0.0,H3546
Novotel Paris Tour Eiffel,2025,8,N_F_B,SOS,14,7.0,56.0,6.0,0.0,H3546
Novotel Paris Tour Eiffel,2025,8,N_F_B,SOS,15,16.0,150.0,14.0,0.0,H3546
Novotel Paris Tour Eiffel,2025,8,N_F_B,SOS,16,27.0,188.0,17.0,0.0,H3546
Novotel Paris Tour Eiffel,2025,8,N_F_B,SOS,17,17.0,120.0,14.0,0.0,H3546
Novotel Paris Tour Eiffel,2025,8,N_F_B,SOS,18,9.0,60.0,7.0,0.0,H3546
Novotel Paris Tour Eiffel,2025,8,N_F_B,SOS,19,13.0,132.0,11.0,0.0,H3546
Novotel Paris Tour Eiffel,2025,8,N_F_B,SOS,20,23.0,188.0,16.0,0.0,H3546
Novotel Paris Tour Eiffel,2025,8,N_F_B,SOS,21,53.0,401.0,32.0,0.0,H3546
Novotel Paris Tour Eiffel,2025,8,N_F_B,SOS,22,36.0,276.0,30.0,0.0,H3546
Novotel Paris Tour Eiffel,2025,8,N_F_B,SOS,23,69.0,581.0,55.0,0.0,H3546
Novotel Paris Tour Eiffel,2025,9,F_B,FOOD SALEE,0,57.0,400.2,45.0,0.0,H3546
Novotel Paris Tour Eiffel,2025,9,F_B,FOOD SALEE,1,34.0,241.0,27.0,0.0,H3546
Novotel Paris Tour Eiffel,2025,9,F_B,FOOD SALEE,2,12.0,94.7,11.0,0.0,H3546
Novotel Paris Tour Eiffel,2025,9,F_B,FOOD SALEE,3,18.0,150.4,15.0,0.0,H3546
Novotel Paris Tour Eiffel,2025,9,F_B,FOOD SALEE,4,7.0,57.4,5.0,0.0,H3546
Novotel Paris Tour Eiffel,2025,9,F_B,FOOD SALEE,5,8.0,45.3,4.0,0.0,H3546
Novotel Paris Tour Eiffel,2025,9,F_B,FOOD SALEE,6,5.0,28.9,4.0,0.0,H3546
Novotel Paris Tour Eiffel,2025,9,F_B,FOOD SALEE,7,3.0,23.0,2.0,0.0,H3546
Novotel Paris Tour Eiffel,2025,9,F_B,FOOD SALEE,9,8.0,55.8,5.0,0.0,H3546
Novotel Paris Tour Eiffel,2025,9,F_B,FOOD SALEE,10,8.0,56.0,7.0,0.0,H3546
Novotel Paris Tour Eiffel,2025,9,F_B,FOOD SALEE,11,3.0,23.0,3.0,0.0,H3546
Novotel Paris Tour Eiffel,2025,9,F_B,FOOD SALEE,12,8.0,51.0,7.0,0.0,H3546
Novotel Paris Tour Eiffel,2025,9,F_B,FOOD SALEE,13,19.0,137.0,13.0,0.0,H3546
Novotel Paris Tour Eiffel,2025,9,F_B,FOOD SALEE,14,7.0,63.4,7.0,0.0,H3546
Novotel Paris Tour Eiffel,2025,9,F_B,FOOD SALEE,15,19.0,111.0,15.0,0.0,H3546
Novotel Paris Tour Eiffel,2025,9,F_B,FOOD SALEE,16,13.0,60.6,12.0,0.0,H3546
Novotel Paris Tour Eiffel,2025,9,F_B,FOOD SALEE,17,26.0,127.8,18.0,0.0,H3546
Novotel Paris Tour Eiffel,2025,9,F_B,FOOD SALEE,18,22.0,142.8,16.0,0.0,H3546
Novotel Paris Tour Eiffel,2025,9,F_B,FOOD SALEE,19,29.0,144.8,23.0,0.0,H3546
Novotel Paris Tour Eiffel,2025,9,F_B,FOOD SALEE,20,36.0,261.2,30.0,0.0,H3546
Novotel Paris Tour Eiffel,2025,9,F_B,FOOD SALEE,21,41.0,304.3,35.0,0.0,H3546
Novotel Paris Tour Eiffel,2025,9,F_B,FOOD SALEE,22,42.0,300.6,37.0,0.0,H3546
Novotel Paris Tour Eiffel,2025,9,F_B,FOOD SALEE,23,79.0,553.7,63.0,0.0,H3546
Novotel Paris Tour Eiffel,2025,9,F_B,FOOD SUCREE,0,44.0,145.9,29.0,0.0,H3546
Novotel Paris Tour Eiffel,2025,9,F_B,FOOD SUCREE,1,26.0,78.0,17.0,0.0,H3546
Novotel Paris Tour Eiffel,2025,9,F_B,FOOD SUCREE,2,15.0,47.9,11.0,0.0,H3546
Novotel Paris Tour Eiffel,2025,9,F_B,FOOD SUCREE,3,20.0,67.0,10.0,0.0,H3546
Novotel Paris Tour Eiffel,2025,9,F_B,FOOD SUCREE,4,6.0,18.0,3.0,0.0,H3546
Novotel Paris Tour Eiffel,2025,9,F_B,FOOD SUCREE,5,6.0,21.7,3.0,0.0,H3546
Novotel Paris Tour Eiffel,2025,9,F_B,FOOD SUCREE,6,2.0,6.7,2.0,0.0,H3546
Novotel Paris Tour Eiffel,2025,9,F_B,FOOD SUCREE,7,3.0,9.8,2.0,0.0,H3546
Novotel Paris Tour Eiffel,2025,9,F_B,FOOD SUCREE,8,4.0,11.8,3.0,0.0,H3546
Novotel Paris Tour Eiffel,2025,9,F_B,FOOD SUCREE,9,13.0,112.3,5.0,0.0,H3546
Novotel Paris Tour Eiffel,2025,9,F_B,FOOD SUCREE,10,11.0,36.3,5.0,0.0,H3546
Novotel Paris Tour Eiffel,2025,9,F_B,FOOD SUCREE,11,3.0,18.7,2.0,0.0,H3546
Novotel Paris Tour Eiffel,2025,9,F_B,FOOD SUCREE,12,6.0,18.0,2.0,0.0,H3546
Novotel Paris Tour Eiffel,2025,9,F_B,FOOD SUCREE,13,6.0,19.0,2.0,0.0,H3546
Novotel Paris Tour Eiffel,2025,9,F_B,FOOD SUCREE,14,17.0,53.8,7.0,0.0,H3546
Novotel Paris Tour Eiffel,2025,9,F_B,FOOD SUCREE,15,17.0,50.9,6.0,0.0,H3546
Novotel Paris Tour Eiffel,2025,9,F_B,FOOD SUCREE,16,17.0,59.8,12.0,0.0,H3546
Novotel Paris Tour Eiffel,2025,9,F_B,FOOD SUCREE,17,14.0,41.1,10.0,0.0,H3546
Novotel Paris Tour Eiffel,2025,9,F_B,FOOD SUCREE,18,21.0,72.1,13.0,0.0,H3546
Novotel Paris Tour Eiffel,2025,9,F_B,FOOD SUCREE,19,29.0,88.2,18.0,0.0,H3546
Novotel Paris Tour Eiffel,2025,9,F_B,FOOD SUCREE,20,20.0,63.6,13.0,0.0,H3546
Novotel Paris Tour Eiffel,2025,9,F_B,FOOD SUCREE,21,45.0,142.5,24.0,0.0,H3546
Novotel Paris Tour Eiffel,2025,9,F_B,FOOD SUCREE,22,60.0,179.6,32.0,0.0,H3546
Novotel Paris Tour Eiffel,2025,9,F_B,FOOD SUCREE,23,71.0,234.0,38.0,0.0,H3546
Novotel Paris Tour Eiffel,2025,9,F_B,SANS ALCOOL,0,166.0,616.7,100.0,0.0,H3546
Novotel Paris Tour Eiffel,2025,9,F_B,SANS ALCOOL,1,63.0,232.6,40.0,0.0,H3546
Novotel Paris Tour Eiffel,2025,9,F_B,SANS ALCOOL,2,25.0,91.2,19.0,0.0,H3546
Novotel Paris Tour Eiffel,2025,9,F_B,SANS ALCOOL,3,38.0,143.6,22.0,0.0,H3546
Novotel Paris Tour Eiffel,2025,9,F_B,SANS ALCOOL,4,8.0,29.7,4.0,0.0,H3546
Novotel Paris Tour Eiffel,2025,9,F_B,SANS ALCOOL,5,11.0,40.8,7.0,0.0,H3546
Novotel Paris Tour Eiffel,2025,9,F_B,SANS ALCOOL,6,12.0,45.0,11.0,0.0,H3546
Novotel Paris Tour Eiffel,2025,9,F_B,SANS ALCOOL,7,9.0,36.6,7.0,0.0,H3546
Novotel Paris Tour Eiffel,2025,9,F_B,SANS ALCOOL,8,26.0,100.7,21.0,0.0,H3546
Novotel Paris Tour Eiffel,2025,9,F_B,SANS ALCOOL,9,22.0,82.3,13.0,0.0,H3546
Novotel Paris Tour Eiffel,2025,9,F_B,SANS ALCOOL,10,22.0,79.2,17.0,0.0,H3546
Novotel Paris Tour Eiffel,2025,9,F_B,SANS ALCOOL,11,13.0,50.300000000000004,11.0,0.0,H3546
Novotel Paris Tour Eiffel,2025,9,F_B,SANS ALCOOL,12,17.0,64.2,11.0,0.0,H3546
Novotel Paris Tour Eiffel,2025,9,F_B,SANS ALCOOL,13,48.0,176.6,18.0,0.0,H3546
Novotel Paris Tour Eiffel,2025,9,F_B,SANS ALCOOL,14,25.0,92.9,16.0,0.0,H3546
Novotel Paris Tour Eiffel,2025,9,F_B,SANS ALCOOL,15,56.0,203.9,34.0,0.0,H3546
Novotel Paris Tour Eiffel,2025,9,F_B,SANS ALCOOL,16,64.0,231.1,44.0,0.0,H3546
Novotel Paris Tour Eiffel,2025,9,F_B,SANS ALCOOL,17,63.0,228.70000000000002,36.0,0.0,H3546
Novotel Paris Tour Eiffel,2025,9,F_B,SANS ALCOOL,18,65.0,228.7,37.0,0.0,H3546
Novotel Paris Tour Eiffel,2025,9,F_B,SANS ALCOOL,19,76.0,287.7,45.0,0.0,H3546
Novotel Paris Tour Eiffel,2025,9,F_B,SANS ALCOOL,20,82.0,309.8,52.0,0.0,H3546
Novotel Paris Tour Eiffel,2025,9,F_B,SANS ALCOOL,21,158.0,621.5,96.0,0.0,H3546
Novotel Paris Tour Eiffel,2025,9,F_B,SANS ALCOOL,22,190.0,726.7,128.0,0.0,H3546
Novotel Paris Tour Eiffel,2025,9,F_B,SANS ALCOOL,23,232.0,897.0,139.0,0.0,H3546
Novotel Paris Tour Eiffel,2025,9,N_F_B,COSMETIQUE,8,1.0,8.0,1.0,0.0,H3546
Novotel Paris Tour Eiffel,2025,9,N_F_B,COSMETIQUE,19,1.0,8.0,1.0,0.0,H3546
Novotel Paris Tour Eiffel,2025,9,N_F_B,COSMETIQUE,22,1.0,8.0,1.0,0.0,H3546
Novotel Paris Tour Eiffel,2025,9,N_F_B,COSMETIQUE,23,1.0,8.0,1.0,0.0,H3546
Novotel Paris Tour Eiffel,2025,9,N_F_B,SOS,0,30.0,220.0,24.0,0.0,H3546
Novotel Paris Tour Eiffel,2025,9,N_F_B,SOS,1,6.0,38.0,5.0,0.0,H3546
Novotel Paris Tour Eiffel,2025,9,N_F_B,SOS,2,3.0,34.0,3.0,0.0,H3546
Novotel Paris Tour Eiffel,2025,9,N_F_B,SOS,3,2.0,20.0,1.0,0.0,H3546
Novotel Paris Tour Eiffel,2025,9,N_F_B,SOS,4,2.0,28.0,1.0,0.0,H3546
Novotel Paris Tour Eiffel,2025,9,N_F_B,SOS,5,3.0,20.0,2.0,0.0,H3546
Novotel Paris Tour Eiffel,2025,9,N_F_B,SOS,6,16.0,101.0,10.0,0.0,H3546
Novotel Paris Tour Eiffel,2025,9,N_F_B,SOS,7,14.0,90.0,11.0,0.0,H3546
Novotel Paris Tour Eiffel,2025,9,N_F_B,SOS,8,21.0,129.0,17.0,0.0,H3546
Novotel Paris Tour Eiffel,2025,9,N_F_B,SOS,9,9.0,72.0,8.0,0.0,H3546
Novotel Paris Tour Eiffel,2025,9,N_F_B,SOS,10,19.0,173.0,16.0,0.0,H3546
Novotel Paris Tour Eiffel,2025,9,N_F_B,SOS,11,15.0,125.0,10.0,0.0,H3546
Novotel Paris Tour Eiffel,2025,9,N_F_B,SOS,12,4.0,62.0,4.0,0.0,H3546
Novotel Paris Tour Eiffel,2025,9,N_F_B,SOS,13,7.0,61.0,5.0,0.0,H3546
Novotel Paris Tour Eiffel,2025,9,N_F_B,SOS,14,3.0,45.0,3.0,0.0,H3546
Novotel Paris Tour Eiffel,2025,9,N_F_B,SOS,15,14.0,110.0,9.0,0.0,H3546
Novotel Paris Tour Eiffel,2025,9,N_F_B,SOS,16,12.0,114.0,10.0,0.0,H3546
Novotel Paris Tour Eiffel,2025,9,N_F_B,SOS,17,13.0,85.0,8.0,0.0,H3546
Novotel Paris Tour Eiffel,2025,9,N_F_B,SOS,18,23.0,179.0,12.0,0.0,H3546
Novotel Paris Tour Eiffel,2025,9,N_F_B,SOS,19,14.0,146.0,13.0,0.0,H3546
Novotel Paris Tour Eiffel,2025,9,N_F_B,SOS,20,29.0,254.0,24.0,0.0,H3546
Novotel Paris Tour Eiffel,2025,9,N_F_B,SOS,21,44.0,402.0,36.0,0.0,H3546
Novotel Paris Tour Eiffel,2025,9,N_F_B,SOS,22,51.0,394.0,41.0,0.0,H3546
Novotel Paris Tour Eiffel,2025,9,N_F_B,SOS,23,37.0,268.0,30.0,0.0,H3546
Novotel Paris Tour Eiffel,2025,10,F_B,FOOD SALEE,0,57.0,376.7,40.0,0.0,H3546
Novotel Paris Tour Eiffel,2025,10,F_B,FOOD SALEE,1,28.0,190.5,25.0,0.0,H3546
Novotel Paris Tour Eiffel,2025,10,F_B,FOOD SALEE,2,19.0,117.2,15.0,0.0,H3546
Novotel Paris Tour Eiffel,2025,10,F_B,FOOD SALEE,3,8.0,63.7,7.0,0.0,H3546
Novotel Paris Tour Eiffel,2025,10,F_B,FOOD SALEE,4,8.0,48.0,6.0,0.0,H3546
Novotel Paris Tour Eiffel,2025,10,F_B,FOOD SALEE,5,1.0,9.5,1.0,0.0,H3546
Novotel Paris Tour Eiffel,2025,10,F_B,FOOD SALEE,6,3.0,21.5,3.0,0.0,H3546
Novotel Paris Tour Eiffel,2025,10,F_B,FOOD SALEE,7,6.0,44.0,4.0,0.0,H3546
Novotel Paris Tour Eiffel,2025,10,F_B,FOOD SALEE,8,3.0,21.0,3.0,0.0,H3546
Novotel Paris Tour Eiffel,2025,10,F_B,FOOD SALEE,9,2.0,9.0,2.0,0.0,H3546
Novotel Paris Tour Eiffel,2025,10,F_B,FOOD SALEE,10,4.0,31.5,4.0,0.0,H3546
Novotel Paris Tour Eiffel,2025,10,F_B,FOOD SALEE,11,8.0,55.4,6.0,0.0,H3546
Novotel Paris Tour Eiffel,2025,10,F_B,FOOD SALEE,12,24.0,173.4,15.0,0.0,H3546
Novotel Paris Tour Eiffel,2025,10,F_B,FOOD SALEE,13,13.0,96.4,11.0,0.0,H3546
Novotel Paris Tour Eiffel,2025,10,F_B,FOOD SALEE,14,14.0,93.7,10.0,0.0,H3546
Novotel Paris Tour Eiffel,2025,10,F_B,FOOD SALEE,15,7.0,45.4,6.0,0.0,H3546
Novotel Paris Tour Eiffel,2025,10,F_B,FOOD SALEE,16,8.0,57.5,7.0,0.0,H3546
Novotel Paris Tour Eiffel,2025,10,F_B,FOOD SALEE,17,14.0,78.8,11.0,0.0,H3546
Novotel Paris Tour Eiffel,2025,10,F_B,FOOD SALEE,18,27.0,138.3,21.0,0.0,H3546
Novotel Paris Tour Eiffel,2025,10,F_B,FOOD SALEE,19,20.0,108.2,15.0,0.0,H3546
Novotel Paris Tour Eiffel,2025,10,F_B,FOOD SALEE,20,51.0,336.0,37.0,0.0,H3546
Novotel Paris Tour Eiffel,2025,10,F_B,FOOD SALEE,21,62.0,447.0,44.0,0.0,H3546
Novotel Paris Tour Eiffel,2025,10,F_B,FOOD SALEE,22,75.0,538.5,58.0,0.0,H3546
Novotel Paris Tour Eiffel,2025,10,F_B,FOOD SALEE,23,62.0,433.0,46.0,0.0,H3546
Novotel Paris Tour Eiffel,2025,10,F_B,FOOD SUCREE,0,71.0,247.6,32.0,0.0,H3546
Novotel Paris Tour Eiffel,2025,10,F_B,FOOD SUCREE,1,28.0,100.8,18.0,0.0,H3546
Novotel Paris Tour Eiffel,2025,10,F_B,FOOD SUCREE,2,16.0,78.5,12.0,0.0,H3546
Novotel Paris Tour Eiffel,2025,10,F_B,FOOD SUCREE,3,3.0,8.7,3.0,0.0,H3546
Novotel Paris Tour Eiffel,2025,10,F_B,FOOD SUCREE,4,5.0,35.2,2.0,0.0,H3546
Novotel Paris Tour Eiffel,2025,10,F_B,FOOD SUCREE,5,2.0,5.8,2.0,0.0,H3546
Novotel Paris Tour Eiffel,2025,10,F_B,FOOD SUCREE,6,2.0,9.0,1.0,0.0,H3546
Novotel Paris Tour Eiffel,2025,10,F_B,FOOD SUCREE,7,4.0,13.399999999999999,2.0,0.0,H3546
Novotel Paris Tour Eiffel,2025,10,F_B,FOOD SUCREE,8,4.0,12.5,3.0,0.0,H3546
Novotel Paris Tour Eiffel,2025,10,F_B,FOOD SUCREE,9,6.0,19.2,3.0,0.0,H3546
Novotel Paris Tour Eiffel,2025,10,F_B,FOOD SUCREE,10,9.0,30.5,4.0,0.0,H3546
Novotel Paris Tour Eiffel,2025,10,F_B,FOOD SUCREE,11,5.0,15.399999999999999,3.0,0.0,H3546
Novotel Paris Tour Eiffel,2025,10,F_B,FOOD SUCREE,12,5.0,24.6,4.0,0.0,H3546
Novotel Paris Tour Eiffel,2025,10,F_B,FOOD SUCREE,13,8.0,28.0,5.0,0.0,H3546
Novotel Paris Tour Eiffel,2025,10,F_B,FOOD SUCREE,14,12.0,39.4,7.0,0.0,H3546
Novotel Paris Tour Eiffel,2025,10,F_B,FOOD SUCREE,15,12.0,46.4,9.0,0.0,H3546
Novotel Paris Tour Eiffel,2025,10,F_B,FOOD SUCREE,16,9.0,27.0,4.0,0.0,H3546
Novotel Paris Tour Eiffel,2025,10,F_B,FOOD SUCREE,17,24.0,72.4,11.0,0.0,H3546
Novotel Paris Tour Eiffel,2025,10,F_B,FOOD SUCREE,18,35.0,108.7,19.0,0.0,H3546
Novotel Paris Tour Eiffel,2025,10,F_B,FOOD SUCREE,19,26.0,83.0,16.0,0.0,H3546
Novotel Paris Tour Eiffel,2025,10,F_B,FOOD SUCREE,20,55.0,180.4,31.0,0.0,H3546
Novotel Paris Tour Eiffel,2025,10,F_B,FOOD SUCREE,21,62.0,213.9,38.0,0.0,H3546
Novotel Paris Tour Eiffel,2025,10,F_B,FOOD SUCREE,22,120.0,390.09999999999997,58.0,0.0,H3546
Novotel Paris Tour Eiffel,2025,10,F_B,FOOD SUCREE,23,87.0,278.8,47.0,0.0,H3546
Novotel Paris Tour Eiffel,2025,10,F_B,SANS ALCOOL,0,168.0,605.8,88.0,0.0,H3546
Novotel Paris Tour Eiffel,2025,10,F_B,SANS ALCOOL,1,76.0,275.3,49.0,0.0,H3546
Novotel Paris Tour Eiffel,2025,10,F_B,SANS ALCOOL,2,44.0,153.4,19.0,0.0,H3546
Novotel Paris Tour Eiffel,2025,10,F_B,SANS ALCOOL,3,9.0,35.0,6.0,0.0,H3546
Novotel Paris Tour Eiffel,2025,10,F_B,SANS ALCOOL,4,5.0,18.400000000000002,4.0,0.0,H3546
Novotel Paris Tour Eiffel,2025,10,F_B,SANS ALCOOL,5,8.0,33.0,5.0,0.0,H3546
Novotel Paris Tour Eiffel,2025,10,F_B,SANS ALCOOL,6,8.0,28.4,6.0,0.0,H3546
Novotel Paris Tour Eiffel,2025,10,F_B,SANS ALCOOL,7,18.0,72.0,11.0,0.0,H3546
Novotel Paris Tour Eiffel,2025,10,F_B,SANS ALCOOL,8,12.0,43.7,10.0,0.0,H3546
Novotel Paris Tour Eiffel,2025,10,F_B,SANS ALCOOL,9,24.0,97.4,16.0,0.0,H3546
Novotel Paris Tour Eiffel,2025,10,F_B,SANS ALCOOL,10,21.0,82.0,13.0,0.0,H3546
Novotel Paris Tour Eiffel,2025,10,F_B,SANS ALCOOL,11,23.0,84.6,17.0,0.0,H3546
Novotel Paris Tour Eiffel,2025,10,F_B,SANS ALCOOL,12,23.0,85.4,15.0,0.0,H3546
Novotel Paris Tour Eiffel,2025,10,F_B,SANS ALCOOL,13,26.0,87.2,19.0,0.0,H3546
Novotel Paris Tour Eiffel,2025,10,F_B,SANS ALCOOL,14,30.0,105.0,19.0,0.0,H3546
Novotel Paris Tour Eiffel,2025,10,F_B,SANS ALCOOL,15,40.0,139.7,25.0,0.0,H3546
Novotel Paris Tour Eiffel,2025,10,F_B,SANS ALCOOL,16,62.0,209.5,28.0,0.0,H3546
Novotel Paris Tour Eiffel,2025,10,F_B,SANS ALCOOL,17,69.0,236.3,35.0,0.0,H3546
Novotel Paris Tour Eiffel,2025,10,F_B,SANS ALCOOL,18,82.0,290.0,40.0,0.0,H3546
Novotel Paris Tour Eiffel,2025,10,F_B,SANS ALCOOL,19,91.0,320.3,47.0,0.0,H3546
Novotel Paris Tour Eiffel,2025,10,F_B,SANS ALCOOL,20,129.0,455.8,73.0,0.0,H3546
Novotel Paris Tour Eiffel,2025,10,F_B,SANS ALCOOL,21,197.0,706.7,101.0,0.0,H3546
Novotel Paris Tour Eiffel,2025,10,F_B,SANS ALCOOL,22,288.0,1061.2,155.0,0.0,H3546
Novotel Paris Tour Eiffel,2025,10,F_B,SANS ALCOOL,23,207.0,771.9,126.0,0.0,H3546
Novotel Paris Tour Eiffel,2025,10,N_F_B,COSMETIQUE,0,2.0,16.0,2.0,0.0,H3546
Novotel Paris Tour Eiffel,2025,10,N_F_B,COSMETIQUE,8,1.0,8.0,1.0,0.0,H3546
Novotel Paris Tour Eiffel,2025,10,N_F_B,COSMETIQUE,22,1.0,8.0,1.0,0.0,H3546
Novotel Paris Tour Eiffel,2025,10,N_F_B,SOS,0,24.0,178.0,15.0,0.0,H3546
Novotel Paris Tour Eiffel,2025,10,N_F_B,SOS,1,6.0,64.0,5.0,0.0,H3546
Novotel Paris Tour Eiffel,2025,10,N_F_B,SOS,2,6.0,50.0,2.0,0.0,H3546
Novotel Paris Tour Eiffel,2025,10,N_F_B,SOS,3,3.0,34.0,3.0,0.0,H3546
Novotel Paris Tour Eiffel,2025,10,N_F_B,SOS,4,4.0,38.0,3.0,0.0,H3546
Novotel Paris Tour Eiffel,2025,10,N_F_B,SOS,6,2.0,10.0,2.0,0.0,H3546
Novotel Paris Tour Eiffel,2025,10,N_F_B,SOS,7,14.0,76.0,12.0,0.0,H3546
Novotel Paris Tour Eiffel,2025,10,N_F_B,SOS,8,21.0,128.5,18.0,0.0,H3546
Novotel Paris Tour Eiffel,2025,10,N_F_B,SOS,9,14.0,70.0,11.0,0.0,H3546
Novotel Paris Tour Eiffel,2025,10,N_F_B,SOS,10,16.0,88.0,9.0,0.0,H3546
Novotel Paris Tour Eiffel,2025,10,N_F_B,SOS,11,6.0,40.0,5.0,0.0,H3546
Novotel Paris Tour Eiffel,2025,10,N_F_B,SOS,12,5.0,34.0,4.0,0.0,H3546
Novotel Paris Tour Eiffel,2025,10,N_F_B,SOS,13,10.0,69.0,7.0,0.0,H3546
Novotel Paris Tour Eiffel,2025,10,N_F_B,SOS,14,20.0,149.0,8.0,0.0,H3546
Novotel Paris Tour Eiffel,2025,10,N_F_B,SOS,15,7.0,66.0,4.0,0.0,H3546
Novotel Paris Tour Eiffel,2025,10,N_F_B,SOS,16,7.0,36.0,7.0,0.0,H3546
Novotel Paris Tour Eiffel,2025,10,N_F_B,SOS,17,17.0,152.0,13.0,0.0,H3546
Novotel Paris Tour Eiffel,2025,10,N_F_B,SOS,18,21.0,162.0,18.0,0.0,H3546
Novotel Paris Tour Eiffel,2025,10,N_F_B,SOS,19,26.0,217.0,18.0,0.0,H3546
Novotel Paris Tour Eiffel,2025,10,N_F_B,SOS,20,25.0,260.0,19.0,0.0,H3546
Novotel Paris Tour Eiffel,2025,10,N_F_B,SOS,21,33.0,288.5,26.0,0.0,H3546
Novotel Paris Tour Eiffel,2025,10,N_F_B,SOS,22,47.0,352.0,33.0,0.0,H3546
Novotel Paris Tour Eiffel,2025,10,N_F_B,SOS,23,40.0,316.0,32.0,0.0,H3546
Novotel Paris Tour Eiffel,2025,11,F_B,FOOD SALEE,0,33.0,189.7,24.0,0.0,H3546
Novotel Paris Tour Eiffel,2025,11,F_B,FOOD SALEE,1,25.0,131.2,19.0,0.0,H3546
Novotel Paris Tour Eiffel,2025,11,F_B,FOOD SALEE,2,7.0,31.3,6.0,0.0,H3546
Novotel Paris Tour Eiffel,2025,11,F_B,FOOD SALEE,3,9.0,47.4,5.0,0.0,H3546
Novotel Paris Tour Eiffel,2025,11,F_B,FOOD SALEE,4,10.0,84.3,8.0,0.0,H3546
Novotel Paris Tour Eiffel,2025,11,F_B,FOOD SALEE,5,5.0,39.9,3.0,0.0,H3546
Novotel Paris Tour Eiffel,2025,11,F_B,FOOD SALEE,6,3.0,28.5,2.0,0.0,H3546
Novotel Paris Tour Eiffel,2025,11,F_B,FOOD SALEE,7,9.0,47.5,7.0,0.0,H3546
Novotel Paris Tour Eiffel,2025,11,F_B,FOOD SALEE,8,6.0,46.5,6.0,0.0,H3546
Novotel Paris Tour Eiffel,2025,11,F_B,FOOD SALEE,9,5.0,32.0,4.0,0.0,H3546
Novotel Paris Tour Eiffel,2025,11,F_B,FOOD SALEE,10,6.0,32.0,4.0,0.0,H3546
Novotel Paris Tour Eiffel,2025,11,F_B,FOOD SALEE,11,12.0,85.0,10.0,0.0,H3546
Novotel Paris Tour Eiffel,2025,11,F_B,FOOD SALEE,12,8.0,58.0,7.0,0.0,H3546
Novotel Paris Tour Eiffel,2025,11,F_B,FOOD SALEE,13,17.0,122.3,13.0,0.0,H3546
Novotel Paris Tour Eiffel,2025,11,F_B,FOOD SALEE,14,10.0,77.5,7.0,0.0,H3546
Novotel Paris Tour Eiffel,2025,11,F_B,FOOD SALEE,15,14.0,86.4,10.0,0.0,H3546
Novotel Paris Tour Eiffel,2025,11,F_B,FOOD SALEE,16,15.0,90.8,12.0,0.0,H3546
Novotel Paris Tour Eiffel,2025,11,F_B,FOOD SALEE,17,31.0,152.2,23.0,0.0,H3546
Novotel Paris Tour Eiffel,2025,11,F_B,FOOD SALEE,18,22.0,144.1,18.0,0.0,H3546
Novotel Paris Tour Eiffel,2025,11,F_B,FOOD SALEE,19,35.0,215.8,29.0,0.0,H3546
Novotel Paris Tour Eiffel,2025,11,F_B,FOOD SALEE,20,36.0,282.8,29.0,0.0,H3546
Novotel Paris Tour Eiffel,2025,11,F_B,FOOD SALEE,21,48.0,345.1,40.0,0.0,H3546
Novotel Paris Tour Eiffel,2025,11,F_B,FOOD SALEE,22,42.0,242.1,35.0,0.0,H3546
Novotel Paris Tour Eiffel,2025,11,F_B,FOOD SALEE,23,65.0,425.4,49.0,0.0,H3546
Novotel Paris Tour Eiffel,2025,11,F_B,FOOD SUCREE,0,42.0,132.1,25.0,0.0,H3546
Novotel Paris Tour Eiffel,2025,11,F_B,FOOD SUCREE,1,23.0,75.5,12.0,0.0,H3546
Novotel Paris Tour Eiffel,2025,11,F_B,FOOD SUCREE,2,2.0,6.4,2.0,0.0,H3546
Novotel Paris Tour Eiffel,2025,11,F_B,FOOD SUCREE,3,20.0,59.0,7.0,0.0,H3546
Novotel Paris Tour Eiffel,2025,11,F_B,FOOD SUCREE,4,2.0,5.1,2.0,0.0,H3546
Novotel Paris Tour Eiffel,2025,11,F_B,FOOD SUCREE,5,1.0,2.9,1.0,0.0,H3546
Novotel Paris Tour Eiffel,2025,11,F_B,FOOD SUCREE,7,7.0,20.2,4.0,0.0,H3546
Novotel Paris Tour Eiffel,2025,11,F_B,FOOD SUCREE,8,1.0,3.9,1.0,0.0,H3546
Novotel Paris Tour Eiffel,2025,11,F_B,FOOD SUCREE,9,3.0,9.9,2.0,0.0,H3546
Novotel Paris Tour Eiffel,2025,11,F_B,FOOD SUCREE,10,9.0,30.9,7.0,0.0,H3546
Novotel Paris Tour Eiffel,2025,11,F_B,FOOD SUCREE,11,15.0,45.9,7.0,0.0,H3546
Novotel Paris Tour Eiffel,2025,11,F_B,FOOD SUCREE,12,12.0,35.699999999999996,7.0,0.0,H3546
Novotel Paris Tour Eiffel,2025,11,F_B,FOOD SUCREE,13,15.0,46.699999999999996,6.0,0.0,H3546
Novotel Paris Tour Eiffel,2025,11,F_B,FOOD SUCREE,14,4.0,11.6,2.0,0.0,H3546
Novotel Paris Tour Eiffel,2025,11,F_B,FOOD SUCREE,15,9.0,36.699999999999996,6.0,0.0,H3546
Novotel Paris Tour Eiffel,2025,11,F_B,FOOD SUCREE,16,25.0,84.7,12.0,0.0,H3546
Novotel Paris Tour Eiffel,2025,11,F_B,FOOD SUCREE,17,26.0,77.7,14.0,0.0,H3546
Novotel Paris Tour Eiffel,2025,11,F_B,FOOD SUCREE,18,8.0,24.8,6.0,0.0,H3546
Novotel Paris Tour Eiffel,2025,11,F_B,FOOD SUCREE,19,42.0,131.7,23.0,0.0,H3546
Novotel Paris Tour Eiffel,2025,11,F_B,FOOD SUCREE,20,42.0,148.0,18.0,0.0,H3546
Novotel Paris Tour Eiffel,2025,11,F_B,FOOD SUCREE,21,59.0,209.5,31.0,0.0,H3546
Novotel Paris Tour Eiffel,2025,11,F_B,FOOD SUCREE,22,75.0,233.9,40.0,0.0,H3546
Novotel Paris Tour Eiffel,2025,11,F_B,FOOD SUCREE,23,67.0,251.29999999999998,37.0,0.0,H3546
Novotel Paris Tour Eiffel,2025,11,F_B,SANS ALCOOL,0,101.0,371.6,62.0,0.0,H3546
Novotel Paris Tour Eiffel,2025,11,F_B,SANS ALCOOL,1,62.0,233.5,37.0,0.0,H3546
Novotel Paris Tour Eiffel,2025,11,F_B,SANS ALCOOL,2,18.0,62.0,14.0,0.0,H3546
Novotel Paris Tour Eiffel,2025,11,F_B,SANS ALCOOL,3,15.0,52.2,7.0,0.0,H3546
Novotel Paris Tour Eiffel,2025,11,F_B,SANS ALCOOL,4,13.0,44.0,8.0,0.0,H3546
Novotel Paris Tour Eiffel,2025,11,F_B,SANS ALCOOL,5,14.0,54.7,5.0,0.0,H3546
Novotel Paris Tour Eiffel,2025,11,F_B,SANS ALCOOL,6,12.0,47.4,7.0,0.0,H3546
Novotel Paris Tour Eiffel,2025,11,F_B,SANS ALCOOL,7,18.0,66.4,14.0,0.0,H3546
Novotel Paris Tour Eiffel,2025,11,F_B,SANS ALCOOL,8,29.0,106.4,23.0,0.0,H3546
Novotel Paris Tour Eiffel,2025,11,F_B,SANS ALCOOL,9,23.0,82.0,14.0,0.0,H3546
Novotel Paris Tour Eiffel,2025,11,F_B,SANS ALCOOL,10,31.0,112.2,24.0,0.0,H3546
Novotel Paris Tour Eiffel,2025,11,F_B,SANS ALCOOL,11,25.0,99.4,20.0,0.0,H3546
Novotel Paris Tour Eiffel,2025,11,F_B,SANS ALCOOL,12,15.0,54.4,11.0,0.0,H3546
Novotel Paris Tour Eiffel,2025,11,F_B,SANS ALCOOL,13,29.0,99.6,16.0,0.0,H3546
Novotel Paris Tour Eiffel,2025,11,F_B,SANS ALCOOL,14,12.0,41.3,11.0,0.0,H3546
Novotel Paris Tour Eiffel,2025,11,F_B,SANS ALCOOL,15,34.0,123.2,23.0,0.0,H3546
Novotel Paris Tour Eiffel,2025,11,F_B,SANS ALCOOL,16,38.0,124.8,27.0,0.0,H3546
Novotel Paris Tour Eiffel,2025,11,F_B,SANS ALCOOL,17,57.0,202.0,31.0,0.0,H3546
Novotel Paris Tour Eiffel,2025,11,F_B,SANS ALCOOL,18,78.0,286.7,41.0,0.0,H3546
Novotel Paris Tour Eiffel,2025,11,F_B,SANS ALCOOL,19,87.0,306.7,45.0,0.0,H3546
Novotel Paris Tour Eiffel,2025,11,F_B,SANS ALCOOL,20,99.0,353.2,60.0,0.0,H3546
Novotel Paris Tour Eiffel,2025,11,F_B,SANS ALCOOL,21,157.0,565.0,90.0,0.0,H3546
Novotel Paris Tour Eiffel,2025,11,F_B,SANS ALCOOL,22,178.0,656.5,103.0,0.0,H3546
Novotel Paris Tour Eiffel,2025,11,F_B,SANS ALCOOL,23,171.0,646.8000000000001,103.0,0.0,H3546
Novotel Paris Tour Eiffel,2025,11,NAN,nan,22,1.0,8.0,1.0,0.0,H3546
Novotel Paris Tour Eiffel,2025,11,NAN,nan,23,1.0,8.0,1.0,0.0,H3546
Novotel Paris Tour Eiffel,2025,11,N_F_B,COSMETIQUE,7,1.0,8.0,1.0,0.0,H3546
Novotel Paris Tour Eiffel,2025,11,N_F_B,COSMETIQUE,10,1.0,8.0,1.0,0.0,H3546
Novotel Paris Tour Eiffel,2025,11,N_F_B,SOS,0,23.0,152.0,17.0,0.0,H3546
Novotel Paris Tour Eiffel,2025,11,N_F_B,SOS,1,18.0,108.0,9.0,0.0,H3546
Novotel Paris Tour Eiffel,2025,11,N_F_B,SOS,2,2.0,28.0,2.0,0.0,H3546
Novotel Paris Tour Eiffel,2025,11,N_F_B,SOS,3,5.0,44.0,4.0,0.0,H3546
Novotel Paris Tour Eiffel,2025,11,N_F_B,SOS,5,3.0,22.0,3.0,0.0,H3546
Novotel Paris Tour Eiffel,2025,11,N_F_B,SOS,6,7.0,56.0,7.0,0.0,H3546
Novotel Paris Tour Eiffel,2025,11,N_F_B,SOS,7,9.0,64.0,7.0,0.0,H3546
Novotel Paris Tour Eiffel,2025,11,N_F_B,SOS,8,17.0,127.0,17.0,0.0,H3546
Novotel Paris Tour Eiffel,2025,11,N_F_B,SOS,9,11.0,84.0,10.0,0.0,H3546
Novotel Paris Tour Eiffel,2025,11,N_F_B,SOS,10,10.0,74.0,9.0,0.0,H3546
Novotel Paris Tour Eiffel,2025,11,N_F_B,SOS,11,7.0,53.0,7.0,0.0,H3546
Novotel Paris Tour Eiffel,2025,11,N_F_B,SOS,12,11.0,85.0,7.0,0.0,H3546
Novotel Paris Tour Eiffel,2025,11,N_F_B,SOS,13,9.0,112.0,8.0,0.0,H3546
Novotel Paris Tour Eiffel,2025,11,N_F_B,SOS,14,3.0,42.0,3.0,0.0,H3546
Novotel Paris Tour Eiffel,2025,11,N_F_B,SOS,15,11.0,120.0,8.0,0.0,H3546
Novotel Paris Tour Eiffel,2025,11,N_F_B,SOS,16,14.0,118.0,12.0,0.0,H3546
Novotel Paris Tour Eiffel,2025,11,N_F_B,SOS,17,16.0,174.0,14.0,0.0,H3546
Novotel Paris Tour Eiffel,2025,11,N_F_B,SOS,18,11.0,110.0,10.0,0.0,H3546
Novotel Paris Tour Eiffel,2025,11,N_F_B,SOS,19,18.0,142.0,15.0,0.0,H3546
Novotel Paris Tour Eiffel,2025,11,N_F_B,SOS,20,22.0,163.0,18.0,0.0,H3546
Novotel Paris Tour Eiffel,2025,11,N_F_B,SOS,21,29.0,162.0,17.0,0.0,H3546
Novotel Paris Tour Eiffel,2025,11,N_F_B,SOS,22,26.0,220.0,22.0,0.0,H3546
Novotel Paris Tour Eiffel,2025,11,N_F_B,SOS,23,26.0,180.0,23.0,0.0,H3546
Novotel Paris Tour Eiffel,2025,12,F_B,FOOD SALEE,0,55.0,333.0,28.0,0.0,H3546
Novotel Paris Tour Eiffel,2025,12,F_B,FOOD SALEE,1,54.0,467.1,30.0,0.0,H3546
Novotel Paris Tour Eiffel,2025,12,F_B,FOOD SALEE,2,27.0,220.5,16.0,0.0,H3546
Novotel Paris Tour Eiffel,2025,12,F_B,FOOD SALEE,3,12.0,80.8,10.0,0.0,H3546
Novotel Paris Tour Eiffel,2025,12,F_B,FOOD SALEE,4,12.0,86.5,6.0,0.0,H3546
Novotel Paris Tour Eiffel,2025,12,F_B,FOOD SALEE,5,6.0,36.8,5.0,0.0,H3546
Novotel Paris Tour Eiffel,2025,12,F_B,FOOD SALEE,6,7.0,50.0,3.0,0.0,H3546
Novotel Paris Tour Eiffel,2025,12,F_B,FOOD SALEE,7,5.0,28.9,4.0,0.0,H3546
Novotel Paris Tour Eiffel,2025,12,F_B,FOOD SALEE,8,2.0,16.0,2.0,0.0,H3546
Novotel Paris Tour Eiffel,2025,12,F_B,FOOD SALEE,9,6.0,40.3,5.0,0.0,H3546
Novotel Paris Tour Eiffel,2025,12,F_B,FOOD SALEE,10,6.0,35.5,4.0,0.0,H3546
Novotel Paris Tour Eiffel,2025,12,F_B,FOOD SALEE,11,4.0,39.5,2.0,0.0,H3546
Novotel Paris Tour Eiffel,2025,12,F_B,FOOD SALEE,12,9.0,78.0,7.0,0.0,H3546
Novotel Paris Tour Eiffel,2025,12,F_B,FOOD SALEE,13,12.0,92.5,7.0,0.0,H3546
Novotel Paris Tour Eiffel,2025,12,F_B,FOOD SALEE,14,12.0,79.8,9.0,0.0,H3546
Novotel Paris Tour Eiffel,2025,12,F_B,FOOD SALEE,15,15.0,103.8,12.0,0.0,H3546
Novotel Paris Tour Eiffel,2025,12,F_B,FOOD SALEE,16,21.0,135.2,15.0,0.0,H3546
Novotel Paris Tour Eiffel,2025,12,F_B,FOOD SALEE,17,14.0,78.8,11.0,0.0,H3546
Novotel Paris Tour Eiffel,2025,12,F_B,FOOD SALEE,18,30.0,208.1,18.0,0.0,H3546
Novotel Paris Tour Eiffel,2025,12,F_B,FOOD SALEE,19,32.0,221.7,19.0,0.0,H3546
Novotel Paris Tour Eiffel,2025,12,F_B,FOOD SALEE,20,72.0,441.0,52.0,0.0,H3546
Novotel Paris Tour Eiffel,2025,12,F_B,FOOD SALEE,21,64.0,426.7,44.0,0.0,H3546
Novotel Paris Tour Eiffel,2025,12,F_B,FOOD SALEE,22,74.0,483.9,56.0,0.0,H3546
Novotel Paris Tour Eiffel,2025,12,F_B,FOOD SALEE,23,81.0,596.1,48.0,0.0,H3546
Novotel Paris Tour Eiffel,2025,12,F_B,FOOD SUCREE,0,51.0,172.0,26.0,0.0,H3546
Novotel Paris Tour Eiffel,2025,12,F_B,FOOD SUCREE,1,23.0,94.7,12.0,0.0,H3546
Novotel Paris Tour Eiffel,2025,12,F_B,FOOD SUCREE,2,9.0,31.3,6.0,0.0,H3546
Novotel Paris Tour Eiffel,2025,12,F_B,FOOD SUCREE,3,12.0,37.9,6.0,0.0,H3546
Novotel Paris Tour Eiffel,2025,12,F_B,FOOD SUCREE,4,7.0,23.9,2.0,0.0,H3546
Novotel Paris Tour Eiffel,2025,12,F_B,FOOD SUCREE,5,3.0,8.7,2.0,0.0,H3546
Novotel Paris Tour Eiffel,2025,12,F_B,FOOD SUCREE,6,2.0,5.8,2.0,0.0,H3546
Novotel Paris Tour Eiffel,2025,12,F_B,FOOD SUCREE,7,5.0,16.3,3.0,0.0,H3546
Novotel Paris Tour Eiffel,2025,12,F_B,FOOD SUCREE,8,8.0,26.8,4.0,0.0,H3546
Novotel Paris Tour Eiffel,2025,12,F_B,FOOD SUCREE,9,8.0,23.2,4.0,0.0,H3546
Novotel Paris Tour Eiffel,2025,12,F_B,FOOD SUCREE,10,1.0,2.2,1.0,0.0,H3546
Novotel Paris Tour Eiffel,2025,12,F_B,FOOD SUCREE,11,1.0,4.5,1.0,0.0,H3546
Novotel Paris Tour Eiffel,2025,12,F_B,FOOD SUCREE,12,9.0,35.1,6.0,0.0,H3546
Novotel Paris Tour Eiffel,2025,12,F_B,FOOD SUCREE,13,5.0,14.5,4.0,0.0,H3546
Novotel Paris Tour Eiffel,2025,12,F_B,FOOD SUCREE,14,9.0,28.6,4.0,0.0,H3546
Novotel Paris Tour Eiffel,2025,12,F_B,FOOD SUCREE,15,14.0,74.3,9.0,0.0,H3546
Novotel Paris Tour Eiffel,2025,12,F_B,FOOD SUCREE,16,38.0,112.7,20.0,0.0,H3546
Novotel Paris Tour Eiffel,2025,12,F_B,FOOD SUCREE,17,11.0,34.6,6.0,0.0,H3546
Novotel Paris Tour Eiffel,2025,12,F_B,FOOD SUCREE,18,21.0,64.0,11.0,0.0,H3546
Novotel Paris Tour Eiffel,2025,12,F_B,FOOD SUCREE,19,19.0,77.1,13.0,0.0,H3546
Novotel Paris Tour Eiffel,2025,12,F_B,FOOD SUCREE,20,80.0,294.0,40.0,0.0,H3546
Novotel Paris Tour Eiffel,2025,12,F_B,FOOD SUCREE,21,64.0,250.6,35.0,0.0,H3546
Novotel Paris Tour Eiffel,2025,12,F_B,FOOD SUCREE,22,93.0,323.5,53.0,0.0,H3546
Novotel Paris Tour Eiffel,2025,12,F_B,FOOD SUCREE,23,76.0,236.79999999999998,39.0,0.0,H3546
Novotel Paris Tour Eiffel,2025,12,F_B,SANS ALCOOL,0,149.0,557.7,77.0,0.0,H3546
Novotel Paris Tour Eiffel,2025,12,F_B,SANS ALCOOL,1,58.0,208.4,39.0,0.0,H3546
Novotel Paris Tour Eiffel,2025,12,F_B,SANS ALCOOL,2,30.0,111.5,19.0,0.0,H3546
Novotel Paris Tour Eiffel,2025,12,F_B,SANS ALCOOL,3,22.0,81.7,11.0,0.0,H3546
Novotel Paris Tour Eiffel,2025,12,F_B,SANS ALCOOL,4,6.0,23.9,6.0,0.0,H3546
Novotel Paris Tour Eiffel,2025,12,F_B,SANS ALCOOL,5,18.0,67.4,11.0,0.0,H3546
Novotel Paris Tour Eiffel,2025,12,F_B,SANS ALCOOL,6,13.0,49.4,12.0,0.0,H3546
Novotel Paris Tour Eiffel,2025,12,F_B,SANS ALCOOL,7,24.0,93.10000000000001,17.0,0.0,H3546
Novotel Paris Tour Eiffel,2025,12,F_B,SANS ALCOOL,8,39.0,145.6,30.0,0.0,H3546
Novotel Paris Tour Eiffel,2025,12,F_B,SANS ALCOOL,9,39.0,147.5,27.0,0.0,H3546
Novotel Paris Tour Eiffel,2025,12,F_B,SANS ALCOOL,10,34.0,127.5,24.0,0.0,H3546
Novotel Paris Tour Eiffel,2025,12,F_B,SANS ALCOOL,11,25.0,88.1,17.0,0.0,H3546
Novotel Paris Tour Eiffel,2025,12,F_B,SANS ALCOOL,12,25.0,90.5,19.0,0.0,H3546
Novotel Paris Tour Eiffel,2025,12,F_B,SANS ALCOOL,13,26.0,90.4,15.0,0.0,H3546
Novotel Paris Tour Eiffel,2025,12,F_B,SANS ALCOOL,14,32.0,109.8,19.0,0.0,H3546
Novotel Paris Tour Eiffel,2025,12,F_B,SANS ALCOOL,15,43.0,153.8,26.0,0.0,H3546
Novotel Paris Tour Eiffel,2025,12,F_B,SANS ALCOOL,16,65.0,235.20000000000002,42.0,0.0,H3546
Novotel Paris Tour Eiffel,2025,12,F_B,SANS ALCOOL,17,47.0,162.3,31.0,0.0,H3546
Novotel Paris Tour Eiffel,2025,12,F_B,SANS ALCOOL,18,85.0,303.2,42.0,0.0,H3546
Novotel Paris Tour Eiffel,2025,12,F_B,SANS ALCOOL,19,104.0,345.7,59.0,0.0,H3546
Novotel Paris Tour Eiffel,2025,12,F_B,SANS ALCOOL,20,165.0,591.3,90.0,0.0,H3546
Novotel Paris Tour Eiffel,2025,12,F_B,SANS ALCOOL,21,166.0,594.0,104.0,0.0,H3546
Novotel Paris Tour Eiffel,2025,12,F_B,SANS ALCOOL,22,213.0,774.0,135.0,0.0,H3546
Novotel Paris Tour Eiffel,2025,12,F_B,SANS ALCOOL,23,252.0,909.2,142.0,0.0,H3546
Novotel Paris Tour Eiffel,2025,12,NAN,nan,0,1.0,8.0,1.0,0.0,H3546
Novotel Paris Tour Eiffel,2025,12,NAN,nan,1,3.0,24.0,2.0,0.0,H3546
Novotel Paris Tour Eiffel,2025,12,NAN,nan,4,1.0,8.0,1.0,0.0,H3546
Novotel Paris Tour Eiffel,2025,12,NAN,nan,17,1.0,8.0,1.0,0.0,H3546
Novotel Paris Tour Eiffel,2025,12,NAN,nan,20,2.0,16.0,2.0,0.0,H3546
Novotel Paris Tour Eiffel,2025,12,NAN,nan,22,2.0,16.0,2.0,0.0,H3546
Novotel Paris Tour Eiffel,2025,12,NAN,nan,23,2.0,16.0,2.0,0.0,H3546
Novotel Paris Tour Eiffel,2025,12,N_F_B,COSMETIQUE,0,1.0,8.0,1.0,0.0,H3546
Novotel Paris Tour Eiffel,2025,12,N_F_B,COSMETIQUE,9,1.0,8.0,1.0,0.0,H3546
Novotel Paris Tour Eiffel,2025,12,N_F_B,COSMETIQUE,10,1.0,8.0,1.0,0.0,H3546
Novotel Paris Tour Eiffel,2025,12,N_F_B,COSMETIQUE,20,4.0,32.0,2.0,0.0,H3546
Novotel Paris Tour Eiffel,2025,12,N_F_B,COSMETIQUE,23,1.0,8.0,1.0,0.0,H3546
Novotel Paris Tour Eiffel,2025,12,N_F_B,SOS,0,8.0,82.0,8.0,0.0,H3546
Novotel Paris Tour Eiffel,2025,12,N_F_B,SOS,1,3.0,32.0,3.0,0.0,H3546
Novotel Paris Tour Eiffel,2025,12,N_F_B,SOS,2,1.0,6.0,1.0,0.0,H3546
Novotel Paris Tour Eiffel,2025,12,N_F_B,SOS,3,2.0,10.0,1.0,0.0,H3546
Novotel Paris Tour Eiffel,2025,12,N_F_B,SOS,4,1.0,4.0,1.0,0.0,H3546
Novotel Paris Tour Eiffel,2025,12,N_F_B,SOS,6,7.0,40.0,3.0,0.0,H3546
Novotel Paris Tour Eiffel,2025,12,N_F_B,SOS,7,16.0,93.0,11.0,0.0,H3546
Novotel Paris Tour Eiffel,2025,12,N_F_B,SOS,8,12.0,85.0,9.0,0.0,H3546
Novotel Paris Tour Eiffel,2025,12,N_F_B,SOS,9,10.0,75.0,10.0,0.0,H3546
Novotel Paris Tour Eiffel,2025,12,N_F_B,SOS,10,21.0,96.0,8.0,0.0,H3546
Novotel Paris Tour Eiffel,2025,12,N_F_B,SOS,11,9.0,86.0,9.0,0.0,H3546
Novotel Paris Tour Eiffel,2025,12,N_F_B,SOS,12,4.0,38.0,4.0,0.0,H3546
Novotel Paris Tour Eiffel,2025,12,N_F_B,SOS,13,6.0,48.0,5.0,0.0,H3546
Novotel Paris Tour Eiffel,2025,12,N_F_B,SOS,14,6.0,54.0,5.0,0.0,H3546
Novotel Paris Tour Eiffel,2025,12,N_F_B,SOS,15,6.0,46.0,6.0,0.0,H3546
Novotel Paris Tour Eiffel,2025,12,N_F_B,SOS,16,7.0,50.0,5.0,0.0,H3546
Novotel Paris Tour Eiffel,2025,12,N_F_B,SOS,17,11.0,84.0,9.0,0.0,H3546
Novotel Paris Tour Eiffel,2025,12,N_F_B,SOS,18,17.0,178.0,12.0,0.0,H3546
Novotel Paris Tour Eiffel,2025,12,N_F_B,SOS,19,15.0,78.0,10.0,0.0,H3546
Novotel Paris Tour Eiffel,2025,12,N_F_B,SOS,20,15.0,90.0,13.0,0.0,H3546
Novotel Paris Tour Eiffel,2025,12,N_F_B,SOS,21,21.0,200.0,18.0,0.0,H3546
Novotel Paris Tour Eiffel,2025,12,N_F_B,SOS,22,28.0,183.0,22.0,0.0,H3546
Novotel Paris Tour Eiffel,2025,12,N_F_B,SOS,23,24.0,181.0,20.0,0.0,H3546
Novotel Porte d’Italie,2024,9,F_B,FOOD SALEE,2,3.0,7.6,3.0,0.0,
Novotel Porte d’Italie,2024,9,F_B,FOOD SALEE,6,1.0,2.6,1.0,0.0,
Novotel Porte d’Italie,2024,9,F_B,FOOD SALEE,18,1.0,2.3,1.0,0.0,
Novotel Porte d’Italie,2024,9,F_B,FOOD SUCREE,2,4.0,10.5,2.0,0.0,
Novotel Porte d’Italie,2024,9,F_B,FOOD SUCREE,10,1.0,2.9,1.0,0.0,
Novotel Porte d’Italie,2024,9,F_B,FOOD SUCREE,12,1.0,2.9,1.0,0.0,
Novotel Porte d’Italie,2024,9,F_B,FOOD SUCREE,13,2.0,6.0,1.0,0.0,
Novotel Porte d’Italie,2024,9,F_B,FOOD SUCREE,17,1.0,2.5,1.0,0.0,
Novotel Porte d’Italie,2024,9,F_B,FOOD SUCREE,20,2.0,5.5,2.0,0.0,
Novotel Porte d’Italie,2024,9,F_B,FOOD SUCREE,21,5.0,13.0,3.0,0.0,
Novotel Porte d’Italie,2024,9,F_B,FOOD SUCREE,22,1.0,3.0,1.0,0.0,
Novotel Porte d’Italie,2024,9,F_B,SANS ALCOOL,0,2.0,10.0,1.0,0.0,
Novotel Porte d’Italie,2024,9,F_B,SANS ALCOOL,8,1.0,5.0,1.0,0.0,
Novotel Porte d’Italie,2024,9,F_B,SANS ALCOOL,9,1.0,5.0,1.0,0.0,
Novotel Porte d’Italie,2024,9,F_B,SANS ALCOOL,10,2.0,11.0,2.0,0.0,
Novotel Porte d’Italie,2024,9,F_B,SANS ALCOOL,16,2.0,10.0,1.0,0.0,
Novotel Porte d’Italie,2024,9,F_B,SANS ALCOOL,18,1.0,5.0,1.0,0.0,
Novotel Porte d’Italie,2024,9,F_B,SANS ALCOOL,20,3.0,15.5,3.0,0.0,
Novotel Porte d’Italie,2024,9,F_B,SANS ALCOOL,21,3.0,15.5,2.0,0.0,
Novotel Porte d’Italie,2024,9,F_B,SANS ALCOOL,22,3.0,15.0,3.0,0.0,
Novotel Porte d’Italie,2024,10,F_B,FOOD SALEE,0,6.0,14.8,5.0,0.0,
Novotel Porte d’Italie,2024,10,F_B,FOOD SALEE,1,1.0,2.6,1.0,0.0,
Novotel Porte d’Italie,2024,10,F_B,FOOD SALEE,2,6.0,22.4,6.0,0.0,
Novotel Porte d’Italie,2024,10,F_B,FOOD SALEE,3,1.0,2.6,1.0,0.0,
Novotel Porte d’Italie,2024,10,F_B,FOOD SALEE,4,1.0,2.6,1.0,0.0,
Novotel Porte d’Italie,2024,10,F_B,FOOD SALEE,6,2.0,4.699999999999999,1.0,0.0,
Novotel Porte d’Italie,2024,10,F_B,FOOD SALEE,10,1.0,2.3,1.0,0.0,
Novotel Porte d’Italie,2024,10,F_B,FOOD SALEE,11,6.0,17.4,4.0,0.0,
Novotel Porte d’Italie,2024,10,F_B,FOOD SALEE,12,3.0,7.800000000000001,2.0,0.0,
Novotel Porte d’Italie,2024,10,F_B,FOOD SALEE,13,1.0,2.6,1.0,0.0,
Novotel Porte d’Italie,2024,10,F_B,FOOD SALEE,14,4.0,9.9,2.0,0.0,
Novotel Porte d’Italie,2024,10,F_B,FOOD SALEE,15,2.0,4.699999999999999,2.0,0.0,
Novotel Porte d’Italie,2024,10,F_B,FOOD SALEE,16,3.0,13.6,3.0,0.0,
Novotel Porte d’Italie,2024,10,F_B,FOOD SALEE,17,4.0,10.2,3.0,0.0,
Novotel Porte d’Italie,2024,10,F_B,FOOD SALEE,18,4.0,9.299999999999999,3.0,0.0,
Novotel Porte d’Italie,2024,10,F_B,FOOD SALEE,19,4.0,9.6,3.0,0.0,
Novotel Porte d’Italie,2024,10,F_B,FOOD SALEE,20,4.0,9.9,4.0,0.0,
Novotel Porte d’Italie,2024,10,F_B,FOOD SALEE,21,3.0,10.7,3.0,0.0,
Novotel Porte d’Italie,2024,10,F_B,FOOD SALEE,22,3.0,7.3,1.0,0.0,
Novotel Porte d’Italie,2024,10,F_B,FOOD SALEE,23,1.0,2.4,1.0,0.0,
Novotel Porte d’Italie,2024,10,F_B,FOOD SUCREE,0,12.0,32.5,7.0,0.0,
Novotel Porte d’Italie,2024,10,F_B,FOOD SUCREE,2,9.0,25.3,7.0,0.0,
Novotel Porte d’Italie,2024,10,F_B,FOOD SUCREE,4,2.0,6.199999999999999,1.0,0.0,
Novotel Porte d’Italie,2024,10,F_B,FOOD SUCREE,6,1.0,3.3,1.0,0.0,
Novotel Porte d’Italie,2024,10,F_B,FOOD SUCREE,10,1.0,2.5,1.0,0.0,
Novotel Porte d’Italie,2024,10,F_B,FOOD SUCREE,11,4.0,11.2,3.0,0.0,
Novotel Porte d’Italie,2024,10,F_B,FOOD SUCREE,12,2.0,5.8,1.0,0.0,
Novotel Porte d’Italie,2024,10,F_B,FOOD SUCREE,13,6.0,16.2,4.0,0.0,
Novotel Porte d’Italie,2024,10,F_B,FOOD SUCREE,14,2.0,6.0,2.0,0.0,
Novotel Porte d’Italie,2024,10,F_B,FOOD SUCREE,15,6.0,17.1,5.0,0.0,
Novotel Porte d’Italie,2024,10,F_B,FOOD SUCREE,16,13.0,35.7,10.0,0.0,
Novotel Porte d’Italie,2024,10,F_B,FOOD SUCREE,17,9.0,25.7,9.0,0.0,
Novotel Porte d’Italie,2024,10,F_B,FOOD SUCREE,18,5.0,13.4,4.0,0.0,
Novotel Porte d’Italie,2024,10,F_B,FOOD SUCREE,19,1.0,3.0,1.0,0.0,
Novotel Porte d’Italie,2024,10,F_B,FOOD SUCREE,20,10.0,31.6,7.0,0.0,
Novotel Porte d’Italie,2024,10,F_B,FOOD SUCREE,21,14.0,40.6,9.0,0.0,
Novotel Porte d’Italie,2024,10,F_B,FOOD SUCREE,22,4.0,11.4,4.0,0.0,
Novotel Porte d’Italie,2024,10,F_B,FOOD SUCREE,23,11.0,31.099999999999998,8.0,0.0,
Novotel Porte d’Italie,2024,10,F_B,SANS ALCOOL,0,6.0,30.5,5.0,0.0,
Novotel Porte d’Italie,2024,10,F_B,SANS ALCOOL,1,1.0,5.0,1.0,0.0,
Novotel Porte d’Italie,2024,10,F_B,SANS ALCOOL,3,2.0,10.0,1.0,0.0,
Novotel Porte d’Italie,2024,10,F_B,SANS ALCOOL,4,3.0,15.0,2.0,0.0,
Novotel Porte d’Italie,2024,10,F_B,SANS ALCOOL,6,2.0,10.0,1.0,0.0,
Novotel Porte d’Italie,2024,10,F_B,SANS ALCOOL,7,1.0,5.0,1.0,0.0,
Novotel Porte d’Italie,2024,10,F_B,SANS ALCOOL,8,1.0,5.0,1.0,0.0,
Novotel Porte d’Italie,2024,10,F_B,SANS ALCOOL,11,4.0,20.0,2.0,0.0,
Novotel Porte d’Italie,2024,10,F_B,SANS ALCOOL,14,2.0,10.0,2.0,0.0,
Novotel Porte d’Italie,2024,10,F_B,SANS ALCOOL,15,1.0,5.5,1.0,0.0,
Novotel Porte d’Italie,2024,10,F_B,SANS ALCOOL,16,5.0,25.5,4.0,0.0,
Novotel Porte d’Italie,2024,10,F_B,SANS ALCOOL,17,3.0,15.0,1.0,0.0,
Novotel Porte d’Italie,2024,10,F_B,SANS ALCOOL,19,6.0,30.0,4.0,0.0,
Novotel Porte d’Italie,2024,10,F_B,SANS ALCOOL,20,4.0,20.5,3.0,0.0,
Novotel Porte d’Italie,2024,10,F_B,SANS ALCOOL,21,3.0,15.5,3.0,0.0,
Novotel Porte d’Italie,2024,10,F_B,SANS ALCOOL,22,9.0,45.0,5.0,0.0,
Novotel Porte d’Italie,2024,10,F_B,SANS ALCOOL,23,6.0,32.0,6.0,0.0,
Novotel Porte d’Italie,2024,10,NAN,nan,0,1.0,11.5,1.0,0.0,
Novotel Porte d’Italie,2024,10,NAN,nan,3,1.0,5.5,1.0,0.0,
Novotel Porte d’Italie,2024,10,NAN,nan,4,2.0,11.0,1.0,0.0,
Novotel Porte d’Italie,2024,10,NAN,nan,11,2.0,11.0,1.0,0.0,
Novotel Porte d’Italie,2024,10,NAN,nan,13,1.0,7.3,1.0,0.0,
Novotel Porte d’Italie,2024,10,NAN,nan,17,2.0,11.0,1.0,0.0,
Novotel Porte d’Italie,2024,10,NAN,nan,20,2.0,13.3,2.0,0.0,
Novotel Porte d’Italie,2024,10,NAN,nan,22,1.0,5.5,1.0,0.0,
Novotel Porte d’Italie,2024,10,NAN,nan,23,1.0,7.3,1.0,0.0,
Novotel Porte d’Italie,2024,11,F_B,FOOD SALEE,0,8.0,24.5,5.0,0.0,
Novotel Porte d’Italie,2024,11,F_B,FOOD SALEE,2,2.0,4.9,2.0,0.0,
Novotel Porte d’Italie,2024,11,F_B,FOOD SALEE,3,1.0,2.6,1.0,0.0,
Novotel Porte d’Italie,2024,11,F_B,FOOD SALEE,6,1.0,2.6,1.0,0.0,
Novotel Porte d’Italie,2024,11,F_B,FOOD SALEE,10,1.0,2.6,1.0,0.0,
Novotel Porte d’Italie,2024,11,F_B,FOOD SALEE,14,1.0,2.6,1.0,0.0,
Novotel Porte d’Italie,2024,11,F_B,FOOD SALEE,16,4.0,10.1,3.0,0.0,
Novotel Porte d’Italie,2024,11,F_B,FOOD SALEE,17,4.0,16.2,4.0,0.0,
Novotel Porte d’Italie,2024,11,F_B,FOOD SALEE,18,2.0,8.1,2.0,0.0,
Novotel Porte d’Italie,2024,11,F_B,FOOD SALEE,19,4.0,10.0,2.0,0.0,
Novotel Porte d’Italie,2024,11,F_B,FOOD SALEE,20,3.0,7.3,1.0,0.0,
Novotel Porte d’Italie,2024,11,F_B,FOOD SALEE,22,7.0,17.8,4.0,0.0,
Novotel Porte d’Italie,2024,11,F_B,FOOD SALEE,23,10.0,25.3,7.0,0.0,
Novotel Porte d’Italie,2024,11,F_B,FOOD SUCREE,0,10.0,29.4,7.0,0.0,
Novotel Porte d’Italie,2024,11,F_B,FOOD SUCREE,2,3.0,8.4,3.0,0.0,
Novotel Porte d’Italie,2024,11,F_B,FOOD SUCREE,3,1.0,2.9,1.0,0.0,
Novotel Porte d’Italie,2024,11,F_B,FOOD SUCREE,6,2.0,5.8,1.0,0.0,
Novotel Porte d’Italie,2024,11,F_B,FOOD SUCREE,9,1.0,2.5,1.0,0.0,
Novotel Porte d’Italie,2024,11,F_B,FOOD SUCREE,11,4.0,11.6,4.0,0.0,
Novotel Porte d’Italie,2024,11,F_B,FOOD SUCREE,12,4.0,10.8,2.0,0.0,
Novotel Porte d’Italie,2024,11,F_B,FOOD SUCREE,13,1.0,3.0,1.0,0.0,
Novotel Porte d’Italie,2024,11,F_B,FOOD SUCREE,15,4.0,10.8,3.0,0.0,
Novotel Porte d’Italie,2024,11,F_B,FOOD SUCREE,16,5.0,14.3,5.0,0.0,
Novotel Porte d’Italie,2024,11,F_B,FOOD SUCREE,17,6.0,16.43,3.0,0.0,
Novotel Porte d’Italie,2024,11,F_B,FOOD SUCREE,18,3.0,7.5,3.0,0.0,
Novotel Porte d’Italie,2024,11,F_B,FOOD SUCREE,19,2.0,5.4,1.0,0.0,
Novotel Porte d’Italie,2024,11,F_B,FOOD SUCREE,20,12.0,34.4,9.0,0.0,
Novotel Porte d’Italie,2024,11,F_B,FOOD SUCREE,21,3.0,9.0,3.0,0.0,
Novotel Porte d’Italie,2024,11,F_B,FOOD SUCREE,22,5.0,14.2,3.0,0.0,
Novotel Porte d’Italie,2024,11,F_B,FOOD SUCREE,23,8.0,23.43,6.0,0.0,
Novotel Porte d’Italie,2024,11,F_B,SANS ALCOOL,0,10.0,52.5,6.0,0.0,
Novotel Porte d’Italie,2024,11,F_B,SANS ALCOOL,2,1.0,5.5,1.0,0.0,
Novotel Porte d’Italie,2024,11,F_B,SANS ALCOOL,5,1.0,5.5,1.0,0.0,
Novotel Porte d’Italie,2024,11,F_B,SANS ALCOOL,6,1.0,5.0,1.0,0.0,
Novotel Porte d’Italie,2024,11,F_B,SANS ALCOOL,7,1.0,5.0,1.0,0.0,
Novotel Porte d’Italie,2024,11,F_B,SANS ALCOOL,8,1.0,5.0,1.0,0.0,
Novotel Porte d’Italie,2024,11,F_B,SANS ALCOOL,9,2.0,10.0,1.0,0.0,
Novotel Porte d’Italie,2024,11,F_B,SANS ALCOOL,10,1.0,5.0,1.0,0.0,
Novotel Porte d’Italie,2024,11,F_B,SANS ALCOOL,12,1.0,5.0,1.0,0.0,
Novotel Porte d’Italie,2024,11,F_B,SANS ALCOOL,13,1.0,5.0,1.0,0.0,
Novotel Porte d’Italie,2024,11,F_B,SANS ALCOOL,14,1.0,5.0,1.0,0.0,
Novotel Porte d’Italie,2024,11,F_B,SANS ALCOOL,15,4.0,20.0,2.0,0.0,
Novotel Porte d’Italie,2024,11,F_B,SANS ALCOOL,16,1.0,5.0,1.0,0.0,
Novotel Porte d’Italie,2024,11,F_B,SANS ALCOOL,17,1.0,5.0,1.0,0.0,
Novotel Porte d’Italie,2024,11,F_B,SANS ALCOOL,18,2.0,10.0,2.0,0.0,
Novotel Porte d’Italie,2024,11,F_B,SANS ALCOOL,19,5.0,25.0,5.0,0.0,
Novotel Porte d’Italie,2024,11,F_B,SANS ALCOOL,20,4.0,20.5,4.0,0.0,
Novotel Porte d’Italie,2024,11,F_B,SANS ALCOOL,21,6.0,30.5,5.0,0.0,
Novotel Porte d’Italie,2024,11,F_B,SANS ALCOOL,22,3.0,16.0,3.0,0.0,
Novotel Porte d’Italie,2024,11,F_B,SANS ALCOOL,23,14.0,72.0,11.0,0.0,
Novotel Porte d’Italie,2024,11,NAN,nan,18,3.0,16.5,2.0,0.0,
Novotel Porte d’Italie,2024,11,NAN,nan,22,2.0,11.0,1.0,0.0,
Novotel Porte d’Italie,2024,11,NAN,nan,23,2.0,15.5,2.0,0.0,
Novotel Porte d’Italie,2024,11,N_F_B,SOS,20,1.0,0.7,1.0,0.0,
Novotel Porte d’Italie,2024,12,F_B,FOOD SALEE,0,3.0,8.4,3.0,0.0,
Novotel Porte d’Italie,2024,12,F_B,FOOD SALEE,1,3.0,12.8,3.0,0.0,
Novotel Porte d’Italie,2024,12,F_B,FOOD SALEE,2,1.0,2.6,1.0,0.0,
Novotel Porte d’Italie,2024,12,F_B,FOOD SALEE,3,1.0,5.0,1.0,0.0,
Novotel Porte d’Italie,2024,12,F_B,FOOD SALEE,6,1.0,7.0,1.0,0.0,
Novotel Porte d’Italie,2024,12,F_B,FOOD SALEE,10,3.0,9.7,2.0,0.0,
Novotel Porte d’Italie,2024,12,F_B,FOOD SALEE,11,4.0,14.4,3.0,0.0,
Novotel Porte d’Italie,2024,12,F_B,FOOD SALEE,12,3.0,11.9,2.0,0.0,
Novotel Porte d’Italie,2024,12,F_B,FOOD SALEE,13,1.0,4.8,1.0,0.0,
Novotel Porte d’Italie,2024,12,F_B,FOOD SALEE,14,1.0,2.6,1.0,0.0,
Novotel Porte d’Italie,2024,12,F_B,FOOD SALEE,16,2.0,5.2,1.0,0.0,
Novotel Porte d’Italie,2024,12,F_B,FOOD SALEE,17,3.0,8.0,2.0,0.0,
Novotel Porte d’Italie,2024,12,F_B,FOOD SALEE,18,3.0,7.5,2.0,0.0,
Novotel Porte d’Italie,2024,12,F_B,FOOD SALEE,19,5.0,16.3,5.0,0.0,
Novotel Porte d’Italie,2024,12,F_B,FOOD SALEE,20,3.0,10.5,2.0,0.0,
Novotel Porte d’Italie,2024,12,F_B,FOOD SALEE,21,1.0,4.5,1.0,0.0,
Novotel Porte d’Italie,2024,12,F_B,FOOD SALEE,22,13.0,51.0,10.0,0.0,
Novotel Porte d’Italie,2024,12,F_B,FOOD SALEE,23,10.0,29.7,7.0,0.0,
Novotel Porte d’Italie,2024,12,F_B,FOOD SUCREE,0,7.0,20.2,6.0,0.0,
Novotel Porte d’Italie,2024,12,F_B,FOOD SUCREE,1,3.0,8.2,3.0,0.0,
Novotel Porte d’Italie,2024,12,F_B,FOOD SUCREE,2,3.0,8.2,3.0,0.0,
Novotel Porte d’Italie,2024,12,F_B,FOOD SUCREE,11,3.0,9.0,2.0,0.0,
Novotel Porte d’Italie,2024,12,F_B,FOOD SUCREE,12,1.0,2.9,1.0,0.0,
Novotel Porte d’Italie,2024,12,F_B,FOOD SUCREE,13,1.0,3.0,1.0,0.0,
Novotel Porte d’Italie,2024,12,F_B,FOOD SUCREE,14,3.0,8.6,2.0,0.0,
Novotel Porte d’Italie,2024,12,F_B,FOOD SUCREE,15,2.0,5.8,2.0,0.0,
Novotel Porte d’Italie,2024,12,F_B,FOOD SUCREE,16,5.0,14.5,4.0,0.0,
Novotel Porte d’Italie,2024,12,F_B,FOOD SUCREE,17,3.0,8.0,2.0,0.0,
Novotel Porte d’Italie,2024,12,F_B,FOOD SUCREE,18,4.0,11.2,4.0,0.0,
Novotel Porte d’Italie,2024,12,F_B,FOOD SUCREE,19,9.0,25.4,7.0,0.0,
Novotel Porte d’Italie,2024,12,F_B,FOOD SUCREE,20,8.0,22.599999999999998,6.0,0.0,
Novotel Porte d’Italie,2024,12,F_B,FOOD SUCREE,21,5.0,14.1,5.0,0.0,
Novotel Porte d’Italie,2024,12,F_B,FOOD SUCREE,22,13.0,38.1,11.0,0.0,
Novotel Porte d’Italie,2024,12,F_B,FOOD SUCREE,23,13.0,36.2,10.0,0.0,
Novotel Porte d’Italie,2024,12,F_B,SANS ALCOOL,0,6.0,31.0,5.0,0.0,
Novotel Porte d’Italie,2024,12,F_B,SANS ALCOOL,2,2.0,10.0,2.0,0.0,
Novotel Porte d’Italie,2024,12,F_B,SANS ALCOOL,3,1.0,5.0,1.0,0.0,
Novotel Porte d’Italie,2024,12,F_B,SANS ALCOOL,6,2.0,10.0,1.0,0.0,
Novotel Porte d’Italie,2024,12,F_B,SANS ALCOOL,7,2.0,11.0,2.0,0.0,
Novotel Porte d’Italie,2024,12,F_B,SANS ALCOOL,9,1.0,5.0,1.0,0.0,
Novotel Porte d’Italie,2024,12,F_B,SANS ALCOOL,10,2.0,10.0,2.0,0.0,
Novotel Porte d’Italie,2024,12,F_B,SANS ALCOOL,11,1.0,5.0,1.0,0.0,
Novotel Porte d’Italie,2024,12,F_B,SANS ALCOOL,12,2.0,10.5,2.0,0.0,
Novotel Porte d’Italie,2024,12,F_B,SANS ALCOOL,13,1.0,5.0,1.0,0.0,
Novotel Porte d’Italie,2024,12,F_B,SANS ALCOOL,14,4.0,20.5,3.0,0.0,
Novotel Porte d’Italie,2024,12,F_B,SANS ALCOOL,15,2.0,10.0,2.0,0.0,
Novotel Porte d’Italie,2024,12,F_B,SANS ALCOOL,19,1.0,5.0,1.0,0.0,
Novotel Porte d’Italie,2024,12,F_B,SANS ALCOOL,20,2.0,11.0,2.0,0.0,
Novotel Porte d’Italie,2024,12,F_B,SANS ALCOOL,22,4.0,21.0,3.0,0.0,
Novotel Porte d’Italie,2024,12,F_B,SANS ALCOOL,23,5.0,25.0,3.0,0.0,
Novotel Porte d’Italie,2024,12,NAN,nan,0,2.0,12.0,2.0,0.0,
Novotel Porte d’Italie,2024,12,NAN,nan,22,2.0,20.5,2.0,0.0,
Novotel Porte d’Italie,2024,12,N_F_B,SOS,0,1.0,0.7,1.0,0.0,
Novotel Porte d’Italie,2025,1,F_B,FOOD SALEE,1,3.0,7.5,1.0,0.0,
Novotel Porte d’Italie,2025,1,F_B,FOOD SALEE,17,3.0,8.3,3.0,0.0,
Novotel Porte d’Italie,2025,1,F_B,FOOD SALEE,18,2.0,5.6,2.0,0.0,
Novotel Porte d’Italie,2025,1,F_B,FOOD SALEE,19,1.0,2.5,1.0,0.0,
Novotel Porte d’Italie,2025,1,F_B,FOOD SUCREE,3,1.0,3.0,1.0,0.0,
Novotel Porte d’Italie,2025,1,F_B,FOOD SUCREE,12,1.0,2.9,1.0,0.0,
Novotel Porte d’Italie,2025,1,F_B,FOOD SUCREE,14,2.0,6.0,2.0,0.0,
Novotel Porte d’Italie,2025,1,F_B,FOOD SUCREE,16,1.0,3.0,1.0,0.0,
Novotel Porte d’Italie,2025,1,F_B,FOOD SUCREE,17,2.0,5.3,2.0,0.0,
Novotel Porte d’Italie,2025,1,F_B,FOOD SUCREE,18,2.0,6.199999999999999,2.0,0.0,
Novotel Porte d’Italie,2025,1,F_B,FOOD SUCREE,20,2.0,6.0,1.0,0.0,
Novotel Porte d’Italie,2025,1,F_B,FOOD SUCREE,23,1.0,3.3,1.0,0.0,
Novotel Porte d’Italie,2025,1,F_B,SANS ALCOOL,15,1.0,5.5,1.0,0.0,
Novotel Porte d’Italie,2025,1,F_B,SANS ALCOOL,18,1.0,5.0,1.0,0.0,
Novotel Porte d’Italie,2025,1,F_B,SANS ALCOOL,19,2.0,10.0,1.0,0.0,
Novotel Porte d’Italie,2025,1,F_B,SANS ALCOOL,22,1.0,5.5,1.0,0.0,
Novotel Porte d’Italie,2025,1,NAN,nan,17,1.0,18.0,1.0,0.0,
Novotel Porte d’Italie,2025,1,NAN,nan,18,1.0,7.5,1.0,0.0,
Novotel Porte d’Italie,2025,1,NAN,nan,19,2.0,25.5,1.0,0.0,
Novotel Porte d’Italie,2025,1,NAN,nan,22,2.0,15.0,1.0,0.0,
Novotel Porte d’Italie,2025,2,F_B,FOOD SALEE,13,1.0,2.6,1.0,0.0,
Novotel Porte d’Italie,2025,2,F_B,FOOD SALEE,16,6.0,14.399999999999999,2.0,0.0,
Novotel Porte d’Italie,2025,2,F_B,FOOD SALEE,17,2.0,4.9,2.0,0.0,
Novotel Porte d’Italie,2025,2,F_B,FOOD SALEE,18,1.0,2.6,1.0,0.0,
Novotel Porte d’Italie,2025,2,F_B,FOOD SALEE,19,2.0,8.1,2.0,0.0,
Novotel Porte d’Italie,2025,2,F_B,FOOD SALEE,20,4.0,16.2,3.0,0.0,
Novotel Porte d’Italie,2025,2,F_B,FOOD SALEE,21,1.0,3.0,1.0,0.0,
Novotel Porte d’Italie,2025,2,F_B,FOOD SALEE,22,3.0,7.5,2.0,0.0,
Novotel Porte d’Italie,2025,2,F_B,FOOD SALEE,23,4.0,19.0,3.0,0.0,
Novotel Porte d’Italie,2025,2,F_B,FOOD SUCREE,1,1.0,3.0,1.0,0.0,
Novotel Porte d’Italie,2025,2,F_B,FOOD SUCREE,8,1.0,3.3,1.0,0.0,
Novotel Porte d’Italie,2025,2,F_B,FOOD SUCREE,11,1.0,2.9,1.0,0.0,
Novotel Porte d’Italie,2025,2,F_B,FOOD SUCREE,12,1.0,2.5,1.0,0.0,
Novotel Porte d’Italie,2025,2,F_B,FOOD SUCREE,14,1.0,3.0,1.0,0.0,
Novotel Porte d’Italie,2025,2,F_B,FOOD SUCREE,15,1.0,3.3,1.0,0.0,
Novotel Porte d’Italie,2025,2,F_B,FOOD SUCREE,20,6.0,15.0,3.0,0.0,
Novotel Porte d’Italie,2025,2,F_B,FOOD SUCREE,21,1.0,2.5,1.0,0.0,
Novotel Porte d’Italie,2025,2,F_B,FOOD SUCREE,22,2.0,6.199999999999999,2.0,0.0,
Novotel Porte d’Italie,2025,2,F_B,SANS ALCOOL,0,3.0,15.0,2.0,0.0,
Novotel Porte d’Italie,2025,2,F_B,SANS ALCOOL,1,2.0,6.0,1.0,0.0,
Novotel Porte d’Italie,2025,2,F_B,SANS ALCOOL,9,1.0,5.5,1.0,0.0,
Novotel Porte d’Italie,2025,2,F_B,SANS ALCOOL,12,1.0,5.0,1.0,0.0,
Novotel Porte d’Italie,2025,2,F_B,SANS ALCOOL,18,1.0,3.0,1.0,0.0,
Novotel Porte d’Italie,2025,2,F_B,SANS ALCOOL,22,2.0,10.5,2.0,0.0,
Novotel Porte d’Italie,2025,2,F_B,SANS ALCOOL,23,5.0,20.0,3.0,0.0,
Novotel Porte d’Italie,2025,2,NAN,nan,0,1.0,7.5,1.0,0.0,
Novotel Porte d’Italie,2025,2,NAN,nan,19,2.0,36.0,1.0,0.0,
Novotel Porte d’Italie,2025,2,NAN,nan,21,1.0,7.5,1.0,0.0,
Novotel Porte d’Italie,2025,2,NAN,nan,23,2.0,15.0,1.0,0.0,
Novotel Porte d’Italie,2025,3,F_B,FOOD SALEE,0,1.0,2.5,1.0,0.0,
Novotel Porte d’Italie,2025,3,F_B,FOOD SALEE,3,1.0,2.5,1.0,0.0,
Novotel Porte d’Italie,2025,3,F_B,FOOD SALEE,5,2.0,11.0,1.0,0.0,
Novotel Porte d’Italie,2025,3,F_B,FOOD SALEE,12,1.0,4.5,1.0,0.0,
Novotel Porte d’Italie,2025,3,F_B,FOOD SALEE,13,1.0,2.5,1.0,0.0,
Novotel Porte d’Italie,2025,3,F_B,FOOD SALEE,16,4.0,14.9,3.0,0.0,
Novotel Porte d’Italie,2025,3,F_B,FOOD SALEE,17,2.0,4.9,1.0,0.0,
Novotel Porte d’Italie,2025,3,F_B,FOOD SALEE,18,2.0,10.0,2.0,0.0,
Novotel Porte d’Italie,2025,3,F_B,FOOD SALEE,19,11.0,49.2,8.0,0.0,
Novotel Porte d’Italie,2025,3,F_B,FOOD SALEE,20,2.0,4.8,2.0,0.0,
Novotel Porte d’Italie,2025,3,F_B,FOOD SALEE,21,3.0,7.3,1.0,0.0,
Novotel Porte d’Italie,2025,3,F_B,FOOD SALEE,23,4.0,15.9,3.0,0.0,
Novotel Porte d’Italie,2025,3,F_B,FOOD SUCREE,0,7.0,20.5,6.0,0.0,
Novotel Porte d’Italie,2025,3,F_B,FOOD SUCREE,1,3.0,15.3,3.0,0.0,
Novotel Porte d’Italie,2025,3,F_B,FOOD SUCREE,3,1.0,5.0,1.0,0.0,
Novotel Porte d’Italie,2025,3,F_B,FOOD SUCREE,8,1.0,3.3,1.0,0.0,
Novotel Porte d’Italie,2025,3,F_B,FOOD SUCREE,10,1.0,5.0,1.0,0.0,
Novotel Porte d’Italie,2025,3,F_B,FOOD SUCREE,12,1.0,5.0,1.0,0.0,
Novotel Porte d’Italie,2025,3,F_B,FOOD SUCREE,13,1.0,2.5,1.0,0.0,
Novotel Porte d’Italie,2025,3,F_B,FOOD SUCREE,14,3.0,12.5,3.0,0.0,
Novotel Porte d’Italie,2025,3,F_B,FOOD SUCREE,15,1.0,3.0,1.0,0.0,
Novotel Porte d’Italie,2025,3,F_B,FOOD SUCREE,17,2.0,8.0,2.0,0.0,
Novotel Porte d’Italie,2025,3,F_B,FOOD SUCREE,18,1.0,5.0,1.0,0.0,
Novotel Porte d’Italie,2025,3,F_B,FOOD SUCREE,19,2.0,7.0,2.0,0.0,
Novotel Porte d’Italie,2025,3,F_B,FOOD SUCREE,20,4.0,18.0,4.0,0.0,
Novotel Porte d’Italie,2025,3,F_B,FOOD SUCREE,21,4.0,14.1,3.0,0.0,
Novotel Porte d’Italie,2025,3,F_B,FOOD SUCREE,22,7.0,23.9,4.0,0.0,
Novotel Porte d’Italie,2025,3,F_B,FOOD SUCREE,23,12.0,43.5,10.0,0.0,
Novotel Porte d’Italie,2025,3,F_B,SANS ALCOOL,0,3.0,11.5,3.0,0.0,
Novotel Porte d’Italie,2025,3,F_B,SANS ALCOOL,3,1.0,5.0,1.0,0.0,
Novotel Porte d’Italie,2025,3,F_B,SANS ALCOOL,4,1.0,5.5,1.0,0.0,
Novotel Porte d’Italie,2025,3,F_B,SANS ALCOOL,5,1.0,5.5,1.0,0.0,
Novotel Porte d’Italie,2025,3,F_B,SANS ALCOOL,16,2.0,10.0,2.0,0.0,
Novotel Porte d’Italie,2025,3,F_B,SANS ALCOOL,17,1.0,5.5,1.0,0.0,
Novotel Porte d’Italie,2025,3,F_B,SANS ALCOOL,18,1.0,5.0,1.0,0.0,
Novotel Porte d’Italie,2025,3,F_B,SANS ALCOOL,19,4.0,20.5,3.0,0.0,
Novotel Porte d’Italie,2025,3,F_B,SANS ALCOOL,20,9.0,32.0,5.0,0.0,
Novotel Porte d’Italie,2025,3,F_B,SANS ALCOOL,21,5.0,24.0,5.0,0.0,
Novotel Porte d’Italie,2025,3,F_B,SANS ALCOOL,22,4.0,14.0,4.0,0.0,
Novotel Porte d’Italie,2025,3,F_B,SANS ALCOOL,23,7.0,27.0,5.0,0.0,
Novotel Porte d’Italie,2025,3,NAN,nan,17,1.0,7.5,1.0,0.0,
Novotel Porte d’Italie,2025,4,F_B,FOOD SALEE,0,3.0,8.0,2.0,0.0,
Novotel Porte d’Italie,2025,4,F_B,FOOD SALEE,1,4.0,12.0,2.0,0.0,
Novotel Porte d’Italie,2025,4,F_B,FOOD SALEE,2,2.0,4.8,1.0,0.0,
Novotel Porte d’Italie,2025,4,F_B,FOOD SALEE,7,2.0,5.0,1.0,0.0,
Novotel Porte d’Italie,2025,4,F_B,FOOD SALEE,12,1.0,2.4,1.0,0.0,
Novotel Porte d’Italie,2025,4,F_B,FOOD SALEE,16,1.0,2.5,1.0,0.0,
Novotel Porte d’Italie,2025,4,F_B,FOOD SALEE,17,5.0,12.4,3.0,0.0,
Novotel Porte d’Italie,2025,4,F_B,FOOD SALEE,18,2.0,5.0,1.0,0.0,
Novotel Porte d’Italie,2025,4,F_B,FOOD SALEE,19,3.0,7.199999999999999,2.0,0.0,
Novotel Porte d’Italie,2025,4,F_B,FOOD SALEE,20,4.0,11.4,3.0,0.0,
Novotel Porte d’Italie,2025,4,F_B,FOOD SALEE,22,3.0,7.4,1.0,0.0,
Novotel Porte d’Italie,2025,4,F_B,FOOD SALEE,23,1.0,2.5,1.0,0.0,
Novotel Porte d’Italie,2025,4,F_B,FOOD SUCREE,1,1.0,5.0,1.0,0.0,
Novotel Porte d’Italie,2025,4,F_B,FOOD SUCREE,3,1.0,5.0,1.0,0.0,
Novotel Porte d’Italie,2025,4,F_B,FOOD SUCREE,7,1.0,3.3,1.0,0.0,
Novotel Porte d’Italie,2025,4,F_B,FOOD SUCREE,13,1.0,3.0,1.0,0.0,
Novotel Porte d’Italie,2025,4,F_B,FOOD SUCREE,17,7.0,22.5,4.0,0.0,
Novotel Porte d’Italie,2025,4,F_B,FOOD SUCREE,18,1.0,5.0,1.0,0.0,
Novotel Porte d’Italie,2025,4,F_B,FOOD SUCREE,19,1.0,5.0,1.0,0.0,
Novotel Porte d’Italie,2025,4,F_B,FOOD SUCREE,20,1.0,5.0,1.0,0.0,
Novotel Porte d’Italie,2025,4,F_B,FOOD SUCREE,21,1.0,5.0,1.0,0.0,
Novotel Porte d’Italie,2025,4,F_B,FOOD SUCREE,23,5.0,19.9,3.0,0.0,
Novotel Porte d’Italie,2025,4,F_B,SANS ALCOOL,0,3.0,11.0,3.0,0.0,
Novotel Porte d’Italie,2025,4,F_B,SANS ALCOOL,1,2.0,10.5,2.0,0.0,
Novotel Porte d’Italie,2025,4,F_B,SANS ALCOOL,3,1.0,5.5,1.0,0.0,
Novotel Porte d’Italie,2025,4,F_B,SANS ALCOOL,7,3.0,15.0,2.0,0.0,
Novotel Porte d’Italie,2025,4,F_B,SANS ALCOOL,10,1.0,3.0,1.0,0.0,
Novotel Porte d’Italie,2025,4,F_B,SANS ALCOOL,11,1.0,5.0,1.0,0.0,
Novotel Porte d’Italie,2025,4,F_B,SANS ALCOOL,12,1.0,5.0,1.0,0.0,
Novotel Porte d’Italie,2025,4,F_B,SANS ALCOOL,15,1.0,3.0,1.0,0.0,
Novotel Porte d’Italie,2025,4,F_B,SANS ALCOOL,16,1.0,5.0,1.0,0.0,
Novotel Porte d’Italie,2025,4,F_B,SANS ALCOOL,18,1.0,3.0,1.0,0.0,
Novotel Porte d’Italie,2025,4,F_B,SANS ALCOOL,20,3.0,11.5,2.0,0.0,
Novotel Porte d’Italie,2025,4,F_B,SANS ALCOOL,21,2.0,8.5,2.0,0.0,
Novotel Porte d’Italie,2025,4,F_B,SANS ALCOOL,22,8.0,28.5,4.0,0.0,
Novotel Porte d’Italie,2025,4,F_B,SANS ALCOOL,23,4.0,18.0,3.0,0.0,
Novotel Porte d’Italie,2025,5,F_B,FOOD SALEE,0,5.0,18.4,4.0,0.0,
Novotel Porte d’Italie,2025,5,F_B,FOOD SALEE,2,1.0,4.5,1.0,0.0,
Novotel Porte d’Italie,2025,5,F_B,FOOD SALEE,5,1.0,2.4,1.0,0.0,
Novotel Porte d’Italie,2025,5,F_B,FOOD SALEE,14,2.0,8.0,1.0,0.0,
Novotel Porte d’Italie,2025,5,F_B,FOOD SALEE,16,2.0,4.9,2.0,0.0,
Novotel Porte d’Italie,2025,5,F_B,FOOD SALEE,18,3.0,10.4,2.0,0.0,
Novotel Porte d’Italie,2025,5,F_B,FOOD SALEE,21,1.0,4.5,1.0,0.0,
Novotel Porte d’Italie,2025,5,F_B,FOOD SALEE,22,2.0,5.0,1.0,0.0,
Novotel Porte d’Italie,2025,5,F_B,FOOD SALEE,23,6.0,14.9,3.0,0.0,
Novotel Porte d’Italie,2025,5,F_B,FOOD SUCREE,0,12.0,52.8,11.0,0.0,
Novotel Porte d’Italie,2025,5,F_B,FOOD SUCREE,1,6.0,27.9,5.0,0.0,
Novotel Porte d’Italie,2025,5,F_B,FOOD SUCREE,2,2.0,5.699999999999999,2.0,0.0,
Novotel Porte d’Italie,2025,5,F_B,FOOD SUCREE,7,1.0,3.0,1.0,0.0,
Novotel Porte d’Italie,2025,5,F_B,FOOD SUCREE,8,4.0,11.7,3.0,0.0,
Novotel Porte d’Italie,2025,5,F_B,FOOD SUCREE,9,1.0,2.8,1.0,0.0,
Novotel Porte d’Italie,2025,5,F_B,FOOD SUCREE,10,3.0,9.1,3.0,0.0,
Novotel Porte d’Italie,2025,5,F_B,FOOD SUCREE,11,1.0,2.9,1.0,0.0,
Novotel Porte d’Italie,2025,5,F_B,FOOD SUCREE,12,5.0,18.7,3.0,0.0,
Novotel Porte d’Italie,2025,5,F_B,FOOD SUCREE,13,1.0,3.0,1.0,0.0,
Novotel Porte d’Italie,2025,5,F_B,FOOD SUCREE,14,2.0,6.1,2.0,0.0,
Novotel Porte d’Italie,2025,5,F_B,FOOD SUCREE,15,4.0,12.3,4.0,0.0,
Novotel Porte d’Italie,2025,5,F_B,FOOD SUCREE,17,3.0,11.0,2.0,0.0,
Novotel Porte d’Italie,2025,5,F_B,FOOD SUCREE,18,3.0,10.7,3.0,0.0,
Novotel Porte d’Italie,2025,5,F_B,FOOD SUCREE,19,6.0,18.9,3.0,0.0,
Novotel Porte d’Italie,2025,5,F_B,FOOD SUCREE,20,9.0,26.3,6.0,0.0,
Novotel Porte d’Italie,2025,5,F_B,FOOD SUCREE,21,3.0,10.7,1.0,0.0,
Novotel Porte d’Italie,2025,5,F_B,FOOD SUCREE,22,11.0,39.1,9.0,0.0,
Novotel Porte d’Italie,2025,5,F_B,FOOD SUCREE,23,6.0,17.9,6.0,0.0,
Novotel Porte d’Italie,2025,5,F_B,SANS ALCOOL,0,16.0,73.0,9.0,0.0,
Novotel Porte d’Italie,2025,5,F_B,SANS ALCOOL,1,2.0,8.0,2.0,0.0,
Novotel Porte d’Italie,2025,5,F_B,SANS ALCOOL,2,4.0,16.5,3.0,0.0,
Novotel Porte d’Italie,2025,5,F_B,SANS ALCOOL,7,3.0,15.0,1.0,0.0,
Novotel Porte d’Italie,2025,5,F_B,SANS ALCOOL,8,1.0,5.5,1.0,0.0,
Novotel Porte d’Italie,2025,5,F_B,SANS ALCOOL,9,1.0,5.5,1.0,0.0,
Novotel Porte d’Italie,2025,5,F_B,SANS ALCOOL,12,2.0,8.0,1.0,0.0,
Novotel Porte d’Italie,2025,5,F_B,SANS ALCOOL,14,3.0,11.0,2.0,0.0,
Novotel Porte d’Italie,2025,5,F_B,SANS ALCOOL,15,4.0,14.5,2.0,0.0,
Novotel Porte d’Italie,2025,5,F_B,SANS ALCOOL,16,3.0,11.0,3.0,0.0,
Novotel Porte d’Italie,2025,5,F_B,SANS ALCOOL,17,5.0,24.0,4.0,0.0,
Novotel Porte d’Italie,2025,5,F_B,SANS ALCOOL,18,3.0,15.0,3.0,0.0,
Novotel Porte d’Italie,2025,5,F_B,SANS ALCOOL,19,3.0,13.0,2.0,0.0,
Novotel Porte d’Italie,2025,5,F_B,SANS ALCOOL,20,7.0,32.0,6.0,0.0,
Novotel Porte d’Italie,2025,5,F_B,SANS ALCOOL,21,12.0,51.5,9.0,0.0,
Novotel Porte d’Italie,2025,5,F_B,SANS ALCOOL,22,13.0,43.5,9.0,0.0,
Novotel Porte d’Italie,2025,5,F_B,SANS ALCOOL,23,24.0,109.0,19.0,0.0,
Novotel Porte d’Italie,2025,5,NAN,nan,13,2.0,25.5,1.0,0.0,
Novotel Porte d’Italie,2025,5,NAN,nan,18,2.0,15.0,2.0,0.0,
Novotel Porte d’Italie,2025,5,NAN,nan,21,1.0,6.0,1.0,0.0,
Novotel Porte d’Italie,2025,5,NAN,nan,23,1.0,18.0,1.0,0.0,
Novotel Porte d’Italie,2025,6,F_B,FOOD SALEE,0,2.0,18.6,2.0,0.0,
Novotel Porte d’Italie,2025,6,F_B,FOOD SALEE,1,1.0,2.4,1.0,0.0,
Novotel Porte d’Italie,2025,6,F_B,FOOD SALEE,17,1.0,2.5,1.0,0.0,
Novotel Porte d’Italie,2025,6,F_B,FOOD SALEE,18,1.0,16.0,1.0,0.0,
Novotel Porte d’Italie,2025,6,F_B,FOOD SALEE,20,1.0,16.0,1.0,0.0,
Novotel Porte d’Italie,2025,6,F_B,FOOD SALEE,21,1.0,2.5,1.0,0.0,
Novotel Porte d’Italie,2025,6,F_B,FOOD SALEE,22,3.0,21.8,3.0,0.0,
Novotel Porte d’Italie,2025,6,F_B,FOOD SALEE,23,3.0,34.4,3.0,0.0,
Novotel Porte d’Italie,2025,6,F_B,FOOD SUCREE,0,2.0,7.9,2.0,0.0,
Novotel Porte d’Italie,2025,6,F_B,FOOD SUCREE,1,1.0,3.1,1.0,0.0,
Novotel Porte d’Italie,2025,6,F_B,FOOD SUCREE,4,1.0,3.1,1.0,0.0,
Novotel Porte d’Italie,2025,6,F_B,FOOD SUCREE,16,5.0,14.899999999999999,4.0,0.0,
Novotel Porte d’Italie,2025,6,F_B,FOOD SUCREE,17,4.0,12.6,3.0,0.0,
Novotel Porte d’Italie,2025,6,F_B,FOOD SUCREE,18,3.0,18.0,2.0,0.0,
Novotel Porte d’Italie,2025,6,F_B,FOOD SUCREE,21,2.0,6.0,2.0,0.0,
Novotel Porte d’Italie,2025,6,F_B,FOOD SUCREE,22,8.0,35.8,7.0,0.0,
Novotel Porte d’Italie,2025,6,F_B,FOOD SUCREE,23,6.0,31.1,5.0,0.0,
Novotel Porte d’Italie,2025,6,F_B,SANS ALCOOL,0,9.0,42.5,8.0,0.0,
Novotel Porte d’Italie,2025,6,F_B,SANS ALCOOL,1,6.0,24.5,5.0,0.0,
Novotel Porte d’Italie,2025,6,F_B,SANS ALCOOL,3,3.0,13.0,3.0,0.0,
Novotel Porte d’Italie,2025,6,F_B,SANS ALCOOL,7,1.0,5.0,1.0,0.0,
Novotel Porte d’Italie,2025,6,F_B,SANS ALCOOL,9,1.0,5.0,1.0,0.0,
Novotel Porte d’Italie,2025,6,F_B,SANS ALCOOL,12,4.0,14.0,4.0,0.0,
Novotel Porte d’Italie,2025,6,F_B,SANS ALCOOL,15,3.0,16.0,2.0,0.0,
Novotel Porte d’Italie,2025,6,F_B,SANS ALCOOL,16,5.0,22.0,4.0,0.0,
Novotel Porte d’Italie,2025,6,F_B,SANS ALCOOL,17,4.0,18.0,4.0,0.0,
Novotel Porte d’Italie,2025,6,F_B,SANS ALCOOL,18,2.0,8.0,2.0,0.0,
Novotel Porte d’Italie,2025,6,F_B,SANS ALCOOL,19,2.0,10.5,2.0,0.0,
Novotel Porte d’Italie,2025,6,F_B,SANS ALCOOL,20,4.0,21.0,4.0,0.0,
Novotel Porte d’Italie,2025,6,F_B,SANS ALCOOL,21,11.0,45.5,8.0,0.0,
Novotel Porte d’Italie,2025,6,F_B,SANS ALCOOL,22,8.0,34.5,8.0,0.0,
Novotel Porte d’Italie,2025,6,F_B,SANS ALCOOL,23,5.0,21.0,4.0,0.0,
Novotel Porte d’Italie,2025,6,NAN,nan,22,2.0,12.0,1.0,0.0,
Novotel Porte d’Italie,2025,7,F_B,FOOD SALEE,0,7.0,45.9,3.0,0.0,
Novotel Porte d’Italie,2025,7,F_B,FOOD SALEE,1,8.0,30.3,7.0,0.0,
Novotel Porte d’Italie,2025,7,F_B,FOOD SALEE,4,1.0,2.4,1.0,0.0,
Novotel Porte d’Italie,2025,7,F_B,FOOD SALEE,9,1.0,3.0,1.0,0.0,
Novotel Porte d’Italie,2025,7,F_B,FOOD SALEE,15,2.0,32.0,1.0,0.0,
Novotel Porte d’Italie,2025,7,F_B,FOOD SALEE,16,2.0,5.0,1.0,0.0,
Novotel Porte d’Italie,2025,7,F_B,FOOD SALEE,18,1.0,4.5,1.0,0.0,
Novotel Porte d’Italie,2025,7,F_B,FOOD SALEE,19,2.0,5.2,2.0,0.0,
Novotel Porte d’Italie,2025,7,F_B,FOOD SALEE,22,5.0,12.8,5.0,0.0,
Novotel Porte d’Italie,2025,7,F_B,FOOD SALEE,23,2.0,5.0,1.0,0.0,
Novotel Porte d’Italie,2025,7,F_B,FOOD SUCREE,0,2.0,5.6,2.0,0.0,
Novotel Porte d’Italie,2025,7,F_B,FOOD SUCREE,1,7.0,23.4,7.0,0.0,
Novotel Porte d’Italie,2025,7,F_B,FOOD SUCREE,4,1.0,3.3,1.0,0.0,
Novotel Porte d’Italie,2025,7,F_B,FOOD SUCREE,9,3.0,9.3,2.0,0.0,
Novotel Porte d’Italie,2025,7,F_B,FOOD SUCREE,10,2.0,5.6,2.0,0.0,
Novotel Porte d’Italie,2025,7,F_B,FOOD SUCREE,11,4.0,12.399999999999999,3.0,0.0,
Novotel Porte d’Italie,2025,7,F_B,FOOD SUCREE,12,1.0,3.0,1.0,0.0,
Novotel Porte d’Italie,2025,7,F_B,FOOD SUCREE,13,1.0,2.8,1.0,0.0,
Novotel Porte d’Italie,2025,7,F_B,FOOD SUCREE,14,2.0,6.6,1.0,0.0,
Novotel Porte d’Italie,2025,7,F_B,FOOD SUCREE,15,4.0,17.3,3.0,0.0,
Novotel Porte d’Italie,2025,7,F_B,FOOD SUCREE,16,2.0,5.6,1.0,0.0,
Novotel Porte d’Italie,2025,7,F_B,FOOD SUCREE,18,1.0,2.9,1.0,0.0,
Novotel Porte d’Italie,2025,7,F_B,FOOD SUCREE,19,2.0,6.0,2.0,0.0,
Novotel Porte d’Italie,2025,7,F_B,FOOD SUCREE,20,4.0,14.399999999999999,4.0,0.0,
Novotel Porte d’Italie,2025,7,F_B,FOOD SUCREE,21,3.0,9.1,3.0,0.0,
Novotel Porte d’Italie,2025,7,F_B,FOOD SUCREE,22,11.0,38.5,7.0,0.0,
Novotel Porte d’Italie,2025,7,F_B,FOOD SUCREE,23,5.0,16.6,5.0,0.0,
Novotel Porte d’Italie,2025,7,F_B,SANS ALCOOL,0,15.0,69.5,11.0,0.0,
Novotel Porte d’Italie,2025,7,F_B,SANS ALCOOL,1,15.0,70.0,11.0,0.0,
Novotel Porte d’Italie,2025,7,F_B,SANS ALCOOL,3,1.0,4.5,1.0,0.0,
Novotel Porte d’Italie,2025,7,F_B,SANS ALCOOL,5,2.0,10.0,1.0,0.0,
Novotel Porte d’Italie,2025,7,F_B,SANS ALCOOL,8,2.0,9.5,2.0,0.0,
Novotel Porte d’Italie,2025,7,F_B,SANS ALCOOL,9,1.0,5.0,1.0,0.0,
Novotel Porte d’Italie,2025,7,F_B,SANS ALCOOL,10,2.0,9.0,2.0,0.0,
Novotel Porte d’Italie,2025,7,F_B,SANS ALCOOL,11,7.0,32.0,5.0,0.0,
Novotel Porte d’Italie,2025,7,F_B,SANS ALCOOL,14,3.0,15.0,1.0,0.0,
Novotel Porte d’Italie,2025,7,F_B,SANS ALCOOL,15,3.0,13.5,3.0,0.0,
Novotel Porte d’Italie,2025,7,F_B,SANS ALCOOL,16,1.0,5.0,1.0,0.0,
Novotel Porte d’Italie,2025,7,F_B,SANS ALCOOL,18,7.0,26.5,4.0,0.0,
Novotel Porte d’Italie,2025,7,F_B,SANS ALCOOL,19,2.0,9.0,2.0,0.0,
Novotel Porte d’Italie,2025,7,F_B,SANS ALCOOL,20,4.0,16.0,3.0,0.0,
Novotel Porte d’Italie,2025,7,F_B,SANS ALCOOL,21,5.0,24.0,4.0,0.0,
Novotel Porte d’Italie,2025,7,F_B,SANS ALCOOL,22,7.0,35.0,6.0,0.0,
Novotel Porte d’Italie,2025,7,F_B,SANS ALCOOL,23,16.0,78.0,12.0,0.0,
Novotel Porte d’Italie,2025,8,F_B,FOOD SALEE,3,2.0,4.8,2.0,0.0,
Novotel Porte d’Italie,2025,8,F_B,FOOD SALEE,9,1.0,5.5,1.0,0.0,
Novotel Porte d’Italie,2025,8,F_B,FOOD SALEE,10,1.0,5.5,1.0,0.0,
Novotel Porte d’Italie,2025,8,F_B,FOOD SALEE,11,1.0,2.6,1.0,0.0,
Novotel Porte d’Italie,2025,8,F_B,FOOD SALEE,14,1.0,2.6,1.0,0.0,
Novotel Porte d’Italie,2025,8,F_B,FOOD SALEE,16,2.0,5.2,1.0,0.0,
Novotel Porte d’Italie,2025,8,F_B,FOOD SALEE,18,4.0,10.4,4.0,0.0,
Novotel Porte d’Italie,2025,8,F_B,FOOD SALEE,21,4.0,10.3,3.0,0.0,
Novotel Porte d’Italie,2025,8,F_B,FOOD SALEE,22,1.0,2.5,1.0,0.0,
Novotel Porte d’Italie,2025,8,F_B,FOOD SALEE,23,5.0,54.2,3.0,0.0,
Novotel Porte d’Italie,2025,8,F_B,FOOD SUCREE,0,3.0,9.4,2.0,0.0,
Novotel Porte d’Italie,2025,8,F_B,FOOD SUCREE,1,3.0,8.9,2.0,0.0,
Novotel Porte d’Italie,2025,8,F_B,FOOD SUCREE,3,3.0,7.8,2.0,0.0,
Novotel Porte d’Italie,2025,8,F_B,FOOD SUCREE,9,1.0,3.0,1.0,0.0,
Novotel Porte d’Italie,2025,8,F_B,FOOD SUCREE,12,1.0,2.9,1.0,0.0,
Novotel Porte d’Italie,2025,8,F_B,FOOD SUCREE,14,2.0,6.199999999999999,1.0,0.0,
Novotel Porte d’Italie,2025,8,F_B,FOOD SUCREE,16,1.0,3.0,1.0,0.0,
Novotel Porte d’Italie,2025,8,F_B,FOOD SUCREE,20,1.0,3.0,1.0,0.0,
Novotel Porte d’Italie,2025,8,F_B,FOOD SUCREE,21,6.0,16.9,4.0,0.0,
Novotel Porte d’Italie,2025,8,F_B,FOOD SUCREE,22,7.0,19.799999999999997,5.0,0.0,
Novotel Porte d’Italie,2025,8,F_B,FOOD SUCREE,23,4.0,12.2,4.0,0.0,
Novotel Porte d’Italie,2025,8,F_B,SANS ALCOOL,0,13.0,62.0,10.0,0.0,
Novotel Porte d’Italie,2025,8,F_B,SANS ALCOOL,1,4.0,21.0,4.0,0.0,
Novotel Porte d’Italie,2025,8,F_B,SANS ALCOOL,2,2.0,9.0,1.0,0.0,
Novotel Porte d’Italie,2025,8,F_B,SANS ALCOOL,3,4.0,18.5,2.0,0.0,
Novotel Porte d’Italie,2025,8,F_B,SANS ALCOOL,9,2.0,10.0,1.0,0.0,
Novotel Porte d’Italie,2025,8,F_B,SANS ALCOOL,11,1.0,3.5,1.0,0.0,
Novotel Porte d’Italie,2025,8,F_B,SANS ALCOOL,12,3.0,15.0,2.0,0.0,
Novotel Porte d’Italie,2025,8,F_B,SANS ALCOOL,15,2.0,9.5,2.0,0.0,
Novotel Porte d’Italie,2025,8,F_B,SANS ALCOOL,16,3.0,13.0,2.0,0.0,
Novotel Porte d’Italie,2025,8,F_B,SANS ALCOOL,17,3.0,13.5,2.0,0.0,
Novotel Porte d’Italie,2025,8,F_B,SANS ALCOOL,18,1.0,3.5,1.0,0.0,
Novotel Porte d’Italie,2025,8,F_B,SANS ALCOOL,19,1.0,5.0,1.0,0.0,
Novotel Porte d’Italie,2025,8,F_B,SANS ALCOOL,20,2.0,10.0,1.0,0.0,
Novotel Porte d’Italie,2025,8,F_B,SANS ALCOOL,21,2.0,9.0,2.0,0.0,
Novotel Porte d’Italie,2025,8,F_B,SANS ALCOOL,22,11.0,53.0,7.0,0.0,
Novotel Porte d’Italie,2025,8,F_B,SANS ALCOOL,23,13.0,56.5,10.0,0.0,
Novotel Porte d’Italie,2025,9,F_B,FOOD SALEE,0,3.0,7.4,2.0,0.0,
Novotel Porte d’Italie,2025,9,F_B,FOOD SALEE,2,3.0,7.199999999999999,1.0,0.0,
Novotel Porte d’Italie,2025,9,F_B,FOOD SALEE,11,1.0,2.4,1.0,0.0,
Novotel Porte d’Italie,2025,9,F_B,FOOD SALEE,12,1.0,2.5,1.0,0.0,
Novotel Porte d’Italie,2025,9,F_B,FOOD SALEE,14,2.0,5.1,1.0,0.0,
Novotel Porte d’Italie,2025,9,F_B,FOOD SALEE,19,4.0,10.3,3.0,0.0,
Novotel Porte d’Italie,2025,9,F_B,FOOD SALEE,20,2.0,5.0,2.0,0.0,
Novotel Porte d’Italie,2025,9,F_B,FOOD SALEE,21,1.0,2.3,1.0,0.0,
Novotel Porte d’Italie,2025,9,F_B,FOOD SALEE,22,2.0,4.9,2.0,0.0,
Novotel Porte d’Italie,2025,9,F_B,FOOD SALEE,23,5.0,12.0,4.0,0.0,
Novotel Porte d’Italie,2025,9,F_B,FOOD SUCREE,0,2.0,5.8,2.0,0.0,
Novotel Porte d’Italie,2025,9,F_B,FOOD SUCREE,1,1.0,2.5,1.0,0.0,
Novotel Porte d’Italie,2025,9,F_B,FOOD SUCREE,7,2.0,14.0,1.0,0.0,
Novotel Porte d’Italie,2025,9,F_B,FOOD SUCREE,11,1.0,2.8,1.0,0.0,
Novotel Porte d’Italie,2025,9,F_B,FOOD SUCREE,13,1.0,2.8,1.0,0.0,
Novotel Porte d’Italie,2025,9,F_B,FOOD SUCREE,15,3.0,12.8,2.0,0.0,
Novotel Porte d’Italie,2025,9,F_B,FOOD SUCREE,17,1.0,3.5,1.0,0.0,
Novotel Porte d’Italie,2025,9,F_B,FOOD SUCREE,18,1.0,2.8,1.0,0.0,
Novotel Porte d’Italie,2025,9,F_B,FOOD SUCREE,19,3.0,8.6,2.0,0.0,
Novotel Porte d’Italie,2025,9,F_B,FOOD SUCREE,20,3.0,8.1,3.0,0.0,
Novotel Porte d’Italie,2025,9,F_B,FOOD SUCREE,21,2.0,5.3,2.0,0.0,
Novotel Porte d’Italie,2025,9,F_B,FOOD SUCREE,22,10.0,32.6,6.0,0.0,
Novotel Porte d’Italie,2025,9,F_B,FOOD SUCREE,23,5.0,17.3,3.0,0.0,
Novotel Porte d’Italie,2025,9,F_B,SANS ALCOOL,1,1.0,5.0,1.0,0.0,
Novotel Porte d’Italie,2025,9,F_B,SANS ALCOOL,3,2.0,10.0,1.0,0.0,
Novotel Porte d’Italie,2025,9,F_B,SANS ALCOOL,4,1.0,5.0,1.0,0.0,
Novotel Porte d’Italie,2025,9,F_B,SANS ALCOOL,10,1.0,5.0,1.0,0.0,
Novotel Porte d’Italie,2025,9,F_B,SANS ALCOOL,11,1.0,5.0,1.0,0.0,
Novotel Porte d’Italie,2025,9,F_B,SANS ALCOOL,19,1.0,3.5,1.0,0.0,
Novotel Porte d’Italie,2025,9,F_B,SANS ALCOOL,20,1.0,5.0,1.0,0.0,
Novotel Porte d’Italie,2025,9,F_B,SANS ALCOOL,21,4.0,21.0,3.0,0.0,
Novotel Porte d’Italie,2025,9,F_B,SANS ALCOOL,22,3.0,14.5,3.0,0.0,
Novotel Porte d’Italie,2025,9,F_B,SANS ALCOOL,23,6.0,31.5,5.0,0.0,
Novotel Porte d’Italie,2025,10,F_B,FOOD SALEE,0,1.0,16.0,1.0,0.0,
Novotel Porte d’Italie,2025,10,F_B,FOOD SALEE,9,1.0,2.3,1.0,0.0,
Novotel Porte d’Italie,2025,10,F_B,FOOD SALEE,19,1.0,2.3,1.0,0.0,
Novotel Porte d’Italie,2025,10,F_B,FOOD SALEE,20,2.0,5.4,1.0,0.0,
Novotel Porte d’Italie,2025,10,F_B,FOOD SUCREE,0,1.0,3.5,1.0,0.0,
Novotel Porte d’Italie,2025,10,F_B,FOOD SUCREE,8,1.0,3.5,1.0,0.0,
Novotel Porte d’Italie,2025,10,F_B,FOOD SUCREE,15,1.0,7.0,1.0,0.0,
Novotel Porte d’Italie,2025,10,F_B,FOOD SUCREE,20,2.0,5.6,2.0,0.0,
Novotel Porte d’Italie,2025,10,F_B,FOOD SUCREE,22,3.0,8.399999999999999,2.0,0.0,
Novotel Porte d’Italie,2025,10,F_B,FOOD SUCREE,23,1.0,3.3,1.0,0.0,
Novotel Porte d’Italie,2025,11,F_B,FOOD SALEE,0,5.0,8.45,5.0,0.0,
Novotel Porte d’Italie,2025,11,F_B,FOOD SALEE,1,4.0,10.1,2.0,0.0,
Novotel Porte d’Italie,2025,11,F_B,FOOD SALEE,12,1.0,2.0,1.0,0.0,
Novotel Porte d’Italie,2025,11,F_B,FOOD SALEE,13,1.0,1.25,1.0,0.0,
Novotel Porte d’Italie,2025,11,F_B,FOOD SALEE,15,1.0,1.25,1.0,0.0,
Novotel Porte d’Italie,2025,11,F_B,FOOD SALEE,17,2.0,6.0,2.0,0.0,
Novotel Porte d’Italie,2025,11,F_B,FOOD SALEE,18,1.0,2.5,1.0,0.0,
Novotel Porte d’Italie,2025,11,F_B,FOOD SALEE,19,2.0,3.0,1.0,0.0,
Novotel Porte d’Italie,2025,11,F_B,FOOD SALEE,20,1.0,2.5,1.0,0.0,
Novotel Porte d’Italie,2025,11,F_B,FOOD SALEE,21,3.0,7.5,2.0,0.0,
Novotel Porte d’Italie,2025,11,F_B,FOOD SALEE,22,2.0,5.1,2.0,0.0,
Novotel Porte d’Italie,2025,11,F_B,FOOD SALEE,23,1.0,2.5,1.0,0.0,
Novotel Porte d’Italie,2025,11,F_B,FOOD SUCREE,0,3.0,6.25,3.0,0.0,
Novotel Porte d’Italie,2025,11,F_B,FOOD SUCREE,1,3.0,10.0,1.0,0.0,
Novotel Porte d’Italie,2025,11,F_B,FOOD SUCREE,4,3.0,7.5,2.0,0.0,
Novotel Porte d’Italie,2025,11,F_B,FOOD SUCREE,8,1.0,3.5,1.0,0.0,
Novotel Porte d’Italie,2025,11,F_B,FOOD SUCREE,10,2.0,5.3,2.0,0.0,
Novotel Porte d’Italie,2025,11,F_B,FOOD SUCREE,11,1.0,3.0,1.0,0.0,
Novotel Porte d’Italie,2025,11,F_B,FOOD SUCREE,12,3.0,5.5,2.0,0.0,
Novotel Porte d’Italie,2025,11,F_B,FOOD SUCREE,13,2.0,4.8,1.0,0.0,
Novotel Porte d’Italie,2025,11,F_B,FOOD SUCREE,14,1.0,2.0,1.0,0.0,
Novotel Porte d’Italie,2025,11,F_B,FOOD SUCREE,15,1.0,1.75,1.0,0.0,
Novotel Porte d’Italie,2025,11,F_B,FOOD SUCREE,16,4.0,12.8,2.0,0.0,
Novotel Porte d’Italie,2025,11,F_B,FOOD SUCREE,17,1.0,2.8,1.0,0.0,
Novotel Porte d’Italie,2025,11,F_B,FOOD SUCREE,19,1.0,1.5,1.0,0.0,
Novotel Porte d’Italie,2025,11,F_B,FOOD SUCREE,20,4.0,10.5,3.0,0.0,
Novotel Porte d’Italie,2025,11,F_B,FOOD SUCREE,21,7.0,19.8,7.0,0.0,
Novotel Porte d’Italie,2025,11,F_B,FOOD SUCREE,22,2.0,5.0,2.0,0.0,
Novotel Porte d’Italie,2025,11,F_B,FOOD SUCREE,23,2.0,6.0,2.0,0.0,
Novotel Porte d’Italie,2025,11,F_B,SANS ALCOOL,0,2.0,8.0,2.0,0.0,
Novotel Porte d’Italie,2025,11,F_B,SANS ALCOOL,1,1.0,4.0,1.0,0.0,
Novotel Porte d’Italie,2025,11,F_B,SANS ALCOOL,7,1.0,5.0,1.0,0.0,
Novotel Porte d’Italie,2025,11,F_B,SANS ALCOOL,8,2.0,9.0,2.0,0.0,
Novotel Porte d’Italie,2025,11,F_B,SANS ALCOOL,12,1.0,4.0,1.0,0.0,
Novotel Porte d’Italie,2025,11,F_B,SANS ALCOOL,14,1.0,4.0,1.0,0.0,
Novotel Porte d’Italie,2025,11,F_B,SANS ALCOOL,18,1.0,4.0,1.0,0.0,
Novotel Porte d’Italie,2025,11,F_B,SANS ALCOOL,19,4.0,17.0,3.0,0.0,
Novotel Porte d’Italie,2025,11,F_B,SANS ALCOOL,20,2.0,9.0,2.0,0.0,
Novotel Porte d’Italie,2025,11,F_B,SANS ALCOOL,21,4.0,18.0,3.0,0.0,
Novotel Porte d’Italie,2025,11,F_B,SANS ALCOOL,22,4.0,19.0,3.0,0.0,
Novotel Porte d’Italie,2025,11,F_B,SANS ALCOOL,23,6.0,30.0,4.0,0.0,
Novotel Porte d’Italie,2025,12,F_B,FOOD SALEE,0,4.0,11.0,4.0,0.0,
Novotel Porte d’Italie,2025,12,F_B,FOOD SALEE,8,1.0,3.0,1.0,0.0,
Novotel Porte d’Italie,2025,12,F_B,FOOD SALEE,17,2.0,5.5,2.0,0.0,
Novotel Porte d’Italie,2025,12,F_B,FOOD SALEE,18,2.0,6.0,2.0,0.0,
Novotel Porte d’Italie,2025,12,F_B,FOOD SALEE,19,1.0,3.0,1.0,0.0,
Novotel Porte d’Italie,2025,12,F_B,FOOD SALEE,21,4.0,11.5,3.0,0.0,
Novotel Porte d’Italie,2025,12,F_B,FOOD SALEE,22,1.0,2.5,1.0,0.0,
Novotel Porte d’Italie,2025,12,F_B,FOOD SALEE,23,4.0,10.0,4.0,0.0,
Novotel Porte d’Italie,2025,12,F_B,FOOD SUCREE,0,3.0,9.5,2.0,0.0,
Novotel Porte d’Italie,2025,12,F_B,FOOD SUCREE,7,1.0,3.5,1.0,0.0,
Novotel Porte d’Italie,2025,12,F_B,FOOD SUCREE,10,2.0,5.5,1.0,0.0,
Novotel Porte d’Italie,2025,12,F_B,FOOD SUCREE,12,1.0,3.3,1.0,0.0,
Novotel Porte d’Italie,2025,12,F_B,FOOD SUCREE,13,2.0,5.5,2.0,0.0,
Novotel Porte d’Italie,2025,12,F_B,FOOD SUCREE,14,1.0,3.0,1.0,0.0,
Novotel Porte d’Italie,2025,12,F_B,FOOD SUCREE,16,2.0,5.6,1.0,0.0,
Novotel Porte d’Italie,2025,12,F_B,FOOD SUCREE,18,2.0,6.0,2.0,0.0,
Novotel Porte d’Italie,2025,12,F_B,FOOD SUCREE,20,5.0,15.8,4.0,0.0,
Novotel Porte d’Italie,2025,12,F_B,FOOD SUCREE,21,3.0,9.0,3.0,0.0,
Novotel Porte d’Italie,2025,12,F_B,FOOD SUCREE,22,5.0,15.3,3.0,0.0,
Novotel Porte d’Italie,2025,12,F_B,FOOD SUCREE,23,9.0,24.3,5.0,0.0,
Novotel Porte d’Italie,2025,12,F_B,SANS ALCOOL,0,4.0,20.0,3.0,0.0,
Novotel Porte d’Italie,2025,12,F_B,SANS ALCOOL,1,1.0,5.0,1.0,0.0,
Novotel Porte d’Italie,2025,12,F_B,SANS ALCOOL,7,8.0,40.0,4.0,0.0,
Novotel Porte d’Italie,2025,12,F_B,SANS ALCOOL,8,1.0,5.0,1.0,0.0,
Novotel Porte d’Italie,2025,12,F_B,SANS ALCOOL,9,1.0,5.0,1.0,0.0,
Novotel Porte d’Italie,2025,12,F_B,SANS ALCOOL,12,2.0,10.0,1.0,0.0,
Novotel Porte d’Italie,2025,12,F_B,SANS ALCOOL,13,1.0,5.0,1.0,0.0,
Novotel Porte d’Italie,2025,12,F_B,SANS ALCOOL,15,2.0,10.0,2.0,0.0,
Novotel Porte d’Italie,2025,12,F_B,SANS ALCOOL,16,1.0,5.0,1.0,0.0,
Novotel Porte d’Italie,2025,12,F_B,SANS ALCOOL,17,1.0,5.0,1.0,0.0,
Novotel Porte d’Italie,2025,12,F_B,SANS ALCOOL,18,3.0,15.0,3.0,0.0,
Novotel Porte d’Italie,2025,12,F_B,SANS ALCOOL,19,2.0,10.0,1.0,0.0,
Novotel Porte d’Italie,2025,12,F_B,SANS ALCOOL,20,5.0,25.0,4.0,0.0,
Novotel Porte d’Italie,2025,12,F_B,SANS ALCOOL,21,6.0,30.0,4.0,0.0,
Novotel Porte d’Italie,2025,12,F_B,SANS ALCOOL,22,5.0,25.0,3.0,0.0,
Novotel Porte d’Italie,2025,12,F_B,SANS ALCOOL,23,10.0,50.0,8.0,0.0,
Ibis budget Nice,2023,1,,,9,0.5,6.5,0.25,0.25,H2075
Ibis budget Nice,2023,2,,,9,0.5,6.5,0.25,0.25,H2075
Ibis budget Nice,2023,3,,,9,0.5,6.5,0.25,0.25,H2075
Ibis budget Nice,2023,4,,,9,0.5,6.5,0.25,0.25,H2075
Ibis budget Nice,2023,5,,,9,0.5,6.5,0.25,0.25,H2075
Ibis budget Nice,2023,6,,,9,0.5,6.5,0.25,0.25,H2075
Ibis budget Nice,2023,7,,,9,0.5,6.5,0.25,0.25,H2075
Ibis budget Nice,2023,12,,,9,0.5,6.5,0.25,0.25,H2075
Ibis budget Nice,2023,1,,,10,1.5,22.5,1.25,1.5,H2075
Ibis budget Nice,2023,2,,,10,1.5,22.5,1.25,1.5,H2075
Ibis budget Nice,2023,3,,,10,1.5,22.5,1.25,1.5,H2075
Ibis budget Nice,2023,4,,,10,1.5,22.5,1.25,1.5,H2075
Ibis budget Nice,2023,5,,,10,1.5,22.5,1.25,1.5,H2075
Ibis budget Nice,2023,6,,,10,1.5,22.5,1.25,1.5,H2075
Ibis budget Nice,2023,7,,,10,1.5,22.5,1.25,1.5,H2075
Ibis budget Nice,2023,12,,,10,1.5,22.5,1.25,1.5,H2075
Ibis budget Nice,2023,1,,,11,2.5,24.75,2.25,2.25,H2075
Ibis budget Nice,2023,2,,,11,2.5,24.75,2.25,2.25,H2075
Ibis budget Nice,2023,3,,,11,2.5,24.75,2.25,2.25,H2075
Ibis budget Nice,2023,4,,,11,2.5,24.75,2.25,2.25,H2075
Ibis budget Nice,2023,5,,,11,2.5,24.75,2.25,2.25,H2075
Ibis budget Nice,2023,6,,,11,2.5,24.75,2.25,2.25,H2075
Ibis budget Nice,2023,7,,,11,2.5,24.75,2.25,2.25,H2075
Ibis budget Nice,2023,12,,,11,2.5,24.75,2.25,2.25,H2075
Ibis budget Nice,2023,1,,,12,3.5,35.0,3.5,3.25,H2075
Ibis budget Nice,2023,2,,,12,3.5,35.0,3.5,3.25,H2075
Ibis budget Nice,2023,3,,,12,3.5,35.0,3.5,3.25,H2075
Ibis budget Nice,2023,4,,,12,3.5,35.0,3.5,3.25,H2075
Ibis budget Nice,2023,5,,,12,3.5,35.0,3.5,3.25,H2075
Ibis budget Nice,2023,6,,,12,3.5,35.0,3.5,3.25,H2075
Ibis budget Nice,2023,7,,,12,3.5,35.0,3.5,3.25,H2075
Ibis budget Nice,2023,12,,,12,3.5,35.0,3.5,3.25,H2075
Ibis budget Nice,2023,1,,,13,2.25,23.0,2.0,2.25,H2075
Ibis budget Nice,2023,2,,,13,2.25,23.0,2.0,2.25,H2075
Ibis budget Nice,2023,3,,,13,2.25,23.0,2.0,2.25,H2075
Ibis budget Nice,2023,4,,,13,2.25,23.0,2.0,2.25,H2075
Ibis budget Nice,2023,5,,,13,2.25,23.0,2.0,2.25,H2075
Ibis budget Nice,2023,6,,,13,2.25,23.0,2.0,2.25,H2075
Ibis budget Nice,2023,7,,,13,2.25,23.0,2.0,2.25,H2075
Ibis budget Nice,2023,12,,,13,2.25,23.0,2.0,2.25,H2075
Ibis budget Nice,2023,1,,,14,1.75,16.0,1.5,1.75,H2075
Ibis budget Nice,2023,2,,,14,1.75,16.0,1.5,1.75,H2075
Ibis budget Nice,2023,3,,,14,1.75,16.0,1.5,1.75,H2075
Ibis budget Nice,2023,4,,,14,1.75,16.0,1.5,1.75,H2075
Ibis budget Nice,2023,5,,,14,1.75,16.0,1.5,1.75,H2075
Ibis budget Nice,2023,6,,,14,1.75,16.0,1.5,1.75,H2075
Ibis budget Nice,2023,7,,,14,1.75,16.0,1.5,1.75,H2075
Ibis budget Nice,2023,12,,,14,1.75,16.0,1.5,1.75,H2075
Ibis budget Nice,2023,1,,,15,1.75,20.75,1.75,1.5,H2075
Ibis budget Nice,2023,2,,,15,1.75,20.75,1.75,1.5,H2075
Ibis budget Nice,2023,3,,,15,1.75,20.75,1.75,1.5,H2075
Ibis budget Nice,2023,4,,,15,1.75,20.75,1.75,1.5,H2075
Ibis budget Nice,2023,5,,,15,1.75,20.75,1.75,1.5,H2075
Ibis budget Nice,2023,6,,,15,1.75,20.75,1.75,1.5,H2075
Ibis budget Nice,2023,7,,,15,1.75,20.75,1.75,1.5,H2075
Ibis budget Nice,2023,12,,,15,1.75,20.75,1.75,1.5,H2075
Ibis budget Nice,2023,1,,,16,2.0,29.25,1.25,1.25,H2075
Ibis budget Nice,2023,2,,,16,2.0,29.25,1.25,1.25,H2075
Ibis budget Nice,2023,3,,,16,2.0,29.25,1.25,1.25,H2075
Ibis budget Nice,2023,4,,,16,2.0,29.25,1.25,1.25,H2075
Ibis budget Nice,2023,5,,,16,2.0,29.25,1.25,1.25,H2075
Ibis budget Nice,2023,6,,,16,2.0,29.25,1.25,1.25,H2075
Ibis budget Nice,2023,7,,,16,2.0,29.25,1.25,1.25,H2075
Ibis budget Nice,2023,12,,,16,2.0,29.25,1.25,1.25,H2075
Ibis budget Nice,2023,1,,,17,2.5,26.0,2.25,2.25,H2075
Ibis budget Nice,2023,2,,,17,2.5,26.0,2.25,2.25,H2075
Ibis budget Nice,2023,3,,,17,2.5,26.0,2.25,2.25,H2075
Ibis budget Nice,2023,4,,,17,2.5,26.0,2.25,2.25,H2075
Ibis budget Nice,2023,5,,,17,2.5,26.0,2.25,2.25,H2075
Ibis budget Nice,2023,6,,,17,2.5,26.0,2.25,2.25,H2075
Ibis budget Nice,2023,7,,,17,2.5,26.0,2.25,2.25,H2075
Ibis budget Nice,2023,12,,,17,2.5,26.0,2.25,2.25,H2075
Ibis budget Nice,2023,1,,,18,3.5,30.0,2.5,2.75,H2075
Ibis budget Nice,2023,2,,,18,3.5,30.0,2.5,2.75,H2075
Ibis budget Nice,2023,3,,,18,3.5,30.0,2.5,2.75,H2075
Ibis budget Nice,2023,4,,,18,3.5,30.0,2.5,2.75,H2075
Ibis budget Nice,2023,5,,,18,3.5,30.0,2.5,2.75,H2075
Ibis budget Nice,2023,6,,,18,3.5,30.0,2.5,2.75,H2075
Ibis budget Nice,2023,7,,,18,3.5,30.0,2.5,2.75,H2075
Ibis budget Nice,2023,12,,,18,3.5,30.0,2.5,2.75,H2075
Ibis budget Nice,2023,1,,,19,1.0,9.75,1.0,1.0,H2075
Ibis budget Nice,2023,2,,,19,1.0,9.75,1.0,1.0,H2075
Ibis budget Nice,2023,3,,,19,1.0,9.75,1.0,1.0,H2075
Ibis budget Nice,2023,4,,,19,1.0,9.75,1.0,1.0,H2075
Ibis budget Nice,2023,5,,,19,1.0,9.75,1.0,1.0,H2075
Ibis budget Nice,2023,6,,,19,1.0,9.75,1.0,1.0,H2075
Ibis budget Nice,2023,7,,,19,1.0,9.75,1.0,1.0,H2075
Ibis budget Nice,2023,12,,,19,1.0,9.75,1.0,1.0,H2075
Ibis budget Nice,2023,1,,,20,0.5,6.25,0.5,0.5,H2075
Ibis budget Nice,2023,2,,,20,0.5,6.25,0.5,0.5,H2075
Ibis budget Nice,2023,3,,,20,0.5,6.25,0.5,0.5,H2075
Ibis budget Nice,2023,4,,,20,0.5,6.25,0.5,0.5,H2075
Ibis budget Nice,2023,5,,,20,0.5,6.25,0.5,0.5,H2075
Ibis budget Nice,2023,6,,,20,0.5,6.25,0.5,0.5,H2075
Ibis budget Nice,2023,7,,,20,0.5,6.25,0.5,0.5,H2075
Ibis budget Nice,2023,12,,,20,0.5,6.25,0.5,0.5,H2075
Ibis budget Nice,2023,1,,,21,0.25,3.25,0.25,0.25,H2075
Ibis budget Nice,2023,2,,,21,0.25,3.25,0.25,0.25,H2075
Ibis budget Nice,2023,3,,,21,0.25,3.25,0.25,0.25,H2075
Ibis budget Nice,2023,4,,,21,0.25,3.25,0.25,0.25,H2075
Ibis budget Nice,2023,5,,,21,0.25,3.25,0.25,0.25,H2075
Ibis budget Nice,2023,6,,,21,0.25,3.25,0.25,0.25,H2075
Ibis budget Nice,2023,7,,,21,0.25,3.25,0.25,0.25,H2075
Ibis budget Nice,2023,12,,,21,0.25,3.25,0.25,0.25,H2075
Ibis budget Nice,2024,1,,,0,16.9,39.96,11.5,6.8,H2075
Ibis budget Nice,2024,2,,,0,16.9,39.96,11.5,6.8,H2075
Ibis budget Nice,2024,1,,,1,11.8,27.120000000000005,7.0,4.9,H2075
Ibis budget Nice,2024,2,,,1,11.8,27.120000000000005,7.0,4.9,H2075
Ibis budget Nice,2024,1,,,2,7.4,16.060000000000002,4.4,2.7,H2075
Ibis budget Nice,2024,2,,,2,7.4,16.060000000000002,4.4,2.7,H2075
Ibis budget Nice,2024,1,,,3,6.2,14.38,3.6,2.6,H2075
Ibis budget Nice,2024,2,,,3,6.2,14.38,3.6,2.6,H2075
Ibis budget Nice,2024,1,,,4,3.9,8.66,2.3,1.7,H2075
Ibis budget Nice,2024,2,,,4,3.9,8.66,2.3,1.7,H2075
Ibis budget Nice,2024,1,,,5,1.6,3.7700000000000005,1.2,1.2,H2075
Ibis budget Nice,2024,2,,,5,1.6,3.7700000000000005,1.2,1.2,H2075
Ibis budget Nice,2024,1,,,6,2.0,4.76,1.2,1.1,H2075
Ibis budget Nice,2024,2,,,6,2.0,4.76,1.2,1.1,H2075
Ibis budget Nice,2024,1,,,7,0.9,2.34,0.5,0.8,H2075
Ibis budget Nice,2024,2,,,7,0.9,2.34,0.5,0.8,H2075
Ibis budget Nice,2024,1,,,8,2.1,5.29,1.8,1.1,H2075
Ibis budget Nice,2024,2,,,8,2.1,5.29,1.8,1.1,H2075
Ibis budget Nice,2024,1,,,9,2.4,7.540000000000002,2.0,1.9,H2075
Ibis budget Nice,2024,2,,,9,2.4,7.540000000000002,2.0,1.9,H2075
Ibis budget Nice,2024,1,,,10,4.0,18.33,2.9,2.7,H2075
Ibis budget Nice,2024,2,,,10,4.0,18.33,2.9,2.7,H2075
Ibis budget Nice,2024,1,,,11,5.6,36.06,4.9,3.6,H2075
Ibis budget Nice,2024,2,,,11,5.6,36.06,4.9,3.6,H2075
Ibis budget Nice,2024,1,,,12,7.7,38.64,6.3,5.3,H2075
Ibis budget Nice,2024,2,,,12,7.7,38.64,6.3,5.3,H2075
Ibis budget Nice,2024,1,,,13,7.5,31.449999999999996,5.4,4.6,H2075
Ibis budget Nice,2024,2,,,13,7.5,31.449999999999996,5.4,4.6,H2075
Ibis budget Nice,2024,1,,,14,6.4,28.759999999999998,5.2,4.2,H2075
Ibis budget Nice,2024,2,,,14,6.4,28.759999999999998,5.2,4.2,H2075
Ibis budget Nice,2024,1,,,15,7.1,27.320000000000004,5.2,4.2,H2075
Ibis budget Nice,2024,2,,,15,7.1,27.320000000000004,5.2,4.2,H2075
Ibis budget Nice,2024,1,,,16,6.2,24.92,4.8,4.6,H2075
Ibis budget Nice,2024,2,,,16,6.2,24.92,4.8,4.6,H2075
Ibis budget Nice,2024,1,,,17,8.8,36.010000000000005,6.5,6.1,H2075
Ibis budget Nice,2024,2,,,17,8.8,36.010000000000005,6.5,6.1,H2075
Ibis budget Nice,2024,1,,,18,9.5,28.830000000000002,7.1,5.8,H2075
Ibis budget Nice,2024,2,,,18,9.5,28.830000000000002,7.1,5.8,H2075
Ibis budget Nice,2024,1,,,19,6.7,21.81,5.0,4.0,H2075
Ibis budget Nice,2024,2,,,19,6.7,21.81,5.0,4.0,H2075
Ibis budget Nice,2024,1,,,20,9.1,26.490000000000002,7.0,5.9,H2075
Ibis budget Nice,2024,2,,,20,9.1,26.490000000000002,7.0,5.9,H2075
Ibis budget Nice,2024,1,,,21,8.0,21.63,5.4,4.9,H2075
Ibis budget Nice,2024,2,,,21,8.0,21.63,5.4,4.9,H2075
Ibis budget Nice,2024,1,,,22,10.6,26.020000000000003,8.7,6.5,H2075
Ibis budget Nice,2024,2,,,22,10.6,26.020000000000003,8.7,6.5,H2075
Ibis budget Nice,2024,1,,,23,16.6,39.46,10.9,8.0,H2075
Ibis budget Nice,2024,2,,,23,16.6,39.46,10.9,8.0,H2075
Ibis budget Strasbourg Centre République,2024,1,,,0,13.0,45.333333333333336,10.333333333333334,6.666666666666667,HB6A3
Ibis budget Strasbourg Centre République,2024,2,,,0,13.0,45.333333333333336,10.333333333333334,6.666666666666667,HB6A3
Ibis budget Strasbourg Centre République,2024,3,,,0,13.0,45.333333333333336,10.333333333333334,6.666666666666667,HB6A3
Ibis budget Strasbourg Centre République,2024,4,,,0,13.0,45.333333333333336,10.333333333333334,6.666666666666667,HB6A3
Ibis budget Strasbourg Centre République,2024,5,,,0,13.0,45.333333333333336,10.333333333333334,6.666666666666667,HB6A3
Ibis budget Strasbourg Centre République,2024,6,,,0,13.0,45.333333333333336,10.333333333333334,6.666666666666667,HB6A3
Ibis budget Strasbourg Centre République,2024,7,,,0,13.0,45.333333333333336,10.333333333333334,6.666666666666667,HB6A3
Ibis budget Strasbourg Centre République,2024,8,,,0,13.0,45.333333333333336,10.333333333333334,6.666666666666667,HB6A3
Ibis budget Strasbourg Centre République,2024,9,,,0,13.0,45.333333333333336,10.333333333333334,6.666666666666667,HB6A3
Ibis budget Strasbourg Centre République,2024,1,,,1,9.333333333333334,51.833333333333336,5.333333333333333,7.0,HB6A3
Ibis budget Strasbourg Centre République,2024,2,,,1,9.333333333333334,51.833333333333336,5.333333333333333,7.0,HB6A3
Ibis budget Strasbourg Centre République,2024,3,,,1,9.333333333333334,51.833333333333336,5.333333333333333,7.0,HB6A3
Ibis budget Strasbourg Centre République,2024,4,,,1,9.333333333333334,51.833333333333336,5.333333333333333,7.0,HB6A3
Ibis budget Strasbourg Centre République,2024,5,,,1,9.333333333333334,51.833333333333336,5.333333333333333,7.0,HB6A3
Ibis budget Strasbourg Centre République,2024,6,,,1,9.333333333333334,51.833333333333336,5.333333333333333,7.0,HB6A3
Ibis budget Strasbourg Centre République,2024,7,,,1,9.333333333333334,51.833333333333336,5.333333333333333,7.0,HB6A3
Ibis budget Strasbourg Centre République,2024,8,,,1,9.333333333333334,51.833333333333336,5.333333333333333,7.0,HB6A3
Ibis budget Strasbourg Centre République,2024,9,,,1,9.333333333333334,51.833333333333336,5.333333333333333,7.0,HB6A3
Ibis budget Strasbourg Centre République,2024,1,,,2,8.666666666666666,43.333333333333336,6.0,5.0,HB6A3
Ibis budget Strasbourg Centre République,2024,2,,,2,8.666666666666666,43.333333333333336,6.0,5.0,HB6A3
Ibis budget Strasbourg Centre République,2024,3,,,2,8.666666666666666,43.333333333333336,6.0,5.0,HB6A3
Ibis budget Strasbourg Centre République,2024,4,,,2,8.666666666666666,43.333333333333336,6.0,5.0,HB6A3
Ibis budget Strasbourg Centre République,2024,5,,,2,8.666666666666666,43.333333333333336,6.0,5.0,HB6A3
Ibis budget Strasbourg Centre République,2024,6,,,2,8.666666666666666,43.333333333333336,6.0,5.0,HB6A3
Ibis budget Strasbourg Centre République,2024,7,,,2,8.666666666666666,43.333333333333336,6.0,5.0,HB6A3
Ibis budget Strasbourg Centre République,2024,8,,,2,8.666666666666666,43.333333333333336,6.0,5.0,HB6A3
Ibis budget Strasbourg Centre République,2024,9,,,2,8.666666666666666,43.333333333333336,6.0,5.0,HB6A3
Ibis budget Strasbourg Centre République,2024,1,,,3,2.6666666666666665,8.666666666666666,2.3333333333333335,2.3333333333333335,HB6A3
Ibis budget Strasbourg Centre République,2024,2,,,3,2.6666666666666665,8.666666666666666,2.3333333333333335,2.3333333333333335,HB6A3
Ibis budget Strasbourg Centre République,2024,3,,,3,2.6666666666666665,8.666666666666666,2.3333333333333335,2.3333333333333335,HB6A3
Ibis budget Strasbourg Centre République,2024,4,,,3,2.6666666666666665,8.666666666666666,2.3333333333333335,2.3333333333333335,HB6A3
Ibis budget Strasbourg Centre République,2024,5,,,3,2.6666666666666665,8.666666666666666,2.3333333333333335,2.3333333333333335,HB6A3
Ibis budget Strasbourg Centre République,2024,6,,,3,2.6666666666666665,8.666666666666666,2.3333333333333335,2.3333333333333335,HB6A3
Ibis budget Strasbourg Centre République,2024,7,,,3,2.6666666666666665,8.666666666666666,2.3333333333333335,2.3333333333333335,HB6A3
Ibis budget Strasbourg Centre République,2024,8,,,3,2.6666666666666665,8.666666666666666,2.3333333333333335,2.3333333333333335,HB6A3
Ibis budget Strasbourg Centre République,2024,9,,,3,2.6666666666666665,8.666666666666666,2.3333333333333335,2.3333333333333335,HB6A3
Ibis budget Strasbourg Centre République,2024,1,,,4,1.0,2.6666666666666665,1.0,1.0,HB6A3
Ibis budget Strasbourg Centre République,2024,2,,,4,1.0,2.6666666666666665,1.0,1.0,HB6A3
Ibis budget Strasbourg Centre République,2024,3,,,4,1.0,2.6666666666666665,1.0,1.0,HB6A3
Ibis budget Strasbourg Centre République,2024,4,,,4,1.0,2.6666666666666665,1.0,1.0,HB6A3
Ibis budget Strasbourg Centre République,2024,5,,,4,1.0,2.6666666666666665,1.0,1.0,HB6A3
Ibis budget Strasbourg Centre République,2024,6,,,4,1.0,2.6666666666666665,1.0,1.0,HB6A3
Ibis budget Strasbourg Centre République,2024,7,,,4,1.0,2.6666666666666665,1.0,1.0,HB6A3
Ibis budget Strasbourg Centre République,2024,8,,,4,1.0,2.6666666666666665,1.0,1.0,HB6A3
Ibis budget Strasbourg Centre République,2024,9,,,4,1.0,2.6666666666666665,1.0,1.0,HB6A3
Ibis budget Strasbourg Centre République,2024,1,,,5,2.3333333333333335,6.666666666666667,2.0,2.0,HB6A3
Ibis budget Strasbourg Centre République,2024,2,,,5,2.3333333333333335,6.666666666666667,2.0,2.0,HB6A3
Ibis budget Strasbourg Centre République,2024,3,,,5,2.3333333333333335,6.666666666666667,2.0,2.0,HB6A3
Ibis budget Strasbourg Centre République,2024,4,,,5,2.3333333333333335,6.666666666666667,2.0,2.0,HB6A3
Ibis budget Strasbourg Centre République,2024,5,,,5,2.3333333333333335,6.666666666666667,2.0,2.0,HB6A3
Ibis budget Strasbourg Centre République,2024,6,,,5,2.3333333333333335,6.666666666666667,2.0,2.0,HB6A3
Ibis budget Strasbourg Centre République,2024,7,,,5,2.3333333333333335,6.666666666666667,2.0,2.0,HB6A3
Ibis budget Strasbourg Centre République,2024,8,,,5,2.3333333333333335,6.666666666666667,2.0,2.0,HB6A3
Ibis budget Strasbourg Centre République,2024,9,,,5,2.3333333333333335,6.666666666666667,2.0,2.0,HB6A3
Ibis budget Strasbourg Centre République,2024,1,,,6,0.6666666666666666,1.6666666666666667,0.6666666666666666,0.6666666666666666,HB6A3
Ibis budget Strasbourg Centre République,2024,2,,,6,0.6666666666666666,1.6666666666666667,0.6666666666666666,0.6666666666666666,HB6A3
Ibis budget Strasbourg Centre République,2024,3,,,6,0.6666666666666666,1.6666666666666667,0.6666666666666666,0.6666666666666666,HB6A3
Ibis budget Strasbourg Centre République,2024,4,,,6,0.6666666666666666,1.6666666666666667,0.6666666666666666,0.6666666666666666,HB6A3
Ibis budget Strasbourg Centre République,2024,5,,,6,0.6666666666666666,1.6666666666666667,0.6666666666666666,0.6666666666666666,HB6A3
Ibis budget Strasbourg Centre République,2024,6,,,6,0.6666666666666666,1.6666666666666667,0.6666666666666666,0.6666666666666666,HB6A3
Ibis budget Strasbourg Centre République,2024,7,,,6,0.6666666666666666,1.6666666666666667,0.6666666666666666,0.6666666666666666,HB6A3
Ibis budget Strasbourg Centre République,2024,8,,,6,0.6666666666666666,1.6666666666666667,0.6666666666666666,0.6666666666666666,HB6A3
Ibis budget Strasbourg Centre République,2024,9,,,6,0.6666666666666666,1.6666666666666667,0.6666666666666666,0.6666666666666666,HB6A3
Ibis budget Strasbourg Centre République,2024,1,,,7,1.0,2.5,1.0,0.6666666666666666,HB6A3
Ibis budget Strasbourg Centre République,2024,2,,,7,1.0,2.5,1.0,0.6666666666666666,HB6A3
Ibis budget Strasbourg Centre République,2024,3,,,7,1.0,2.5,1.0,0.6666666666666666,HB6A3
Ibis budget Strasbourg Centre République,2024,4,,,7,1.0,2.5,1.0,0.6666666666666666,HB6A3
Ibis budget Strasbourg Centre République,2024,5,,,7,1.0,2.5,1.0,0.6666666666666666,HB6A3
Ibis budget Strasbourg Centre République,2024,6,,,7,1.0,2.5,1.0,0.6666666666666666,HB6A3
Ibis budget Strasbourg Centre République,2024,7,,,7,1.0,2.5,1.0,0.6666666666666666,HB6A3
Ibis budget Strasbourg Centre République,2024,8,,,7,1.0,2.5,1.0,0.6666666666666666,HB6A3
Ibis budget Strasbourg Centre République,2024,9,,,7,1.0,2.5,1.0,0.6666666666666666,HB6A3
Ibis budget Strasbourg Centre République,2024,1,,,8,2.0,5.5,2.0,1.6666666666666667,HB6A3
Ibis budget Strasbourg Centre République,2024,2,,,8,2.0,5.5,2.0,1.6666666666666667,HB6A3
Ibis budget Strasbourg Centre République,2024,3,,,8,2.0,5.5,2.0,1.6666666666666667,HB6A3
Ibis budget Strasbourg Centre République,2024,4,,,8,2.0,5.5,2.0,1.6666666666666667,HB6A3
Ibis budget Strasbourg Centre République,2024,5,,,8,2.0,5.5,2.0,1.6666666666666667,HB6A3
Ibis budget Strasbourg Centre République,2024,6,,,8,2.0,5.5,2.0,1.6666666666666667,HB6A3
Ibis budget Strasbourg Centre République,2024,7,,,8,2.0,5.5,2.0,1.6666666666666667,HB6A3
Ibis budget Strasbourg Centre République,2024,8,,,8,2.0,5.5,2.0,1.6666666666666667,HB6A3
Ibis budget Strasbourg Centre République,2024,9,,,8,2.0,5.5,2.0,1.6666666666666667,HB6A3
Ibis budget Strasbourg Centre République,2024,1,,,9,1.6666666666666667,4.166666666666667,1.6666666666666667,1.6666666666666667,HB6A3
Ibis budget Strasbourg Centre République,2024,2,,,9,1.6666666666666667,4.166666666666667,1.6666666666666667,1.6666666666666667,HB6A3
Ibis budget Strasbourg Centre République,2024,3,,,9,1.6666666666666667,4.166666666666667,1.6666666666666667,1.6666666666666667,HB6A3
Ibis budget Strasbourg Centre République,2024,4,,,9,1.6666666666666667,4.166666666666667,1.6666666666666667,1.6666666666666667,HB6A3
Ibis budget Strasbourg Centre République,2024,5,,,9,1.6666666666666667,4.166666666666667,1.6666666666666667,1.6666666666666667,HB6A3
Ibis budget Strasbourg Centre République,2024,6,,,9,1.6666666666666667,4.166666666666667,1.6666666666666667,1.6666666666666667,HB6A3
Ibis budget Strasbourg Centre République,2024,7,,,9,1.6666666666666667,4.166666666666667,1.6666666666666667,1.6666666666666667,HB6A3
Ibis budget Strasbourg Centre République,2024,8,,,9,1.6666666666666667,4.166666666666667,1.6666666666666667,1.6666666666666667,HB6A3
Ibis budget Strasbourg Centre République,2024,9,,,9,1.6666666666666667,4.166666666666667,1.6666666666666667,1.6666666666666667,HB6A3
Ibis budget Strasbourg Centre République,2024,1,,,10,3.3333333333333335,8.833333333333334,3.0,3.0,HB6A3
Ibis budget Strasbourg Centre République,2024,2,,,10,3.3333333333333335,8.833333333333334,3.0,3.0,HB6A3
Ibis budget Strasbourg Centre République,2024,3,,,10,3.3333333333333335,8.833333333333334,3.0,3.0,HB6A3
Ibis budget Strasbourg Centre République,2024,4,,,10,3.3333333333333335,8.833333333333334,3.0,3.0,HB6A3
Ibis budget Strasbourg Centre République,2024,5,,,10,3.3333333333333335,8.833333333333334,3.0,3.0,HB6A3
Ibis budget Strasbourg Centre République,2024,6,,,10,3.3333333333333335,8.833333333333334,3.0,3.0,HB6A3
Ibis budget Strasbourg Centre République,2024,7,,,10,3.3333333333333335,8.833333333333334,3.0,3.0,HB6A3
Ibis budget Strasbourg Centre République,2024,8,,,10,3.3333333333333335,8.833333333333334,3.0,3.0,HB6A3
Ibis budget Strasbourg Centre République,2024,9,,,10,3.3333333333333335,8.833333333333334,3.0,3.0,HB6A3
Ibis budget Strasbourg Centre République,2024,1,,,11,7.0,22.333333333333332,5.0,5.0,HB6A3
Ibis budget Strasbourg Centre République,2024,2,,,11,7.0,22.333333333333332,5.0,5.0,HB6A3
Ibis budget Strasbourg Centre République,2024,3,,,11,7.0,22.333333333333332,5.0,5.0,HB6A3
Ibis budget Strasbourg Centre République,2024,4,,,11,7.0,22.333333333333332,5.0,5.0,HB6A3
Ibis budget Strasbourg Centre République,2024,5,,,11,7.0,22.333333333333332,5.0,5.0,HB6A3
Ibis budget Strasbourg Centre République,2024,6,,,11,7.0,22.333333333333332,5.0,5.0,HB6A3
Ibis budget Strasbourg Centre République,2024,7,,,11,7.0,22.333333333333332,5.0,5.0,HB6A3
Ibis budget Strasbourg Centre République,2024,8,,,11,7.0,22.333333333333332,5.0,5.0,HB6A3
Ibis budget Strasbourg Centre République,2024,9,,,11,7.0,22.333333333333332,5.0,5.0,HB6A3
Ibis budget Strasbourg Centre République,2024,1,,,12,2.3333333333333335,11.666666666666666,2.0,1.6666666666666667,HB6A3
Ibis budget Strasbourg Centre République,2024,2,,,12,2.3333333333333335,11.666666666666666,2.0,1.6666666666666667,HB6A3
Ibis budget Strasbourg Centre République,2024,3,,,12,2.3333333333333335,11.666666666666666,2.0,1.6666666666666667,HB6A3
Ibis budget Strasbourg Centre République,2024,4,,,12,2.3333333333333335,11.666666666666666,2.0,1.6666666666666667,HB6A3
Ibis budget Strasbourg Centre République,2024,5,,,12,2.3333333333333335,11.666666666666666,2.0,1.6666666666666667,HB6A3
Ibis budget Strasbourg Centre République,2024,6,,,12,2.3333333333333335,11.666666666666666,2.0,1.6666666666666667,HB6A3
Ibis budget Strasbourg Centre République,2024,7,,,12,2.3333333333333335,11.666666666666666,2.0,1.6666666666666667,HB6A3
Ibis budget Strasbourg Centre République,2024,8,,,12,2.3333333333333335,11.666666666666666,2.0,1.6666666666666667,HB6A3
Ibis budget Strasbourg Centre République,2024,9,,,12,2.3333333333333335,11.666666666666666,2.0,1.6666666666666667,HB6A3
Ibis budget Strasbourg Centre République,2024,1,,,13,2.3333333333333335,10.333333333333334,2.0,2.3333333333333335,HB6A3
Ibis budget Strasbourg Centre République,2024,2,,,13,2.3333333333333335,10.333333333333334,2.0,2.3333333333333335,HB6A3
Ibis budget Strasbourg Centre République,2024,3,,,13,2.3333333333333335,10.333333333333334,2.0,2.3333333333333335,HB6A3
Ibis budget Strasbourg Centre République,2024,4,,,13,2.3333333333333335,10.333333333333334,2.0,2.3333333333333335,HB6A3
Ibis budget Strasbourg Centre République,2024,5,,,13,2.3333333333333335,10.333333333333334,2.0,2.3333333333333335,HB6A3
Ibis budget Strasbourg Centre République,2024,6,,,13,2.3333333333333335,10.333333333333334,2.0,2.3333333333333335,HB6A3
Ibis budget Strasbourg Centre République,2024,7,,,13,2.3333333333333335,10.333333333333334,2.0,2.3333333333333335,HB6A3
Ibis budget Strasbourg Centre République,2024,8,,,13,2.3333333333333335,10.333333333333334,2.0,2.3333333333333335,HB6A3
Ibis budget Strasbourg Centre République,2024,9,,,13,2.3333333333333335,10.333333333333334,2.0,2.3333333333333335,HB6A3
Ibis budget Strasbourg Centre République,2024,1,,,14,1.3333333333333333,3.3333333333333335,1.3333333333333333,1.3333333333333333,HB6A3
Ibis budget Strasbourg Centre République,2024,2,,,14,1.3333333333333333,3.3333333333333335,1.3333333333333333,1.3333333333333333,HB6A3
Ibis budget Strasbourg Centre République,2024,3,,,14,1.3333333333333333,3.3333333333333335,1.3333333333333333,1.3333333333333333,HB6A3
Ibis budget Strasbourg Centre République,2024,4,,,14,1.3333333333333333,3.3333333333333335,1.3333333333333333,1.3333333333333333,HB6A3
Ibis budget Strasbourg Centre République,2024,5,,,14,1.3333333333333333,3.3333333333333335,1.3333333333333333,1.3333333333333333,HB6A3
Ibis budget Strasbourg Centre République,2024,6,,,14,1.3333333333333333,3.3333333333333335,1.3333333333333333,1.3333333333333333,HB6A3
Ibis budget Strasbourg Centre République,2024,7,,,14,1.3333333333333333,3.3333333333333335,1.3333333333333333,1.3333333333333333,HB6A3
Ibis budget Strasbourg Centre République,2024,8,,,14,1.3333333333333333,3.3333333333333335,1.3333333333333333,1.3333333333333333,HB6A3
Ibis budget Strasbourg Centre République,2024,9,,,14,1.3333333333333333,3.3333333333333335,1.3333333333333333,1.3333333333333333,HB6A3
Ibis budget Strasbourg Centre République,2024,1,,,15,6.333333333333333,19.0,4.666666666666667,5.0,HB6A3
Ibis budget Strasbourg Centre République,2024,2,,,15,6.333333333333333,19.0,4.666666666666667,5.0,HB6A3
Ibis budget Strasbourg Centre République,2024,3,,,15,6.333333333333333,19.0,4.666666666666667,5.0,HB6A3
Ibis budget Strasbourg Centre République,2024,4,,,15,6.333333333333333,19.0,4.666666666666667,5.0,HB6A3
Ibis budget Strasbourg Centre République,2024,5,,,15,6.333333333333333,19.0,4.666666666666667,5.0,HB6A3
Ibis budget Strasbourg Centre République,2024,6,,,15,6.333333333333333,19.0,4.666666666666667,5.0,HB6A3
Ibis budget Strasbourg Centre République,2024,7,,,15,6.333333333333333,19.0,4.666666666666667,5.0,HB6A3
Ibis budget Strasbourg Centre République,2024,8,,,15,6.333333333333333,19.0,4.666666666666667,5.0,HB6A3
Ibis budget Strasbourg Centre République,2024,9,,,15,6.333333333333333,19.0,4.666666666666667,5.0,HB6A3
Ibis budget Strasbourg Centre République,2024,1,,,16,9.0,27.333333333333332,7.333333333333333,6.666666666666667,HB6A3
Ibis budget Strasbourg Centre République,2024,2,,,16,9.0,27.333333333333332,7.333333333333333,6.666666666666667,HB6A3
Ibis budget Strasbourg Centre République,2024,3,,,16,9.0,27.333333333333332,7.333333333333333,6.666666666666667,HB6A3
Ibis budget Strasbourg Centre République,2024,4,,,16,9.0,27.333333333333332,7.333333333333333,6.666666666666667,HB6A3
Ibis budget Strasbourg Centre République,2024,5,,,16,9.0,27.333333333333332,7.333333333333333,6.666666666666667,HB6A3
Ibis budget Strasbourg Centre République,2024,6,,,16,9.0,27.333333333333332,7.333333333333333,6.666666666666667,HB6A3
Ibis budget Strasbourg Centre République,2024,7,,,16,9.0,27.333333333333332,7.333333333333333,6.666666666666667,HB6A3
Ibis budget Strasbourg Centre République,2024,8,,,16,9.0,27.333333333333332,7.333333333333333,6.666666666666667,HB6A3
Ibis budget Strasbourg Centre République,2024,9,,,16,9.0,27.333333333333332,7.333333333333333,6.666666666666667,HB6A3
Ibis budget Strasbourg Centre République,2024,1,,,17,8.333333333333334,32.5,7.0,7.0,HB6A3
Ibis budget Strasbourg Centre République,2024,2,,,17,8.333333333333334,32.5,7.0,7.0,HB6A3
Ibis budget Strasbourg Centre République,2024,3,,,17,8.333333333333334,32.5,7.0,7.0,HB6A3
Ibis budget Strasbourg Centre République,2024,4,,,17,8.333333333333334,32.5,7.0,7.0,HB6A3
Ibis budget Strasbourg Centre République,2024,5,,,17,8.333333333333334,32.5,7.0,7.0,HB6A3
Ibis budget Strasbourg Centre République,2024,6,,,17,8.333333333333334,32.5,7.0,7.0,HB6A3
Ibis budget Strasbourg Centre République,2024,7,,,17,8.333333333333334,32.5,7.0,7.0,HB6A3
Ibis budget Strasbourg Centre République,2024,8,,,17,8.333333333333334,32.5,7.0,7.0,HB6A3
Ibis budget Strasbourg Centre République,2024,9,,,17,8.333333333333334,32.5,7.0,7.0,HB6A3
Ibis budget Strasbourg Centre République,2024,1,,,18,9.333333333333334,38.5,8.0,7.0,HB6A3
Ibis budget Strasbourg Centre République,2024,2,,,18,9.333333333333334,38.5,8.0,7.0,HB6A3
Ibis budget Strasbourg Centre République,2024,3,,,18,9.333333333333334,38.5,8.0,7.0,HB6A3
Ibis budget Strasbourg Centre République,2024,4,,,18,9.333333333333334,38.5,8.0,7.0,HB6A3
Ibis budget Strasbourg Centre République,2024,5,,,18,9.333333333333334,38.5,8.0,7.0,HB6A3
Ibis budget Strasbourg Centre République,2024,6,,,18,9.333333333333334,38.5,8.0,7.0,HB6A3
Ibis budget Strasbourg Centre République,2024,7,,,18,9.333333333333334,38.5,8.0,7.0,HB6A3
Ibis budget Strasbourg Centre République,2024,8,,,18,9.333333333333334,38.5,8.0,7.0,HB6A3
Ibis budget Strasbourg Centre République,2024,9,,,18,9.333333333333334,38.5,8.0,7.0,HB6A3
Ibis budget Strasbourg Centre République,2024,1,,,19,19.0,63.833333333333336,17.666666666666668,11.0,HB6A3
Ibis budget Strasbourg Centre République,2024,2,,,19,19.0,63.833333333333336,17.666666666666668,11.0,HB6A3
Ibis budget Strasbourg Centre République,2024,3,,,19,19.0,63.833333333333336,17.666666666666668,11.0,HB6A3
Ibis budget Strasbourg Centre République,2024,4,,,19,19.0,63.833333333333336,17.666666666666668,11.0,HB6A3
Ibis budget Strasbourg Centre République,2024,5,,,19,19.0,63.833333333333336,17.666666666666668,11.0,HB6A3
Ibis budget Strasbourg Centre République,2024,6,,,19,19.0,63.833333333333336,17.666666666666668,11.0,HB6A3
Ibis budget Strasbourg Centre République,2024,7,,,19,19.0,63.833333333333336,17.666666666666668,11.0,HB6A3
Ibis budget Strasbourg Centre République,2024,8,,,19,19.0,63.833333333333336,17.666666666666668,11.0,HB6A3
Ibis budget Strasbourg Centre République,2024,9,,,19,19.0,63.833333333333336,17.666666666666668,11.0,HB6A3
Ibis budget Strasbourg Centre République,2024,1,,,20,31.666666666666668,118.16666666666667,23.333333333333332,13.0,HB6A3
Ibis budget Strasbourg Centre République,2024,2,,,20,31.666666666666668,118.16666666666667,23.333333333333332,13.0,HB6A3
Ibis budget Strasbourg Centre République,2024,3,,,20,31.666666666666668,118.16666666666667,23.333333333333332,13.0,HB6A3
Ibis budget Strasbourg Centre République,2024,4,,,20,31.666666666666668,118.16666666666667,23.333333333333332,13.0,HB6A3
Ibis budget Strasbourg Centre République,2024,5,,,20,31.666666666666668,118.16666666666667,23.333333333333332,13.0,HB6A3
Ibis budget Strasbourg Centre République,2024,6,,,20,31.666666666666668,118.16666666666667,23.333333333333332,13.0,HB6A3
Ibis budget Strasbourg Centre République,2024,7,,,20,31.666666666666668,118.16666666666667,23.333333333333332,13.0,HB6A3
Ibis budget Strasbourg Centre République,2024,8,,,20,31.666666666666668,118.16666666666667,23.333333333333332,13.0,HB6A3
Ibis budget Strasbourg Centre République,2024,9,,,20,31.666666666666668,118.16666666666667,23.333333333333332,13.0,HB6A3
Ibis budget Strasbourg Centre République,2024,1,,,21,47.0,156.83333333333334,36.0,14.333333333333334,HB6A3
Ibis budget Strasbourg Centre République,2024,2,,,21,47.0,156.83333333333334,36.0,14.333333333333334,HB6A3
Ibis budget Strasbourg Centre République,2024,3,,,21,47.0,156.83333333333334,36.0,14.333333333333334,HB6A3
Ibis budget Strasbourg Centre République,2024,4,,,21,47.0,156.83333333333334,36.0,14.333333333333334,HB6A3
Ibis budget Strasbourg Centre République,2024,5,,,21,47.0,156.83333333333334,36.0,14.333333333333334,HB6A3
Ibis budget Strasbourg Centre République,2024,6,,,21,47.0,156.83333333333334,36.0,14.333333333333334,HB6A3
Ibis budget Strasbourg Centre République,2024,7,,,21,47.0,156.83333333333334,36.0,14.333333333333334,HB6A3
Ibis budget Strasbourg Centre République,2024,8,,,21,47.0,156.83333333333334,36.0,14.333333333333334,HB6A3
Ibis budget Strasbourg Centre République,2024,9,,,21,47.0,156.83333333333334,36.0,14.333333333333334,HB6A3
Ibis budget Strasbourg Centre République,2024,1,,,22,38.0,134.16666666666666,28.333333333333332,14.0,HB6A3
Ibis budget Strasbourg Centre République,2024,2,,,22,38.0,134.16666666666666,28.333333333333332,14.0,HB6A3
Ibis budget Strasbourg Centre République,2024,3,,,22,38.0,134.16666666666666,28.333333333333332,14.0,HB6A3
Ibis budget Strasbourg Centre République,2024,4,,,22,38.0,134.16666666666666,28.333333333333332,14.0,HB6A3
Ibis budget Strasbourg Centre République,2024,5,,,22,38.0,134.16666666666666,28.333333333333332,14.0,HB6A3
Ibis budget Strasbourg Centre République,2024,6,,,22,38.0,134.16666666666666,28.333333333333332,14.0,HB6A3
Ibis budget Strasbourg Centre République,2024,7,,,22,38.0,134.16666666666666,28.333333333333332,14.0,HB6A3
Ibis budget Strasbourg Centre République,2024,8,,,22,38.0,134.16666666666666,28.333333333333332,14.0,HB6A3
Ibis budget Strasbourg Centre République,2024,9,,,22,38.0,134.16666666666666,28.333333333333332,14.0,HB6A3
Ibis budget Strasbourg Centre République,2024,1,,,23,34.666666666666664,146.66666666666666,27.333333333333332,12.0,HB6A3
Ibis budget Strasbourg Centre République,2024,2,,,23,34.666666666666664,146.66666666666666,27.333333333333332,12.0,HB6A3
Ibis budget Strasbourg Centre République,2024,3,,,23,34.666666666666664,146.66666666666666,27.333333333333332,12.0,HB6A3
Ibis budget Strasbourg Centre République,2024,4,,,23,34.666666666666664,146.66666666666666,27.333333333333332,12.0,HB6A3
Ibis budget Strasbourg Centre République,2024,5,,,23,34.666666666666664,146.66666666666666,27.333333333333332,12.0,HB6A3
Ibis budget Strasbourg Centre République,2024,6,,,23,34.666666666666664,146.66666666666666,27.333333333333332,12.0,HB6A3
Ibis budget Strasbourg Centre République,2024,7,,,23,34.666666666666664,146.66666666666666,27.333333333333332,12.0,HB6A3
Ibis budget Strasbourg Centre République,2024,8,,,23,34.666666666666664,146.66666666666666,27.333333333333332,12.0,HB6A3
Ibis budget Strasbourg Centre République,2024,9,,,23,34.666666666666664,146.66666666666666,27.333333333333332,12.0,HB6A3
Novotel Megève Mont-Blanc,2024,1,,,0,7.5,42.95,4.9,4.9,HB5I0
Novotel Megève Mont-Blanc,2024,2,,,0,7.5,42.95,4.9,4.9,HB5I0
Novotel Megève Mont-Blanc,2024,1,,,1,6.5,50.9,3.8,4.4,HB5I0
Novotel Megève Mont-Blanc,2024,2,,,1,6.5,50.9,3.8,4.4,HB5I0
Novotel Megève Mont-Blanc,2024,1,,,2,4.3,29.590000000000003,3.0,3.0,HB5I0
Novotel Megève Mont-Blanc,2024,2,,,2,4.3,29.590000000000003,3.0,3.0,HB5I0
Novotel Megève Mont-Blanc,2024,1,,,3,1.2,5.0,0.7,1.1,HB5I0
Novotel Megève Mont-Blanc,2024,2,,,3,1.2,5.0,0.7,1.1,HB5I0
Novotel Megève Mont-Blanc,2024,1,,,4,1.0,9.1,0.9,0.9,HB5I0
Novotel Megève Mont-Blanc,2024,2,,,4,1.0,9.1,0.9,0.9,HB5I0
Novotel Megève Mont-Blanc,2024,1,,,5,1.5,9.36,1.1,1.3,HB5I0
Novotel Megève Mont-Blanc,2024,2,,,5,1.5,9.36,1.1,1.3,HB5I0
Novotel Megève Mont-Blanc,2024,1,,,6,0.1,0.25,0.1,0.1,HB5I0
Novotel Megève Mont-Blanc,2024,2,,,6,0.1,0.25,0.1,0.1,HB5I0
Novotel Megève Mont-Blanc,2024,1,,,7,0.6,3.2,0.6,0.6,HB5I0
Novotel Megève Mont-Blanc,2024,2,,,7,0.6,3.2,0.6,0.6,HB5I0
Novotel Megève Mont-Blanc,2024,1,,,8,1.4,11.08,0.9,1.0,HB5I0
Novotel Megève Mont-Blanc,2024,2,,,8,1.4,11.08,0.9,1.0,HB5I0
Novotel Megève Mont-Blanc,2024,1,,,9,2.7,32.47,2.0,1.5,HB5I0
Novotel Megève Mont-Blanc,2024,2,,,9,2.7,32.47,2.0,1.5,HB5I0
Novotel Megève Mont-Blanc,2024,1,,,10,3.5,68.385,2.9,2.5,HB5I0
Novotel Megève Mont-Blanc,2024,2,,,10,3.5,68.385,2.9,2.5,HB5I0
Novotel Megève Mont-Blanc,2024,1,,,11,8.0,143.35,5.8,6.1,HB5I0
Novotel Megève Mont-Blanc,2024,2,,,11,8.0,143.35,5.8,6.1,HB5I0
Novotel Megève Mont-Blanc,2024,1,,,12,9.3,122.75500000000002,6.9,6.7,HB5I0
Novotel Megève Mont-Blanc,2024,2,,,12,9.3,122.75500000000002,6.9,6.7,HB5I0
Novotel Megève Mont-Blanc,2024,1,,,13,7.4,92.28,5.8,5.8,HB5I0
Novotel Megève Mont-Blanc,2024,2,,,13,7.4,92.28,5.8,5.8,HB5I0
Novotel Megève Mont-Blanc,2024,1,,,14,3.9,46.215,3.3,3.2,HB5I0
Novotel Megève Mont-Blanc,2024,2,,,14,3.9,46.215,3.3,3.2,HB5I0
Novotel Megève Mont-Blanc,2024,1,,,15,5.1,61.269999999999996,3.6,4.0,HB5I0
Novotel Megève Mont-Blanc,2024,2,,,15,5.1,61.269999999999996,3.6,4.0,HB5I0
Novotel Megève Mont-Blanc,2024,1,,,16,4.4,42.80499999999999,3.7,3.2,HB5I0
Novotel Megève Mont-Blanc,2024,2,,,16,4.4,42.80499999999999,3.7,3.2,HB5I0
Novotel Megève Mont-Blanc,2024,1,,,17,4.8,66.4,4.1,3.5,HB5I0
Novotel Megève Mont-Blanc,2024,2,,,17,4.8,66.4,4.1,3.5,HB5I0
Novotel Megève Mont-Blanc,2024,1,,,18,7.9,60.075,5.6,5.7,HB5I0
Novotel Megève Mont-Blanc,2024,2,,,18,7.9,60.075,5.6,5.7,HB5I0
Novotel Megève Mont-Blanc,2024,1,,,19,6.2,68.17500000000001,4.8,5.5,HB5I0
Novotel Megève Mont-Blanc,2024,2,,,19,6.2,68.17500000000001,4.8,5.5,HB5I0
Novotel Megève Mont-Blanc,2024,1,,,20,5.1,71.91,3.6,3.5,HB5I0
Novotel Megève Mont-Blanc,2024,2,,,20,5.1,71.91,3.6,3.5,HB5I0
Novotel Megève Mont-Blanc,2024,1,,,21,7.1,72.16999999999999,5.1,5.3,HB5I0
Novotel Megève Mont-Blanc,2024,2,,,21,7.1,72.16999999999999,5.1,5.3,HB5I0
Novotel Megève Mont-Blanc,2024,1,,,22,7.9,70.44,6.0,5.8,HB5I0
Novotel Megève Mont-Blanc,2024,2,,,22,7.9,70.44,6.0,5.8,HB5I0
Novotel Megève Mont-Blanc,2024,1,,,23,7.9,68.10999999999999,5.9,5.4,HB5I0
Novotel Megève Mont-Blanc,2024,2,,,23,7.9,68.10999999999999,5.9,5.4,HB5I0
Novotel Paris Tour Eiffel,2024,1,,,0,117.5,587.575,72.75,0.0,H3546
Novotel Paris Tour Eiffel,2024,2,,,0,117.5,587.575,72.75,0.0,H3546
Novotel Paris Tour Eiffel,2024,3,,,0,117.5,587.575,72.75,0.0,H3546
Novotel Paris Tour Eiffel,2024,4,,,0,117.5,587.575,72.75,0.0,H3546
Novotel Paris Tour Eiffel,2024,1,,,1,53.875,266.2625,30.375,0.0,H3546
Novotel Paris Tour Eiffel,2024,2,,,1,53.875,266.2625,30.375,0.0,H3546
Novotel Paris Tour Eiffel,2024,3,,,1,53.875,266.2625,30.375,0.0,H3546
Novotel Paris Tour Eiffel,2024,4,,,1,53.875,266.2625,30.375,0.0,H3546
Novotel Paris Tour Eiffel,2024,1,,,2,36.0,171.4375,21.625,0.0,H3546
Novotel Paris Tour Eiffel,2024,2,,,2,36.0,171.4375,21.625,0.0,H3546
Novotel Paris Tour Eiffel,2024,3,,,2,36.0,171.4375,21.625,0.0,H3546
Novotel Paris Tour Eiffel,2024,4,,,2,36.0,171.4375,21.625,0.0,H3546
Novotel Paris Tour Eiffel,2024,1,,,3,12.125,55.349999999999994,7.25,0.0,H3546
Novotel Paris Tour Eiffel,2024,2,,,3,12.125,55.349999999999994,7.25,0.0,H3546
Novotel Paris Tour Eiffel,2024,3,,,3,12.125,55.349999999999994,7.25,0.0,H3546
Novotel Paris Tour Eiffel,2024,4,,,3,12.125,55.349999999999994,7.25,0.0,H3546
Novotel Paris Tour Eiffel,2024,1,,,4,7.625,36.125,4.125,0.0,H3546
Novotel Paris Tour Eiffel,2024,2,,,4,7.625,36.125,4.125,0.0,H3546
Novotel Paris Tour Eiffel,2024,3,,,4,7.625,36.125,4.125,0.0,H3546
Novotel Paris Tour Eiffel,2024,4,,,4,7.625,36.125,4.125,0.0,H3546
Novotel Paris Tour Eiffel,2024,1,,,5,7.875,36.2875,5.625,0.0,H3546
Novotel Paris Tour Eiffel,2024,2,,,5,7.875,36.2875,5.625,0.0,H3546
Novotel Paris Tour Eiffel,2024,3,,,5,7.875,36.2875,5.625,0.0,H3546
Novotel Paris Tour Eiffel,2024,4,,,5,7.875,36.2875,5.625,0.0,H3546
Novotel Paris Tour Eiffel,2024,1,,,6,9.75,46.66250000000001,7.0,0.0,H3546
Novotel Paris Tour Eiffel,2024,2,,,6,9.75,46.66250000000001,7.0,0.0,H3546
Novotel Paris Tour Eiffel,2024,3,,,6,9.75,46.66250000000001,7.0,0.0,H3546
Novotel Paris Tour Eiffel,2024,4,,,6,9.75,46.66250000000001,7.0,0.0,H3546
Novotel Paris Tour Eiffel,2024,1,,,7,16.5,95.17499999999998,11.5,0.0,H3546
Novotel Paris Tour Eiffel,2024,2,,,7,16.5,95.17499999999998,11.5,0.0,H3546
Novotel Paris Tour Eiffel,2024,3,,,7,16.5,95.17499999999998,11.5,0.0,H3546
Novotel Paris Tour Eiffel,2024,4,,,7,16.5,95.17499999999998,11.5,0.0,H3546
Novotel Paris Tour Eiffel,2024,1,,,8,25.25,135.2,17.5,0.0,H3546
Novotel Paris Tour Eiffel,2024,2,,,8,25.25,135.2,17.5,0.0,H3546
Novotel Paris Tour Eiffel,2024,3,,,8,25.25,135.2,17.5,0.0,H3546
Novotel Paris Tour Eiffel,2024,4,,,8,25.25,135.2,17.5,0.0,H3546
Novotel Paris Tour Eiffel,2024,1,,,9,26.75,143.9625,18.875,0.0,H3546
Novotel Paris Tour Eiffel,2024,2,,,9,26.75,143.9625,18.875,0.0,H3546
Novotel Paris Tour Eiffel,2024,3,,,9,26.75,143.9625,18.875,0.0,H3546
Novotel Paris Tour Eiffel,2024,4,,,9,26.75,143.9625,18.875,0.0,H3546
Novotel Paris Tour Eiffel,2024,1,,,10,23.625,121.69999999999999,15.375,0.0,H3546
Novotel Paris Tour Eiffel,2024,2,,,10,23.625,121.69999999999999,15.375,0.0,H3546
Novotel Paris Tour Eiffel,2024,3,,,10,23.625,121.69999999999999,15.375,0.0,H3546
Novotel Paris Tour Eiffel,2024,4,,,10,23.625,121.69999999999999,15.375,0.0,H3546
Novotel Paris Tour Eiffel,2024,1,,,11,23.125,103.4375,14.625,0.0,H3546
Novotel Paris Tour Eiffel,2024,2,,,11,23.125,103.4375,14.625,0.0,H3546
Novotel Paris Tour Eiffel,2024,3,,,11,23.125,103.4375,14.625,0.0,H3546
Novotel Paris Tour Eiffel,2024,4,,,11,23.125,103.4375,14.625,0.0,H3546
Novotel Paris Tour Eiffel,2024,1,,,12,19.25,109.375,15.25,0.0,H3546
Novotel Paris Tour Eiffel,2024,2,,,12,19.25,109.375,15.25,0.0,H3546
Novotel Paris Tour Eiffel,2024,3,,,12,19.25,109.375,15.25,0.0,H3546
Novotel Paris Tour Eiffel,2024,4,,,12,19.25,109.375,15.25,0.0,H3546
Novotel Paris Tour Eiffel,2024,1,,,13,23.375,115.65,16.125,0.0,H3546
Novotel Paris Tour Eiffel,2024,2,,,13,23.375,115.65,16.125,0.0,H3546
Novotel Paris Tour Eiffel,2024,3,,,13,23.375,115.65,16.125,0.0,H3546
Novotel Paris Tour Eiffel,2024,4,,,13,23.375,115.65,16.125,0.0,H3546
Novotel Paris Tour Eiffel,2024,1,,,14,21.75,114.6,15.0,0.0,H3546
Novotel Paris Tour Eiffel,2024,2,,,14,21.75,114.6,15.0,0.0,H3546
Novotel Paris Tour Eiffel,2024,3,,,14,21.75,114.6,15.0,0.0,H3546
Novotel Paris Tour Eiffel,2024,4,,,14,21.75,114.6,15.0,0.0,H3546
Novotel Paris Tour Eiffel,2024,1,,,15,32.875,156.8375,21.375,0.0,H3546
Novotel Paris Tour Eiffel,2024,2,,,15,32.875,156.8375,21.375,0.0,H3546
Novotel Paris Tour Eiffel,2024,3,,,15,32.875,156.8375,21.375,0.0,H3546
Novotel Paris Tour Eiffel,2024,4,,,15,32.875,156.8375,21.375,0.0,H3546
Novotel Paris Tour Eiffel,2024,1,,,16,46.0,228.46249999999998,27.5,0.0,H3546
Novotel Paris Tour Eiffel,2024,2,,,16,46.0,228.46249999999998,27.5,0.0,H3546
Novotel Paris Tour Eiffel,2024,3,,,16,46.0,228.46249999999998,27.5,0.0,H3546
Novotel Paris Tour Eiffel,2024,4,,,16,46.0,228.46249999999998,27.5,0.0,H3546
Novotel Paris Tour Eiffel,2024,1,,,17,45.5,230.35,28.75,0.0,H3546
Novotel Paris Tour Eiffel,2024,2,,,17,45.5,230.35,28.75,0.0,H3546
Novotel Paris Tour Eiffel,2024,3,,,17,45.5,230.35,28.75,0.0,H3546
Novotel Paris Tour Eiffel,2024,4,,,17,45.5,230.35,28.75,0.0,H3546
Novotel Paris Tour Eiffel,2024,1,,,18,60.875,263.7875,36.75,0.0,H3546
Novotel Paris Tour Eiffel,2024,2,,,18,60.875,263.7875,36.75,0.0,H3546
Novotel Paris Tour Eiffel,2024,3,,,18,60.875,263.7875,36.75,0.0,H3546
Novotel Paris Tour Eiffel,2024,4,,,18,60.875,263.7875,36.75,0.0,H3546
Novotel Paris Tour Eiffel,2024,1,,,19,65.5,375.8,39.0,0.0,H3546
Novotel Paris Tour Eiffel,2024,2,,,19,65.5,375.8,39.0,0.0,H3546
Novotel Paris Tour Eiffel,2024,3,,,19,65.5,375.8,39.0,0.0,H3546
Novotel Paris Tour Eiffel,2024,4,,,19,65.5,375.8,39.0,0.0,H3546
Novotel Paris Tour Eiffel,2024,1,,,20,103.0,474.4375,62.0,0.0,H3546
Novotel Paris Tour Eiffel,2024,2,,,20,103.0,474.4375,62.0,0.0,H3546
Novotel Paris Tour Eiffel,2024,3,,,20,103.0,474.4375,62.0,0.0,H3546
Novotel Paris Tour Eiffel,2024,4,,,20,103.0,474.4375,62.0,0.0,H3546
Novotel Paris Tour Eiffel,2024,1,,,21,122.625,545.2125,73.625,0.0,H3546
Novotel Paris Tour Eiffel,2024,2,,,21,122.625,545.2125,73.625,0.0,H3546
Novotel Paris Tour Eiffel,2024,3,,,21,122.625,545.2125,73.625,0.0,H3546
Novotel Paris Tour Eiffel,2024,4,,,21,122.625,545.2125,73.625,0.0,H3546
Novotel Paris Tour Eiffel,2024,1,,,22,146.375,757.85875,88.125,0.0,H3546
Novotel Paris Tour Eiffel,2024,2,,,22,146.375,757.85875,88.125,0.0,H3546
Novotel Paris Tour Eiffel,2024,3,,,22,146.375,757.85875,88.125,0.0,H3546
Novotel Paris Tour Eiffel,2024,4,,,22,146.375,757.85875,88.125,0.0,H3546
Novotel Paris Tour Eiffel,2024,1,,,23,156.875,766.8875,94.125,0.0,H3546
Novotel Paris Tour Eiffel,2024,2,,,23,156.875,766.8875,94.125,0.0,H3546
Novotel Paris Tour Eiffel,2024,3,,,23,156.875,766.8875,94.125,0.0,H3546
Novotel Paris Tour Eiffel,2024,4,,,23,156.875,766.8875,94.125,0.0,H3546
Novotel Porte d’Italie,2024,1,,,0,18.5,69.49999999999999,13.5,0.0,
Novotel Porte d’Italie,2024,2,,,0,18.5,69.49999999999999,13.5,0.0,
Novotel Porte d’Italie,2024,3,,,0,18.5,69.49999999999999,13.5,0.0,
Novotel Porte d’Italie,2024,4,,,0,18.5,69.49999999999999,13.5,0.0,
Novotel Porte d’Italie,2024,5,,,0,18.5,69.49999999999999,13.5,0.0,
Novotel Porte d’Italie,2024,6,,,0,18.5,69.49999999999999,13.5,0.0,
Novotel Porte d’Italie,2024,7,,,0,18.5,69.49999999999999,13.5,0.0,
Novotel Porte d’Italie,2024,8,,,0,18.5,69.49999999999999,13.5,0.0,
Novotel Porte d’Italie,2024,1,,,1,2.0,7.1499999999999995,2.0,0.0,
Novotel Porte d’Italie,2024,2,,,1,2.0,7.1499999999999995,2.0,0.0,
Novotel Porte d’Italie,2024,3,,,1,2.0,7.1499999999999995,2.0,0.0,
Novotel Porte d’Italie,2024,4,,,1,2.0,7.1499999999999995,2.0,0.0,
Novotel Porte d’Italie,2024,5,,,1,2.0,7.1499999999999995,2.0,0.0,
Novotel Porte d’Italie,2024,6,,,1,2.0,7.1499999999999995,2.0,0.0,
Novotel Porte d’Italie,2024,7,,,1,2.0,7.1499999999999995,2.0,0.0,
Novotel Porte d’Italie,2024,8,,,1,2.0,7.1499999999999995,2.0,0.0,
Novotel Porte d’Italie,2024,1,,,2,8.5,26.350000000000005,7.5,0.0,
Novotel Porte d’Italie,2024,2,,,2,8.5,26.350000000000005,7.5,0.0,
Novotel Porte d’Italie,2024,3,,,2,8.5,26.350000000000005,7.5,0.0,
Novotel Porte d’Italie,2024,4,,,2,8.5,26.350000000000005,7.5,0.0,
Novotel Porte d’Italie,2024,5,,,2,8.5,26.350000000000005,7.5,0.0,
Novotel Porte d’Italie,2024,6,,,2,8.5,26.350000000000005,7.5,0.0,
Novotel Porte d’Italie,2024,7,,,2,8.5,26.350000000000005,7.5,0.0,
Novotel Porte d’Italie,2024,8,,,2,8.5,26.350000000000005,7.5,0.0,
Novotel Porte d’Italie,2024,1,,,3,2.0,8.4,1.75,0.0,
Novotel Porte d’Italie,2024,2,,,3,2.0,8.4,1.75,0.0,
Novotel Porte d’Italie,2024,3,,,3,2.0,8.4,1.75,0.0,
Novotel Porte d’Italie,2024,4,,,3,2.0,8.4,1.75,0.0,
Novotel Porte d’Italie,2024,5,,,3,2.0,8.4,1.75,0.0,
Novotel Porte d’Italie,2024,6,,,3,2.0,8.4,1.75,0.0,
Novotel Porte d’Italie,2024,7,,,3,2.0,8.4,1.75,0.0,
Novotel Porte d’Italie,2024,8,,,3,2.0,8.4,1.75,0.0,
Novotel Porte d’Italie,2024,1,,,4,2.0,8.7,1.25,0.0,
Novotel Porte d’Italie,2024,2,,,4,2.0,8.7,1.25,0.0,
Novotel Porte d’Italie,2024,3,,,4,2.0,8.7,1.25,0.0,
Novotel Porte d’Italie,2024,4,,,4,2.0,8.7,1.25,0.0,
Novotel Porte d’Italie,2024,5,,,4,2.0,8.7,1.25,0.0,
Novotel Porte d’Italie,2024,6,,,4,2.0,8.7,1.25,0.0,
Novotel Porte d’Italie,2024,7,,,4,2.0,8.7,1.25,0.0,
Novotel Porte d’Italie,2024,8,,,4,2.0,8.7,1.25,0.0,
Novotel Porte d’Italie,2024,1,,,5,0.25,1.375,0.25,0.0,
Novotel Porte d’Italie,2024,2,,,5,0.25,1.375,0.25,0.0,
Novotel Porte d’Italie,2024,3,,,5,0.25,1.375,0.25,0.0,
Novotel Porte d’Italie,2024,4,,,5,0.25,1.375,0.25,0.0,
Novotel Porte d’Italie,2024,5,,,5,0.25,1.375,0.25,0.0,
Novotel Porte d’Italie,2024,6,,,5,0.25,1.375,0.25,0.0,
Novotel Porte d’Italie,2024,7,,,5,0.25,1.375,0.25,0.0,
Novotel Porte d’Italie,2024,8,,,5,0.25,1.375,0.25,0.0,
Novotel Porte d’Italie,2024,1,,,6,3.25,12.75,2.25,0.0,
Novotel Porte d’Italie,2024,2,,,6,3.25,12.75,2.25,0.0,
Novotel Porte d’Italie,2024,3,,,6,3.25,12.75,2.25,0.0,
Novotel Porte d’Italie,2024,4,,,6,3.25,12.75,2.25,0.0,
Novotel Porte d’Italie,2024,5,,,6,3.25,12.75,2.25,0.0,
Novotel Porte d’Italie,2024,6,,,6,3.25,12.75,2.25,0.0,
Novotel Porte d’Italie,2024,7,,,6,3.25,12.75,2.25,0.0,
Novotel Porte d’Italie,2024,8,,,6,3.25,12.75,2.25,0.0,
Novotel Porte d’Italie,2024,1,,,7,1.0,5.25,1.0,0.0,
Novotel Porte d’Italie,2024,2,,,7,1.0,5.25,1.0,0.0,
Novotel Porte d’Italie,2024,3,,,7,1.0,5.25,1.0,0.0,
Novotel Porte d’Italie,2024,4,,,7,1.0,5.25,1.0,0.0,
Novotel Porte d’Italie,2024,5,,,7,1.0,5.25,1.0,0.0,
Novotel Porte d’Italie,2024,6,,,7,1.0,5.25,1.0,0.0,
Novotel Porte d’Italie,2024,7,,,7,1.0,5.25,1.0,0.0,
Novotel Porte d’Italie,2024,8,,,7,1.0,5.25,1.0,0.0,
Novotel Porte d’Italie,2024,1,,,8,0.75,3.75,0.75,0.0,
Novotel Porte d’Italie,2024,2,,,8,0.75,3.75,0.75,0.0,
Novotel Porte d’Italie,2024,3,,,8,0.75,3.75,0.75,0.0,
Novotel Porte d’Italie,2024,4,,,8,0.75,3.75,0.75,0.0,
Novotel Porte d’Italie,2024,5,,,8,0.75,3.75,0.75,0.0,
Novotel Porte d’Italie,2024,6,,,8,0.75,3.75,0.75,0.0,
Novotel Porte d’Italie,2024,7,,,8,0.75,3.75,0.75,0.0,
Novotel Porte d’Italie,2024,8,,,8,0.75,3.75,0.75,0.0,
Novotel Porte d’Italie,2024,1,,,9,1.25,5.625,1.0,0.0,
Novotel Porte d’Italie,2024,2,,,9,1.25,5.625,1.0,0.0,
Novotel Porte d’Italie,2024,3,,,9,1.25,5.625,1.0,0.0,
Novotel Porte d’Italie,2024,4,,,9,1.25,5.625,1.0,0.0,
Novotel Porte d’Italie,2024,5,,,9,1.25,5.625,1.0,0.0,
Novotel Porte d’Italie,2024,6,,,9,1.25,5.625,1.0,0.0,
Novotel Porte d’Italie,2024,7,,,9,1.25,5.625,1.0,0.0,
Novotel Porte d’Italie,2024,8,,,9,1.25,5.625,1.0,0.0,
Novotel Porte d’Italie,2024,1,,,10,3.0,11.5,2.75,0.0,
Novotel Porte d’Italie,2024,2,,,10,3.0,11.5,2.75,0.0,
Novotel Porte d’Italie,2024,3,,,10,3.0,11.5,2.75,0.0,
Novotel Porte d’Italie,2024,4,,,10,3.0,11.5,2.75,0.0,
Novotel Porte d’Italie,2024,5,,,10,3.0,11.5,2.75,0.0,
Novotel Porte d’Italie,2024,6,,,10,3.0,11.5,2.75,0.0,
Novotel Porte d’Italie,2024,7,,,10,3.0,11.5,2.75,0.0,
Novotel Porte d’Italie,2024,8,,,10,3.0,11.5,2.75,0.0,
Novotel Porte d’Italie,2024,1,,,11,7.0,24.9,5.0,0.0,
Novotel Porte d’Italie,2024,2,,,11,7.0,24.9,5.0,0.0,
Novotel Porte d’Italie,2024,3,,,11,7.0,24.9,5.0,0.0,
Novotel Porte d’Italie,2024,4,,,11,7.0,24.9,5.0,0.0,
Novotel Porte d’Italie,2024,5,,,11,7.0,24.9,5.0,0.0,
Novotel Porte d’Italie,2024,6,,,11,7.0,24.9,5.0,0.0,
Novotel Porte d’Italie,2024,7,,,11,7.0,24.9,5.0,0.0,
Novotel Porte d’Italie,2024,8,,,11,7.0,24.9,5.0,0.0,
Novotel Porte d’Italie,2024,1,,,12,4.25,14.4,3.0,0.0,
Novotel Porte d’Italie,2024,2,,,12,4.25,14.4,3.0,0.0,
Novotel Porte d’Italie,2024,3,,,12,4.25,14.4,3.0,0.0,
Novotel Porte d’Italie,2024,4,,,12,4.25,14.4,3.0,0.0,
Novotel Porte d’Italie,2024,5,,,12,4.25,14.4,3.0,0.0,
Novotel Porte d’Italie,2024,6,,,12,4.25,14.4,3.0,0.0,
Novotel Porte d’Italie,2024,7,,,12,4.25,14.4,3.0,0.0,
Novotel Porte d’Italie,2024,8,,,12,4.25,14.4,3.0,0.0,
Novotel Porte d’Italie,2024,1,,,13,3.75,13.225000000000001,3.0,0.0,
Novotel Porte d’Italie,2024,2,,,13,3.75,13.225000000000001,3.0,0.0,
Novotel Porte d’Italie,2024,3,,,13,3.75,13.225000000000001,3.0,0.0,
Novotel Porte d’Italie,2024,4,,,13,3.75,13.225000000000001,3.0,0.0,
Novotel Porte d’Italie,2024,5,,,13,3.75,13.225000000000001,3.0,0.0,
Novotel Porte d’Italie,2024,6,,,13,3.75,13.225000000000001,3.0,0.0,
Novotel Porte d’Italie,2024,7,,,13,3.75,13.225000000000001,3.0,0.0,
Novotel Porte d’Italie,2024,8,,,13,3.75,13.225000000000001,3.0,0.0,
Novotel Porte d’Italie,2024,1,,,14,4.5,16.3,3.5,0.0,
Novotel Porte d’Italie,2024,2,,,14,4.5,16.3,3.5,0.0,
Novotel Porte d’Italie,2024,3,,,14,4.5,16.3,3.5,0.0,
Novotel Porte d’Italie,2024,4,,,14,4.5,16.3,3.5,0.0,
Novotel Porte d’Italie,2024,5,,,14,4.5,16.3,3.5,0.0,
Novotel Porte d’Italie,2024,6,,,14,4.5,16.3,3.5,0.0,
Novotel Porte d’Italie,2024,7,,,14,4.5,16.3,3.5,0.0,
Novotel Porte d’Italie,2024,8,,,14,4.5,16.3,3.5,0.0,
Novotel Porte d’Italie,2024,1,,,15,5.25,18.475,4.25,0.0,
Novotel Porte d’Italie,2024,2,,,15,5.25,18.475,4.25,0.0,
Novotel Porte d’Italie,2024,3,,,15,5.25,18.475,4.25,0.0,
Novotel Porte d’Italie,2024,4,,,15,5.25,18.475,4.25,0.0,
Novotel Porte d’Italie,2024,5,,,15,5.25,18.475,4.25,0.0,
Novotel Porte d’Italie,2024,6,,,15,5.25,18.475,4.25,0.0,
Novotel Porte d’Italie,2024,7,,,15,5.25,18.475,4.25,0.0,
Novotel Porte d’Italie,2024,8,,,15,5.25,18.475,4.25,0.0,
Novotel Porte d’Italie,2024,1,,,16,10.0,33.475,8.0,0.0,
Novotel Porte d’Italie,2024,2,,,16,10.0,33.475,8.0,0.0,
Novotel Porte d’Italie,2024,3,,,16,10.0,33.475,8.0,0.0,
Novotel Porte d’Italie,2024,4,,,16,10.0,33.475,8.0,0.0,
Novotel Porte d’Italie,2024,5,,,16,10.0,33.475,8.0,0.0,
Novotel Porte d’Italie,2024,6,,,16,10.0,33.475,8.0,0.0,
Novotel Porte d’Italie,2024,7,,,16,10.0,33.475,8.0,0.0,
Novotel Porte d’Italie,2024,8,,,16,10.0,33.475,8.0,0.0,
Novotel Porte d’Italie,2024,1,,,17,9.0,29.5075,6.75,0.0,
Novotel Porte d’Italie,2024,2,,,17,9.0,29.5075,6.75,0.0,
Novotel Porte d’Italie,2024,3,,,17,9.0,29.5075,6.75,0.0,
Novotel Porte d’Italie,2024,4,,,17,9.0,29.5075,6.75,0.0,
Novotel Porte d’Italie,2024,5,,,17,9.0,29.5075,6.75,0.0,
Novotel Porte d’Italie,2024,6,,,17,9.0,29.5075,6.75,0.0,
Novotel Porte d’Italie,2024,7,,,17,9.0,29.5075,6.75,0.0,
Novotel Porte d’Italie,2024,8,,,17,9.0,29.5075,6.75,0.0,
Novotel Porte d’Italie,2024,1,,,18,7.0,22.7,6.0,0.0,
Novotel Porte d’Italie,2024,2,,,18,7.0,22.7,6.0,0.0,
Novotel Porte d’Italie,2024,3,,,18,7.0,22.7,6.0,0.0,
Novotel Porte d’Italie,2024,4,,,18,7.0,22.7,6.0,0.0,
Novotel Porte d’Italie,2024,5,,,18,7.0,22.7,6.0,0.0,
Novotel Porte d’Italie,2024,6,,,18,7.0,22.7,6.0,0.0,
Novotel Porte d’Italie,2024,7,,,18,7.0,22.7,6.0,0.0,
Novotel Porte d’Italie,2024,8,,,18,7.0,22.7,6.0,0.0,
Novotel Porte d’Italie,2024,1,,,19,9.25,32.425,7.25,0.0,
Novotel Porte d’Italie,2024,2,,,19,9.25,32.425,7.25,0.0,
Novotel Porte d’Italie,2024,3,,,19,9.25,32.425,7.25,0.0,
Novotel Porte d’Italie,2024,4,,,19,9.25,32.425,7.25,0.0,
Novotel Porte d’Italie,2024,5,,,19,9.25,32.425,7.25,0.0,
Novotel Porte d’Italie,2024,6,,,19,9.25,32.425,7.25,0.0,
Novotel Porte d’Italie,2024,7,,,19,9.25,32.425,7.25,0.0,
Novotel Porte d’Italie,2024,8,,,19,9.25,32.425,7.25,0.0,
Novotel Porte d’Italie,2024,1,,,20,14.5,50.824999999999996,11.5,0.0,
Novotel Porte d’Italie,2024,2,,,20,14.5,50.824999999999996,11.5,0.0,
Novotel Porte d’Italie,2024,3,,,20,14.5,50.824999999999996,11.5,0.0,
Novotel Porte d’Italie,2024,4,,,20,14.5,50.824999999999996,11.5,0.0,
Novotel Porte d’Italie,2024,5,,,20,14.5,50.824999999999996,11.5,0.0,
Novotel Porte d’Italie,2024,6,,,20,14.5,50.824999999999996,11.5,0.0,
Novotel Porte d’Italie,2024,7,,,20,14.5,50.824999999999996,11.5,0.0,
Novotel Porte d’Italie,2024,8,,,20,14.5,50.824999999999996,11.5,0.0,
Novotel Porte d’Italie,2024,1,,,21,10.75,38.35,8.5,0.0,
Novotel Porte d’Italie,2024,2,,,21,10.75,38.35,8.5,0.0,
Novotel Porte d’Italie,2024,3,,,21,10.75,38.35,8.5,0.0,
Novotel Porte d’Italie,2024,4,,,21,10.75,38.35,8.5,0.0,
Novotel Porte d’Italie,2024,5,,,21,10.75,38.35,8.5,0.0,
Novotel Porte d’Italie,2024,6,,,21,10.75,38.35,8.5,0.0,
Novotel Porte d’Italie,2024,7,,,21,10.75,38.35,8.5,0.0,
Novotel Porte d’Italie,2024,8,,,21,10.75,38.35,8.5,0.0,
Novotel Porte d’Italie,2024,1,,,22,17.5,69.19999999999999,13.0,0.0,
Novotel Porte d’Italie,2024,2,,,22,17.5,69.19999999999999,13.0,0.0,
Novotel Porte d’Italie,2024,3,,,22,17.5,69.19999999999999,13.0,0.0,
Novotel Porte d’Italie,2024,4,,,22,17.5,69.19999999999999,13.0,0.0,
Novotel Porte d’Italie,2024,5,,,22,17.5,69.19999999999999,13.0,0.0,
Novotel Porte d’Italie,2024,6,,,22,17.5,69.19999999999999,13.0,0.0,
Novotel Porte d’Italie,2024,7,,,22,17.5,69.19999999999999,13.0,0.0,
Novotel Porte d’Italie,2024,8,,,22,17.5,69.19999999999999,13.0,0.0,
Novotel Porte d’Italie,2024,1,,,23,20.25,74.9825,15.5,0.0,
Novotel Porte d’Italie,2024,2,,,23,20.25,74.9825,15.5,0.0,
Novotel Porte d’Italie,2024,3,,,23,20.25,74.9825,15.5,0.0,
Novotel Porte d’Italie,2024,4,,,23,20.25,74.9825,15.5,0.0,
Novotel Porte d’Italie,2024,5,,,23,20.25,74.9825,15.5,0.0,
Novotel Porte d’Italie,2024,6,,,23,20.25,74.9825,15.5,0.0,
Novotel Porte d’Italie,2024,7,,,23,20.25,74.9825,15.5,0.0,
Novotel Porte d’Italie,2024,8,,,23,20.25,74.9825,15.5,0.0,
